source_uid,name,club,league,season,contract_start,contract_end,contract_years,wage_eur,wage_period,release_clause_eur,transfer_value_eur,verification_status,source_contract
85139014,Kylian Mbappé,R. Madrid,LaLiga,2025/26,,,,,year,,,pending_external_verification,
28049320,Harry Kane,FC Bayern München,Bundesliga,2025/26,,,,,year,,,pending_external_verification,
98028755,"Mohamed Salah(Liverpool,Egypt)",Liverpool,Premier League,2025/26,,,,,year,,,pending_external_verification,
85140178,Ousmane Dembélé,Paris Saint-Germain,Ligue 1,2025/26,,,,,year,,,pending_external_verification,
29179241,Erling Haaland,Manchester City,Premier League,2025/26,2022.0,2034.0,,390000.0,year,332100000.0,172500000.0,verified,m-mahadi/top5-football-dataset (SoFIFA)
19302146,Vinícius Júnior,R. Madrid,LaLiga,2025/26,,,,,year,,,pending_external_verification,
37024025,Virgil van Dijk,Liverpool,Premier League,2025/26,2018.0,2027.0,,195000.0,year,80500000.0,43500000.0,verified,m-mahadi/top5-football-dataset (SoFIFA)
28122642,Bukayo Saka,Arsenal,Premier League,2025/26,2018.0,2030.0,,210000.0,year,199200000.0,103500000.0,verified,m-mahadi/top5-football-dataset (SoFIFA)
29232937,Jude Bellingham,R. Madrid,LaLiga,2025/26,,,,,year,,,pending_external_verification,
28106491,Declan Rice,Arsenal,Premier League,2025/26,2023.0,2028.0,,230000.0,year,184800000.0,96000000.0,verified,m-mahadi/top5-football-dataset (SoFIFA)
18026122,Thibaut Courtois,R. Madrid,LaLiga,2025/26,,,,,year,,,pending_external_verification,
19058734,"Alisson(Liverpool,Brazil)",Liverpool,Premier League,2025/26,,,,,year,,,pending_external_verification,
67217524,"Rodri(Manchester City,Spain)",Manchester City,Premier League,2025/26,,,,,year,,,pending_external_verification,
92039023,Joshua Kimmich,FC Bayern München,Bundesliga,2025/26,,,,,year,,,pending_external_verification,
49039004,William Saliba,Arsenal,Premier League,2025/26,2019.0,2030.0,,200000.0,year,203100000.0,105500000.0,verified,m-mahadi/top5-football-dataset (SoFIFA)
53095137,Martin Ødegaard,Arsenal,Premier League,2025/26,2021.0,2028.0,,200000.0,year,153000000.0,79500000.0,verified,m-mahadi/top5-football-dataset (SoFIFA)
83174762,"Vitinha(Paris Saint-Germain,Portugal)",Paris Saint-Germain,Ligue 1,2025/26,,,,,year,,,pending_external_verification,
67293495,Pedri,Barcelona,LaLiga,2025/26,2020.0,2030.0,,180000.0,year,350600000.0,165000000.0,verified,m-mahadi/top5-football-dataset (SoFIFA)
67228634,Achraf Hakimi,Paris Saint-Germain,Ligue 1,2025/26,,,,,year,,,pending_external_verification,
19242277,Raphinha,Barcelona,LaLiga,2025/26,2022.0,2028.0,,220000.0,year,213200000.0,104000000.0,verified,m-mahadi/top5-football-dataset (SoFIFA)
78074594,Federico Valverde,R. Madrid,LaLiga,2025/26,,,,,year,,,pending_external_verification,
18004457,Kevin De Bruyne,Napoli,Serie A,2025/26,2025.0,2027.0,,175000.0,year,62100000.0,36500000.0,verified,m-mahadi/top5-football-dataset (SoFIFA)
28120042,Cole Palmer,Chelsea,Premier League,2025/26,2023.0,2033.0,,170000.0,year,183700000.0,93000000.0,verified,m-mahadi/top5-football-dataset (SoFIFA)
43124203,Bruno Fernandes,Manchester United,Premier League,2025/26,,,,,year,,,pending_external_verification,
91193048,Florian Wirtz,Liverpool,Premier League,2025/26,2025.0,2030.0,,160000.0,year,224300000.0,116500000.0,verified,m-mahadi/top5-football-dataset (SoFIFA)
93070286,Alexander Isak,Liverpool,Premier League,2025/26,2025.0,2031.0,,185000.0,year,185800000.0,96500000.0,verified,m-mahadi/top5-football-dataset (SoFIFA)
14183207,Julián Álvarez,A. Madrid,LaLiga,2025/26,,,,,year,,,pending_external_verification,
29221846,Michael Olise,FC Bayern München,Bundesliga,2025/26,,,,,year,,,pending_external_verification,
55070299,Rúben Dias,Manchester City,Premier League,2025/26,2020.0,2029.0,,210000.0,year,126700000.0,68500000.0,verified,m-mahadi/top5-football-dataset (SoFIFA)
14110660,Lautaro Martínez,Inter,Serie A,2025/26,2018.0,2029.0,,79000.0,year,163400000.0,99000000.0,verified,m-mahadi/top5-football-dataset (SoFIFA)
719601,Robert Lewandowski,Barcelona,LaLiga,2025/26,2022.0,2028.0,,130000.0,year,47200000.0,23000000.0,verified,m-mahadi/top5-football-dataset (SoFIFA)
49056243,Eduardo Camavinga,R. Madrid,LaLiga,2025/26,,,,,year,,,pending_external_verification,
43298481,Sandro Tonali,Newcastle United,Premier League,2025/26,,,,,year,,,pending_external_verification,
28108494,Phil Foden,Manchester City,Premier League,2025/26,2016.0,2027.0,,170000.0,year,137600000.0,71500000.0,verified,m-mahadi/top5-football-dataset (SoFIFA)
14229525,"Enzo Fernández(Chelsea,Argentina)",Chelsea,Premier League,2025/26,,,,,year,,,pending_external_verification,
19297055,Bruno Guimarães,Newcastle United,Premier League,2025/26,,,,,year,,,pending_external_verification,
43252073,Gianluigi Donnarumma,Manchester City,Premier League,2025/26,2025.0,2030.0,,150000.0,year,186700000.0,97000000.0,verified,m-mahadi/top5-football-dataset (SoFIFA)
48037335,Marcus Thuram,Inter,Serie A,2025/26,2023.0,2028.0,,61000.0,year,96500000.0,58500000.0,verified,m-mahadi/top5-football-dataset (SoFIFA)
19242094,"Gabriel(Arsenal,Brazil)",Arsenal,Premier League,2025/26,,,,,year,,,pending_external_verification,
653054,Luka Modrić,Milan,Serie A,2025/26,2025.0,2028.0,,56000.0,year,28900000.0,17000000.0,verified,m-mahadi/top5-football-dataset (SoFIFA)
59130638,Khvicha Kvaratskhelia,Paris Saint-Germain,Ligue 1,2025/26,,,,,year,,,pending_external_verification,
19163495,"Marquinhos(Paris Saint-Germain,Brazil,Portugal)",Paris Saint-Germain,Ligue 1,2025/26,,,,,year,,,pending_external_verification,
2000256231,Lamine Yamal,Barcelona,LaLiga,2025/26,2022.0,2031.0,,115000.0,year,330800000.0,147000000.0,verified,m-mahadi/top5-football-dataset (SoFIFA)
28124579,Jamal Musiala,FC Bayern München,Bundesliga,2025/26,,,,,year,,,pending_external_verification,
86078360,Moisés Caicedo,Chelsea,Premier League,2025/26,2023.0,2033.0,,185000.0,year,211300000.0,107000000.0,verified,m-mahadi/top5-football-dataset (SoFIFA)
37047745,Frenkie de Jong,Barcelona,LaLiga,2025/26,2019.0,2029.0,,170000.0,year,163000000.0,79500000.0,verified,m-mahadi/top5-football-dataset (SoFIFA)
64016316,Jan Oblak,A. Madrid,LaLiga,2025/26,,,,,year,,,pending_external_verification,
19306929,Rodrygo,R. Madrid,LaLiga,2025/26,,,,,year,,,pending_external_verification,
83261910,Nuno Mendes,Paris Saint-Germain,Ligue 1,2025/26,,,,,year,,,pending_external_verification,
24048100,Dani Olmo,Barcelona,LaLiga,2025/26,2024.0,2030.0,,130000.0,year,92300000.0,45000000.0,verified,m-mahadi/top5-football-dataset (SoFIFA)
16182894,Dayot Upamecano,FC Bayern München,Bundesliga,2025/26,,,,,year,,,pending_external_verification,
28060397,John Stones,Manchester City,Premier League,2025/26,2016.0,2029.0,,135000.0,year,38900000.0,21000000.0,verified,m-mahadi/top5-football-dataset (SoFIFA)
28108035,"Reece James(Chelsea,England)",Chelsea,Premier League,2025/26,,,,,year,,,pending_external_verification,
35017428,Marc-André ter Stegen,Barcelona,LaLiga,2025/26,,,,,year,,,pending_external_verification,
55041632,Bernardo Silva,Manchester City,Premier League,2025/26,2017.0,2030.0,,150000.0,year,63800000.0,34500000.0,verified,m-mahadi/top5-football-dataset (SoFIFA)
43295814,Dejan Kulusevski,Tottenham Hotspur,Premier League,2025/26,,,,,year,,,pending_external_verification,
48036304,Jules Koundé,Barcelona,LaLiga,2025/26,2022.0,2030.0,,140000.0,year,155100000.0,73000000.0,verified,m-mahadi/top5-football-dataset (SoFIFA)
28104124,Trent Alexander-Arnold,R. Madrid,LaLiga,2025/26,,,,,year,,,pending_external_verification,
67276230,Nico Williams,A. Bilbao,LaLiga,2025/26,,,,,year,,,pending_external_verification,
14157184,Alexis Mac Allister,Liverpool,Premier League,2025/26,2023.0,2028.0,,150000.0,year,121300000.0,63000000.0,verified,m-mahadi/top5-football-dataset (SoFIFA)
91205962,Omar Marmoush,Manchester City,Premier League,2025/26,2025.0,2029.0,,155000.0,year,73100000.0,39500000.0,verified,m-mahadi/top5-football-dataset (SoFIFA)
92023410,Antonio Rüdiger,R. Madrid,LaLiga,2025/26,,,,,year,,,pending_external_verification,
48042326,Aurélien Tchouaméni,R. Madrid,LaLiga,2025/26,,,,,year,,,pending_external_verification,
76049803,"Luis Díaz(FC Bayern München,Colombia)",FC Bayern München,Bundesliga,2025/26,,,,,year,,,pending_external_verification,
43252460,Alessandro Bastoni,Inter,Serie A,2025/26,2017.0,2028.0,,63000.0,year,150100000.0,87000000.0,verified,m-mahadi/top5-football-dataset (SoFIFA)
19270493,Bremer,Juventus,Serie A,2025/26,,,,,year,,,pending_external_verification,
85111795,Serhou Guirassy,Borussia Dortmund,Bundesliga,2025/26,,,,,year,,,pending_external_verification,
29125343,Scott McTominay,Napoli,Serie A,2025/26,2024.0,2029.0,,165000.0,year,115600000.0,68000000.0,verified,m-mahadi/top5-football-dataset (SoFIFA)
43139595,Nicolò Barella,Inter,Serie A,2025/26,2020.0,2029.0,,76000.0,year,151000000.0,91500000.0,verified,m-mahadi/top5-football-dataset (SoFIFA)
92026209,Hakan Çalhanoğlu,Inter,Serie A,2025/26,2024.0,2027.0,,61000.0,year,78400000.0,47500000.0,verified,m-mahadi/top5-football-dataset (SoFIFA)
49037900,Wesley Fofana,Chelsea,Premier League,2025/26,2022.0,2029.0,,90000.0,year,42500000.0,21500000.0,verified,m-mahadi/top5-football-dataset (SoFIFA)
28116386,Anthony Gordon,Newcastle United,Premier League,2025/26,,,,,year,,,pending_external_verification,
18106083,Jérémy Doku,Manchester City,Premier League,2025/26,2023.0,2028.0,,135000.0,year,95300000.0,49500000.0,verified,m-mahadi/top5-football-dataset (SoFIFA)
19273276,Éder Militão,R. Madrid,LaLiga,2025/26,,,,,year,,,pending_external_verification,
67200923,Unai Simón,A. Bilbao,LaLiga,2025/26,,,,,year,,,pending_external_verification,
93070271,Viktor Gyökeres,Arsenal,Premier League,2025/26,2025.0,2030.0,,220000.0,year,136000000.0,73500000.0,verified,m-mahadi/top5-football-dataset (SoFIFA)
86075795,Willian Pacho,Paris Saint-Germain,Ligue 1,2025/26,,,,,year,,,pending_external_verification,
98040383,Gregor Kobel,Borussia Dortmund,Bundesliga,2025/26,,,,,year,,,pending_external_verification,
29141828,Ademola Lookman,Atalanta,Serie A,2025/26,2026.0,2030.0,,95000.0,year,83000000.0,39500000.0,verified,m-mahadi/top5-football-dataset (SoFIFA)
67216396,Fabián,Paris Saint-Germain,Ligue 1,2025/26,,,,,year,,,pending_external_verification,
67153376,Alejandro Grimaldo,Bayer 04 Leverkusen,Bundesliga,2025/26,,,,,year,,,pending_external_verification,
43143488,Federico Dimarco,Inter,Serie A,2025/26,2018.0,2027.0,,58000.0,year,108100000.0,65500000.0,verified,m-mahadi/top5-football-dataset (SoFIFA)
98003821,Granit Xhaka,Sunderland,Premier League,2025/26,2025.0,2028.0,,105000.0,year,68400000.0,36000000.0,verified,m-mahadi/top5-football-dataset (SoFIFA)
16202373,Dominik Szoboszlai,Liverpool,Premier League,2025/26,2023.0,2028.0,,145000.0,year,169400000.0,88000000.0,verified,m-mahadi/top5-football-dataset (SoFIFA)
48037822,Ibrahima Konaté,Liverpool,Premier League,2025/26,2021.0,2028.0,,135000.0,year,83700000.0,43500000.0,verified,m-mahadi/top5-football-dataset (SoFIFA)
59138294,Giorgi Mamardashvili,Liverpool,Premier League,2025/26,2024.0,2030.0,,61000.0,year,74100000.0,38500000.0,verified,m-mahadi/top5-football-dataset (SoFIFA)
37071197,Ryan Gravenberch,Liverpool,Premier League,2025/26,2023.0,2032.0,,135000.0,year,161700000.0,84000000.0,verified,m-mahadi/top5-football-dataset (SoFIFA)
83111483,Rafael Leão,Milan,Serie A,2025/26,2019.0,2028.0,,79000.0,year,87900000.0,49500000.0,verified,m-mahadi/top5-football-dataset (SoFIFA)
37071126,Tijjani Reijnders,Manchester City,Premier League,2025/26,2025.0,2030.0,,175000.0,year,121300000.0,63000000.0,verified,m-mahadi/top5-football-dataset (SoFIFA)
92074020,Christian Pulisic,Milan,Serie A,2025/26,2023.0,2027.0,,86000.0,year,100300000.0,59000000.0,verified,m-mahadi/top5-football-dataset (SoFIFA)
48030711,André-Franck Zambo Anguissa,Napoli,Serie A,2025/26,,,,,year,,,pending_external_verification,
67246385,Martín Zubimendi,Arsenal,Premier League,2025/26,,,,,year,,,verified,m-mahadi/top5-football-dataset (SoFIFA)
67103537,Isco,Real Betis,LaLiga,2025/26,2023.0,2028.0,,52000.0,year,55700000.0,26500000.0,verified,m-mahadi/top5-football-dataset (SoFIFA)
24060473,Joško Gvardiol,Manchester City,Premier League,2025/26,2023.0,2028.0,,145000.0,year,127100000.0,66000000.0,verified,m-mahadi/top5-football-dataset (SoFIFA)
49056282,Bradley Barcola,Paris Saint-Germain,Ligue 1,2025/26,,,,,year,,,pending_external_verification,
67287665,Álex Baena,A. Madrid,LaLiga,2025/26,,,,,year,,,pending_external_verification,
20041862,Alphonso Davies,FC Bayern München,Bundesliga,2025/26,,,,,year,,,pending_external_verification,
18007344,Romelu Lukaku,Napoli,Serie A,2025/26,2024.0,2027.0,,135000.0,year,50200000.0,29500000.0,verified,m-mahadi/top5-football-dataset (SoFIFA)
85094520,Mike Maignan,Milan,Serie A,2025/26,2021.0,2031.0,,61000.0,year,108300000.0,61000000.0,verified,m-mahadi/top5-football-dataset (SoFIFA)
92088306,Nico Schlotterbeck,Borussia Dortmund,Bundesliga,2025/26,,,,,year,,,pending_external_verification,
29111433,David Raya,Arsenal,Premier League,2025/26,2024.0,2028.0,,145000.0,year,100800000.0,54500000.0,verified,m-mahadi/top5-football-dataset (SoFIFA)
37052843,Denzel Dumfries,Inter,Serie A,2025/26,2021.0,2028.0,,51000.0,year,61100000.0,37000000.0,verified,m-mahadi/top5-football-dataset (SoFIFA)
67086656,Antoine Griezmann,A. Madrid,LaLiga,2025/26,,,,,year,,,pending_external_verification,
91151081,Kai Havertz,Arsenal,Premier League,2025/26,2023.0,2028.0,,155000.0,year,73200000.0,38000000.0,verified,m-mahadi/top5-football-dataset (SoFIFA)
2000030130,João Neves,Paris Saint-Germain,Ligue 1,2025/26,,,,,year,,,pending_external_verification,
19326796,Éderson,Atalanta,Serie A,2025/26,,,,,year,,,pending_external_verification,
14020367,"Emiliano Martínez(Aston Villa,Argentina)",Aston Villa,Premier League,2025/26,,,,,year,,,pending_external_verification,
37062185,Cody Gakpo,Liverpool,Premier League,2025/26,2023.0,2030.0,,125000.0,year,73100000.0,39500000.0,verified,m-mahadi/top5-football-dataset (SoFIFA)
37025551,Nathan Aké,Manchester City,Premier League,2025/26,2020.0,2027.0,,135000.0,year,46300000.0,25000000.0,verified,m-mahadi/top5-football-dataset (SoFIFA)
67139735,Dani Carvajal,R. Madrid,LaLiga,2025/26,,,,,year,,,pending_external_verification,
67184349,Iñaki Williams,A. Bilbao,LaLiga,2025/26,,,,,year,,,pending_external_verification,
69000199,Yann Sommer,Inter,Serie A,2025/26,2023.0,2028.0,,24000.0,year,12400000.0,7500000.0,verified,m-mahadi/top5-football-dataset (SoFIFA)
85086031,Adrien Rabiot,Milan,Serie A,2025/26,2025.0,2028.0,,83000.0,year,87600000.0,51500000.0,verified,m-mahadi/top5-football-dataset (SoFIFA)
67172040,Ayoze Pérez,Villarreal,LaLiga,2025/26,,,,,year,,,verified,m-mahadi/top5-football-dataset (SoFIFA)
63012964,Stanislav Lobotka,Napoli,Serie A,2025/26,2020.0,2027.0,,125000.0,year,58700000.0,34500000.0,verified,m-mahadi/top5-football-dataset (SoFIFA)
2000115202,Désiré Doué,Paris Saint-Germain,Ligue 1,2025/26,,,,,year,,,pending_external_verification,
2000138835,Kenan Yıldız,Juventus,Serie A,2025/26,2023.0,2029.0,,100000.0,year,115000000.0,60500000.0,verified,m-mahadi/top5-football-dataset (SoFIFA)
28100266,Marcus Rashford,Manchester United,Premier League,2025/26,,,,,year,,,pending_external_verification,
85140301,Christopher Nkunku,Milan,Serie A,2025/26,2025.0,2030.0,,58000.0,year,46800000.0,27500000.0,verified,m-mahadi/top5-football-dataset (SoFIFA)
14130029,Cristian Romero,Tottenham Hotspur,Premier League,2025/26,,,,,year,,,pending_external_verification,
28108033,Marc Guéhi,Crystal Palace,Premier League,2025/26,2026.0,2031.0,,130000.0,year,93400000.0,48500000.0,verified,m-mahadi/top5-football-dataset (SoFIFA)
28121564,Mason Greenwood,Olympique de Marseille,Ligue 1,2025/26,,,,,year,,,pending_external_verification,
37063649,Sven Botman,Newcastle United,Premier League,2025/26,,,,,year,,,pending_external_verification,
43161651,Federico Chiesa,Liverpool,Premier League,2025/26,2024.0,2028.0,,100000.0,year,41600000.0,22500000.0,verified,m-mahadi/top5-football-dataset (SoFIFA)
49047182,Manu Koné,Associazione Sportiva Roma,Serie A,2025/26,,,,,year,,,pending_external_verification,
67260204,Oihan Sancet,A. Bilbao,LaLiga,2025/26,,,,,year,,,pending_external_verification,
14110846,Exequiel Palacios,Bayer 04 Leverkusen,Bundesliga,2025/26,,,,,year,,,pending_external_verification,
45111891,Kaoru Mitoma,Brighton & Hove Albion,Premier League,2025/26,,,,,year,,,pending_external_verification,
18087914,Mile Svilar,Associazione Sportiva Roma,Serie A,2025/26,,,,,year,,,pending_external_verification,
14048343,Rodrigo De Paul,A. Madrid,LaLiga,2025/26,,,,,year,,,pending_external_verification,
19184436,Joelinton,Newcastle United,Premier League,2025/26,,,,,year,,,pending_external_verification,
91119700,Jonathan Tah,FC Bayern München,Bundesliga,2025/26,,,,,year,,,pending_external_verification,
67277675,Joan García,Barcelona,LaLiga,2025/26,2025.0,2031.0,,71000.0,year,154100000.0,72500000.0,verified,m-mahadi/top5-football-dataset (SoFIFA)
37084591,Micky van de Ven,Tottenham Hotspur,Premier League,2025/26,,,,,year,,,pending_external_verification,
37055843,Matthijs de Ligt,Manchester United,Premier League,2025/26,,,,,year,,,pending_external_verification,
19351309,Gabriel Martinelli,Arsenal,Premier League,2025/26,2019.0,2027.0,,125000.0,year,67400000.0,35000000.0,verified,m-mahadi/top5-football-dataset (SoFIFA)
2000049413,Gavi,Barcelona,LaLiga,2025/26,2020.0,2030.0,,85000.0,year,108400000.0,51000000.0,verified,m-mahadi/top5-football-dataset (SoFIFA)
49062667,Hugo Ekitiké,Liverpool,Premier League,2025/26,2025.0,2031.0,,145000.0,year,143400000.0,74500000.0,verified,m-mahadi/top5-football-dataset (SoFIFA)
37063644,Jurriën Timber,Arsenal,Premier League,2025/26,2023.0,2028.0,,140000.0,year,103000000.0,53500000.0,verified,m-mahadi/top5-football-dataset (SoFIFA)
28124573,Levi Colwill,Chelsea,Premier League,2025/26,2020.0,2029.0,,95000.0,year,54300000.0,27500000.0,verified,m-mahadi/top5-football-dataset (SoFIFA)
49048357,Lucas Chevalier,Paris Saint-Germain,Ligue 1,2025/26,,,,,year,,,pending_external_verification,
67220143,Mikel Oyarzábal,Real Sociedad,LaLiga,2025/26,,,,,year,,,verified,m-mahadi/top5-football-dataset (SoFIFA)
61043456,Andrew Robertson,Liverpool,Premier League,2025/26,,,,,year,,,pending_external_verification,
48043084,Boubacar Kamara,Aston Villa,Premier League,2025/26,2022.0,2030.0,,140000.0,year,93800000.0,47500000.0,verified,m-mahadi/top5-football-dataset (SoFIFA)
89056845,Ferran Torres,Barcelona,LaLiga,2025/26,2022.0,2027.0,,130000.0,year,113700000.0,53500000.0,verified,m-mahadi/top5-football-dataset (SoFIFA)
59006269,Henrikh Mkhitaryan,Inter,Serie A,2025/26,2022.0,2028.0,,37000.0,year,19000000.0,11500000.0,verified,m-mahadi/top5-football-dataset (SoFIFA)
28113828,Jeremie Frimpong,Liverpool,Premier League,2025/26,2025.0,2030.0,,95000.0,year,70300000.0,36500000.0,verified,m-mahadi/top5-football-dataset (SoFIFA)
67196198,Marcos Llorente,A. Madrid,LaLiga,2025/26,,,,,year,,,pending_external_verification,
43270682,Alessandro Buongiorno,Napoli,Serie A,2025/26,2024.0,2029.0,,105000.0,year,66599999.99999999,37500000.0,verified,m-mahadi/top5-football-dataset (SoFIFA)
29141472,Benjamin White,Arsenal,Premier League,2025/26,,,,,year,,,pending_external_verification,
71099053,Andriy Lunin,R. Madrid,LaLiga,2025/26,,,,,year,,,pending_external_verification,
48042658,Bryan Mbeumo,Manchester United,Premier League,2025/26,,,,,year,,,pending_external_verification,
18077264,Youri Tielemans,Aston Villa,Premier League,2025/26,2023.0,2027.0,,170000.0,year,102600000.0,54000000.0,verified,m-mahadi/top5-football-dataset (SoFIFA)
18054004,Leandro Trossard,Arsenal,Premier League,2025/26,2023.0,2027.0,,175000.0,year,64800000.0,35000000.0,verified,m-mahadi/top5-football-dataset (SoFIFA)
43075156,Giovanni Di Lorenzo,Napoli,Serie A,2025/26,2019.0,2028.0,,120000.0,year,45100000.0,26500000.0,verified,m-mahadi/top5-football-dataset (SoFIFA)
29156522,Ebere Eze,Arsenal,Premier League,2025/26,,,,,year,,,pending_external_verification,
2000296497,Pau Cubarsí,Barcelona,LaLiga,2025/26,2023.0,2029.0,,70000.0,year,108000000.0,48000000.0,verified,m-mahadi/top5-football-dataset (SoFIFA)
19220266,Gabriel Jesus,Arsenal,Premier League,2025/26,2022.0,2027.0,,140000.0,year,39800000.0,21500000.0,verified,m-mahadi/top5-football-dataset (SoFIFA)
2000141742,Fermín,Barcelona,LaLiga,2025/26,,,,,year,,,pending_external_verification,
28066083,Serge Gnabry,FC Bayern München,Bundesliga,2025/26,,,,,year,,,pending_external_verification,
49038952,Khéphren Thuram,Juventus,Serie A,2025/26,2024.0,2029.0,,105000.0,year,64800000.0,36500000.0,verified,m-mahadi/top5-football-dataset (SoFIFA)
85133751,Ferland Mendy,R. Madrid,LaLiga,2025/26,,,,,year,,,pending_external_verification,
48037162,Robin Le Normand,A. Madrid,LaLiga,2025/26,,,,,year,,,pending_external_verification,
48032198,Evan N'Dicka,Associazione Sportiva Roma,Serie A,2025/26,,,,,year,,,pending_external_verification,
98031331,Manuel Akanji,Manchester City,Premier League,2025/26,,,,,year,,,pending_external_verification,
43140326,Alex Meret,Napoli,Serie A,2025/26,2019.0,2027.0,,72000.0,year,46200000.0,26000000.0,verified,m-mahadi/top5-football-dataset (SoFIFA)
11023165,Amir Rrahmani,Napoli,Serie A,2025/26,2020.0,2027.0,,120000.0,year,42500000.0,25000000.0,verified,m-mahadi/top5-football-dataset (SoFIFA)
2000011972,Savinho,Manchester City,Premier League,2025/26,,,,,year,,,pending_external_verification,
78085068,Ronald Araujo,Barcelona,LaLiga,2025/26,2018.0,2031.0,,90000.0,year,63800000.0,30000000.0,verified,m-mahadi/top5-football-dataset (SoFIFA)
16010162,David Alaba,R. Madrid,LaLiga,2025/26,,,,,year,,,pending_external_verification,
67296654,Alejandro Balde,Barcelona,LaLiga,2025/26,,,,,year,,,verified,m-mahadi/top5-football-dataset (SoFIFA)
91104807,Leon Goretzka,FC Bayern München,Bundesliga,2025/26,,,,,year,,,pending_external_verification,
28009478,Wojciech Szczęsny,Barcelona,LaLiga,2025/26,2024.0,2027.0,,45000.0,year,8199999.999999999,4000000.0,verified,m-mahadi/top5-football-dataset (SoFIFA)
67288555,Xavi Simons,Tottenham Hotspur,Premier League,2025/26,,,,,year,,,pending_external_verification,
43424738,Riccardo Calafiori,Arsenal,Premier League,2025/26,2024.0,2029.0,,120000.0,year,78000000.0,40500000.0,verified,m-mahadi/top5-football-dataset (SoFIFA)
2000125958,Pablo Barrios,A. Madrid,LaLiga,2025/26,,,,,year,,,pending_external_verification,
45104608,Takefusa Kubo,Real Sociedad,LaLiga,2025/26,2022.0,2029.0,,42000.0,year,76100000.0,35000000.0,verified,m-mahadi/top5-football-dataset (SoFIFA)
89063073,Kim Min-Jae,FC Bayern München,Bundesliga,2025/26,,,,,year,,,pending_external_verification,
67197145,"Lucas Hernández(Paris Saint-Germain,France,Spain)",Paris Saint-Germain,Ligue 1,2025/26,,,,,year,,,pending_external_verification,
28115788,Curtis Jones,Liverpool,Premier League,2025/26,2018.0,2027.0,,87000.0,year,54900000.0,28500000.0,verified,m-mahadi/top5-football-dataset (SoFIFA)
85120944,Benjamin Pavard,Inter,Serie A,2025/26,2026.0,,,40000.0,year,0.0,21500000.0,verified,m-mahadi/top5-football-dataset (SoFIFA)
29125842,Jarrod Bowen,West Ham United,Premier League,2025/26,,,,,year,,,pending_external_verification,
25042141,Patrik Schick,Bayer 04 Leverkusen,Bundesliga,2025/26,,,,,year,,,pending_external_verification,
67211760,Mikel Merino,Arsenal,Premier League,2025/26,2024.0,2028.0,,160000.0,year,65700000.0,35500000.0,verified,m-mahadi/top5-football-dataset (SoFIFA)
43274977,Moise Kean,ACF Fiorentina,Serie A,2025/26,,,,,year,,,pending_external_verification,
29194724,Antoine Semenyo,AFC Bournemouth,Premier League,2025/26,,,,,year,,,pending_external_verification,
92017376,Pascal Groß,Borussia Dortmund,Bundesliga,2025/26,,,,,year,,,pending_external_verification,
78064881,Mauro Arambarri,Getafe,LaLiga,2025/26,2018.0,2028.0,,43000.0,year,43100000.0,20500000.0,verified,m-mahadi/top5-football-dataset (SoFIFA)
14044150,Paulo Dybala,Associazione Sportiva Roma,Serie A,2025/26,,,,,year,,,pending_external_verification,
86066853,Piero Hincapié,Bayer 04 Leverkusen,Bundesliga,2025/26,,,,,year,,,pending_external_verification,
27066387,Andreas Christensen,Barcelona,LaLiga,2025/26,2022.0,2030.0,,90000.0,year,35900000.0,17500000.0,verified,m-mahadi/top5-football-dataset (SoFIFA)
37076092,Noni Madueke,Arsenal,Premier League,2025/26,2025.0,2030.0,,115000.0,year,57800000.0,30000000.0,verified,m-mahadi/top5-football-dataset (SoFIFA)
29076105,Luke Shaw,Manchester United,Premier League,2025/26,,,,,year,,,pending_external_verification,
91187679,Malik Tillman,Bayer 04 Leverkusen,Bundesliga,2025/26,,,,,year,,,pending_external_verification,
19334410,"Matheus Cunha(Manchester United,Brazil)",Manchester United,Premier League,2025/26,,,,,year,,,pending_external_verification,
83188780,Matheus Nunes,Manchester City,Premier League,2025/26,2023.0,2028.0,,130000.0,year,63500000.0,33000000.0,verified,m-mahadi/top5-football-dataset (SoFIFA)
14167329,Lisandro Martínez,Manchester United,Premier League,2025/26,,,,,year,,,pending_external_verification,
49039789,Loïc Badé,Bayer 04 Leverkusen,Bundesliga,2025/26,,,,,year,,,pending_external_verification,
62182055,Dušan Vlahović,Juventus,Serie A,2025/26,2022.0,2028.0,,125000.0,year,61200000.0,34500000.0,verified,m-mahadi/top5-football-dataset (SoFIFA)
43017499,Francesco Acerbi,Inter,Serie A,2025/26,2023.0,2029.0,,35000.0,year,10700000.0,6500000.0,verified,m-mahadi/top5-football-dataset (SoFIFA)
48037391,Mattéo Guendouzi,Lazio,Serie A,2025/26,,,,,year,,,verified,m-mahadi/top5-football-dataset (SoFIFA)
48043873,Randal Kolo Muani,Paris Saint-Germain,Ligue 1,2025/26,,,,,year,,,pending_external_verification,
83209468,Gonçalo Ramos,Paris Saint-Germain,Ligue 1,2025/26,,,,,year,,,pending_external_verification,
37055841,Justin Kluivert,AFC Bournemouth,Premier League,2025/26,,,,,year,,,pending_external_verification,
16147659,Konrad Laimer,FC Bayern München,Bundesliga,2025/26,,,,,year,,,pending_external_verification,
43125343,Mattia Zaccagni,Lazio,Serie A,2025/26,2021.0,2029.0,,56000.0,year,59500000.0,35000000.0,verified,m-mahadi/top5-football-dataset (SoFIFA)
43162321,Riccardo Orsolini,Bologna FC 1909,Serie A,2025/26,,,,,year,,,pending_external_verification,
43167354,Manuel Locatelli,Juventus,Serie A,2025/26,2023.0,2028.0,,150000.0,year,76300000.0,43000000.0,verified,m-mahadi/top5-football-dataset (SoFIFA)
43093382,Matteo Politano,Napoli,Serie A,2025/26,2021.0,2027.0,,115000.0,year,36600000.0,21500000.0,verified,m-mahadi/top5-football-dataset (SoFIFA)
28054565,Jordan Pickford,Everton,Premier League,2025/26,2017.0,2029.0,,49000.0,year,54200000.0,28500000.0,verified,m-mahadi/top5-football-dataset (SoFIFA)
67030171,David De Gea,ACF Fiorentina,Serie A,2025/26,,,,,year,,,pending_external_verification,
24016925,Mateo Kovačić,Manchester City,Premier League,2025/26,2023.0,2027.0,,140000.0,year,46300000.0,25000000.0,verified,m-mahadi/top5-football-dataset (SoFIFA)
28124569,Tino Livramento,Newcastle United,Premier League,2025/26,,,,,year,,,pending_external_verification,
28093567,James Maddison,Tottenham Hotspur,Premier League,2025/26,,,,,year,,,pending_external_verification,
37076335,Jan Paul van Hecke,Brighton & Hove Albion,Premier League,2025/26,,,,,year,,,pending_external_verification,
83261140,Francisco Conceição,Juventus,Serie A,2025/26,2025.0,2030.0,,95000.0,year,67500000.0,35500000.0,verified,m-mahadi/top5-football-dataset (SoFIFA)
67175052,Thomas Partey,Villarreal,LaLiga,2025/26,2025.0,2029.0,,43000.0,year,24200000.0,11500000.0,verified,m-mahadi/top5-football-dataset (SoFIFA)
67115823,Gerard Moreno,Villarreal,LaLiga,2025/26,2018.0,2027.0,,55000.0,year,34700000.0,16500000.0,verified,m-mahadi/top5-football-dataset (SoFIFA)
89066513,Johnny Cardoso,A. Madrid,LaLiga,2025/26,,,,,year,,,pending_external_verification,
29115800,Joe Gomez,Liverpool,Premier League,2025/26,2015.0,2027.0,,95000.0,year,27800000.0,15000000.0,verified,m-mahadi/top5-football-dataset (SoFIFA)
18101745,Loïs Openda,RB Leipzig,Bundesliga,2025/26,2026.0,,,70000.0,year,0.0,38500000.0,verified,m-mahadi/top5-football-dataset (SoFIFA)
28018613,Kieran Trippier,Newcastle United,Premier League,2025/26,,,,,year,,,pending_external_verification,
49045776,Youssouf Fofana,Milan,Serie A,2025/26,2024.0,2028.0,,54000.0,year,54100000.0,30500000.0,verified,m-mahadi/top5-football-dataset (SoFIFA)
18097159,Alexis Saelemaekers,Milan,Serie A,2025/26,2020.0,2031.0,,53000.0,year,39100000.0,23000000.0,verified,m-mahadi/top5-football-dataset (SoFIFA)
28067800,Jack Grealish,Manchester City,Premier League,2025/26,,,,,year,,,pending_external_verification,
49056279,Rayan Cherki,Manchester City,Premier League,2025/26,2025.0,2030.0,,130000.0,year,118400000.0,61500000.0,verified,m-mahadi/top5-football-dataset (SoFIFA)
2000011147,Miloš Kerkez,Liverpool,Premier League,2025/26,2025.0,2030.0,,75000.0,year,67400000.0,35000000.0,verified,m-mahadi/top5-football-dataset (SoFIFA)
2000171034,Aleksandar Pavlović,FC Bayern München,Bundesliga,2025/26,,,,,year,,,pending_external_verification,
2000032706,Álvaro Carreras,R. Madrid,LaLiga,2025/26,,,,,year,,,pending_external_verification,
43425040,Amad,Manchester United,Premier League,2025/26,,,,,year,,,pending_external_verification,
78060464,José Giménez,A. Madrid,LaLiga,2025/26,,,,,year,,,pending_external_verification,
28103590,Mason Mount,Manchester United,Premier League,2025/26,,,,,year,,,pending_external_verification,
28115996,Morgan Rogers,Aston Villa,Premier League,2025/26,2024.0,2031.0,,135000.0,year,110600000.0,56000000.0,verified,m-mahadi/top5-football-dataset (SoFIFA)
91187791,Nick Woltemade,Newcastle United,Premier League,2025/26,,,,,year,,,pending_external_verification,
29233143,Harvey Elliott,Liverpool,Premier League,2025/26,2026.0,,,76000.0,year,0.0,21500000.0,verified,m-mahadi/top5-football-dataset (SoFIFA)
55070285,João Palhinha,FC Bayern München,Bundesliga,2025/26,,,,,year,,,pending_external_verification,
14094572,Rodrigo Bentancur,Tottenham Hotspur,Premier League,2025/26,,,,,year,,,pending_external_verification,
43155241,Guglielmo Vicario,Tottenham Hotspur,Premier League,2025/26,,,,,year,,,pending_external_verification,
91184426,Angelo Stiller,VfB Stuttgart,Bundesliga,2025/26,,,,,year,,,pending_external_verification,
28106999,Brahim Díaz,R. Madrid,LaLiga,2025/26,,,,,year,,,pending_external_verification,
18110528,Charles De Ketelaere,Atalanta,Serie A,2025/26,2024.0,2028.0,,72000.0,year,77200000.0,43500000.0,verified,m-mahadi/top5-football-dataset (SoFIFA)
43298002,Marco Carnesecchi,Atalanta,Serie A,2025/26,2019.0,2028.0,,60000.0,year,97600000.0,55000000.0,verified,m-mahadi/top5-football-dataset (SoFIFA)
67276071,Miguel Gutiérrez,Napoli,Serie A,2025/26,2025.0,2030.0,,84000.0,year,61200000.0,34500000.0,verified,m-mahadi/top5-football-dataset (SoFIFA)
85045409,Raphaël Guerreiro,FC Bayern München,Bundesliga,2025/26,,,,,year,,,pending_external_verification,
43339195,Andrea Cambiaso,Juventus,Serie A,2025/26,2022.0,2027.0,,100000.0,year,43500000.0,24500000.0,verified,m-mahadi/top5-football-dataset (SoFIFA)
28095342,Angeliño,Associazione Sportiva Roma,Serie A,2025/26,,,,,year,,,pending_external_verification,
19338230,"Antony(Real Hispalis,Brazil,Portugal)",Real Betis,LaLiga,2025/26,,,,,year,,,pending_external_verification,
67256618,Dani Vivian,A. Bilbao,LaLiga,2025/26,,,,,year,,,pending_external_verification,
19260918,David Neres,Napoli,Serie A,2025/26,2024.0,2028.0,,115000.0,year,44200000.0,26000000.0,verified,m-mahadi/top5-football-dataset (SoFIFA)
43093502,Gianluca Mancini,Associazione Sportiva Roma,Serie A,2025/26,,,,,year,,,pending_external_verification,
67260506,Kang-In Lee,Paris Saint-Germain,Ligue 1,2025/26,,,,,year,,,pending_external_verification,
14181375,"Nicolás González(Juventus,Argentina,Italy)",Juventus,Serie A,2025/26,,,,,year,,,pending_external_verification,
18105815,Arthur Theate,Eintracht Frankfurt,Bundesliga,2025/26,,,,,year,,,pending_external_verification,
43161669,Michele Di Gregorio,Juventus,Serie A,2025/26,2025.0,2029.0,,73000.0,year,45300000.0,25500000.0,verified,m-mahadi/top5-football-dataset (SoFIFA)
29175220,Morgan Gibbs-White,Nottingham Forest,Premier League,2025/26,,,,,year,,,pending_external_verification,
49045184,Pierre Kalulu,Juventus,Serie A,2025/26,2025.0,2029.0,,100000.0,year,49700000.0,28000000.0,verified,m-mahadi/top5-football-dataset (SoFIFA)
18108540,Jonathan David,Juventus,Serie A,2025/26,2025.0,2030.0,,125000.0,year,61200000.0,34500000.0,verified,m-mahadi/top5-football-dataset (SoFIFA)
67183918,Álex Remiro,Real Sociedad,LaLiga,2025/26,2019.0,2027.0,,34000.0,year,43100000.0,20500000.0,verified,m-mahadi/top5-football-dataset (SoFIFA)
43491384,Federico Gatti,Juventus,Serie A,2025/26,2022.0,2030.0,,105000.0,year,42600000.0,24000000.0,verified,m-mahadi/top5-football-dataset (SoFIFA)
53063430,Alexander Sørloth,A. Madrid,LaLiga,2025/26,,,,,year,,,pending_external_verification,
19342183,Evanilson,AFC Bournemouth,Premier League,2025/26,,,,,year,,,pending_external_verification,
45095577,Ritsu Doan,Eintracht Frankfurt,Bundesliga,2025/26,,,,,year,,,pending_external_verification,
91011532,Willi Orbán,RB Leipzig,Bundesliga,2025/26,2015.0,2027.0,,74000.0,year,40000000.0,23500000.0,verified,m-mahadi/top5-football-dataset (SoFIFA)
16147660,Xaver Schlager,RB Leipzig,Bundesliga,2025/26,2022.0,2028.0,,48000.0,year,25700000.0,14500000.0,verified,m-mahadi/top5-football-dataset (SoFIFA)
29125265,Antonee Robinson,Fulham,Premier League,2025/26,2020.0,2028.0,,90000.0,year,47500000.0,25000000.0,verified,m-mahadi/top5-football-dataset (SoFIFA)
98034601,Denis Zakaria,AS Monaco,Ligue 1,2025/26,,,,,year,,,pending_external_verification,
79027217,Omar Alderete,Sunderland,Premier League,2025/26,2025.0,2029.0,,68000.0,year,39500000.0,20000000.0,verified,m-mahadi/top5-football-dataset (SoFIFA)
2000163799,Nico Paz,Como 1907,Serie A,2025/26,,,,,year,,,pending_external_verification,
2000179712,Warren Zaïre-Emery,Paris Saint-Germain,Ligue 1,2025/26,,,,,year,,,pending_external_verification,
71113679,Illia Zabarnyi,Paris Saint-Germain,Ligue 1,2025/26,,,,,year,,,pending_external_verification,
71081391,Oleksandr Zinchenko,Arsenal,Premier League,2025/26,,,,,year,,,pending_external_verification,
14222108,Matías Soulé,Associazione Sportiva Roma,Serie A,2025/26,,,,,year,,,pending_external_verification,
2000123482,Murillo,Nottingham Forest,Premier League,2025/26,,,,,year,,,pending_external_verification,
29226000,Jarrad Branthwaite,Everton,Premier League,2025/26,2020.0,2030.0,,39000.0,year,52500000.0,25000000.0,verified,m-mahadi/top5-football-dataset (SoFIFA)
16279486,Karim Adeyemi,Borussia Dortmund,Bundesliga,2025/26,,,,,year,,,pending_external_verification,
36096824,Kostas Tsimikas,Liverpool,Premier League,2025/26,,,,,year,,,pending_external_verification,
43272557,Davide Frattesi,Inter,Serie A,2025/26,2024.0,2028.0,,38000.0,year,55200000.0,32000000.0,verified,m-mahadi/top5-football-dataset (SoFIFA)
37001813,Marten de Roon,Atalanta,Serie A,2025/26,2017.0,2029.0,,78000.0,year,20400000.0,12000000.0,verified,m-mahadi/top5-football-dataset (SoFIFA)
63029353,Dávid Hancko,A. Madrid,LaLiga,2025/26,,,,,year,,,pending_external_verification,
37052470,Noussair Mazraoui,Manchester United,Premier League,2025/26,,,,,year,,,pending_external_verification,
67118372,Sergi Darder,Mallorca,LaLiga,2025/26,2023.0,2028.0,,38000.0,year,30500000.0,14500000.0,verified,m-mahadi/top5-football-dataset (SoFIFA)
19273277,Dodo,ACF Fiorentina,Serie A,2025/26,,,,,year,,,pending_external_verification,
91175517,David Raum,RB Leipzig,Bundesliga,2025/26,2022.0,2027.0,,71000.0,year,59500000.0,35000000.0,verified,m-mahadi/top5-football-dataset (SoFIFA)
37063774,Sam Beukema,Napoli,Serie A,2025/26,2025.0,2030.0,,78000.0,year,27500000.0,15500000.0,verified,m-mahadi/top5-football-dataset (SoFIFA)
72048035,Weston McKennie,Juventus,Serie A,2025/26,2021.0,2028.0,,105000.0,year,32300000.0,19000000.0,verified,m-mahadi/top5-football-dataset (SoFIFA)
14108651,Giovani Lo Celso,Real Betis,LaLiga,2025/26,2024.0,2028.0,,40000.0,year,53600000.0,25500000.0,verified,m-mahadi/top5-football-dataset (SoFIFA)
45030953,Wataru Endo,Liverpool,Premier League,2025/26,2023.0,2027.0,,95000.0,year,21300000.0,11500000.0,verified,m-mahadi/top5-football-dataset (SoFIFA)
98007212,Fabian Schär,Newcastle United,Premier League,2025/26,,,,,year,,,pending_external_verification,
29090530,Solly March,Brighton & Hove Albion,Premier League,2025/26,,,,,year,,,pending_external_verification,
8718372,Manuel Neuer,FC Bayern München,Bundesliga,2025/26,,,,,year,,,pending_external_verification,
62246208,Benjamin Šeško,Manchester United,Premier League,2025/26,,,,,year,,,pending_external_verification,
67217522,Pau Torres,Aston Villa,Premier League,2025/26,2023.0,2028.0,,110000.0,year,34200000.0,18000000.0,verified,m-mahadi/top5-football-dataset (SoFIFA)
67276127,Nico González,Manchester City,Premier League,2025/26,,,,,year,,,pending_external_verification,
19371552,"João Pedro(Chelsea,Brazil)",Chelsea,Premier League,2025/26,,,,,year,,,pending_external_verification,
28108036,Conor Gallagher,A. Madrid,LaLiga,2025/26,,,,,year,,,pending_external_verification,
67268221,Pedro Porro,Tottenham Hotspur,Premier League,2025/26,,,,,year,,,pending_external_verification,
12087972,Nicolas Jackson,Chelsea,Premier League,2025/26,,,,,year,,,pending_external_verification,
2000058198,Marc Casadó,Barcelona,LaLiga,2025/26,2022.0,2028.0,,54000.0,year,39300000.0,18500000.0,verified,m-mahadi/top5-football-dataset (SoFIFA)
28049740,Harry Maguire,Manchester United,Premier League,2025/26,,,,,year,,,pending_external_verification,
91119265,Julian Brandt,Borussia Dortmund,Bundesliga,2025/26,,,,,year,,,pending_external_verification,
14250859,Giuliano Simeone,A. Madrid,LaLiga,2025/26,,,,,year,,,pending_external_verification,
67199158,Brais Méndez,Real Sociedad,LaLiga,2025/26,2022.0,2028.0,,41000.0,year,29400000.0,14000000.0,verified,m-mahadi/top5-football-dataset (SoFIFA)
43093395,Alessio Romagnoli,Lazio,Serie A,2025/26,2022.0,2027.0,,46000.0,year,42500000.0,25000000.0,verified,m-mahadi/top5-football-dataset (SoFIFA)
29141827,Ezri Konsa,Aston Villa,Premier League,2025/26,2019.0,2028.0,,145000.0,year,83900000.0,42500000.0,verified,m-mahadi/top5-football-dataset (SoFIFA)
91190673,Josip Stanišić,FC Bayern München,Bundesliga,2025/26,,,,,year,,,pending_external_verification,
29110623,Ollie Watkins,Aston Villa,Premier League,2025/26,2020.0,2028.0,,140000.0,year,58000000.0,30500000.0,verified,m-mahadi/top5-football-dataset (SoFIFA)
84153276,Dan Ndoye,Nottingham Forest,Premier League,2025/26,,,,,year,,,pending_external_verification,
2000069643,Mohamed Amoura,VfL Wolfsburg,Bundesliga,2025/26,,,,,year,,,pending_external_verification,
67245235,"Fran García(R. Madrid,Spain)",R. Madrid,LaLiga,2025/26,,,,,year,,,pending_external_verification,
91108805,Robert Andrich,Bayer 04 Leverkusen,Bundesliga,2025/26,,,,,year,,,pending_external_verification,
49034219,Jean-Philippe Mateta,Crystal Palace,Premier League,2025/26,2022.0,2027.0,,115000.0,year,58900000.0,31000000.0,verified,m-mahadi/top5-football-dataset (SoFIFA)
91143714,Maximilian Mittelstädt,VfB Stuttgart,Bundesliga,2025/26,,,,,year,,,pending_external_verification,
91143491,Nadiem Amiri,1. FSV Mainz 05,Bundesliga,2025/26,,,,,year,,,pending_external_verification,
67245413,Óscar Mingueza,Celta,LaLiga,2025/26,,,,,year,,,pending_external_verification,
85063747,Florian Lejeune,Rayo Vallecano,LaLiga,2025/26,2023.0,2028.0,,30000.0,year,11600000.0,5500000.0,verified,m-mahadi/top5-football-dataset (SoFIFA)
67191561,Luis Milla,Getafe,LaLiga,2025/26,2022.0,2027.0,,46000.0,year,51500000.0,24500000.0,verified,m-mahadi/top5-football-dataset (SoFIFA)
2000123586,Kobbie Mainoo,Manchester United,Premier League,2025/26,,,,,year,,,pending_external_verification,
28009441,Kyle Walker,Burnley,Premier League,2025/26,2025.0,2027.0,,40000.0,year,6100000.0,3200000.0,verified,m-mahadi/top5-football-dataset (SoFIFA)
49038942,Benoît Badiashile,Chelsea,Premier League,2025/26,2023.0,2030.0,,72000.0,year,18800000.0,9500000.0,verified,m-mahadi/top5-football-dataset (SoFIFA)
13200568,Mohammed Kudus,Tottenham Hotspur,Premier League,2025/26,,,,,year,,,pending_external_verification,
49048380,Georginio Rutter,Brighton & Hove Albion,Premier League,2025/26,,,,,year,,,pending_external_verification,
29156212,Robert Sánchez,Chelsea,Premier League,2025/26,2023.0,2030.0,,76000.0,year,43500000.0,22000000.0,verified,m-mahadi/top5-football-dataset (SoFIFA)
13196616,Edmond Tapsoba,Bayer 04 Leverkusen,Bundesliga,2025/26,,,,,year,,,pending_external_verification,
67277455,Mario Gila,Lazio,Serie A,2025/26,2022.0,2027.0,,35000.0,year,55900000.0,31500000.0,verified,m-mahadi/top5-football-dataset (SoFIFA)
43372892,Nicolò Rovella,Lazio,Serie A,2025/26,2025.0,2028.0,,31000.0,year,43500000.0,24500000.0,verified,m-mahadi/top5-football-dataset (SoFIFA)
37057982,Teun Koopmeiners,Juventus,Serie A,2025/26,2024.0,2029.0,,115000.0,year,38300000.0,22500000.0,verified,m-mahadi/top5-football-dataset (SoFIFA)
43091113,Bryan Cristante,Associazione Sportiva Roma,Serie A,2025/26,,,,,year,,,pending_external_verification,
18104985,Edon Zhegrova,Juventus,Serie A,2025/26,2025.0,2030.0,,105000.0,year,32300000.0,19000000.0,verified,m-mahadi/top5-football-dataset (SoFIFA)
96102946,Jakub Kiwior,Arsenal,Premier League,2025/26,,,,,year,,,pending_external_verification,
43295110,Raoul Bellanova,Atalanta,Serie A,2025/26,2024.0,2029.0,,53000.0,year,22200000.0,12500000.0,verified,m-mahadi/top5-football-dataset (SoFIFA)
28103591,Trevoh Chalobah,Chelsea,Premier League,2025/26,2016.0,2028.0,,105000.0,year,46400000.0,23500000.0,verified,m-mahadi/top5-football-dataset (SoFIFA)
29036189,Lewis Dunk,Brighton & Hove Albion,Premier League,2025/26,,,,,year,,,pending_external_verification,
37041773,Robin Gosens,ACF Fiorentina,Serie A,2025/26,,,,,year,,,pending_external_verification,
67157520,Álex Berenguer,A. Bilbao,LaLiga,2025/26,,,,,year,,,pending_external_verification,
19350649,Carlos Augusto,Inter,Serie A,2025/26,2024.0,2028.0,,38000.0,year,47400000.0,27500000.0,verified,m-mahadi/top5-football-dataset (SoFIFA)
93083839,Isak Hien,Atalanta,Serie A,2025/26,2024.0,2028.0,,57000.0,year,29300000.0,16500000.0,verified,m-mahadi/top5-football-dataset (SoFIFA)
85078880,Clément Lenglet,A. Madrid,LaLiga,2025/26,,,,,year,,,pending_external_verification,
28097980,Fikayo Tomori,Milan,Serie A,2025/26,2021.0,2027.0,,54000.0,year,48800000.0,27500000.0,verified,m-mahadi/top5-football-dataset (SoFIFA)
24021244,Mario Pašalić,Atalanta,Serie A,2025/26,2020.0,2028.0,,69000.0,year,28900000.0,17000000.0,verified,m-mahadi/top5-football-dataset (SoFIFA)
75042244,Taty Castellanos,Lazio,Serie A,2025/26,,,,,year,,,pending_external_verification,
49043189,Georges Mikautadze,Villarreal,LaLiga,2025/26,2025.0,2031.0,,41000.0,year,55500000.0,25500000.0,verified,m-mahadi/top5-football-dataset (SoFIFA)
78076343,Mathías Olivera,Napoli,Serie A,2025/26,2022.0,2027.0,,73000.0,year,17000000.0,10000000.0,verified,m-mahadi/top5-football-dataset (SoFIFA)
72044918,Tyler Adams,AFC Bournemouth,Premier League,2025/26,,,,,year,,,pending_external_verification,
67217491,Andrei Raţiu,Rayo Vallecano,LaLiga,2025/26,2023.0,2030.0,,30000.0,year,47900000.0,22000000.0,verified,m-mahadi/top5-football-dataset (SoFIFA)
76042952,Jhon Lucumí,Bologna FC 1909,Serie A,2025/26,,,,,year,,,pending_external_verification,
67224142,Santi Comesaña,Villarreal,LaLiga,2025/26,2023.0,2028.0,,45000.0,year,36800000.0,17500000.0,verified,m-mahadi/top5-football-dataset (SoFIFA)
92065436,Tim Kleindienst,Borussia Mönchengladbach,Bundesliga,2025/26,,,,,year,,,pending_external_verification,
24003746,Ante Budimir,Osasuna,LaLiga,2025/26,2021.0,2027.0,,53000.0,year,41000000.0,19500000.0,verified,m-mahadi/top5-football-dataset (SoFIFA)
12080051,Pape Matar Sarr,Tottenham Hotspur,Premier League,2025/26,,,,,year,,,pending_external_verification,
28108490,Jadon Sancho,Manchester United,Premier League,2025/26,,,,,year,,,pending_external_verification,
67295650,Yeremy Pino,Crystal Palace,Premier League,2025/26,2025.0,2030.0,,78000.0,year,74600000.0,35500000.0,verified,m-mahadi/top5-football-dataset (SoFIFA)
2000053516,Adam Wharton,Crystal Palace,Premier League,2025/26,2024.0,2029.0,,66000.0,year,79800000.0,38000000.0,verified,m-mahadi/top5-football-dataset (SoFIFA)
43426047,Destiny Udogie,Tottenham Hotspur,Premier League,2025/26,,,,,year,,,pending_external_verification,
2000166563,Carlos Baleba,Brighton & Hove Albion,Premier League,2025/26,,,,,year,,,pending_external_verification,
19061518,Casemiro,Manchester United,Premier League,2025/26,,,,,year,,,pending_external_verification,
27010680,Christian Eriksen,VfL Wolfsburg,Bundesliga,2025/26,,,,,year,,,pending_external_verification,
2000134186,Mikel Jauregizar,A. Bilbao,LaLiga,2025/26,,,,,year,,,pending_external_verification,
28127166,Conor Bradley,Liverpool,Premier League,2025/26,2020.0,2029.0,,66000.0,year,48100000.0,25000000.0,verified,m-mahadi/top5-football-dataset (SoFIFA)
43500755,Giorgio Scalvini,Atalanta,Serie A,2025/26,2021.0,2028.0,,42000.0,year,56100000.0,29500000.0,verified,m-mahadi/top5-football-dataset (SoFIFA)
29189400,Brennan Johnson,Tottenham Hotspur,Premier League,2025/26,,,,,year,,,pending_external_verification,
92012109,Bernd Leno,Fulham,Premier League,2025/26,2022.0,2027.0,,55000.0,year,10500000.0,5500000.0,verified,m-mahadi/top5-football-dataset (SoFIFA)
91175868,Yann Aurel Bisseck,Inter,Serie A,2025/26,2023.0,2029.0,,23000.0,year,16399999.999999998,9500000.0,verified,m-mahadi/top5-football-dataset (SoFIFA)
28112986,Callum Hudson-Odoi,Nottingham Forest,Premier League,2025/26,,,,,year,,,pending_external_verification,
2000098727,Rico Lewis,Manchester City,Premier League,2025/26,2022.0,2030.0,,65000.0,year,41000000.0,20000000.0,verified,m-mahadi/top5-football-dataset (SoFIFA)
37001814,Stefan de Vrij,Inter,Serie A,2025/26,2018.0,2029.0,,47000.0,year,28900000.0,17500000.0,verified,m-mahadi/top5-football-dataset (SoFIFA)
28113827,Felix Nmecha,Borussia Dortmund,Bundesliga,2025/26,,,,,year,,,pending_external_verification,
48037291,Axel Disasi,Chelsea,Premier League,2025/26,,,,,year,,,pending_external_verification,
48032338,Ismaël Bennacer,Milan,Serie A,2025/26,,,,,year,,,pending_external_verification,
16045721,Marcel Sabitzer,Borussia Dortmund,Bundesliga,2025/26,,,,,year,,,pending_external_verification,
83105845,Diogo Dalot,Manchester United,Premier League,2025/26,,,,,year,,,pending_external_verification,
92021718,Emre Can,Borussia Dortmund,Bundesliga,2025/26,,,,,year,,,pending_external_verification,
28116427,Eric García,Barcelona,LaLiga,2025/26,2021.0,2031.0,,95000.0,year,94600000.0,44500000.0,verified,m-mahadi/top5-football-dataset (SoFIFA)
67276482,Ander Barrenetxea,Real Sociedad,LaLiga,2025/26,,,,,year,,,verified,m-mahadi/top5-football-dataset (SoFIFA)
28109599,Emile Smith Rowe,Fulham,Premier League,2025/26,2024.0,2029.0,,63000.0,year,28600000.0,14500000.0,verified,m-mahadi/top5-football-dataset (SoFIFA)
43036586,Leonardo Spinazzola,Napoli,Serie A,2025/26,2024.0,2029.0,,95000.0,year,24700000.0,14500000.0,verified,m-mahadi/top5-football-dataset (SoFIFA)
24004434,Andrej Kramarić,TSG 1899 Hoffenheim,Bundesliga,2025/26,,,,,year,,,pending_external_verification,
98006034,Remo Freuler,Bologna FC 1909,Serie A,2025/26,,,,,year,,,pending_external_verification,
98015432,Berat Djimsiti,Atalanta,Serie A,2025/26,2016.0,2029.0,,66000.0,year,19600000.0,11500000.0,verified,m-mahadi/top5-football-dataset (SoFIFA)
45109024,Hiroki Ito,FC Bayern München,Bundesliga,2025/26,,,,,year,,,pending_external_verification,
28018193,Péter Gulácsi,RB Leipzig,Bundesliga,2025/26,2015.0,2027.0,,32000.0,year,8000000.0,4700000.0,verified,m-mahadi/top5-football-dataset (SoFIFA)
91137493,Waldemar Anton,Borussia Dortmund,Bundesliga,2025/26,,,,,year,,,pending_external_verification,
92029805,Sead Kolašinac,Atalanta,Serie A,2025/26,2023.0,2029.0,,60000.0,year,15300000.0,9000000.0,verified,m-mahadi/top5-football-dataset (SoFIFA)
76050675,Daniel Muñoz,Crystal Palace,Premier League,2025/26,2024.0,2028.0,,100000.0,year,51300000.0,27000000.0,verified,m-mahadi/top5-football-dataset (SoFIFA)
62191195,Nikola Milenković,Nottingham Forest,Premier League,2025/26,,,,,year,,,pending_external_verification,
35017377,Oliver Baumann,TSG 1899 Hoffenheim,Bundesliga,2025/26,,,,,year,,,pending_external_verification,
91147345,Robin Koch,Eintracht Frankfurt,Bundesliga,2025/26,,,,,year,,,pending_external_verification,
67231100,Jorge De Frutos,Rayo Vallecano,LaLiga,2025/26,,,,,year,,,verified,m-mahadi/top5-football-dataset (SoFIFA)
2000283274,Myles Lewis-Skelly,Arsenal,Premier League,2025/26,2023.0,2030.0,,64000.0,year,57400000.0,28000000.0,verified,m-mahadi/top5-football-dataset (SoFIFA)
2000109240,Dean Huijsen,R. Madrid,LaLiga,2025/26,,,,,year,,,pending_external_verification,
2000035036,Alejandro Garnacho,Chelsea,Premier League,2025/26,2025.0,2032.0,,73000.0,year,47300000.0,22500000.0,verified,m-mahadi/top5-football-dataset (SoFIFA)
85085378,Aymeric Laporte,A. Bilbao,LaLiga,2025/26,,,,,year,,,pending_external_verification,
2000195626,Yankuba Minteh,Brighton & Hove Albion,Premier League,2025/26,,,,,year,,,pending_external_verification,
19265858,Richarlison,Tottenham Hotspur,Premier League,2025/26,,,,,year,,,pending_external_verification,
28127254,Elliot Anderson,Nottingham Forest,Premier League,2025/26,,,,,year,,,pending_external_verification,
29193659,Jacob Ramsey,Newcastle United,Premier League,2025/26,,,,,year,,,pending_external_verification,
67215284,Marc Cucurella,Chelsea,Premier League,2025/26,2022.0,2028.0,,170000.0,year,101700000.0,53500000.0,verified,m-mahadi/top5-football-dataset (SoFIFA)
67202350,Dani Ceballos,R. Madrid,LaLiga,2025/26,,,,,year,,,pending_external_verification,
2000054263,Bryan Zaragoza,FC Bayern München,Bundesliga,2025/26,,,,,year,,,pending_external_verification,
29219115,Flavien-Enzo Boyomo,Osasuna,LaLiga,2025/26,,,,,year,,,pending_external_verification,
91207274,Amadou Onana,Aston Villa,Premier League,2025/26,2024.0,2029.0,,95000.0,year,63200000.0,32000000.0,verified,m-mahadi/top5-football-dataset (SoFIFA)
28010491,Danny Welbeck,Brighton & Hove Albion,Premier League,2025/26,,,,,year,,,pending_external_verification,
29125191,Dominic Solanke,Tottenham Hotspur,Premier League,2025/26,,,,,year,,,pending_external_verification,
67157624,Kepa Arrizabalaga,Arsenal,Premier League,2025/26,,,,,year,,,verified,m-mahadi/top5-football-dataset (SoFIFA)
83206392,Samú,Mallorca,LaLiga,2025/26,,,,,year,,,pending_external_verification,
91107360,Niklas Süle,Borussia Dortmund,Bundesliga,2025/26,,,,,year,,,pending_external_verification,
14172522,Thiago Almada,A. Madrid,LaLiga,2025/26,,,,,year,,,pending_external_verification,
28104130,Caoimhin Kelleher,Brentford,Premier League,2025/26,2025.0,2030.0,,46000.0,year,34600000.0,17500000.0,verified,m-mahadi/top5-football-dataset (SoFIFA)
78084541,Manuel Ugarte,Manchester United,Premier League,2025/26,,,,,year,,,pending_external_verification,
43093171,Piotr Zieliński,Inter,Serie A,2025/26,2024.0,2028.0,,41000.0,year,34700000.0,21000000.0,verified,m-mahadi/top5-football-dataset (SoFIFA)
14186894,Juan Foyth,Villarreal,LaLiga,2025/26,2021.0,2029.0,,41000.0,year,33600000.0,16000000.0,verified,m-mahadi/top5-football-dataset (SoFIFA)
67135344,Lucas Vázquez,Bayer 04 Leverkusen,Bundesliga,2025/26,,,,,year,,,pending_external_verification,
67260440,Bryan Gil,Girona,LaLiga,2025/26,2025.0,2030.0,,27000.0,year,21800000.0,10000000.0,verified,m-mahadi/top5-football-dataset (SoFIFA)
29125334,Dean Henderson,Crystal Palace,Premier League,2025/26,2023.0,2028.0,,67000.0,year,47400000.0,24000000.0,verified,m-mahadi/top5-football-dataset (SoFIFA)
67279753,Ilaix Moriba,Celta,LaLiga,2025/26,,,,,year,,,pending_external_verification,
43094150,Ivan Provedel,Lazio,Serie A,2025/26,2022.0,2027.0,,33000.0,year,32300000.0,19000000.0,verified,m-mahadi/top5-football-dataset (SoFIFA)
67256097,Jesús Areso,A. Bilbao,LaLiga,2025/26,,,,,year,,,pending_external_verification,
61043070,John McGinn,Aston Villa,Premier League,2025/26,2018.0,2028.0,,120000.0,year,47500000.0,25000000.0,verified,m-mahadi/top5-football-dataset (SoFIFA)
2000053930,José Ángel Carmona,Sevilla,LaLiga,2025/26,,,,,year,,,pending_external_verification,
29127852,Lewis Cook,AFC Bournemouth,Premier League,2025/26,,,,,year,,,pending_external_verification,
85033423,Lucas Digne,Aston Villa,Premier League,2025/26,2022.0,2028.0,,110000.0,year,29500000.0,15500000.0,verified,m-mahadi/top5-football-dataset (SoFIFA)
37060600,Ferdi Kadıoğlu,Brighton & Hove Albion,Premier League,2025/26,,,,,year,,,pending_external_verification,
37053643,Gianluca Scamacca,Atalanta,Serie A,2025/26,2023.0,2027.0,,65000.0,year,30200000.0,17000000.0,verified,m-mahadi/top5-football-dataset (SoFIFA)
43266774,Matteo Gabbia,Milan,Serie A,2025/26,2017.0,2029.0,,48000.0,year,44400000.0,25000000.0,verified,m-mahadi/top5-football-dataset (SoFIFA)
43425834,Matteo Ruggeri,A. Madrid,LaLiga,2025/26,,,,,year,,,pending_external_verification,
83169864,Nuno Tavares,Lazio,Serie A,2025/26,2025.0,2029.0,,27000.0,year,16000000.0,9000000.0,verified,m-mahadi/top5-football-dataset (SoFIFA)
91157307,Deniz Undav,VfB Stuttgart,Bundesliga,2025/26,,,,,year,,,pending_external_verification,
85045209,Jonathan Clauss,OGC Nice,Ligue 1,2025/26,,,,,year,,,pending_external_verification,
62095383,Adam Marušić,Lazio,Serie A,2025/26,2017.0,2030.0,,32000.0,year,12800000.0,7500000.0,verified,m-mahadi/top5-football-dataset (SoFIFA)
91132680,Benjamin Henrichs,RB Leipzig,Bundesliga,2025/26,2021.0,2028.0,,58000.0,year,32300000.0,19000000.0,verified,m-mahadi/top5-football-dataset (SoFIFA)
67222737,Javi Puado,Espanyol,LaLiga,2025/26,,,,,year,,,verified,m-mahadi/top5-football-dataset (SoFIFA)
91170086,Jonathan Burkardt,Eintracht Frankfurt,Bundesliga,2025/26,,,,,year,,,pending_external_verification,
91144914,Kevin Danso,Tottenham Hotspur,Premier League,2025/26,,,,,year,,,pending_external_verification,
29129073,Rico Henry,Brentford,Premier League,2025/26,2016.0,2030.0,,57000.0,year,13300000.0,7000000.0,verified,m-mahadi/top5-football-dataset (SoFIFA)
98041215,Rubén Vargas,Sevilla,LaLiga,2025/26,2025.0,2029.0,,36000.0,year,32600000.0,15500000.0,verified,m-mahadi/top5-football-dataset (SoFIFA)
71080414,Viktor Tsygankov,Girona,LaLiga,2025/26,,,,,year,,,pending_external_verification,
28111079,Calvin Bassey,Fulham,Premier League,2025/26,2023.0,2027.0,,69000.0,year,32600000.0,16500000.0,verified,m-mahadi/top5-football-dataset (SoFIFA)
14185869,Facundo Medina,RC Lens,Ligue 1,2025/26,,,,,year,,,pending_external_verification,
48042717,Ibrahim Sangaré,Nottingham Forest,Premier League,2025/26,,,,,year,,,pending_external_verification,
86045976,Pervis Estupiñán,Milan,Serie A,2025/26,2025.0,2030.0,,48000.0,year,28900000.0,17000000.0,verified,m-mahadi/top5-football-dataset (SoFIFA)
67276232,Aitor Paredes,A. Bilbao,LaLiga,2025/26,,,,,year,,,pending_external_verification,
12038706,Ramy Bensebaïni,Borussia Dortmund,Bundesliga,2025/26,,,,,year,,,pending_external_verification,
54009099,Łukasz Skorupski,Bologna FC 1909,Serie A,2025/26,,,,,year,,,pending_external_verification,
37024733,Joël Veltman,Brighton & Hove Albion,Premier League,2025/26,,,,,year,,,pending_external_verification,
61042900,Ryan Christie,AFC Bournemouth,Premier League,2025/26,,,,,year,,,pending_external_verification,
11022221,Vedat Muriqi,Mallorca,LaLiga,2025/26,2022.0,2029.0,,47000.0,year,46200000.0,22000000.0,verified,m-mahadi/top5-football-dataset (SoFIFA)
2000077193,Arda Güler,R. Madrid,LaLiga,2025/26,,,,,year,,,pending_external_verification,
67283140,Filip Jörgensen,Chelsea,Premier League,2025/26,,,,,year,,,pending_external_verification,
2000030816,Cristhian Mosquera,Arsenal,Premier League,2025/26,2025.0,2030.0,,69000.0,year,45100000.0,22000000.0,verified,m-mahadi/top5-football-dataset (SoFIFA)
28005568,Jordan Henderson,Brentford,Premier League,2025/26,2025.0,2027.0,,56000.0,year,9300000.0,4900000.0,verified,m-mahadi/top5-football-dataset (SoFIFA)
27058392,Pierre-Emile Højbjerg,Olympique de Marseille,Ligue 1,2025/26,,,,,year,,,pending_external_verification,
67201634,André Onana,Manchester United,Premier League,2025/26,,,,,year,,,pending_external_verification,
28121372,Ian Maatsen,Aston Villa,Premier League,2025/26,2024.0,2029.0,,85000.0,year,48400000.0,24500000.0,verified,m-mahadi/top5-football-dataset (SoFIFA)
29186052,Matt O'Riley,Brighton & Hove Albion,Premier League,2025/26,,,,,year,,,pending_external_verification,
67030707,Dani Parejo,Villarreal,LaLiga,2025/26,,,,,year,,,pending_external_verification,
85136376,Nicolas Pépé,Villarreal,LaLiga,2025/26,2024.0,2028.0,,54000.0,year,52500000.0,25000000.0,verified,m-mahadi/top5-football-dataset (SoFIFA)
28068727,Ruben Loftus-Cheek,Milan,Serie A,2025/26,2023.0,2027.0,,55000.0,year,34900000.0,20500000.0,verified,m-mahadi/top5-football-dataset (SoFIFA)
43390774,Samuele Ricci,Milan,Serie A,2025/26,2025.0,2029.0,,41000.0,year,48500000.0,25500000.0,verified,m-mahadi/top5-football-dataset (SoFIFA)
83282675,Alexsandro Ribeiro,LOSC Lille,Ligue 1,2025/26,,,,,year,,,pending_external_verification,
61078265,Billy Gilmour,Napoli,Serie A,2025/26,2024.0,2029.0,,59000.0,year,14200000.0,8000000.0,verified,m-mahadi/top5-football-dataset (SoFIFA)
93127195,Odilon Kossounou,Atalanta,Serie A,2025/26,2025.0,2029.0,,57000.0,year,51500000.0,29000000.0,verified,m-mahadi/top5-football-dataset (SoFIFA)
67243881,Javi Galán,A. Madrid,LaLiga,2025/26,,,,,year,,,pending_external_verification,
14077011,Nicolás Domínguez,Nottingham Forest,Premier League,2025/26,,,,,year,,,pending_external_verification,
43316850,Giacomo Raspadori,A. Madrid,LaLiga,2025/26,,,,,year,,,pending_external_verification,
27069975,Joachim Andersen,Fulham,Premier League,2025/26,2024.0,2029.0,,83000.0,year,27600000.0,14500000.0,verified,m-mahadi/top5-football-dataset (SoFIFA)
67080310,Marcos Alonso,Celta,LaLiga,2025/26,,,,,year,,,pending_external_verification,
67011217,Diego Llorente,Real Betis,LaLiga,2025/26,2024.0,2028.0,,35000.0,year,30500000.0,14500000.0,verified,m-mahadi/top5-football-dataset (SoFIFA)
67258832,"Iván Martín(Girona,Spain,Pays Basque)",Girona,LaLiga,2025/26,,,,,year,,,pending_external_verification,
14196664,Leonardo Balerdi,Olympique de Marseille,Ligue 1,2025/26,,,,,year,,,pending_external_verification,
43159580,Rolando Mandragora,ACF Fiorentina,Serie A,2025/26,,,,,year,,,pending_external_verification,
61078132,Lewis Ferguson,Bologna FC 1909,Serie A,2025/26,,,,,year,,,pending_external_verification,
37055842,Noa Lang,Napoli,Serie A,2025/26,,,,,year,,,verified,m-mahadi/top5-football-dataset (SoFIFA)
76043783,Cucho Hernández,Real Betis,LaLiga,2025/26,,,,,year,,,pending_external_verification,
2000124157,Javi Rodríguez,Celta,LaLiga,2025/26,,,,,year,,,pending_external_verification,
67294055,Sergi Cardona,Villarreal,LaLiga,2025/26,2024.0,2027.0,,39000.0,year,46800000.0,21500000.0,verified,m-mahadi/top5-football-dataset (SoFIFA)
29165656,Ryan Sessegnon,Fulham,Premier League,2025/26,2024.0,2027.0,,65000.0,year,23700000.0,12000000.0,verified,m-mahadi/top5-football-dataset (SoFIFA)
27039017,Christian Nørgaard,Arsenal,Premier League,2025/26,2025.0,2027.0,,125000.0,year,27800000.0,15000000.0,verified,m-mahadi/top5-football-dataset (SoFIFA)
67184140,"Álvaro García(Vallecano,Spain)",Rayo Vallecano,LaLiga,2025/26,,,,,year,,,pending_external_verification,
67148381,Antonio Raíllo,Mallorca,LaLiga,2025/26,,,,,year,,,verified,m-mahadi/top5-football-dataset (SoFIFA)
48031641,Olivier Boscagli,Brighton & Hove Albion,Premier League,2025/26,,,,,year,,,pending_external_verification,
85140175,Yoane Wissa,Newcastle United,Premier League,2025/26,,,,,year,,,pending_external_verification,
93055760,Carl Starfelt,Celta,LaLiga,2025/26,,,,,year,,,pending_external_verification,
29061164,Dan Burn,Newcastle United,Premier League,2025/26,,,,,year,,,pending_external_verification,
67173045,Isi Palazón,Rayo Vallecano,LaLiga,2025/26,,,,,year,,,pending_external_verification,
49056273,Castello Lukeba,RB Leipzig,Bundesliga,2025/26,2023.0,2029.0,,52000.0,year,71300000.0,37500000.0,verified,m-mahadi/top5-football-dataset (SoFIFA)
2000096278,Pietro Comuzzo,ACF Fiorentina,Serie A,2025/26,,,,,year,,,pending_external_verification,
2000015300,Jamie Gittens,Chelsea,Premier League,2025/26,2025.0,2032.0,,73000.0,year,46200000.0,22000000.0,verified,m-mahadi/top5-football-dataset (SoFIFA)
83320123,Renato Veiga,Villarreal,LaLiga,2025/26,2025.0,2032.0,,27000.0,year,42400000.0,19500000.0,verified,m-mahadi/top5-football-dataset (SoFIFA)
85093001,Thomas Lemar,A. Madrid,LaLiga,2025/26,,,,,year,,,pending_external_verification,
14129337,Nahuel Molina,A. Madrid,LaLiga,2025/26,,,,,year,,,pending_external_verification,
37060922,Joshua Zirkzee,Manchester United,Premier League,2025/26,,,,,year,,,pending_external_verification,
91207281,Maximilian Beier,Borussia Dortmund,Bundesliga,2025/26,,,,,year,,,pending_external_verification,
27160181,Rasmus Højlund,Manchester United,Premier League,2025/26,,,,,year,,,pending_external_verification,
14030119,Gerónimo Rulli,Olympique de Marseille,Ligue 1,2025/26,,,,,year,,,pending_external_verification,
28058224,Ross Barkley,Aston Villa,Premier League,2025/26,2024.0,2027.0,,90000.0,year,16200000.0,8500000.0,verified,m-mahadi/top5-football-dataset (SoFIFA)
27128917,Mikkel Damsgaard,Brentford,Premier League,2025/26,2022.0,2030.0,,71000.0,year,57300000.0,29000000.0,verified,m-mahadi/top5-football-dataset (SoFIFA)
28107919,Reiss Nelson,Arsenal,Premier League,2025/26,,,,,year,,,pending_external_verification,
67276375,"Aimar(Atlético Pamplona,Spain,Pays Basque)",Osasuna,LaLiga,2025/26,,,,,year,,,pending_external_verification,
28084930,Alex Iwobi,Fulham,Premier League,2025/26,2023.0,2028.0,,90000.0,year,39000000.0,20500000.0,verified,m-mahadi/top5-football-dataset (SoFIFA)
28106687,Eddie Nketiah,Crystal Palace,Premier League,2025/26,2024.0,2029.0,,69000.0,year,12800000.0,6500000.0,verified,m-mahadi/top5-football-dataset (SoFIFA)
29076100,James Ward-Prowse,West Ham United,Premier League,2025/26,,,,,year,,,pending_external_verification,
25055083,"Ladislav Krejčí(Girona,Czechia)",Girona,LaLiga,2025/26,,,,,year,,,pending_external_verification,
7990060,Matteo Darmian,Inter,Serie A,2025/26,2021.0,2028.0,,24000.0,year,7100000.0,4300000.0,verified,m-mahadi/top5-football-dataset (SoFIFA)
49037684,Oumar Solet,Udinese Calcio,Serie A,2025/26,,,,,year,,,pending_external_verification,
86047272,Yangel Herrera,Real Sociedad,LaLiga,2025/26,2025.0,2030.0,,43000.0,year,38900000.0,18500000.0,verified,m-mahadi/top5-football-dataset (SoFIFA)
67196204,Carlos Soler,Real Sociedad,LaLiga,2025/26,2025.0,2029.0,,41000.0,year,29400000.0,14000000.0,verified,m-mahadi/top5-football-dataset (SoFIFA)
37055844,Donyell Malen,Aston Villa,Premier League,2025/26,2026.0,,,120000.0,year,0.0,23500000.0,verified,m-mahadi/top5-football-dataset (SoFIFA)
85046587,Florian Thauvin,RC Lens,Ligue 1,2025/26,,,,,year,,,pending_external_verification,
51067947,Santiago Giménez,Milan,Serie A,2025/26,2025.0,2029.0,,48000.0,year,47900000.0,27000000.0,verified,m-mahadi/top5-football-dataset (SoFIFA)
58104594,Alexandr Golovin,AS Monaco,Ligue 1,2025/26,,,,,year,,,pending_external_verification,
62216198,Đorđe Petrović,AFC Bournemouth,Premier League,2025/26,,,,,year,,,pending_external_verification,
49039003,Logan Costa,Villarreal,LaLiga,2025/26,2024.0,2030.0,,30000.0,year,34500000.0,15000000.0,verified,m-mahadi/top5-football-dataset (SoFIFA)
13160655,Reinildo,Sunderland,Premier League,2025/26,,,,,year,,,pending_external_verification,
71099066,Artem Dovbyk,Associazione Sportiva Roma,Serie A,2025/26,,,,,year,,,pending_external_verification,
67211912,Borja Mayoral,Getafe,LaLiga,2025/26,2022.0,2027.0,,37000.0,year,23100000.0,11000000.0,verified,m-mahadi/top5-football-dataset (SoFIFA)
49041006,Evann Guessand,Aston Villa,Premier League,2025/26,2026.0,,,87000.0,year,0.0,21000000.0,verified,m-mahadi/top5-football-dataset (SoFIFA)
16199713,Igor,Brighton & Hove Albion,Premier League,2025/26,,,,,year,,,pending_external_verification,
37071145,Mats Wieffer,Brighton & Hove Albion,Premier League,2025/26,,,,,year,,,pending_external_verification,
92018043,Niclas Füllkrug,West Ham United,Premier League,2025/26,,,,,year,,,pending_external_verification,
19383256,Igor Paixão,Olympique de Marseille,Ligue 1,2025/26,,,,,year,,,pending_external_verification,
53113114,Julian Ryerson,Borussia Dortmund,Bundesliga,2025/26,,,,,year,,,pending_external_verification,
29147447,Matty Cash,Aston Villa,Premier League,2025/26,2020.0,2029.0,,110000.0,year,47500000.0,25000000.0,verified,m-mahadi/top5-football-dataset (SoFIFA)
91100466,Maximilian Arnold,VfL Wolfsburg,Bundesliga,2025/26,,,,,year,,,pending_external_verification,
67215898,Igor Zubeldia,Real Sociedad,LaLiga,2025/26,,,,,year,,,verified,m-mahadi/top5-football-dataset (SoFIFA)
43270506,Luca Ranieri,ACF Fiorentina,Serie A,2025/26,,,,,year,,,pending_external_verification,
62142830,Vanja Milinković-Savić,Torino,Serie A,2025/26,,,,,year,,,pending_external_verification,
27014576,Frederik Rønnow,1. FC Union Berlin,Bundesliga,2025/26,,,,,year,,,pending_external_verification,
48043484,Pape Guèye,Villarreal,LaLiga,2025/26,2024.0,2028.0,,45000.0,year,53300000.0,24500000.0,verified,m-mahadi/top5-football-dataset (SoFIFA)
27100968,Rasmus Kristensen,Eintracht Frankfurt,Bundesliga,2025/26,,,,,year,,,pending_external_verification,
29074544,Tyrone Mings,Aston Villa,Premier League,2025/26,2019.0,2027.0,,95000.0,year,17100000.0,9000000.0,verified,m-mahadi/top5-football-dataset (SoFIFA)
28090452,Ola Aina,Nottingham Forest,Premier League,2025/26,,,,,year,,,pending_external_verification,
2000220941,Endrick,R. Madrid,LaLiga,2025/26,,,,,year,,,pending_external_verification,
2000182819,Leny Yoro,Manchester United,Premier League,2025/26,,,,,year,,,pending_external_verification,
35017438,Mario Götze,Eintracht Frankfurt,Bundesliga,2025/26,,,,,year,,,pending_external_verification,
49056280,Malo Gusto,Chelsea,Premier League,2025/26,2023.0,2030.0,,90000.0,year,49400000.0,25000000.0,verified,m-mahadi/top5-football-dataset (SoFIFA)
67117360,Álvaro Morata,Milan,Serie A,2025/26,,,,,year,,,pending_external_verification,
29128536,Ben Chilwell,RC Strasbourg Alsace,Ligue 1,2025/26,,,,,year,,,pending_external_verification,
2000094252,Beraldo,Paris Saint-Germain,Ligue 1,2025/26,,,,,year,,,pending_external_verification,
67033300,César Azpilicueta,Sevilla,LaLiga,2025/26,,,,,year,,,verified,m-mahadi/top5-football-dataset (SoFIFA)
67214613,Pablo Fornals,Real Betis,LaLiga,2025/26,,,,,year,,,verified,m-mahadi/top5-football-dataset (SoFIFA)
13174979,Yves Bissouma,Tottenham Hotspur,Premier League,2025/26,,,,,year,,,pending_external_verification,
2000034344,Javi Guerra,Valencia,LaLiga,2025/26,,,,,year,,,pending_external_verification,
14236223,Santiago Castro,Bologna FC 1909,Serie A,2025/26,,,,,year,,,pending_external_verification,
18111484,Johan Bakayoko,RB Leipzig,Bundesliga,2025/26,2025.0,2030.0,,44000.0,year,40900000.0,21500000.0,verified,m-mahadi/top5-football-dataset (SoFIFA)
2000031901,"Kevin(Fulham,Brazil)",Fulham,Premier League,2025/26,,,,,year,,,pending_external_verification,
37064720,Lutsharel Geertruida,RB Leipzig,Bundesliga,2025/26,,,,,year,,,pending_external_verification,
53174131,Victor Boniface,Bayer 04 Leverkusen,Bundesliga,2025/26,,,,,year,,,pending_external_verification,
91208050,Kevin Schade,Brentford,Premier League,2025/26,2023.0,2028.0,,66000.0,year,49400000.0,25000000.0,verified,m-mahadi/top5-football-dataset (SoFIFA)
67153373,Álex Moreno,Girona,LaLiga,2025/26,2025.0,2027.0,,31000.0,year,15800000.0,7500000.0,verified,m-mahadi/top5-football-dataset (SoFIFA)
19302456,Douglas Luiz,Juventus,Serie A,2025/26,,,,,year,,,pending_external_verification,
49055037,Maghnes Akliouche,AS Monaco,Ligue 1,2025/26,,,,,year,,,pending_external_verification,
49038271,Maxence Lacroix,Crystal Palace,Premier League,2025/26,2024.0,2029.0,,86000.0,year,56300000.0,28500000.0,verified,m-mahadi/top5-football-dataset (SoFIFA)
67155094,"David López(Girona,Spain)",Girona,LaLiga,2025/26,,,,,year,,,pending_external_verification,
43094100,Lorenzo Pellegrini,Associazione Sportiva Roma,Serie A,2025/26,,,,,year,,,pending_external_verification,
28117372,Nathan Collins,Brentford,Premier League,2025/26,2023.0,2029.0,,62000.0,year,42500000.0,21500000.0,verified,m-mahadi/top5-football-dataset (SoFIFA)
43617691,Nicolò Savona,Nottingham Forest,Premier League,2025/26,,,,,year,,,pending_external_verification,
62220026,Strahinja Pavlović,Milan,Serie A,2025/26,2024.0,2028.0,,35000.0,year,28500000.0,15000000.0,verified,m-mahadi/top5-football-dataset (SoFIFA)
28097985,Tammy Abraham,Associazione Sportiva Roma,Serie A,2025/26,,,,,year,,,pending_external_verification,
2000028428,Leo Román,Mallorca,LaLiga,2025/26,2020.0,2030.0,,15000.0,year,31100000.0,13500000.0,verified,m-mahadi/top5-football-dataset (SoFIFA)
91206164,Malick Thiaw,Newcastle United,Premier League,2025/26,,,,,year,,,pending_external_verification,
67196188,Mario Hermoso,Associazione Sportiva Roma,Serie A,2025/26,,,,,year,,,pending_external_verification,
49041157,Melvin Bard,OGC Nice,Ligue 1,2025/26,,,,,year,,,pending_external_verification,
2000083915,"Wesley(Associazione Sportiva Roma,Brazil)",Associazione Sportiva Roma,Serie A,2025/26,,,,,year,,,pending_external_verification,
67258842,Carlos Vicente,Alavés,LaLiga,2025/26,,,,,year,,,verified,m-mahadi/top5-football-dataset (SoFIFA)
29178504,Djed Spence,Tottenham Hotspur,Premier League,2025/26,,,,,year,,,pending_external_verification,
92103754,Jamie Leweling,VfB Stuttgart,Bundesliga,2025/26,,,,,year,,,pending_external_verification,
43409366,Lorenzo Lucca,Udinese Calcio,Serie A,2025/26,,,,,year,,,pending_external_verification,
28100123,Aaron Wan-Bissaka,West Ham United,Premier League,2025/26,,,,,year,,,pending_external_verification,
48044735,Amine Gouiri,Olympique de Marseille,Ligue 1,2025/26,,,,,year,,,pending_external_verification,
67186869,Antonio Sivera,Alavés,LaLiga,2025/26,,,,,year,,,verified,m-mahadi/top5-football-dataset (SoFIFA)
16184707,Christoph Baumgartner,RB Leipzig,Bundesliga,2025/26,2023.0,2028.0,,61000.0,year,57700000.0,32500000.0,verified,m-mahadi/top5-football-dataset (SoFIFA)
67011248,David Soria,Getafe,LaLiga,2025/26,2018.0,2030.0,,27000.0,year,22100000.0,10500000.0,verified,m-mahadi/top5-football-dataset (SoFIFA)
96085886,Kamil Grabara,VfL Wolfsburg,Bundesliga,2025/26,,,,,year,,,pending_external_verification,
91005023,Kevin Kampl,RB Leipzig,Bundesliga,2025/26,,,,,year,,,verified,m-mahadi/top5-football-dataset (SoFIFA)
91107789,Matthias Ginter,Sport-Club Freiburg,Bundesliga,2025/26,,,,,year,,,pending_external_verification,
48034615,Nordi Mukiele,Sunderland,Premier League,2025/26,2025.0,2029.0,,65000.0,year,37100000.0,19500000.0,verified,m-mahadi/top5-football-dataset (SoFIFA)
43061433,Davide Zappacosta,Atalanta,Serie A,2025/26,2021.0,2030.0,,69000.0,year,18700000.0,11000000.0,verified,m-mahadi/top5-football-dataset (SoFIFA)
67190888,Aleix García,Bayer 04 Leverkusen,Bundesliga,2025/26,,,,,year,,,pending_external_verification,
91194540,Anton Stach,Leeds United,Premier League,2025/26,2025.0,2029.0,,64000.0,year,40500000.0,20500000.0,verified,m-mahadi/top5-football-dataset (SoFIFA)
62215974,Jaka Bijol,Leeds United,Premier League,2025/26,2025.0,2030.0,,52000.0,year,22700000.0,11500000.0,verified,m-mahadi/top5-football-dataset (SoFIFA)
19226197,Lucas Perri,Leeds United,Premier League,2025/26,2025.0,2029.0,,36000.0,year,25700000.0,13000000.0,verified,m-mahadi/top5-football-dataset (SoFIFA)
48042432,Timothy Weah,Juventus,Serie A,2025/26,,,,,year,,,pending_external_verification,
19258927,Caio Henrique,AS Monaco,Ligue 1,2025/26,,,,,year,,,pending_external_verification,
16130398,Philipp Lienhart,Sport-Club Freiburg,Bundesliga,2025/26,,,,,year,,,pending_external_verification,
85085142,Valentin Rongier,Stade Rennais FC,Ligue 1,2025/26,,,,,year,,,pending_external_verification,
67190072,Aritz Elustondo,Real Sociedad,LaLiga,2025/26,2014.0,2030.0,,30000.0,year,6100000.0,2900000.0,verified,m-mahadi/top5-football-dataset (SoFIFA)
91158071,Ermedin Demirović,VfB Stuttgart,Bundesliga,2025/26,,,,,year,,,pending_external_verification,
76053760,Jhon Arias,Wolverhampton Wanderers,Premier League,2025/26,,,,,year,,,pending_external_verification,
92012093,Kevin Stöger,Borussia Mönchengladbach,Bundesliga,2025/26,,,,,year,,,pending_external_verification,
27088231,Mathias Jensen,Brentford,Premier League,2025/26,2019.0,2030.0,,79000.0,year,32300000.0,17000000.0,verified,m-mahadi/top5-football-dataset (SoFIFA)
91105243,Vincenzo Grifo,Sport-Club Freiburg,Bundesliga,2025/26,,,,,year,,,pending_external_verification,
14059327,Augusto Batalla,Rayo Vallecano,LaLiga,2025/26,2025.0,2030.0,,19000.0,year,29400000.0,13500000.0,verified,m-mahadi/top5-football-dataset (SoFIFA)
13181623,Pathé Ciss,Rayo Vallecano,LaLiga,2025/26,2021.0,2027.0,,25000.0,year,15800000.0,7500000.0,verified,m-mahadi/top5-football-dataset (SoFIFA)
2000105654,Jorrel Hato,Chelsea,Premier League,2025/26,2025.0,2032.0,,65000.0,year,60900000.0,29000000.0,verified,m-mahadi/top5-football-dataset (SoFIFA)
28126247,Liam Delap,Chelsea,Premier League,2025/26,2025.0,2031.0,,89000.0,year,35700000.0,17000000.0,verified,m-mahadi/top5-football-dataset (SoFIFA)
61089387,Aaron Hickey,Brentford,Premier League,2025/26,2022.0,2029.0,,47000.0,year,14800000.0,7500000.0,verified,m-mahadi/top5-football-dataset (SoFIFA)
2000028320,Alberto Moleiro,Villarreal,LaLiga,2025/26,,,,,year,,,verified,m-mahadi/top5-football-dataset (SoFIFA)
28100207,Harvey Barnes,Newcastle United,Premier League,2025/26,,,,,year,,,pending_external_verification,
1510305,"Pedro(Capitolini Celesti,Spain)",Lazio,Serie A,2025/26,,,,,year,,,pending_external_verification,
29179717,Pedro Neto,Chelsea,Premier League,2025/26,2024.0,2031.0,,130000.0,year,72100000.0,36500000.0,verified,m-mahadi/top5-football-dataset (SoFIFA)
57178516,Radu Drăguşin,Tottenham Hotspur,Premier League,2025/26,,,,,year,,,pending_external_verification,
2000054872,Ez Abde,Real Betis,LaLiga,2025/26,,,,,year,,,pending_external_verification,
67010455,Iago Aspas,Celta,LaLiga,2025/26,,,,,year,,,pending_external_verification,
34000647,Olivier Giroud,LOSC Lille,Ligue 1,2025/26,,,,,year,,,pending_external_verification,
2000040347,Pablo Torre,Mallorca,LaLiga,2025/26,2025.0,2029.0,,23000.0,year,21900000.0,9500000.0,verified,m-mahadi/top5-football-dataset (SoFIFA)
2000027530,Juanlu,Sevilla,LaLiga,2025/26,,,,,year,,,pending_external_verification,
5106363,James Milner,Brighton & Hove Albion,Premier League,2025/26,,,,,year,,,pending_external_verification,
2000051886,Rafa Marín,Napoli,Serie A,2025/26,,,,,year,,,pending_external_verification,
55032265,Eric Dier,AS Monaco,Ligue 1,2025/26,,,,,year,,,pending_external_verification,
37074900,Sepp van den Berg,Brentford,Premier League,2025/26,2024.0,2029.0,,53000.0,year,31500000.0,15000000.0,verified,m-mahadi/top5-football-dataset (SoFIFA)
91182849,Lazar Samardžić,Atalanta,Serie A,2025/26,2025.0,2029.0,,50000.0,year,28400000.0,16000000.0,verified,m-mahadi/top5-football-dataset (SoFIFA)
18083491,Leon Bailey,Aston Villa,Premier League,2025/26,2021.0,2027.0,,95000.0,year,28500000.0,15000000.0,verified,m-mahadi/top5-football-dataset (SoFIFA)
14217325,Enzo Barrenechea,Aston Villa,Premier League,2025/26,,,,,year,,,pending_external_verification,
49050736,Adrien Truffert,AFC Bournemouth,Premier League,2025/26,,,,,year,,,pending_external_verification,
67256515,Antonio Blanco,Alavés,LaLiga,2025/26,2023.0,2027.0,,23000.0,year,23900000.0,10500000.0,verified,m-mahadi/top5-football-dataset (SoFIFA)
12091814,Dango Ouattara,Brentford,Premier League,2025/26,2025.0,2030.0,,59000.0,year,39500000.0,20000000.0,verified,m-mahadi/top5-football-dataset (SoFIFA)
85032335,Idrissa Gueye,Everton,Premier League,2025/26,2022.0,2028.0,,35000.0,year,9300000.0,4900000.0,verified,m-mahadi/top5-football-dataset (SoFIFA)
28113414,Keane Lewis-Potter,Brentford,Premier League,2025/26,2022.0,2031.0,,49000.0,year,18800000.0,9500000.0,verified,m-mahadi/top5-football-dataset (SoFIFA)
67155012,Rubén García,Osasuna,LaLiga,2025/26,,,,,year,,,verified,m-mahadi/top5-football-dataset (SoFIFA)
37050603,Albert Guðmundsson,ACF Fiorentina,Serie A,2025/26,,,,,year,,,pending_external_verification,
19409448,Vanderson,AS Monaco,Ligue 1,2025/26,,,,,year,,,pending_external_verification,
5108155,Jason Steele,Brighton & Hove Albion,Premier League,2025/26,,,,,year,,,pending_external_verification,
29158244,Lloyd Kelly,Juventus,Serie A,2025/26,2025.0,2029.0,,90000.0,year,27500000.0,15500000.0,verified,m-mahadi/top5-football-dataset (SoFIFA)
67063004,Marc Bartra,Real Betis,LaLiga,2025/26,,,,,year,,,verified,m-mahadi/top5-football-dataset (SoFIFA)
58123738,Matvey Safonov,Paris Saint-Germain,Ligue 1,2025/26,,,,,year,,,pending_external_verification,
47022611,Stole Dimitrievski,Valencia,LaLiga,2025/26,2024.0,2029.0,,24000.0,year,11600000.0,5500000.0,verified,m-mahadi/top5-football-dataset (SoFIFA)
85028361,Benjamin André,LOSC Lille,Ligue 1,2025/26,,,,,year,,,pending_external_verification,
92056834,Mark Flekken,Bayer 04 Leverkusen,Bundesliga,2025/26,,,,,year,,,pending_external_verification,
67200930,Gorka Guruzeta,A. Bilbao,LaLiga,2025/26,,,,,year,,,pending_external_verification,
28094949,Harry Wilson,Fulham,Premier League,2025/26,2021.0,2030.0,,90000.0,year,39900000.0,21000000.0,verified,m-mahadi/top5-football-dataset (SoFIFA)
2000283271,Ethan Nwaneri,Arsenal,Premier League,2025/26,2026.0,,,67000.0,year,0.0,16000000.0,verified,m-mahadi/top5-football-dataset (SoFIFA)
2000169739,Lucas Bergvall,Tottenham Hotspur,Premier League,2025/26,,,,,year,,,pending_external_verification,
2000210791,Assane Diao,Como 1907,Serie A,2025/26,,,,,year,,,pending_external_verification,
18115012,Roméo Lavia,Chelsea,Premier League,2025/26,2023.0,2030.0,,69000.0,year,56700000.0,27000000.0,verified,m-mahadi/top5-football-dataset (SoFIFA)
2000168014,Abdukodir Khusanov,Manchester City,Premier League,2025/26,2025.0,2029.0,,80000.0,year,63600000.0,31000000.0,verified,m-mahadi/top5-football-dataset (SoFIFA)
83320124,Mateus Fernandes,West Ham United,Premier League,2025/26,,,,,year,,,pending_external_verification,
43017197,Pierre-Emerick Aubameyang,Olympique de Marseille,Ligue 1,2025/26,,,,,year,,,pending_external_verification,
37076355,Bart Verbruggen,Brighton & Hove Albion,Premier League,2025/26,,,,,year,,,pending_external_verification,
2000180822,Brajan Gruda,Brighton & Hove Albion,Premier League,2025/26,,,,,year,,,pending_external_verification,
2000108691,Lewis Hall,Newcastle United,Premier League,2025/26,,,,,year,,,pending_external_verification,
2000049425,Omar El Hilali,Espanyol,LaLiga,2025/26,2023.0,2027.0,,15000.0,year,19600000.0,8500000.0,verified,m-mahadi/top5-football-dataset (SoFIFA)
7456688,Santi Cazorla,Oviedo,LaLiga,2025/26,,,,,year,,,verified,m-mahadi/top5-football-dataset (SoFIFA)
19375640,"André(Wolverhampton Wanderers,Brazil)",Wolverhampton Wanderers,Premier League,2025/26,,,,,year,,,pending_external_verification,
14043255,Guido Rodríguez,West Ham United,Premier League,2025/26,,,,,year,,,pending_external_verification,
67047092,"Koke(A. Madrid,Spain,DM/M C)",A. Madrid,LaLiga,2025/26,,,,,year,,,pending_external_verification,
19226741,Lucas Paquetá,West Ham United,Premier League,2025/26,,,,,year,,,pending_external_verification,
37051305,Arnaut Danjuma,Valencia,LaLiga,2025/26,2025.0,2028.0,,36000.0,year,11600000.0,5500000.0,verified,m-mahadi/top5-football-dataset (SoFIFA)
28127161,Jarell Quansah,Bayer 04 Leverkusen,Bundesliga,2025/26,,,,,year,,,pending_external_verification,
53101282,Sander Berge,Fulham,Premier League,2025/26,2024.0,2029.0,,80000.0,year,35600000.0,18000000.0,verified,m-mahadi/top5-football-dataset (SoFIFA)
2000018781,Simon Adingra,Sunderland,Premier League,2025/26,2026.0,,,48000.0,year,0.0,12000000.0,verified,m-mahadi/top5-football-dataset (SoFIFA)
37065567,Crysencio Summerville,West Ham United,Premier League,2025/26,,,,,year,,,pending_external_verification,
2000165617,Kike Salas,Sevilla,LaLiga,2025/26,2021.0,2029.0,,24000.0,year,25300000.0,11000000.0,verified,m-mahadi/top5-football-dataset (SoFIFA)
2000127926,Thierno Barry,Everton,Premier League,2025/26,2025.0,2029.0,,36000.0,year,35700000.0,17000000.0,verified,m-mahadi/top5-football-dataset (SoFIFA)
37005632,Daley Blind,Girona,LaLiga,2025/26,2023.0,2028.0,,22000.0,year,4200000.0,2000000.0,verified,m-mahadi/top5-football-dataset (SoFIFA)
51054011,Edson Álvarez,West Ham United,Premier League,2025/26,,,,,year,,,pending_external_verification,
67201783,Emiliano Buendía,Aston Villa,Premier League,2025/26,,,,,year,,,pending_external_verification,
48044499,Jean-Clair Todibo,West Ham United,Premier League,2025/26,,,,,year,,,pending_external_verification,
16191724,Nicolas Seiwald,RB Leipzig,Bundesliga,2025/26,2023.0,2028.0,,48000.0,year,51500000.0,29000000.0,verified,m-mahadi/top5-football-dataset (SoFIFA)
2000063225,Ramón Terrats,Villarreal,LaLiga,2025/26,,,,,year,,,pending_external_verification,
51013463,"Raúl Jiménez(Fulham,Mexico)",Fulham,Premier League,2025/26,,,,,year,,,pending_external_verification,
67035000,"Yuri(A. Bilbao,Spain,Algeria,Pays Basque)",A. Bilbao,LaLiga,2025/26,,,,,year,,,pending_external_verification,
29175064,Ethan Ampadu,Leeds United,Premier League,2025/26,2023.0,2027.0,,48000.0,year,34600000.0,17500000.0,verified,m-mahadi/top5-football-dataset (SoFIFA)
43372948,Nicolò Fagioli,ACF Fiorentina,Serie A,2025/26,,,,,year,,,pending_external_verification,
2000090622,Santiago Mouriño,Villarreal,LaLiga,2025/26,2025.0,2030.0,,32000.0,year,62100000.0,27000000.0,verified,m-mahadi/top5-football-dataset (SoFIFA)
91143519,Vitaly Janelt,Brentford,Premier League,2025/26,2020.0,2030.0,,61000.0,year,21700000.0,11000000.0,verified,m-mahadi/top5-football-dataset (SoFIFA)
2000304487,Christantus Uche,Getafe,LaLiga,2025/26,2026.0,,,29000.0,year,0.0,12000000.0,verified,m-mahadi/top5-football-dataset (SoFIFA)
93123163,Daniel Svensson,Borussia Dortmund,Bundesliga,2025/26,,,,,year,,,pending_external_verification,
76047347,Luis Sinisterra,AFC Bournemouth,Premier League,2025/26,,,,,year,,,pending_external_verification,
91188358,Paul Nebel,1. FSV Mainz 05,Bundesliga,2025/26,,,,,year,,,pending_external_verification,
43036636,Stephan El Shaarawy,Associazione Sportiva Roma,Serie A,2025/26,,,,,year,,,pending_external_verification,
83283239,Tiago Santos,LOSC Lille,Ligue 1,2025/26,,,,,year,,,pending_external_verification,
67277830,Julen Agirrezabala,A. Bilbao,LaLiga,2025/26,,,,,year,,,pending_external_verification,
28111507,Tyrick Mitchell,Crystal Palace,Premier League,2025/26,2017.0,2027.0,,76000.0,year,39500000.0,20000000.0,verified,m-mahadi/top5-football-dataset (SoFIFA)
16199711,Amadou Haïdara,RB Leipzig,Bundesliga,2025/26,,,,,year,,,pending_external_verification,
49037698,Amine Adli,AFC Bournemouth,Premier League,2025/26,,,,,year,,,pending_external_verification,
2000101061,Gerard Martín,Barcelona,LaLiga,2025/26,2023.0,2028.0,,64000.0,year,38300000.0,18000000.0,verified,m-mahadi/top5-football-dataset (SoFIFA)
29055569,James Tarkowski,Everton,Premier League,2025/26,2022.0,2028.0,,50000.0,year,25700000.0,13500000.0,verified,m-mahadi/top5-football-dataset (SoFIFA)
53143395,Jørgen Strand Larsen,Wolverhampton Wanderers,Premier League,2025/26,,,,,year,,,pending_external_verification,
48042204,Martin Terrier,Bayer 04 Leverkusen,Bundesliga,2025/26,,,,,year,,,pending_external_verification,
14048328,Juan Musso,A. Madrid,LaLiga,2025/26,,,,,year,,,pending_external_verification,
48036643,Mouctar Diakhaby,Valencia,LaLiga,2025/26,2018.0,2027.0,,34000.0,year,13700000.0,6500000.0,verified,m-mahadi/top5-football-dataset (SoFIFA)
43426126,Nicola Zalewski,Atalanta,Serie A,2025/26,2025.0,2029.0,,49000.0,year,24000000.0,13500000.0,verified,m-mahadi/top5-football-dataset (SoFIFA)
67212046,Alfonso Pedraza,Villarreal,LaLiga,2025/26,,,,,year,,,verified,m-mahadi/top5-football-dataset (SoFIFA)
83174775,"João Mário(Juventus,Portugal)",Juventus,Serie A,2025/26,,,,,year,,,pending_external_verification,
45116977,Kaishu Sano,1. FSV Mainz 05,Bundesliga,2025/26,,,,,year,,,pending_external_verification,
35018013,Kevin Trapp,Paris FC,Ligue 1,2025/26,,,,,year,,,pending_external_verification,
28106683,Nathan Tella,Bayer 04 Leverkusen,Bundesliga,2025/26,,,,,year,,,pending_external_verification,
13227048,Hicham Boudaoui,OGC Nice,Ligue 1,2025/26,,,,,year,,,pending_external_verification,
14080605,Marcos Senesi,AFC Bournemouth,Premier League,2025/26,,,,,year,,,pending_external_verification,
28095341,Pablo Maffeo,Mallorca,LaLiga,2025/26,,,,,year,,,verified,m-mahadi/top5-football-dataset (SoFIFA)
67210735,Alejandro Catena,Osasuna,LaLiga,2025/26,,,,,year,,,pending_external_verification,
85126092,Ellyes Skhiri,Eintracht Frankfurt,Bundesliga,2025/26,,,,,year,,,pending_external_verification,
19042304,Juan Jesus,Napoli,Serie A,2025/26,2021.0,2029.0,,68000.0,year,3100000.0,1800000.0,verified,m-mahadi/top5-football-dataset (SoFIFA)
24053458,Lovro Majer,VfL Wolfsburg,Bundesliga,2025/26,,,,,year,,,pending_external_verification,
67269484,Samuel Chukwueze,Milan,Serie A,2025/26,2026.0,,,50000.0,year,0.0,19000000.0,verified,m-mahadi/top5-football-dataset (SoFIFA)
28049754,"Ben Davies(Tottenham Hotspur,Wales)",Tottenham Hotspur,Premier League,2025/26,,,,,year,,,pending_external_verification,
67277835,Beñat Prados,A. Bilbao,LaLiga,2025/26,,,,,year,,,pending_external_verification,
29114971,Corentin Tolisso,Olympique Lyonnais,Ligue 1,2025/26,,,,,year,,,pending_external_verification,
37051440,Danilho Doekhi,1. FC Union Berlin,Bundesliga,2025/26,,,,,year,,,pending_external_verification,
63029157,Dominik Greif,Olympique Lyonnais,Ligue 1,2025/26,,,,,year,,,pending_external_verification,
92071481,Finn Dahmen,FC Augsburg,Bundesliga,2025/26,,,,,year,,,pending_external_verification,
67295600,Isaac Romero,Sevilla,LaLiga,2025/26,2024.0,2028.0,,27000.0,year,12000000.0,5500000.0,verified,m-mahadi/top5-football-dataset (SoFIFA)
48042766,Ismaïla Sarr,Crystal Palace,Premier League,2025/26,2024.0,2029.0,,100000.0,year,52300000.0,27500000.0,verified,m-mahadi/top5-football-dataset (SoFIFA)
29162667,Marcus Tavernier,AFC Bournemouth,Premier League,2025/26,,,,,year,,,pending_external_verification,
92079338,Ridle Baku,RB Leipzig,Bundesliga,2025/26,2025.0,2027.0,,53000.0,year,28900000.0,17000000.0,verified,m-mahadi/top5-football-dataset (SoFIFA)
2000052525,Hugo Álvarez,Celta,LaLiga,2025/26,,,,,year,,,pending_external_verification,
33001438,Lukás Hrádecký,AS Monaco,Ligue 1,2025/26,,,,,year,,,pending_external_verification,
70138807,Youssouf Ndayishimiye,OGC Nice,Ligue 1,2025/26,,,,,year,,,pending_external_verification,
85073883,Brice Samba,Stade Rennais FC,Ligue 1,2025/26,,,,,year,,,pending_external_verification,
27104982,Jens Stage,SV Werder Bremen,Bundesliga,2025/26,,,,,year,,,pending_external_verification,
76020280,Johan Mojica,Mallorca,LaLiga,2025/26,2024.0,2027.0,,31000.0,year,15800000.0,7500000.0,verified,m-mahadi/top5-football-dataset (SoFIFA)
67158501,Lucas Torró,Osasuna,LaLiga,2025/26,2020.0,2027.0,,33000.0,year,18900000.0,9000000.0,verified,m-mahadi/top5-football-dataset (SoFIFA)
29079830,Jacob Murphy,Newcastle United,Premier League,2025/26,,,,,year,,,pending_external_verification,
37039829,Kenny Tete,Fulham,Premier League,2025/26,2020.0,2028.0,,76000.0,year,23800000.0,12500000.0,verified,m-mahadi/top5-football-dataset (SoFIFA)
67196000,Luis Rioja,Valencia,LaLiga,2025/26,2024.0,2027.0,,38000.0,year,17900000.0,8500000.0,verified,m-mahadi/top5-football-dataset (SoFIFA)
2000120742,Evan Ferguson,Brighton & Hove Albion,Premier League,2025/26,,,,,year,,,pending_external_verification,
28054109,Raheem Sterling,Chelsea,Premier League,2025/26,,,,,year,,,pending_external_verification,
28066082,Héctor Bellerín,Real Betis,LaLiga,2025/26,2023.0,2028.0,,26000.0,year,13700000.0,6500000.0,verified,m-mahadi/top5-football-dataset (SoFIFA)
79034187,Julio Enciso,RC Strasbourg Alsace,Ligue 1,2025/26,,,,,year,,,pending_external_verification,
316742,Dante,OGC Nice,Ligue 1,2025/26,,,,,year,,,pending_external_verification,
13194021,Cheick Doucouré,Crystal Palace,Premier League,2025/26,,,,,year,,,pending_external_verification,
27164470,Patrick Dorgu,Manchester United,Premier League,2025/26,,,,,year,,,pending_external_verification,
39060464,Hákon Arnar Haraldsson,LOSC Lille,Ligue 1,2025/26,,,,,year,,,pending_external_verification,
14238164,Carlos Alcaraz,Everton,Premier League,2025/26,2025.0,2027.0,,32000.0,year,24200000.0,11500000.0,verified,m-mahadi/top5-football-dataset (SoFIFA)
43094553,Domenico Berardi,Sassuolo,Serie A,2025/26,2015.0,2029.0,,36000.0,year,53100000.0,29500000.0,verified,m-mahadi/top5-football-dataset (SoFIFA)
28106684,Joe Willock,Newcastle United,Premier League,2025/26,,,,,year,,,pending_external_verification,
29083750,Nick Pope,Newcastle United,Premier League,2025/26,,,,,year,,,pending_external_verification,
67259880,Rodrigo Riquelme,Real Betis,LaLiga,2025/26,,,,,year,,,verified,m-mahadi/top5-football-dataset (SoFIFA)
14035968,Walter Benítez,Crystal Palace,Premier League,2025/26,2025.0,2028.0,,49000.0,year,13300000.0,7000000.0,verified,m-mahadi/top5-football-dataset (SoFIFA)
19351985,Natan,Real Betis,LaLiga,2025/26,2025.0,2030.0,,25000.0,year,41300000.0,19000000.0,verified,m-mahadi/top5-football-dataset (SoFIFA)
55041710,Gonçalo Guedes,Real Sociedad,LaLiga,2025/26,,,,,year,,,verified,m-mahadi/top5-football-dataset (SoFIFA)
19362984,Luiz Júnior,Villarreal,LaLiga,2025/26,,,,,year,,,pending_external_verification,
67207683,Pepelu,Valencia,LaLiga,2025/26,,,,,year,,,pending_external_verification,
18074558,Timothy Castagne,Fulham,Premier League,2025/26,2023.0,2027.0,,63000.0,year,9300000.0,4900000.0,verified,m-mahadi/top5-football-dataset (SoFIFA)
72051563,Chris Richards,Crystal Palace,Premier League,2025/26,2022.0,2027.0,,76000.0,year,38500000.0,19500000.0,verified,m-mahadi/top5-football-dataset (SoFIFA)
45092714,Daichi Kamada,Crystal Palace,Premier League,2025/26,2024.0,2028.0,,79000.0,year,26600000.0,14000000.0,verified,m-mahadi/top5-football-dataset (SoFIFA)
83174759,Fábio Vieira,Arsenal,Premier League,2025/26,,,,,year,,,pending_external_verification,
27129146,Gustav Isaksen,Lazio,Serie A,2025/26,2023.0,2028.0,,26000.0,year,17800000.0,10000000.0,verified,m-mahadi/top5-football-dataset (SoFIFA)
76064373,Juan David Cabal,Juventus,Serie A,2025/26,2024.0,2029.0,,61000.0,year,10700000.0,6000000.0,verified,m-mahadi/top5-football-dataset (SoFIFA)
43044345,Mattia Perin,Juventus,Serie A,2025/26,2018.0,2027.0,,62000.0,year,11900000.0,7000000.0,verified,m-mahadi/top5-football-dataset (SoFIFA)
62124117,Saša Lukić,Fulham,Premier League,2025/26,2023.0,2027.0,,76000.0,year,23800000.0,12500000.0,verified,m-mahadi/top5-football-dataset (SoFIFA)
28129089,Yunus Musah,Milan,Serie A,2025/26,2026.0,,,28000.0,year,0.0,7000000.0,verified,m-mahadi/top5-football-dataset (SoFIFA)
28109888,Angel Gomes,Olympique de Marseille,Ligue 1,2025/26,,,,,year,,,pending_external_verification,
89063107,Iliman N'Diaye,Everton,Premier League,2025/26,2024.0,2029.0,,55000.0,year,72100000.0,36500000.0,verified,m-mahadi/top5-football-dataset (SoFIFA)
29080394,Adam Webster,Brighton & Hove Albion,Premier League,2025/26,,,,,year,,,pending_external_verification,
89051923,Álvaro Valles,Real Betis,LaLiga,2025/26,2025.0,2030.0,,17000.0,year,20700000.0,9500000.0,verified,m-mahadi/top5-football-dataset (SoFIFA)
28121568,Anthony Elanga,Newcastle United,Premier League,2025/26,,,,,year,,,pending_external_verification,
43093936,Danilo Cataldi,Lazio,Serie A,2025/26,2011.0,2027.0,,36000.0,year,23000000.0,13500000.0,verified,m-mahadi/top5-football-dataset (SoFIFA)
47064795,Eljif Elmas,RB Leipzig,Bundesliga,2025/26,,,,,year,,,pending_external_verification,
67211094,Marc Roca,Real Betis,LaLiga,2025/26,2024.0,2029.0,,30000.0,year,26300000.0,12500000.0,verified,m-mahadi/top5-football-dataset (SoFIFA)
62195758,Nikola Krstović,Atalanta,Serie A,2025/26,2025.0,2030.0,,54000.0,year,17800000.0,10000000.0,verified,m-mahadi/top5-football-dataset (SoFIFA)
24039948,Nikola Vlašić,Torino,Serie A,2025/26,2023.0,2027.0,,47000.0,year,38300000.0,22500000.0,verified,m-mahadi/top5-football-dataset (SoFIFA)
67178152,Pau López,Real Betis,LaLiga,2025/26,2025.0,2028.0,,18000.0,year,14700000.0,7000000.0,verified,m-mahadi/top5-football-dataset (SoFIFA)
85142865,Ludovic Blas,Stade Rennais FC,Ligue 1,2025/26,,,,,year,,,pending_external_verification,
43143925,Martin Valjent,Mallorca,LaLiga,2025/26,2019.0,2029.0,,31000.0,year,18900000.0,9000000.0,verified,m-mahadi/top5-football-dataset (SoFIFA)
67181753,Sergio Herrera,Osasuna,LaLiga,2025/26,2017.0,2028.0,,25000.0,year,17900000.0,8500000.0,verified,m-mahadi/top5-football-dataset (SoFIFA)
85046582,Ruben Aguilar,RC Lens,Ligue 1,2025/26,,,,,year,,,pending_external_verification,
67277695,Pep Chavarría,Rayo Vallecano,LaLiga,2025/26,2022.0,2030.0,,26000.0,year,28400000.0,13500000.0,verified,m-mahadi/top5-football-dataset (SoFIFA)
2000107079,Malick Fofana,Olympique Lyonnais,Ligue 1,2025/26,,,,,year,,,pending_external_verification,
2000090211,Antonio Nusa,RB Leipzig,Bundesliga,2025/26,2024.0,2029.0,,40000.0,year,58900000.0,31000000.0,verified,m-mahadi/top5-football-dataset (SoFIFA)
71101331,Mykhaylo Mudryk,Chelsea,Premier League,2025/26,,,,,year,,,pending_external_verification,
2000147056,Tom Bischof,FC Bayern München,Bundesliga,2025/26,,,,,year,,,pending_external_verification,
2000056415,Ilias Akhomach,Villarreal,LaLiga,2025/26,2026.0,,,26000.0,year,0.0,12500000.0,verified,m-mahadi/top5-football-dataset (SoFIFA)
28106342,Kiernan Dewsbury-Hall,Everton,Premier League,2025/26,2025.0,2030.0,,51000.0,year,49400000.0,25000000.0,verified,m-mahadi/top5-football-dataset (SoFIFA)
95079228,Alex Scott,AFC Bournemouth,Premier League,2025/26,,,,,year,,,pending_external_verification,
19371031,João Gomes,Wolverhampton Wanderers,Premier League,2025/26,,,,,year,,,pending_external_verification,
2000027719,Diego Moreira,RC Strasbourg Alsace,Ligue 1,2025/26,,,,,year,,,pending_external_verification,
67178177,José Gayà,Valencia,LaLiga,2025/26,,,,,year,,,pending_external_verification,
91188349,Noah Atubolu,Sport-Club Freiburg,Bundesliga,2025/26,,,,,year,,,pending_external_verification,
28126241,Oscar Bobb,Manchester City,Premier League,2025/26,2026.0,2031.0,,49000.0,year,35700000.0,17000000.0,verified,m-mahadi/top5-football-dataset (SoFIFA)
2000162930,Petar Sučić,Inter,Serie A,2025/26,2025.0,2028.0,,22000.0,year,31500000.0,17000000.0,verified,m-mahadi/top5-football-dataset (SoFIFA)
19383257,Yan Couto,Borussia Dortmund,Bundesliga,2025/26,,,,,year,,,pending_external_verification,
49061476,Yoan Bonny,Inter,Serie A,2025/26,,,,,year,,,pending_external_verification,
2000062512,Arnau Martínez,Girona,LaLiga,2025/26,2020.0,2027.0,,28000.0,year,43500000.0,20000000.0,verified,m-mahadi/top5-football-dataset (SoFIFA)
67232115,Fran Beltrán,Celta,LaLiga,2025/26,,,,,year,,,pending_external_verification,
28126249,James McAtee,Nottingham Forest,Premier League,2025/26,,,,,year,,,pending_external_verification,
92071707,Alexander Nübel,FC Bayern München,Bundesliga,2025/26,,,,,year,,,pending_external_verification,
76014012,Duván Zapata,Torino,Serie A,2025/26,2024.0,2030.0,,56000.0,year,21300000.0,12500000.0,verified,m-mahadi/top5-football-dataset (SoFIFA)
85033422,Geoffrey Kondogbia,Olympique de Marseille,Ligue 1,2025/26,,,,,year,,,pending_external_verification,
19403484,Luís Henrique,Inter,Serie A,2025/26,2025.0,2030.0,,28000.0,year,36200000.0,21000000.0,verified,m-mahadi/top5-football-dataset (SoFIFA)
49047581,Rayan Aït-Nouri,Manchester City,Premier League,2025/26,2025.0,2030.0,,100000.0,year,66400000.00000001,34500000.0,verified,m-mahadi/top5-football-dataset (SoFIFA)
67288450,Abel Bretones,Osasuna,LaLiga,2025/26,2024.0,2029.0,,24000.0,year,17400000.0,8000000.0,verified,m-mahadi/top5-football-dataset (SoFIFA)
37073313,Devyne Rensch,Associazione Sportiva Roma,Serie A,2025/26,,,,,year,,,pending_external_verification,
43391659,Elia Caprile,Cagliari Calcio,Serie A,2025/26,,,,,year,,,pending_external_verification,
91205129,Fisnik Asllani,TSG 1899 Hoffenheim,Bundesliga,2025/26,,,,,year,,,pending_external_verification,
92027981,"Jonas Hofmann(Bayer 04 Leverkusen,Germany)",Bayer 04 Leverkusen,Bundesliga,2025/26,,,,,year,,,pending_external_verification,
91206105,Rocco Reitz,Borussia Mönchengladbach,Bundesliga,2025/26,,,,,year,,,pending_external_verification,
67192475,Yeray,A. Bilbao,LaLiga,2025/26,,,,,year,,,pending_external_verification,
49038967,Bafodé Diakité,AFC Bournemouth,Premier League,2025/26,,,,,year,,,pending_external_verification,
53110135,Kristoffer Ajer,Brentford,Premier League,2025/26,2021.0,2030.0,,57000.0,year,14800000.0,7500000.0,verified,m-mahadi/top5-football-dataset (SoFIFA)
27132198,Morten Frendrup,Genoa Cricket and Football Club,Serie A,2025/26,,,,,year,,,pending_external_verification,
91183532,Diant Ramaj,Borussia Dortmund,Bundesliga,2025/26,,,,,year,,,pending_external_verification,
211232,Djéné Dakonam,Getafe,LaLiga,2025/26,,,,,year,,,pending_external_verification,
67274349,Hugo Duro,Valencia,LaLiga,2025/26,2022.0,2028.0,,38000.0,year,29400000.0,13500000.0,verified,m-mahadi/top5-football-dataset (SoFIFA)
67221484,Iñaki Peña,Barcelona,LaLiga,2025/26,,,,,year,,,pending_external_verification,
27122565,Jonas Wind,VfL Wolfsburg,Bundesliga,2025/26,,,,,year,,,pending_external_verification,
67228802,Manu Morlanes,Mallorca,LaLiga,2025/26,2023.0,2028.0,,28000.0,year,18500000.0,8500000.0,verified,m-mahadi/top5-football-dataset (SoFIFA)
43096538,Manuel Lazzari,Lazio,Serie A,2025/26,2019.0,2027.0,,30000.0,year,9400000.0,5500000.0,verified,m-mahadi/top5-football-dataset (SoFIFA)
43318320,Marco Brescianini,Atalanta,Serie A,2025/26,2026.0,,,36000.0,year,0.0,3100000.0,verified,m-mahadi/top5-football-dataset (SoFIFA)
16253898,Patrick Wimmer,VfL Wolfsburg,Bundesliga,2025/26,,,,,year,,,pending_external_verification,
37071180,Quilindschy Hartman,Burnley,Premier League,2025/26,2025.0,2029.0,,42000.0,year,19800000.0,10000000.0,verified,m-mahadi/top5-football-dataset (SoFIFA)
45064891,Takumi Minamino,AS Monaco,Ligue 1,2025/26,,,,,year,,,pending_external_verification,
93023425,Victor Lindelöf,Aston Villa,Premier League,2025/26,2025.0,2027.0,,81000.0,year,11400000.0,6000000.0,verified,m-mahadi/top5-football-dataset (SoFIFA)
18108550,Koni De Winter,Milan,Serie A,2025/26,2025.0,2030.0,,31000.0,year,21900000.0,11500000.0,verified,m-mahadi/top5-football-dataset (SoFIFA)
49048461,Lucien Agoumé,Sevilla,LaLiga,2025/26,2024.0,2028.0,,24000.0,year,25300000.0,11000000.0,verified,m-mahadi/top5-football-dataset (SoFIFA)
76038475,Jefferson Lerma,Crystal Palace,Premier League,2025/26,2023.0,2030.0,,71000.0,year,17100000.0,9000000.0,verified,m-mahadi/top5-football-dataset (SoFIFA)
43424567,Kristjan Asllani,Inter,Serie A,2025/26,,,,,year,,,pending_external_verification,
49045412,Neil El Aynaoui,Associazione Sportiva Roma,Serie A,2025/26,,,,,year,,,pending_external_verification,
98040226,Noah Okafor,Leeds United,Premier League,2025/26,2025.0,2029.0,,53000.0,year,19800000.0,10000000.0,verified,m-mahadi/top5-football-dataset (SoFIFA)
48037362,Moussa Niakhaté,Olympique Lyonnais,Ligue 1,2025/26,,,,,year,,,pending_external_verification,
28095584,Ainsley Maitland-Niles,Olympique Lyonnais,Ligue 1,2025/26,,,,,year,,,pending_external_verification,
67246381,Ander Guevara,Alavés,LaLiga,2025/26,2023.0,2027.0,,23000.0,year,9800000.0,4300000.0,verified,m-mahadi/top5-football-dataset (SoFIFA)
83111536,Diogo Leite,1. FC Union Berlin,Bundesliga,2025/26,,,,,year,,,pending_external_verification,
67224139,Edu Expósito,Espanyol,LaLiga,2025/26,2022.0,2027.0,,25000.0,year,22100000.0,10500000.0,verified,m-mahadi/top5-football-dataset (SoFIFA)
91134708,Lukas Klostermann,RB Leipzig,Bundesliga,2025/26,2014.0,2028.0,,44000.0,year,12400000.0,7000000.0,verified,m-mahadi/top5-football-dataset (SoFIFA)
62013805,Nemanja Gudelj,Sevilla,LaLiga,2025/26,2019.0,2028.0,,28000.0,year,5700000.0,2700000.0,verified,m-mahadi/top5-football-dataset (SoFIFA)
16184737,Romano Schmid,SV Werder Bremen,Bundesliga,2025/26,,,,,year,,,pending_external_verification,
72052880,Tajon Buchanan,Villarreal,LaLiga,2025/26,2025.0,2030.0,,34000.0,year,16800000.0,8000000.0,verified,m-mahadi/top5-football-dataset (SoFIFA)
27097478,Joakim Mæhle,VfL Wolfsburg,Bundesliga,2025/26,,,,,year,,,pending_external_verification,
67295021,César Tárrega,Valencia,LaLiga,2025/26,2021.0,2030.0,,27000.0,year,24200000.0,10500000.0,verified,m-mahadi/top5-football-dataset (SoFIFA)
67088157,Íñigo Ruiz de Galarreta,A. Bilbao,LaLiga,2025/26,,,,,year,,,pending_external_verification,
67149986,Diego Rico,Getafe,LaLiga,2025/26,2024.0,2030.0,,31000.0,year,10500000.0,5000000.0,verified,m-mahadi/top5-football-dataset (SoFIFA)
67258411,Juan Miranda,Bologna FC 1909,Serie A,2025/26,,,,,year,,,pending_external_verification,
37027194,Sheraldo Becker,Osasuna,LaLiga,2025/26,2026.0,2030.0,,24000.0,year,5100000.0,3000000.0,verified,m-mahadi/top5-football-dataset (SoFIFA)
48034511,Pierre Lees-Melou,Paris FC,Ligue 1,2025/26,,,,,year,,,pending_external_verification,
49034179,Anthony Caci,1. FSV Mainz 05,Bundesliga,2025/26,,,,,year,,,pending_external_verification,
19270959,"Bernardo(TSG 1899 Hoffenheim,Brazil)",TSG 1899 Hoffenheim,Bundesliga,2025/26,,,,,year,,,pending_external_verification,
12078577,Emmanuel Agbadou,Wolverhampton Wanderers,Premier League,2025/26,,,,,year,,,pending_external_verification,
48036785,Franck Honorat,Borussia Mönchengladbach,Bundesliga,2025/26,,,,,year,,,pending_external_verification,
91177332,Jeff Chabot,VfB Stuttgart,Bundesliga,2025/26,,,,,year,,,pending_external_verification,
91143703,Marco Friedl,SV Werder Bremen,Bundesliga,2025/26,,,,,year,,,pending_external_verification,
91108114,Marvin Schwäbe,1. FC Köln,Bundesliga,2025/26,,,,,year,,,pending_external_verification,
91126294,Maximilian Eggestein,Sport-Club Freiburg,Bundesliga,2025/26,,,,,year,,,pending_external_verification,
92016244,Mitchell Weiser,SV Werder Bremen,Bundesliga,2025/26,,,,,year,,,pending_external_verification,
28100239,Tosin Adarabioyo,Chelsea,Premier League,2025/26,2024.0,2028.0,,95000.0,year,27700000.0,14000000.0,verified,m-mahadi/top5-football-dataset (SoFIFA)
37005659,Marco Bizot,Aston Villa,Premier League,2025/26,2025.0,2027.0,,61000.0,year,4600000.0,2400000.0,verified,m-mahadi/top5-football-dataset (SoFIFA)
43094480,Wladimiro Falcone,Unione Sportiva Lecce,Serie A,2025/26,,,,,year,,,pending_external_verification,
5108293,Chris Wood,Nottingham Forest,Premier League,2025/26,,,,,year,,,pending_external_verification,
18018791,Matz Sels,Nottingham Forest,Premier League,2025/26,,,,,year,,,pending_external_verification,
2000146883,Francesco Pio Esposito,Inter,Serie A,2025/26,,,,,year,,,pending_external_verification,
2000274379,Geovany Quenda,Chelsea,Premier League,2025/26,,,,,year,,,pending_external_verification,
2000006158,Willy Kambwala,Villarreal,LaLiga,2025/26,2024.0,2029.0,,17000.0,year,11000000.0,4800000.0,verified,m-mahadi/top5-football-dataset (SoFIFA)
2000182795,Archie Gray,Tottenham Hotspur,Premier League,2025/26,,,,,year,,,pending_external_verification,
27120988,Mads Hermansen,West Ham United,Premier League,2025/26,,,,,year,,,pending_external_verification,
2000047221,Omari Hutchinson,Nottingham Forest,Premier League,2025/26,,,,,year,,,pending_external_verification,
2000104850,Mathys Tel,Tottenham Hotspur,Premier League,2025/26,,,,,year,,,pending_external_verification,
29123128,Dominic Calvert-Lewin,Leeds United,Premier League,2025/26,2025.0,2028.0,,62000.0,year,20900000.0,11000000.0,verified,m-mahadi/top5-football-dataset (SoFIFA)
2000023588,Michael Kayode,Brentford,Premier League,2025/26,2025.0,2030.0,,55000.0,year,57300000.0,29000000.0,verified,m-mahadi/top5-football-dataset (SoFIFA)
2000124287,Jack Hinshelwood,Brighton & Hove Albion,Premier League,2025/26,,,,,year,,,pending_external_verification,
28115831,James Garner,Everton,Premier League,2025/26,2022.0,2030.0,,44000.0,year,63200000.0,32000000.0,verified,m-mahadi/top5-football-dataset (SoFIFA)
28127164,Tyler Morton,Olympique Lyonnais,Ligue 1,2025/26,,,,,year,,,pending_external_verification,
83111501,Thierry Rendall Correia,Valencia,LaLiga,2025/26,,,,,year,,,pending_external_verification,
67173048,Borja Iglesias,Celta,LaLiga,2025/26,,,,,year,,,pending_external_verification,
28030268,Callum Wilson,West Ham United,Premier League,2025/26,,,,,year,,,pending_external_verification,
76037151,Yerry Mina,Cagliari Calcio,Serie A,2025/26,,,,,year,,,pending_external_verification,
67174729,"Adama Traoré(Fulham,Spain,Mali)",Fulham,Premier League,2025/26,,,,,year,,,pending_external_verification,
37088234,Emanuel Emegha,RC Strasbourg Alsace,Ligue 1,2025/26,,,,,year,,,pending_external_verification,
49048445,Arnaud Kalimuendo,Nottingham Forest,Premier League,2025/26,,,,,year,,,pending_external_verification,
43083931,Daniele Rugani,Juventus,Serie A,2025/26,2026.0,,,80000.0,year,0.0,4600000.0,verified,m-mahadi/top5-football-dataset (SoFIFA)
27128916,Abdul Mumin,Rayo Vallecano,LaLiga,2025/26,2022.0,2028.0,,24000.0,year,23900000.0,11000000.0,verified,m-mahadi/top5-football-dataset (SoFIFA)
83228124,"Beto(Everton,Guinea-Bissau,Portugal)",Everton,Premier League,2025/26,,,,,year,,,pending_external_verification,
29126231,Kyle Walker-Peters,West Ham United,Premier League,2025/26,,,,,year,,,pending_external_verification,
83152928,"André Almeida(Valencia,Portugal)",Valencia,LaLiga,2025/26,,,,,year,,,pending_external_verification,
67222900,Júnior Firpo,Real Betis,LaLiga,2025/26,2025.0,2028.0,,23000.0,year,8000000.0,3800000.0,verified,m-mahadi/top5-football-dataset (SoFIFA)
98003635,Ricardo Rodríguez,Real Betis,LaLiga,2025/26,2024.0,2028.0,,21000.0,year,4400000.0,2100000.0,verified,m-mahadi/top5-football-dataset (SoFIFA)
2000055904,Diego López,Valencia,LaLiga,2025/26,2021.0,2029.0,,34000.0,year,34800000.0,16000000.0,verified,m-mahadi/top5-football-dataset (SoFIFA)
28116305,Folarin Balogun,AS Monaco,Ligue 1,2025/26,,,,,year,,,pending_external_verification,
53170352,Osame Sahraoui,LOSC Lille,Ligue 1,2025/26,,,,,year,,,pending_external_verification,
14031138,Giovanni Simeone,Napoli,Serie A,2025/26,,,,,year,,,pending_external_verification,
70097248,Zeki Çelik,Associazione Sportiva Roma,Serie A,2025/26,,,,,year,,,pending_external_verification,
67220941,Aitor Ruibal,Real Betis,LaLiga,2025/26,2016.0,2028.0,,29000.0,year,22100000.0,10500000.0,verified,m-mahadi/top5-football-dataset (SoFIFA)
67265794,Arnau Tenas,Villarreal,LaLiga,2025/26,2025.0,2029.0,,16000.0,year,16100000.000000002,7000000.0,verified,m-mahadi/top5-football-dataset (SoFIFA)
98029385,Breel Embolo,Stade Rennais FC,Ligue 1,2025/26,,,,,year,,,pending_external_verification,
42077304,Manor Solomon,Tottenham Hotspur,Premier League,2025/26,,,,,year,,,pending_external_verification,
67220203,"Pedro Díaz(Vallecano,Spain)",Rayo Vallecano,LaLiga,2025/26,,,,,year,,,pending_external_verification,
13182752,Chidera Ejuke,Sevilla,LaLiga,2025/26,2024.0,2027.0,,31000.0,year,16800000.0,8000000.0,verified,m-mahadi/top5-football-dataset (SoFIFA)
28110488,Dwight McNeil,Everton,Premier League,2025/26,2022.0,2027.0,,38000.0,year,24700000.0,12500000.0,verified,m-mahadi/top5-football-dataset (SoFIFA)
55038655,José Sá,Wolverhampton Wanderers,Premier League,2025/26,,,,,year,,,pending_external_verification,
67245412,Josep Martínez,Inter,Serie A,2025/26,2024.0,2029.0,,16000.0,year,8600000.0,5000000.0,verified,m-mahadi/top5-football-dataset (SoFIFA)
93085044,Emil Holm,Bologna FC 1909,Serie A,2025/26,,,,,year,,,pending_external_verification,
27119480,Jens Odgaard,Bologna FC 1909,Serie A,2025/26,,,,,year,,,pending_external_verification,
36137588,Tasos Douvikas,Como 1907,Serie A,2025/26,,,,,year,,,pending_external_verification,
90055302,Che Adams,Torino,Serie A,2025/26,2024.0,2027.0,,45000.0,year,24700000.0,14500000.0,verified,m-mahadi/top5-football-dataset (SoFIFA)
49040114,Enzo Le Fée,Sunderland,Premier League,2025/26,2025.0,2029.0,,56000.0,year,34600000.0,17500000.0,verified,m-mahadi/top5-football-dataset (SoFIFA)
37059452,Pascal Struijk,Leeds United,Premier League,2025/26,2018.0,2027.0,,47000.0,year,16800000.0,8500000.0,verified,m-mahadi/top5-football-dataset (SoFIFA)
92027023,Marc Oliver Kempf,Como 1907,Serie A,2025/26,,,,,year,,,pending_external_verification,
67145056,Unai López,Rayo Vallecano,LaLiga,2025/26,2021.0,2030.0,,24000.0,year,15800000.0,7500000.0,verified,m-mahadi/top5-football-dataset (SoFIFA)
91105585,Christian Günter,Sport-Club Freiburg,Bundesliga,2025/26,,,,,year,,,pending_external_verification,
89040516,Ethan Pinnock,Brentford,Premier League,2025/26,2019.0,2027.0,,57000.0,year,6800000.0,3600000.0,verified,m-mahadi/top5-football-dataset (SoFIFA)
85103818,Ludovic Ajorque,Stade Brestois 29,Ligue 1,2025/26,,,,,year,,,pending_external_verification,
13139098,Moses Simon,Paris FC,Ligue 1,2025/26,,,,,year,,,pending_external_verification,
67257704,Abdelkabir Abqar,Getafe,LaLiga,2025/26,,,,,year,,,pending_external_verification,
76038733,Deiver Machado,RC Lens,Ligue 1,2025/26,,,,,year,,,pending_external_verification,
91100272,Stefan Ortega,Manchester City,Premier League,2025/26,,,,,year,,,pending_external_verification,
2000103330,Can Uzun,Eintracht Frankfurt,Bundesliga,2025/26,,,,,year,,,pending_external_verification,
2000198043,Tyler Dibling,Everton,Premier League,2025/26,2025.0,2029.0,,23000.0,year,18900000.0,9000000.0,verified,m-mahadi/top5-football-dataset (SoFIFA)
2000262615,El Hadji Malick Diouf,West Ham United,Premier League,2025/26,,,,,year,,,pending_external_verification,
71110357,Yehor Yarmoliuk,Brentford,Premier League,2025/26,2022.0,2031.0,,45000.0,year,32600000.0,15500000.0,verified,m-mahadi/top5-football-dataset (SoFIFA)
43010773,Ciro Immobile,Bologna FC 1909,Serie A,2025/26,,,,,year,,,pending_external_verification,
2000101285,Nico O'Reilly,Manchester City,Premier League,2025/26,2021.0,2030.0,,86000.0,year,68300000.0,35500000.0,verified,m-mahadi/top5-football-dataset (SoFIFA)
28095352,David Brooks,AFC Bournemouth,Premier League,2025/26,,,,,year,,,pending_external_verification,
2000019708,Hugo Larsson,Eintracht Frankfurt,Bundesliga,2025/26,,,,,year,,,pending_external_verification,
43500130,Diego Coppola,Brighton & Hove Albion,Premier League,2025/26,,,,,year,,,pending_external_verification,
2000190386,Karl Etta Eyong,Levante,LaLiga,2025/26,2025.0,2029.0,,22000.0,year,30000000.0,12500000.0,verified,m-mahadi/top5-football-dataset (SoFIFA)
12093439,Lamine Camara,AS Monaco,Ligue 1,2025/26,,,,,year,,,pending_external_verification,
7452450,Raúl Albiol,Pisa Sporting Club,Serie A,2025/26,,,,,year,,,pending_external_verification,
28127875,Carney Chukwuemeka,Borussia Dortmund,Bundesliga,2025/26,,,,,year,,,pending_external_verification,
2000068585,Nathaniel Brown,Eintracht Frankfurt,Bundesliga,2025/26,,,,,year,,,pending_external_verification,
83333463,Rodrigo Gomes,Wolverhampton Wanderers,Premier League,2025/26,,,,,year,,,pending_external_verification,
2000008568,Williot Swedberg,Celta,LaLiga,2025/26,,,,,year,,,pending_external_verification,
67276122,Ansu Fati,Barcelona,LaLiga,2025/26,,,,,year,,,pending_external_verification,
2000025485,Habib Diarra,Sunderland,Premier League,2025/26,2025.0,2030.0,,40000.0,year,35700000.0,17000000.0,verified,m-mahadi/top5-football-dataset (SoFIFA)
49048468,Chrislain Matsima,FC Augsburg,Bundesliga,2025/26,,,,,year,,,pending_external_verification,
83228802,Fábio Silva,Borussia Dortmund,Bundesliga,2025/26,,,,,year,,,pending_external_verification,
67258414,Sergio Gómez,Real Sociedad,LaLiga,2025/26,2024.0,2030.0,,32000.0,year,39200000.0,18000000.0,verified,m-mahadi/top5-football-dataset (SoFIFA)
43591641,Tommaso Baldanzi,Associazione Sportiva Roma,Serie A,2025/26,,,,,year,,,pending_external_verification,
2000102722,Wilson Odobert,Tottenham Hotspur,Premier League,2025/26,,,,,year,,,pending_external_verification,
2000126407,Raúl Asencio,R. Madrid,LaLiga,2025/26,,,,,year,,,pending_external_verification,
28112993,Tariq Lamptey,ACF Fiorentina,Serie A,2025/26,,,,,year,,,pending_external_verification,
14247304,Equi Fernández,Bayer 04 Leverkusen,Bundesliga,2025/26,,,,,year,,,pending_external_verification,
43093476,Federico Bernardeschi,Bologna FC 1909,Serie A,2025/26,,,,,year,,,pending_external_verification,
49060933,Maxime Estève,Burnley,Premier League,2025/26,2024.0,2030.0,,42000.0,year,23100000.0,11000000.0,verified,m-mahadi/top5-football-dataset (SoFIFA)
14227360,Máximo Perrone,Como 1907,Serie A,2025/26,,,,,year,,,pending_external_verification,
67245418,Abel Ruiz,Girona,LaLiga,2025/26,2024.0,2029.0,,22000.0,year,6700000.0,3100000.0,verified,m-mahadi/top5-football-dataset (SoFIFA)
95035991,Adrià Pedrosa,Sevilla,LaLiga,2025/26,2026.0,,,25000.0,year,0.0,4100000.0,verified,m-mahadi/top5-football-dataset (SoFIFA)
2000019413,Carlos Romero,Villarreal,LaLiga,2025/26,,,,,year,,,pending_external_verification,
67216538,Diego Conde,Villarreal,LaLiga,2025/26,,,,,year,,,pending_external_verification,
49048348,Dilane Bakwa,Nottingham Forest,Premier League,2025/26,,,,,year,,,pending_external_verification,
67191910,Éric Bailly,Oviedo,LaLiga,2025/26,2025.0,2027.0,,25000.0,year,4600000.0,2100000.0,verified,m-mahadi/top5-football-dataset (SoFIFA)
14217414,Lucas Beltrán,ACF Fiorentina,Serie A,2025/26,,,,,year,,,pending_external_verification,
19380090,"Rômulo(RB Leipzig,Brazil)",RB Leipzig,Bundesliga,2025/26,,,,,year,,,pending_external_verification,
67271025,Adrián Bernabé,Parma Calcio 1913,Serie A,2025/26,,,,,year,,,pending_external_verification,
43371896,Daniel Maldini,Atalanta,Serie A,2025/26,2026.0,,,41000.0,year,0.0,8500000.0,verified,m-mahadi/top5-football-dataset (SoFIFA)
67246383,Aihen Muñoz,Real Sociedad,LaLiga,2025/26,2017.0,2027.0,,29000.0,year,8600000.0,4100000.0,verified,m-mahadi/top5-football-dataset (SoFIFA)
67030120,José Luis Morales,Levante,LaLiga,2025/26,,,,,year,,,verified,m-mahadi/top5-football-dataset (SoFIFA)
2000158854,Tani Oluwaseyi,Villarreal,LaLiga,2025/26,2025.0,2030.0,,23000.0,year,5400000.0,2500000.0,verified,m-mahadi/top5-football-dataset (SoFIFA)
67279603,Carlos Domínguez,Celta,LaLiga,2025/26,,,,,year,,,pending_external_verification,
93069729,Jens Cajuste,Napoli,Serie A,2025/26,,,,,year,,,pending_external_verification,
28084880,Jérémie Boga,OGC Nice,Ligue 1,2025/26,,,,,year,,,pending_external_verification,
91126230,Thilo Kehrer,AS Monaco,Ligue 1,2025/26,,,,,year,,,pending_external_verification,
92074021,Atakan Karazor,VfB Stuttgart,Bundesliga,2025/26,,,,,year,,,pending_external_verification,
43252473,Enrico Delprato,Parma Calcio 1913,Serie A,2025/26,,,,,year,,,pending_external_verification,
48044279,Lilian Brassier,Stade Rennais FC,Ligue 1,2025/26,,,,,year,,,pending_external_verification,
2000101543,"Roberto Fernández(Espanyol,Spain)",Espanyol,LaLiga,2025/26,,,,,year,,,pending_external_verification,
19352610,Rodrigo Muniz,Fulham,Premier League,2025/26,2021.0,2030.0,,63000.0,year,22700000.0,11500000.0,verified,m-mahadi/top5-football-dataset (SoFIFA)
63025710,Denis Vavro,VfL Wolfsburg,Bundesliga,2025/26,,,,,year,,,pending_external_verification,
37058008,Jordan Teze,AS Monaco,Ligue 1,2025/26,,,,,year,,,pending_external_verification,
43296495,Marash Kumbulla,Associazione Sportiva Roma,Serie A,2025/26,,,,,year,,,pending_external_verification,
13199286,Nayef Aguerd,Olympique de Marseille,Ligue 1,2025/26,,,,,year,,,pending_external_verification,
43124221,Pasquale Mazzocchi,Napoli,Serie A,2025/26,2024.0,2027.0,,47000.0,year,2700000.0,1600000.0,verified,m-mahadi/top5-football-dataset (SoFIFA)
49038940,Lucas Da Cunha,Como 1907,Serie A,2025/26,,,,,year,,,pending_external_verification,
48036267,Alexis Claude-Maurice,FC Augsburg,Bundesliga,2025/26,,,,,year,,,pending_external_verification,
27128912,Andreas Skov Olsen,VfL Wolfsburg,Bundesliga,2025/26,,,,,year,,,pending_external_verification,
91187678,Benedict Hollerbach,1. FSV Mainz 05,Bundesliga,2025/26,,,,,year,,,pending_external_verification,
91144397,Grischa Prömel,TSG 1899 Hoffenheim,Bundesliga,2025/26,,,,,year,,,pending_external_verification,
29179807,Jayden Bogle,Leeds United,Premier League,2025/26,2024.0,2028.0,,42000.0,year,18800000.0,9500000.0,verified,m-mahadi/top5-football-dataset (SoFIFA)
83192919,Jota Silva,Nottingham Forest,Premier League,2025/26,,,,,year,,,pending_external_verification,
28100360,Sean Longstaff,Leeds United,Premier League,2025/26,2025.0,2029.0,,51000.0,year,15200000.0,8000000.0,verified,m-mahadi/top5-football-dataset (SoFIFA)
43252773,Andrea Pinamonti,Sassuolo,Serie A,2025/26,2023.0,2027.0,,22000.0,year,12200000.0,6500000.0,verified,m-mahadi/top5-football-dataset (SoFIFA)
18101760,Cyril Ngonge,Napoli,Serie A,2025/26,,,,,year,,,pending_external_verification,
43207763,Michael Folorunsho,Napoli,Serie A,2025/26,,,,,year,,,pending_external_verification,
45104245,Ao Tanaka,Leeds United,Premier League,2025/26,2024.0,2028.0,,49000.0,year,16800000.0,8500000.0,verified,m-mahadi/top5-football-dataset (SoFIFA)
93052050,Jesper Karlström,Udinese Calcio,Serie A,2025/26,,,,,year,,,pending_external_verification,
51067636,Johan Felipe Vásquez,Genoa Cricket and Football Club,Serie A,2025/26,,,,,year,,,pending_external_verification,
43269242,Tommaso Pobega,Milan,Serie A,2025/26,,,,,year,,,pending_external_verification,
48036653,Romain Del Castillo,Stade Brestois 29,Ligue 1,2025/26,,,,,year,,,pending_external_verification,
85139266,Brendan Chardonnet,Stade Brestois 29,Ligue 1,2025/26,,,,,year,,,pending_external_verification,
91108278,Dominik Kohr,1. FSV Mainz 05,Bundesliga,2025/26,,,,,year,,,pending_external_verification,
30035411,Hamari Traoré,Paris FC,Ligue 1,2025/26,,,,,year,,,pending_external_verification,
24051635,Kristijan Jakić,FC Augsburg,Bundesliga,2025/26,,,,,year,,,pending_external_verification,
43124226,Lorenzo Montipò,Hellas Verona FC,Serie A,2025/26,,,,,year,,,pending_external_verification,
21024436,Nikola Vasilj,FC St. Pauli,Bundesliga,2025/26,,,,,year,,,pending_external_verification,
43095145,Sebastiano Luperto,Cagliari Calcio,Serie A,2025/26,,,,,year,,,pending_external_verification,
28011401,Adam Smith,AFC Bournemouth,Premier League,2025/26,,,,,year,,,pending_external_verification,
85128018,Adrien Thomasson,RC Lens,Ligue 1,2025/26,,,,,year,,,pending_external_verification,
28100477,Joe Rodon,Leeds United,Premier League,2025/26,2024.0,2028.0,,52000.0,year,20700000.0,10500000.0,verified,m-mahadi/top5-football-dataset (SoFIFA)
67065538,Kike García,Espanyol,LaLiga,2025/26,,,,,year,,,pending_external_verification,
85028014,Paul Pogba,AS Monaco,Ligue 1,2025/26,,,,,year,,,pending_external_verification,
8502440,Edin Džeko,ACF Fiorentina,Serie A,2025/26,,,,,year,,,pending_external_verification,
2000097929,Niccolò Pisilli,Associazione Sportiva Roma,Serie A,2025/26,,,,,year,,,pending_external_verification,
2000007415,Andrey Santos,Chelsea,Premier League,2025/26,2023.0,2030.0,,86000.0,year,89300000.0,42500000.0,verified,m-mahadi/top5-football-dataset (SoFIFA)
62000307,Nemanja Matić,Sassuolo,Serie A,2025/26,2025.0,2028.0,,17000.0,year,3800000.0,2100000.0,verified,m-mahadi/top5-football-dataset (SoFIFA)
2000053239,Yaser Asprilla,Girona,LaLiga,2025/26,,,,,year,,,verified,m-mahadi/top5-football-dataset (SoFIFA)
8169215,Axel Witsel,Girona,LaLiga,2025/26,2025.0,2028.0,,22000.0,year,3200000.0,1500000.0,verified,m-mahadi/top5-football-dataset (SoFIFA)
93142470,Yasin Ayari,Brighton & Hove Albion,Premier League,2025/26,,,,,year,,,pending_external_verification,
19158043,"Emerson(Olympique de Marseille,Italy,Brazil)",Olympique de Marseille,Ligue 1,2025/26,,,,,year,,,pending_external_verification,
2000033291,Valentín Barco,RC Strasbourg Alsace,Ligue 1,2025/26,,,,,year,,,pending_external_verification,
18097160,Albert Sambi Lokonga,Hamburger Sport-Verein,Bundesliga,2025/26,,,,,year,,,pending_external_verification,
91204520,Merlin Röhl,Sport-Club Freiburg,Bundesliga,2025/26,,,,,year,,,pending_external_verification,
14008030,Nicolás Tagliafico,Olympique Lyonnais,Ligue 1,2025/26,,,,,year,,,pending_external_verification,
25041687,Tomáš Souček,West Ham United,Premier League,2025/26,,,,,year,,,pending_external_verification,
19259600,"Arthur(Juventus,Brazil)",Juventus,Serie A,2025/26,,,,,year,,,pending_external_verification,
52032335,Matt Doherty,Wolverhampton Wanderers,Premier League,2025/26,,,,,year,,,pending_external_verification,
45112276,Zion Suzuki,Parma Calcio 1913,Serie A,2025/26,,,,,year,,,pending_external_verification,
29233148,Mika Biereth,AS Monaco,Ligue 1,2025/26,,,,,year,,,pending_external_verification,
2000005988,Thomas Kristensen,Udinese Calcio,Serie A,2025/26,,,,,year,,,pending_external_verification,
67291985,Carlos Álvarez,Levante,LaLiga,2025/26,2023.0,2027.0,,22000.0,year,40800000.0,17000000.0,verified,m-mahadi/top5-football-dataset (SoFIFA)
34009930,Cédric Bakambu,Real Betis,LaLiga,2025/26,2024.0,2029.0,,28000.0,year,5700000.0,2700000.0,verified,m-mahadi/top5-football-dataset (SoFIFA)
70087488,Enes Ünal,AFC Bournemouth,Premier League,2025/26,,,,,year,,,pending_external_verification,
43317933,Hamed Traoré,AFC Bournemouth,Premier League,2025/26,,,,,year,,,pending_external_verification,
67248170,Jorge Cuenca,Fulham,Premier League,2025/26,2024.0,2028.0,,60000.0,year,17800000.0,9000000.0,verified,m-mahadi/top5-football-dataset (SoFIFA)
78040720,Matías Vecino,Lazio,Serie A,2025/26,2026.0,2027.0,,27000.0,year,9700000.0,4600000.0,verified,m-mahadi/top5-football-dataset (SoFIFA)
29142052,Max Kilman,West Ham United,Premier League,2025/26,,,,,year,,,pending_external_verification,
28115792,Neco Williams,Nottingham Forest,Premier League,2025/26,,,,,year,,,pending_external_verification,
36137769,Christos Mandas,Lazio,Serie A,2025/26,,,,,year,,,pending_external_verification,
67213011,Carles Aleñá,Alavés,LaLiga,2025/26,,,,,year,,,verified,m-mahadi/top5-football-dataset (SoFIFA)
28115798,Fisayo Dele-Bashiru,Lazio,Serie A,2025/26,2025.0,2028.0,,21000.0,year,7800000.0,4400000.0,verified,m-mahadi/top5-football-dataset (SoFIFA)
85140254,Maxime Lopez,Paris FC,Ligue 1,2025/26,,,,,year,,,pending_external_verification,
67267210,Jon Moncayola,Osasuna,LaLiga,2025/26,,,,,year,,,verified,m-mahadi/top5-football-dataset (SoFIFA)
84151691,Simon Sohm,ACF Fiorentina,Serie A,2025/26,,,,,year,,,pending_external_verification,
67202652,Andoni Gorosabel,A. Bilbao,LaLiga,2025/26,,,,,year,,,pending_external_verification,
93065023,Mattias Svanberg,VfL Wolfsburg,Bundesliga,2025/26,,,,,year,,,pending_external_verification,
98034373,Djibril Sow,Sevilla,LaLiga,2025/26,2023.0,2028.0,,29000.0,year,11600000.0,5500000.0,verified,m-mahadi/top5-football-dataset (SoFIFA)
18115949,Jackson Tchatchoua,Wolverhampton Wanderers,Premier League,2025/26,,,,,year,,,pending_external_verification,
43252462,Nadir Zortea,Bologna FC 1909,Serie A,2025/26,,,,,year,,,pending_external_verification,
53004955,Ørjan Nyland,Sevilla,LaLiga,2025/26,,,,,year,,,verified,m-mahadi/top5-football-dataset (SoFIFA)
67136579,Paulo Gazzaniga,Girona,LaLiga,2025/26,2023.0,2027.0,,22000.0,year,9700000.0,4600000.0,verified,m-mahadi/top5-football-dataset (SoFIFA)
67115581,Portu,Girona,LaLiga,2025/26,2023.0,2027.0,,31000.0,year,7400000.0,3500000.0,verified,m-mahadi/top5-football-dataset (SoFIFA)
43372280,Roberto Piccoli,ACF Fiorentina,Serie A,2025/26,,,,,year,,,pending_external_verification,
49038965,Sacha Boey,FC Bayern München,Bundesliga,2025/26,,,,,year,,,pending_external_verification,
2000116169,Sergi Altimira,Real Betis,LaLiga,2025/26,,,,,year,,,verified,m-mahadi/top5-football-dataset (SoFIFA)
49037827,Sofiane Diop,OGC Nice,Ligue 1,2025/26,,,,,year,,,pending_external_verification,
13136629,Taiwo Awoniyi,Nottingham Forest,Premier League,2025/26,,,,,year,,,pending_external_verification,
83261927,Tiago Tomás,VfB Stuttgart,Bundesliga,2025/26,,,,,year,,,pending_external_verification,
19377081,"Igor Jesus(Nottingham Forest,Brazil,United Arab Emirates)",Nottingham Forest,Premier League,2025/26,,,,,year,,,pending_external_verification,
2000015818,Tanner Tessmann,Olympique Lyonnais,Ligue 1,2025/26,,,,,year,,,pending_external_verification,
16147386,Stefan Posch,Bologna FC 1909,Serie A,2025/26,,,,,year,,,pending_external_verification,
18110473,Maxim De Cuyper,Brighton & Hove Albion,Premier League,2025/26,,,,,year,,,pending_external_verification,
2000239167,Moïse Bombito,OGC Nice,Ligue 1,2025/26,,,,,year,,,pending_external_verification,
92017506,Odysseas Vlachodimos,Newcastle United,Premier League,2025/26,,,,,year,,,pending_external_verification,
91187649,Patrick Osterhage,Sport-Club Freiburg,Bundesliga,2025/26,,,,,year,,,pending_external_verification,
25059064,Pavel Šulc,Olympique Lyonnais,Ligue 1,2025/26,,,,,year,,,pending_external_verification,
67245434,Saúl Coco,Torino,Serie A,2025/26,2024.0,2029.0,,34000.0,year,15100000.0,8500000.0,verified,m-mahadi/top5-football-dataset (SoFIFA)
14110829,Lucas Boyé,Alavés,LaLiga,2025/26,2025.0,2029.0,,33000.0,year,23100000.0,10500000.0,verified,m-mahadi/top5-football-dataset (SoFIFA)
91175664,Marin Pongračić,ACF Fiorentina,Serie A,2025/26,,,,,year,,,pending_external_verification,
83111598,David Carmo,Nottingham Forest,Premier League,2025/26,,,,,year,,,pending_external_verification,
66032157,Lee Jae-Sung,1. FSV Mainz 05,Bundesliga,2025/26,,,,,year,,,pending_external_verification,
98033057,Nico Elvedi,Borussia Mönchengladbach,Bundesliga,2025/26,,,,,year,,,pending_external_verification,
91151058,Niklas Beste,Sport-Club Freiburg,Bundesliga,2025/26,,,,,year,,,pending_external_verification,
92017509,Rani Khedira,1. FC Union Berlin,Bundesliga,2025/26,,,,,year,,,pending_external_verification,
49040542,Romain Faivre,AFC Bournemouth,Premier League,2025/26,,,,,year,,,pending_external_verification,
67199309,Javi Muñoz,Getafe,LaLiga,2025/26,,,,,year,,,pending_external_verification,
48030298,Jean Butez,Como 1907,Serie A,2025/26,,,,,year,,,pending_external_verification,
18086509,Mërgim Vojvoda,Como 1907,Serie A,2025/26,,,,,year,,,pending_external_verification,
43155683,Federico Baschirotto,Cremonese,Serie A,2025/26,2025.0,2028.0,,13000.0,year,10300000.0,5500000.0,verified,m-mahadi/top5-football-dataset (SoFIFA)
48044237,Hugo Magnetti,Stade Brestois 29,Ligue 1,2025/26,,,,,year,,,pending_external_verification,
90087316,Keven Schlotterbeck,FC Augsburg,Bundesliga,2025/26,,,,,year,,,pending_external_verification,
92065694,Michael Zetterer,Eintracht Frankfurt,Bundesliga,2025/26,,,,,year,,,pending_external_verification,
91144903,Moritz Nicolas,Borussia Mönchengladbach,Bundesliga,2025/26,,,,,year,,,pending_external_verification,
67153634,Omar Mascarell,Mallorca,LaLiga,2025/26,2023.0,2029.0,,28000.0,year,7800000.0,3700000.0,verified,m-mahadi/top5-football-dataset (SoFIFA)
29136230,Ryan Yates,Nottingham Forest,Premier League,2025/26,,,,,year,,,pending_external_verification,
85145396,Mahdi Camara,Stade Rennais FC,Ligue 1,2025/26,,,,,year,,,pending_external_verification,
91143947,Marius Bülter,1. FC Köln,Bundesliga,2025/26,,,,,year,,,pending_external_verification,
28085752,Nabil Bentaleb,LOSC Lille,Ligue 1,2025/26,,,,,year,,,pending_external_verification,
92065574,Patrick Mainka,1. FC Heidenheim 1846,Bundesliga,2025/26,,,,,year,,,pending_external_verification,
91105813,Robin Zentner,1. FSV Mainz 05,Bundesliga,2025/26,,,,,year,,,pending_external_verification,
67170824,Pere Milla,Espanyol,LaLiga,2025/26,2023.0,2027.0,,22000.0,year,9500000.0,4500000.0,verified,m-mahadi/top5-football-dataset (SoFIFA)
2000312673,Jesús Rodríguez,Como 1907,Serie A,2025/26,,,,,year,,,pending_external_verification,
2000107089,Matias Fernandez-Pardo,LOSC Lille,Ligue 1,2025/26,,,,,year,,,pending_external_verification,
90008752,Jamie Vardy,Cremonese,Serie A,2025/26,2025.0,2029.0,,11000.0,year,3400000.0,1900000.0,verified,m-mahadi/top5-football-dataset (SoFIFA)
2000039995,Antonín Kinský,Tottenham Hotspur,Premier League,2025/26,,,,,year,,,pending_external_verification,
28121369,Armando Broja,Burnley,Premier League,2025/26,2025.0,2030.0,,35000.0,year,6700000.0,3400000.0,verified,m-mahadi/top5-football-dataset (SoFIFA)
28122195,Fábio Carvalho,Brentford,Premier League,2025/26,2024.0,2029.0,,47000.0,year,17900000.0,8500000.0,verified,m-mahadi/top5-football-dataset (SoFIFA)
43195181,Umar Sadiq,Real Sociedad,LaLiga,2025/26,2026.0,2028.0,,38000.0,year,15800000.0,7500000.0,verified,m-mahadi/top5-football-dataset (SoFIFA)
2000014205,Martin Vitík,Bologna FC 1909,Serie A,2025/26,,,,,year,,,pending_external_verification,
84161856,Ardon Jashari,Milan,Serie A,2025/26,2025.0,2030.0,,35000.0,year,42800000.0,22500000.0,verified,m-mahadi/top5-football-dataset (SoFIFA)
2000014559,Ernest Poku,Bayer 04 Leverkusen,Bundesliga,2025/26,,,,,year,,,pending_external_verification,
28116558,Largie Ramazani,Leeds United,Premier League,2025/26,,,,,year,,,pending_external_verification,
19354886,Vini Souza,VfL Wolfsburg,Bundesliga,2025/26,,,,,year,,,pending_external_verification,
67142544,Moi Gómez,Osasuna,LaLiga,2025/26,2022.0,2027.0,,32000.0,year,12600000.0,6000000.0,verified,m-mahadi/top5-football-dataset (SoFIFA)
43500245,Giovanni Fabbian,Bologna FC 1909,Serie A,2025/26,,,,,year,,,pending_external_verification,
86080170,Jon Aramburu,Real Sociedad,LaLiga,2025/26,2023.0,2030.0,,30000.0,year,36800000.0,16000000.0,verified,m-mahadi/top5-football-dataset (SoFIFA)
67295757,Peque,Sevilla,LaLiga,2025/26,2024.0,2028.0,,23000.0,year,19600000.0,8500000.0,verified,m-mahadi/top5-football-dataset (SoFIFA)
37058363,Tyrell Malacia,Manchester United,Premier League,2025/26,,,,,year,,,pending_external_verification,
71104595,Vitaliy Mykolenko,Everton,Premier League,2025/26,2022.0,2028.0,,38000.0,year,22700000.0,11500000.0,verified,m-mahadi/top5-football-dataset (SoFIFA)
67246951,Álvaro Fernández,Sevilla,LaLiga,2025/26,,,,,year,,,pending_external_verification,
91203087,Ansgar Knauff,Eintracht Frankfurt,Bundesliga,2025/26,,,,,year,,,pending_external_verification,
37065620,Brian Brobbey,Sunderland,Premier League,2025/26,2025.0,2030.0,,52000.0,year,35700000.0,17000000.0,verified,m-mahadi/top5-football-dataset (SoFIFA)
93122415,Isak Jansson,OGC Nice,Ligue 1,2025/26,,,,,year,,,pending_external_verification,
27143432,Jesper Lindstrøm,Napoli,Serie A,2025/26,,,,,year,,,pending_external_verification,
98033113,Jonas Omlin,Borussia Mönchengladbach,Bundesliga,2025/26,,,,,year,,,pending_external_verification,
91124151,Marius Wolf,FC Augsburg,Bundesliga,2025/26,,,,,year,,,pending_external_verification,
43429372,Fabiano Parisi,ACF Fiorentina,Serie A,2025/26,,,,,year,,,pending_external_verification,
67184347,Íñigo Lekue,A. Bilbao,LaLiga,2025/26,,,,,year,,,pending_external_verification,
48044737,Maxence Caqueret,Como 1907,Serie A,2025/26,,,,,year,,,pending_external_verification,
67195855,Mikel Vesga,A. Bilbao,LaLiga,2025/26,,,,,year,,,pending_external_verification,
43297394,Antonino Gallo,Unione Sportiva Lecce,Serie A,2025/26,,,,,year,,,pending_external_verification,
24047634,Josip Juranović,1. FC Union Berlin,Bundesliga,2025/26,,,,,year,,,pending_external_verification,
83228739,Félix Correia,LOSC Lille,Ligue 1,2025/26,,,,,year,,,pending_external_verification,
52101552,Jake O'Brien,Everton,Premier League,2025/26,2024.0,2028.0,,31000.0,year,20700000.0,10500000.0,verified,m-mahadi/top5-football-dataset (SoFIFA)
67063051,Kiko Femenía,Getafe,LaLiga,2025/26,2025.0,2027.0,,27000.0,year,3200000.0,1500000.0,verified,m-mahadi/top5-football-dataset (SoFIFA)
43295822,Nicolò Cambiaghi,Bologna FC 1909,Serie A,2025/26,,,,,year,,,pending_external_verification,
43202417,Alberto Dossena,Como 1907,Serie A,2025/26,,,,,year,,,pending_external_verification,
85145172,Armand Laurienté,Sassuolo,Serie A,2025/26,2022.0,2029.0,,30000.0,year,41400000.0,23000000.0,verified,m-mahadi/top5-football-dataset (SoFIFA)
18070768,Clinton Mata,Olympique Lyonnais,Ligue 1,2025/26,,,,,year,,,pending_external_verification,
75030680,Guillermo Maripán,Torino,Serie A,2025/26,2024.0,2030.0,,35000.0,year,8500000.0,5000000.0,verified,m-mahadi/top5-football-dataset (SoFIFA)
66014588,Hwang Hee-Chan,Wolverhampton Wanderers,Premier League,2025/26,,,,,year,,,pending_external_verification,
53122155,Leo Østigård,Stade Rennais FC,Ligue 1,2025/26,,,,,year,,,pending_external_verification,
49053443,Lorenz Assignon,VfB Stuttgart,Bundesliga,2025/26,,,,,year,,,pending_external_verification,
91144396,Robin Hack,Borussia Mönchengladbach,Bundesliga,2025/26,,,,,year,,,pending_external_verification,
91139869,Salih Özcan,Borussia Dortmund,Bundesliga,2025/26,,,,,year,,,pending_external_verification,
28037204,Sam Johnstone,Wolverhampton Wanderers,Premier League,2025/26,,,,,year,,,pending_external_verification,
16135875,Sandi Lovrić,Udinese Calcio,Serie A,2025/26,,,,,year,,,pending_external_verification,
25038517,Vladimír Coufal,TSG 1899 Hoffenheim,Bundesliga,2025/26,,,,,year,,,pending_external_verification,
67196209,Aarón,Genoa Cricket and Football Club,Serie A,2025/26,,,,,year,,,pending_external_verification,
53138523,Torbjørn Heggem,Bologna FC 1909,Serie A,2025/26,,,,,year,,,pending_external_verification,
45100974,Koki Machida,TSG 1899 Hoffenheim,Bundesliga,2025/26,,,,,year,,,pending_external_verification,
98040986,Michel Aebischer,Bologna FC 1909,Serie A,2025/26,,,,,year,,,pending_external_verification,
43167351,Patrick Cutrone,Como 1907,Serie A,2025/26,,,,,year,,,pending_external_verification,
85051366,Kenny Lala,Stade Brestois 29,Ligue 1,2025/26,,,,,year,,,pending_external_verification,
72044151,Cyle Larin,Mallorca,LaLiga,2025/26,,,,,year,,,pending_external_verification,
37004721,Jeffrey Gouweleeuw,FC Augsburg,Bundesliga,2025/26,,,,,year,,,pending_external_verification,
91101321,Lukas Kübler,Sport-Club Freiburg,Bundesliga,2025/26,,,,,year,,,pending_external_verification,
28025033,Tom Cairney,Fulham,Premier League,2025/26,2015.0,2027.0,,61000.0,year,3600000.0,1900000.0,verified,m-mahadi/top5-football-dataset (SoFIFA)
93031462,Emil Krafth,Newcastle United,Premier League,2025/26,,,,,year,,,pending_external_verification,
85052254,Jonathan Gradit,RC Lens,Ligue 1,2025/26,,,,,year,,,pending_external_verification,
18087973,Orel Mangala,Olympique Lyonnais,Ligue 1,2025/26,,,,,year,,,pending_external_verification,
2000164850,Ben Gannon Doak,AFC Bournemouth,Premier League,2025/26,,,,,year,,,pending_external_verification,
2000051578,Facundo Buonanotte,Brighton & Hove Albion,Premier League,2025/26,,,,,year,,,pending_external_verification,
2000054475,Antoni Milambo,Brentford,Premier League,2025/26,2025.0,2030.0,,35000.0,year,15800000.0,7500000.0,verified,m-mahadi/top5-football-dataset (SoFIFA)
2000250907,Ibrahim Osman,Brighton & Hove Albion,Premier League,2025/26,,,,,year,,,pending_external_verification,
28126242,James Trafford,Manchester City,Premier League,2025/26,2025.0,2030.0,,44000.0,year,37900000.0,18500000.0,verified,m-mahadi/top5-football-dataset (SoFIFA)
29113879,Kalvin Phillips,Manchester City,Premier League,2025/26,,,,,year,,,pending_external_verification,
43500350,Wilfried Gnonto,Leeds United,Premier League,2025/26,2022.0,2028.0,,36000.0,year,17900000.0,8500000.0,verified,m-mahadi/top5-football-dataset (SoFIFA)
2000067300,Mohamed Abdelmonem,OGC Nice,Ligue 1,2025/26,,,,,year,,,pending_external_verification,
29086005,Will Hughes,Crystal Palace,Premier League,2025/26,2021.0,2027.0,,71000.0,year,17100000.0,9000000.0,verified,m-mahadi/top5-football-dataset (SoFIFA)
85003956,Anthony Lopes,FC Nantes,Ligue 1,2025/26,,,,,year,,,pending_external_verification,
43500510,Fabio Miretti,Juventus,Serie A,2025/26,2021.0,2028.0,,59000.0,year,15100000.0,8500000.0,verified,m-mahadi/top5-football-dataset (SoFIFA)
12081007,El Bilal Touré,Atalanta,Serie A,2025/26,,,,,year,,,pending_external_verification,
2000024341,Arthur Atta,Udinese Calcio,Serie A,2025/26,,,,,year,,,pending_external_verification,
28127273,Jonathan Rowe,Bologna FC 1909,Serie A,2025/26,,,,,year,,,pending_external_verification,
49052213,Robert Navarro,A. Bilbao,LaLiga,2025/26,,,,,year,,,pending_external_verification,
37048153,Donny van de Beek,Girona,LaLiga,2025/26,2024.0,2028.0,,30000.0,year,11600000.0,5500000.0,verified,m-mahadi/top5-football-dataset (SoFIFA)
63002306,Martin Dúbravka,Burnley,Premier League,2025/26,2025.0,2030.0,,23000.0,year,3000000.0,1600000.0,verified,m-mahadi/top5-football-dataset (SoFIFA)
85094652,Séko Fofana,Stade Rennais FC,Ligue 1,2025/26,,,,,year,,,pending_external_verification,
62201068,Ivan Ilić,Torino,Serie A,2025/26,2023.0,2027.0,,28000.0,year,14200000.0,8000000.0,verified,m-mahadi/top5-football-dataset (SoFIFA)
29244869,Kamaldeen Sulemana,Atalanta,Serie A,2025/26,2025.0,2029.0,,37000.0,year,7500000.0,4200000.0,verified,m-mahadi/top5-football-dataset (SoFIFA)
67216151,Toni Martínez,Alavés,LaLiga,2025/26,2024.0,2028.0,,33000.0,year,24200000.0,11000000.0,verified,m-mahadi/top5-football-dataset (SoFIFA)
49059205,Bradley Locko,Stade Brestois 29,Ligue 1,2025/26,,,,,year,,,pending_external_verification,
18057323,Chancel Mbemba,LOSC Lille,Ligue 1,2025/26,,,,,year,,,pending_external_verification,
78027200,Leandro Cabrera,Espanyol,LaLiga,2025/26,2020.0,2027.0,,22000.0,year,5000000.0,2400000.0,verified,m-mahadi/top5-football-dataset (SoFIFA)
43252226,Luca Pellegrini,Lazio,Serie A,2025/26,2025.0,2027.0,,25000.0,year,8000000.0,4500000.0,verified,m-mahadi/top5-football-dataset (SoFIFA)
52080573,Mark Travers,Everton,Premier League,2025/26,,,,,year,,,pending_external_verification,
67157583,Pablo Marí,ACF Fiorentina,Serie A,2025/26,,,,,year,,,pending_external_verification,
67100019,"Patric(Capitolini Celesti,Spain)",Lazio,Serie A,2025/26,,,,,year,,,pending_external_verification,
19347264,"Morato(Nottingham Forest,Brazil)",Nottingham Forest,Premier League,2025/26,,,,,year,,,pending_external_verification,
19337942,Marcos Antonio,Lazio,Serie A,2025/26,,,,,year,,,pending_external_verification,
28106878,Marcus Edwards,Burnley,Premier League,2025/26,2025.0,2029.0,,49000.0,year,11400000.0,6000000.0,verified,m-mahadi/top5-football-dataset (SoFIFA)
78091927,Franco Israel,Torino,Serie A,2025/26,2025.0,2028.0,,19000.0,year,11500000.0,6500000.0,verified,m-mahadi/top5-football-dataset (SoFIFA)
43206174,Nicolò Casale,Bologna FC 1909,Serie A,2025/26,,,,,year,,,pending_external_verification,
95081385,"Otávio(Paris FC,Brazil)",Paris FC,Ligue 1,2025/26,,,,,year,,,pending_external_verification,
67122014,Pedro Bigas,Elche,LaLiga,2025/26,,,,,year,,,verified,m-mahadi/top5-football-dataset (SoFIFA)
91184334,Maduka Okoye,Udinese Calcio,Serie A,2025/26,,,,,year,,,pending_external_verification,
19386116,Abner Vinicius,Olympique Lyonnais,Ligue 1,2025/26,,,,,year,,,pending_external_verification,
67255218,Alfon,Sevilla,LaLiga,2025/26,2026.0,,,30000.0,year,0.0,6000000.0,verified,m-mahadi/top5-football-dataset (SoFIFA)
80028885,Amir Murillo,Olympique de Marseille,Ligue 1,2025/26,,,,,year,,,pending_external_verification,
24052869,Ardian Ismajli,Torino,Serie A,2025/26,2025.0,2027.0,,31000.0,year,6100000.0,3600000.0,verified,m-mahadi/top5-football-dataset (SoFIFA)
98035093,Cédric Zesiger,FC Augsburg,Bundesliga,2025/26,,,,,year,,,pending_external_verification,
43201838,"Christian Kouamé(ACF Fiorentina,Ivory Coast,Italy)",ACF Fiorentina,Serie A,2025/26,,,,,year,,,pending_external_verification,
19190440,"Marcão(Sevilla,Brazil)",Sevilla,LaLiga,2025/26,,,,,year,,,pending_external_verification,
43270713,Riccardo Sottil,ACF Fiorentina,Serie A,2025/26,,,,,year,,,pending_external_verification,
43315140,Emanuele Valeri,Parma Calcio 1913,Serie A,2025/26,,,,,year,,,pending_external_verification,
92029806,Jeremy Toljan,Levante,LaLiga,2025/26,2025.0,2027.0,,24000.0,year,7900000.0,3600000.0,verified,m-mahadi/top5-football-dataset (SoFIFA)
67235978,Juan Iglesias,Getafe,LaLiga,2025/26,,,,,year,,,pending_external_verification,
37070210,Thijs Dallinga,Bologna FC 1909,Serie A,2025/26,,,,,year,,,pending_external_verification,
16067510,Valentino Lazaro,Torino,Serie A,2025/26,2023.0,2027.0,,37000.0,year,12800000.0,7500000.0,verified,m-mahadi/top5-football-dataset (SoFIFA)
48042314,Ilan Kebbal,Paris FC,Ligue 1,2025/26,,,,,year,,,pending_external_verification,
2000078824,Nelson Deossa,Real Betis,LaLiga,2025/26,2025.0,2030.0,,23000.0,year,16300000.0,7500000.0,verified,m-mahadi/top5-football-dataset (SoFIFA)
14153906,Nahuel Tenaglia,Alavés,LaLiga,2025/26,2023.0,2027.0,,29000.0,year,19800000.0,9000000.0,verified,m-mahadi/top5-football-dataset (SoFIFA)
27094768,Robert Skov,1. FC Union Berlin,Bundesliga,2025/26,,,,,year,,,pending_external_verification,
95080787,Kialonda Gaspar,Unione Sportiva Lecce,Serie A,2025/26,,,,,year,,,pending_external_verification,
18096574,Senne Lynen,SV Werder Bremen,Bundesliga,2025/26,,,,,year,,,pending_external_verification,
53131647,Aron Dønnum,Toulouse FC,Ligue 1,2025/26,,,,,year,,,pending_external_verification,
59061760,Eldor Shomurodov,Associazione Sportiva Roma,Serie A,2025/26,,,,,year,,,pending_external_verification,
75037990,Gabriel Suazo,Sevilla,LaLiga,2025/26,2025.0,2028.0,,25000.0,year,8600000.0,4100000.0,verified,m-mahadi/top5-football-dataset (SoFIFA)
67157535,Jon Guridi,Alavés,LaLiga,2025/26,,,,,year,,,verified,m-mahadi/top5-football-dataset (SoFIFA)
85138174,Matthieu Udol,RC Lens,Ligue 1,2025/26,,,,,year,,,pending_external_verification,
48036809,Romain Perraud,LOSC Lille,Ligue 1,2025/26,,,,,year,,,pending_external_verification,
45078327,Takuma Asano,Mallorca,LaLiga,2025/26,2024.0,2028.0,,29000.0,year,8600000.0,4100000.0,verified,m-mahadi/top5-football-dataset (SoFIFA)
2000263999,Estêvão,Chelsea,Premier League,2025/26,,,,,year,,,pending_external_verification,
75000261,Alexis Sánchez,Sevilla,LaLiga,2025/26,2025.0,2028.0,,24000.0,year,4000000.0,1900000.0,verified,m-mahadi/top5-football-dataset (SoFIFA)
2000100253,El Chadaille Bitshiabu,RB Leipzig,Bundesliga,2025/26,2023.0,2029.0,,29000.0,year,21900000.0,11500000.0,verified,m-mahadi/top5-football-dataset (SoFIFA)
2000045005,Noah Sadiki,Sunderland,Premier League,2025/26,2025.0,2030.0,,43000.0,year,57800000.0,27500000.0,verified,m-mahadi/top5-football-dataset (SoFIFA)
76010707,Juan Guillermo Cuadrado,Pisa Sporting Club,Serie A,2025/26,,,,,year,,,pending_external_verification,
92051583,Timo Werner,RB Leipzig,Bundesliga,2025/26,,,,,year,,,verified,m-mahadi/top5-football-dataset (SoFIFA)
2000112357,Kauã Santos,Eintracht Frankfurt,Bundesliga,2025/26,,,,,year,,,pending_external_verification,
36159445,Kostas Koulierakis,VfL Wolfsburg,Bundesliga,2025/26,,,,,year,,,pending_external_verification,
2000036372,Diego Gómez,Brighton & Hove Albion,Premier League,2025/26,,,,,year,,,pending_external_verification,
34012022,Francis Coquelin,FC Nantes,Ligue 1,2025/26,,,,,year,,,pending_external_verification,
18115008,Samuel Mbangula,SV Werder Bremen,Bundesliga,2025/26,,,,,year,,,pending_external_verification,
67063007,Sergi Roberto,Como 1907,Serie A,2025/26,,,,,year,,,pending_external_verification,
85027976,Alphonse Areola,West Ham United,Premier League,2025/26,,,,,year,,,pending_external_verification,
43500064,Cesare Casadei,Torino,Serie A,2025/26,2025.0,2029.0,,29000.0,year,23800000.0,12500000.0,verified,m-mahadi/top5-football-dataset (SoFIFA)
67221051,Rafa Mir,Sevilla,LaLiga,2025/26,,,,,year,,,pending_external_verification,
2000101248,Marc Pubill,A. Madrid,LaLiga,2025/26,,,,,year,,,pending_external_verification,
2000065899,Unai Gómez,A. Bilbao,LaLiga,2025/26,,,,,year,,,pending_external_verification,
67276474,Beñat Turrientes,Real Sociedad,LaLiga,2025/26,,,,,year,,,verified,m-mahadi/top5-football-dataset (SoFIFA)
67214595,Unai Núñez,Celta,LaLiga,2025/26,,,,,year,,,pending_external_verification,
2000082098,Álex Valle,Como 1907,Serie A,2025/26,,,,,year,,,pending_external_verification,
43029905,Cristiano Biraghi,Torino,Serie A,2025/26,2025.0,2027.0,,38000.0,year,12800000.0,7500000.0,verified,m-mahadi/top5-football-dataset (SoFIFA)
91205203,Eric Martel,1. FC Köln,Bundesliga,2025/26,,,,,year,,,pending_external_verification,
2000156783,Ernest Nuamah,Olympique Lyonnais,Ligue 1,2025/26,,,,,year,,,pending_external_verification,
2000120348,Hamza Igamane,LOSC Lille,Ligue 1,2025/26,,,,,year,,,pending_external_verification,
67277677,Jofre Carreras,Espanyol,LaLiga,2025/26,,,,,year,,,pending_external_verification,
2000006108,Loum Tchaouna,Burnley,Premier League,2025/26,2025.0,2029.0,,27000.0,year,8000000.0,3800000.0,verified,m-mahadi/top5-football-dataset (SoFIFA)
2000006280,Mohamed-Ali Cho,OGC Nice,Ligue 1,2025/26,,,,,year,,,pending_external_verification,
85128159,Tanguy Ndombele,OGC Nice,Ligue 1,2025/26,,,,,year,,,pending_external_verification,
49047752,Valentin Gendrey,TSG 1899 Hoffenheim,Bundesliga,2025/26,,,,,year,,,pending_external_verification,
31041522,Adam Hložek,TSG 1899 Hoffenheim,Bundesliga,2025/26,,,,,year,,,pending_external_verification,
49062699,Andy Diouf,Inter,Serie A,2025/26,2025.0,2030.0,,23000.0,year,16700000.0,9000000.0,verified,m-mahadi/top5-football-dataset (SoFIFA)
49047179,Anthony Rouault,Stade Rennais FC,Ligue 1,2025/26,,,,,year,,,pending_external_verification,
2000026180,Conrad Harder,RB Leipzig,Bundesliga,2025/26,2025.0,2030.0,,34000.0,year,23800000.0,12500000.0,verified,m-mahadi/top5-football-dataset (SoFIFA)
39053746,Hákon Rafn Valdimarsson,Brentford,Premier League,2025/26,,,,,year,,,pending_external_verification,
2000096364,Joaquín Panichelli,RC Strasbourg Alsace,Ligue 1,2025/26,,,,,year,,,pending_external_verification,
67257319,Raúl García,Osasuna,LaLiga,2025/26,,,,,year,,,pending_external_verification,
28100269,Axel Tuanzebe,Burnley,Premier League,2025/26,2025.0,2027.0,,39000.0,year,5300000.0,2800000.0,verified,m-mahadi/top5-football-dataset (SoFIFA)
91178612,Chris Führich,VfB Stuttgart,Bundesliga,2025/26,,,,,year,,,pending_external_verification,
84152512,Fabian Rieder,FC Augsburg,Bundesliga,2025/26,,,,,year,,,pending_external_verification,
49060523,Farès Chaïbi,Eintracht Frankfurt,Bundesliga,2025/26,,,,,year,,,pending_external_verification,
43424754,Matteo Cancellieri,Lazio,Serie A,2025/26,2023.0,2027.0,,25000.0,year,11500000.0,6500000.0,verified,m-mahadi/top5-football-dataset (SoFIFA)
13112706,Bertrand Traoré,Sunderland,Premier League,2025/26,2025.0,2029.0,,54000.0,year,10500000.0,5500000.0,verified,m-mahadi/top5-football-dataset (SoFIFA)
29240378,David Møller Wolfe,Wolverhampton Wanderers,Premier League,2025/26,,,,,year,,,pending_external_verification,
91184445,Josha Vagnoman,VfB Stuttgart,Bundesliga,2025/26,,,,,year,,,pending_external_verification,
85046988,Morgan Sanson,OGC Nice,Ligue 1,2025/26,,,,,year,,,pending_external_verification,
48043638,Yehvann Diouf,OGC Nice,Ligue 1,2025/26,,,,,year,,,pending_external_verification,
49063222,Alidu Seidu,Stade Rennais FC,Ligue 1,2025/26,,,,,year,,,pending_external_verification,
24039427,Duje Ćaleta-Car,Olympique Lyonnais,Ligue 1,2025/26,,,,,year,,,pending_external_verification,
13198535,Montassar Talbi,FC Lorient,Ligue 1,2025/26,,,,,year,,,pending_external_verification,
49048372,Quentin Merlin,Stade Rennais FC,Ligue 1,2025/26,,,,,year,,,pending_external_verification,
91167376,Florian Neuhaus,Borussia Mönchengladbach,Bundesliga,2025/26,,,,,year,,,pending_external_verification,
49053388,Haissem Hassan,Oviedo,LaLiga,2025/26,2024.0,2027.0,,23000.0,year,11500000.0,4800000.0,verified,m-mahadi/top5-football-dataset (SoFIFA)
211515,Baptiste Santamaria,Valencia,LaLiga,2025/26,2025.0,2027.0,,34000.0,year,11600000.0,5500000.0,verified,m-mahadi/top5-football-dataset (SoFIFA)
27129125,Frank Onyeka,Brentford,Premier League,2025/26,,,,,year,,,verified,m-mahadi/top5-football-dataset (SoFIFA)
49039272,Junior Dina Ebimbe,Eintracht Frankfurt,Bundesliga,2025/26,,,,,year,,,pending_external_verification,
37060938,Wouter Burger,TSG 1899 Hoffenheim,Bundesliga,2025/26,,,,,year,,,pending_external_verification,
48036558,Jean-Ricner Bellegarde,Wolverhampton Wanderers,Premier League,2025/26,,,,,year,,,pending_external_verification,
85145148,Jonathan Ikoné,Paris FC,Ligue 1,2025/26,,,,,year,,,pending_external_verification,
78066692,Alfonso Espino,Rayo Vallecano,LaLiga,2025/26,,,,,year,,,verified,m-mahadi/top5-football-dataset (SoFIFA)
43272248,Gabriele Zappa,Cagliari Calcio,Serie A,2025/26,,,,,year,,,pending_external_verification,
19225765,"Luiz Felipe(Vallecano,Italy,Brazil)",Rayo Vallecano,LaLiga,2025/26,,,,,year,,,pending_external_verification,
48036830,Malang Sarr,RC Lens,Ligue 1,2025/26,,,,,year,,,pending_external_verification,
28084863,Matthew Targett,Newcastle United,Premier League,2025/26,,,,,year,,,pending_external_verification,
43459075,Michel Ndary Adopo,Cagliari Calcio,Serie A,2025/26,,,,,year,,,pending_external_verification,
29162924,Moritz Jenz,VfL Wolfsburg,Bundesliga,2025/26,,,,,year,,,pending_external_verification,
35017386,Nicolas Höfler,Sport-Club Freiburg,Bundesliga,2025/26,,,,,year,,,pending_external_verification,
48031358,Samuel Gigot,Lazio,Serie A,2025/26,,,,,year,,,pending_external_verification,
18087987,Sebastiaan Bornauw,Leeds United,Premier League,2025/26,2025.0,2029.0,,43000.0,year,9100000.0,4600000.0,verified,m-mahadi/top5-football-dataset (SoFIFA)
91187682,Woo-Yeong Jeong,1. FC Union Berlin,Bundesliga,2025/26,,,,,year,,,pending_external_verification,
91105029,Yannick Gerhardt,VfL Wolfsburg,Bundesliga,2025/26,,,,,year,,,pending_external_verification,
53102029,Andreas Hanche-Olsen,1. FSV Mainz 05,Bundesliga,2025/26,,,,,year,,,pending_external_verification,
16008969,Christopher Trimmel,1. FC Union Berlin,Bundesliga,2025/26,,,,,year,,,pending_external_verification,
93065006,Gabriel Gudmundsson,Leeds United,Premier League,2025/26,2025.0,2029.0,,52000.0,year,22700000.0,11500000.0,verified,m-mahadi/top5-football-dataset (SoFIFA)
91144312,Niklas Dorsch,1. FC Heidenheim 1846,Bundesliga,2025/26,,,,,year,,,pending_external_verification,
91109615,Niklas Stark,SV Werder Bremen,Bundesliga,2025/26,,,,,year,,,pending_external_verification,
16197824,Saša Kalajdžić,Wolverhampton Wanderers,Premier League,2025/26,,,,,year,,,pending_external_verification,
37071153,Tijjani Noslin,Lazio,Serie A,2025/26,2024.0,2029.0,,28000.0,year,9800000.0,5500000.0,verified,m-mahadi/top5-football-dataset (SoFIFA)
37053569,Kingsley Ehizibue,Udinese Calcio,Serie A,2025/26,,,,,year,,,pending_external_verification,
43067875,Nicola Leali,Genoa Cricket and Football Club,Serie A,2025/26,,,,,year,,,pending_external_verification,
2000020405,Philipp Sander,Borussia Mönchengladbach,Bundesliga,2025/26,,,,,year,,,pending_external_verification,
91143881,Robin Fellhauer,FC Augsburg,Bundesliga,2025/26,,,,,year,,,pending_external_verification,
2000052135,Abdallah Sima,RC Lens,Ligue 1,2025/26,,,,,year,,,pending_external_verification,
86055764,Cristian Cásseres,Toulouse FC,Ligue 1,2025/26,,,,,year,,,pending_external_verification,
91013663,Daniel Heuer Fernandes,Hamburger Sport-Verein,Bundesliga,2025/26,,,,,year,,,pending_external_verification,
93053901,Eric Smith,FC St. Pauli,Bundesliga,2025/26,,,,,year,,,pending_external_verification,
19202603,John Victor,Nottingham Forest,Premier League,2025/26,,,,,year,,,pending_external_verification,
37046467,Kevin Diks,Borussia Mönchengladbach,Bundesliga,2025/26,,,,,year,,,pending_external_verification,
92018446,Marius Müller,VfL Wolfsburg,Bundesliga,2025/26,,,,,year,,,pending_external_verification,
48039548,Mathias Pereira Lage,FC St. Pauli,Bundesliga,2025/26,,,,,year,,,pending_external_verification,
28100045,Miro Muheim,Hamburger Sport-Verein,Bundesliga,2025/26,,,,,year,,,pending_external_verification,
91018450,Alexander Meyer,Borussia Dortmund,Bundesliga,2025/26,,,,,year,,,pending_external_verification,
36078574,Dimitris Giannoulis,FC Augsburg,Bundesliga,2025/26,,,,,year,,,pending_external_verification,
91004660,Stefan Bell,1. FSV Mainz 05,Bundesliga,2025/26,,,,,year,,,pending_external_verification,
85104577,Wesley Saïd,RC Lens,Ligue 1,2025/26,,,,,year,,,pending_external_verification,
67231126,Álex Sancris,Getafe,LaLiga,2025/26,2025.0,2028.0,,26000.0,year,6500000.0,3100000.0,verified,m-mahadi/top5-football-dataset (SoFIFA)
16045742,Philipp Mwene,1. FSV Mainz 05,Bundesliga,2025/26,,,,,year,,,pending_external_verification,
2000211997,Álex Jiménez,Milan,Serie A,2025/26,2026.0,2031.0,,45000.0,year,42000000.0,20000000.0,verified,m-mahadi/top5-football-dataset (SoFIFA)
2000189871,Lewis Miley,Newcastle United,Premier League,2025/26,,,,,year,,,pending_external_verification,
2000395112,Pau Navarro,Villarreal,LaLiga,2025/26,2024.0,2030.0,,21000.0,year,19600000.0,8500000.0,verified,m-mahadi/top5-football-dataset (SoFIFA)
2000016527,Stanis Idumbo,AS Monaco,Ligue 1,2025/26,,,,,year,,,pending_external_verification,
2000143029,Gonzalo,R. Madrid,LaLiga,2025/26,,,,,year,,,pending_external_verification,
2000163504,Mario Martín,R. Madrid,LaLiga,2025/26,,,,,year,,,pending_external_verification,
61083649,Nathan Patterson,Everton,Premier League,2025/26,2022.0,2027.0,,20000.0,year,5100000.0,2600000.0,verified,m-mahadi/top5-football-dataset (SoFIFA)
2000017415,Alessandro Circati,Parma Calcio 1913,Serie A,2025/26,,,,,year,,,pending_external_verification,
2000047226,Brooke Norton-Cuffy,Genoa Cricket and Football Club,Serie A,2025/26,,,,,year,,,pending_external_verification,
28126245,CJ Egan-Riley,Olympique de Marseille,Ligue 1,2025/26,,,,,year,,,pending_external_verification,
718272,Łukasz Fabiański,West Ham United,Premier League,2025/26,,,,,year,,,pending_external_verification,
67179156,Aleix Febas,Elche,LaLiga,2025/26,2023.0,2028.0,,28000.0,year,29700000.0,13500000.0,verified,m-mahadi/top5-football-dataset (SoFIFA)
67263766,Sergio Carreira,Celta,LaLiga,2025/26,,,,,year,,,pending_external_verification,
16202375,David Affengruber,Elche,LaLiga,2025/26,2024.0,2027.0,,18000.0,year,25200000.0,10500000.0,verified,m-mahadi/top5-football-dataset (SoFIFA)
43617061,Nicolò Bertola,Udinese Calcio,Serie A,2025/26,,,,,year,,,pending_external_verification,
73201428,Guéla Doué,RC Strasbourg Alsace,Ligue 1,2025/26,,,,,year,,,pending_external_verification,
37046941,Hans Hateboer,Stade Rennais FC,Ligue 1,2025/26,,,,,year,,,pending_external_verification,
61093823,Josh Doig,Sassuolo,Serie A,2025/26,2024.0,2028.0,,14000.0,year,8100000.0,4300000.0,verified,m-mahadi/top5-football-dataset (SoFIFA)
67063933,Salomón Rondón,Oviedo,LaLiga,2025/26,,,,,year,,,verified,m-mahadi/top5-football-dataset (SoFIFA)
43426109,Mattia Viti,OGC Nice,Ligue 1,2025/26,,,,,year,,,pending_external_verification,
18110809,Ignace Van Der Brempt,Como 1907,Serie A,2025/26,,,,,year,,,pending_external_verification,
91172542,Jordan Beyer,Burnley,Premier League,2025/26,,,,,year,,,pending_external_verification,
67054783,Aitor Fernández,Osasuna,LaLiga,2025/26,,,,,year,,,verified,m-mahadi/top5-football-dataset (SoFIFA)
95078288,Jesús Vázquez,Valencia,LaLiga,2025/26,2020.0,2028.0,,19000.0,year,6400000.0,2800000.0,verified,m-mahadi/top5-football-dataset (SoFIFA)
29141175,Luca De La Torre,Celta,LaLiga,2025/26,,,,,year,,,pending_external_verification,
43425069,Sebastiano Esposito,Inter,Serie A,2025/26,,,,,year,,,pending_external_verification,
47079007,Terem Moffi,OGC Nice,Ligue 1,2025/26,,,,,year,,,pending_external_verification,
15016604,Mathew Ryan,Levante,LaLiga,2025/26,2025.0,2029.0,,23000.0,year,12100000.0,5500000.0,verified,m-mahadi/top5-football-dataset (SoFIFA)
2000052483,Damián,Celta,LaLiga,2025/26,,,,,year,,,pending_external_verification,
19409389,"Thiago(Brentford,Brazil)",Brentford,Premier League,2025/26,,,,,year,,,pending_external_verification,
18103350,Charles Vanhoutte,OGC Nice,Ligue 1,2025/26,,,,,year,,,pending_external_verification,
98041219,Filip Ugrinić,Valencia,LaLiga,2025/26,2025.0,2029.0,,32000.0,year,14100000.0,6500000.0,verified,m-mahadi/top5-football-dataset (SoFIFA)
48043489,Himad Abdelli,Angers SCO,Ligue 1,2025/26,,,,,year,,,pending_external_verification,
92086318,Iliya Gruev,Leeds United,Premier League,2025/26,,,,,year,,,pending_external_verification,
24054803,Domagoj Bradarić,Hellas Verona FC,Serie A,2025/26,,,,,year,,,pending_external_verification,
29164969,Jordan Zemura,Udinese Calcio,Serie A,2025/26,,,,,year,,,pending_external_verification,
53126110,Kristian Thorstvedt,Sassuolo,Serie A,2025/26,2022.0,2027.0,,21000.0,year,14400000.0,8000000.0,verified,m-mahadi/top5-football-dataset (SoFIFA)
53167062,Akor Adams,Sevilla,LaLiga,2025/26,2025.0,2029.0,,29000.0,year,16300000.0,7500000.0,verified,m-mahadi/top5-football-dataset (SoFIFA)
2000106795,Pablo Durán,Celta,LaLiga,2025/26,,,,,year,,,pending_external_verification,
50044045,Julien Le Cardinal,Stade Brestois 29,Ligue 1,2025/26,,,,,year,,,pending_external_verification,
24046418,Nikola Moro,Bologna FC 1909,Serie A,2025/26,,,,,year,,,pending_external_verification,
1509441,"Dani Rodríguez(Mallorca,Spain)",Mallorca,LaLiga,2025/26,,,,,year,,,pending_external_verification,
2000381365,Ayyoub Bouaddi,LOSC Lille,Ligue 1,2025/26,,,,,year,,,pending_external_verification,
2000127465,Arthur Vermeeren,RB Leipzig,Bundesliga,2025/26,,,,,year,,,pending_external_verification,
2000100062,Badredine Bouanani,VfB Stuttgart,Bundesliga,2025/26,,,,,year,,,pending_external_verification,
2000104892,Eliesse Ben Seghir,Bayer 04 Leverkusen,Bundesliga,2025/26,,,,,year,,,pending_external_verification,
2000094715,Guillaume Restes,Toulouse FC,Ligue 1,2025/26,,,,,year,,,pending_external_verification,
2000220048,Chema Andrés,VfB Stuttgart,Bundesliga,2025/26,,,,,year,,,pending_external_verification,
2000126534,Rodrigo Mendoza,Elche,LaLiga,2025/26,2026.0,2031.0,,25000.0,year,12300000.0,4500000.0,verified,m-mahadi/top5-football-dataset (SoFIFA)
49061868,Elye Wahi,Eintracht Frankfurt,Bundesliga,2025/26,,,,,year,,,pending_external_verification,
2000107103,Mamadou Sarr,Chelsea,Premier League,2025/26,2025.0,2033.0,,61000.0,year,39900000.0,19000000.0,verified,m-mahadi/top5-football-dataset (SoFIFA)
18053710,Michy Batshuayi,Eintracht Frankfurt,Bundesliga,2025/26,,,,,year,,,pending_external_verification,
16337073,Samson Baidoo,RC Lens,Ligue 1,2025/26,,,,,year,,,pending_external_verification,
16254093,Luka Sučić,Real Sociedad,LaLiga,2025/26,2024.0,2028.0,,30000.0,year,25000000.0,11500000.0,verified,m-mahadi/top5-football-dataset (SoFIFA)
2000113245,Jean-Mattéo Bahoya,Eintracht Frankfurt,Bundesliga,2025/26,,,,,year,,,pending_external_verification,
48036880,Odsonne Édouard,RC Lens,Ligue 1,2025/26,,,,,year,,,pending_external_verification,
72051281,Giovanni Reyna,Borussia Mönchengladbach,Bundesliga,2025/26,,,,,year,,,pending_external_verification,
67281886,Alejandro Francés,Girona,LaLiga,2025/26,,,,,year,,,verified,m-mahadi/top5-football-dataset (SoFIFA)
2000218258,"Álvaro Rodríguez(Elche,Uruguay,Spain)",Elche,LaLiga,2025/26,,,,,year,,,pending_external_verification,
62070416,Filip Kostić,Juventus,Serie A,2025/26,2022.0,2029.0,,115000.0,year,28100000.0,16500000.0,verified,m-mahadi/top5-football-dataset (SoFIFA)
2000052526,Hugo Sotelo,Celta,LaLiga,2025/26,,,,,year,,,pending_external_verification,
2000016808,Ismaël Doukouré,RC Strasbourg Alsace,Ligue 1,2025/26,,,,,year,,,pending_external_verification,
29140167,James Justin,Leeds United,Premier League,2025/26,2025.0,2029.0,,49000.0,year,13300000.0,7000000.0,verified,m-mahadi/top5-football-dataset (SoFIFA)
2000028607,Leon Avdullahu,TSG 1899 Hoffenheim,Bundesliga,2025/26,,,,,year,,,pending_external_verification,
55041694,"André Silva(Elche,Portugal)",Elche,LaLiga,2025/26,,,,,year,,,pending_external_verification,
2000077331,Valentín Gómez,Real Betis,LaLiga,2025/26,2025.0,2030.0,,22000.0,year,35700000.0,15500000.0,verified,m-mahadi/top5-football-dataset (SoFIFA)
2000006107,Warren Bondo,Milan,Serie A,2025/26,,,,,year,,,pending_external_verification,
67191439,David Costas,Oviedo,LaLiga,2025/26,2021.0,2028.0,,29000.0,year,10100000.0,4600000.0,verified,m-mahadi/top5-football-dataset (SoFIFA)
55063355,Domingos Duarte,Getafe,LaLiga,2025/26,2022.0,2028.0,,27000.0,year,7400000.0,3500000.0,verified,m-mahadi/top5-football-dataset (SoFIFA)
49056376,Félix Lemaréchal,RC Strasbourg Alsace,Ligue 1,2025/26,,,,,year,,,pending_external_verification,
43500332,Daniele Ghilardi,Hellas Verona FC,Serie A,2025/26,,,,,year,,,pending_external_verification,
2000045854,Nnamdi Collins,Eintracht Frankfurt,Bundesliga,2025/26,,,,,year,,,pending_external_verification,
24065108,Martin Baturina,Como 1907,Serie A,2025/26,,,,,year,,,pending_external_verification,
78000806,Cristhian Stuani,Girona,LaLiga,2025/26,2017.0,2028.0,,24000.0,year,4000000.0,1900000.0,verified,m-mahadi/top5-football-dataset (SoFIFA)
12092528,Datro Fofana,Chelsea,Premier League,2025/26,,,,,year,,,pending_external_verification,
2000065892,Hugo Rincón,A. Bilbao,LaLiga,2025/26,,,,,year,,,pending_external_verification,
2000214886,Jacobo Ramón,Como 1907,Serie A,2025/26,,,,,year,,,pending_external_verification,
12088460,Kamory Doumbia,Stade Brestois 29,Ligue 1,2025/26,,,,,year,,,pending_external_verification,
85009974,Willy Boly,Nottingham Forest,Premier League,2025/26,,,,,year,,,pending_external_verification,
95078306,Fran Pérez,Rayo Vallecano,LaLiga,2025/26,,,,,year,,,pending_external_verification,
43591640,Jacopo Fazzini,ACF Fiorentina,Serie A,2025/26,,,,,year,,,pending_external_verification,
43500821,Filippo Terracciano,Milan,Serie A,2025/26,,,,,year,,,pending_external_verification,
39057654,Ísak Jóhannesson,1. FC Köln,Bundesliga,2025/26,,,,,year,,,pending_external_verification,
72045910,Jack Harrison,Leeds United,Premier League,2025/26,2026.0,,,45000.0,year,0.0,3100000.0,verified,m-mahadi/top5-football-dataset (SoFIFA)
72053642,Julián Araujo,AFC Bournemouth,Premier League,2025/26,,,,,year,,,pending_external_verification,
28121290,Karl Hein,Arsenal,Premier League,2025/26,,,,,year,,,pending_external_verification,
36116501,Konstantinos Mavropanos,West Ham United,Premier League,2025/26,,,,,year,,,pending_external_verification,
70110530,Ozan Kabak,TSG 1899 Hoffenheim,Bundesliga,2025/26,,,,,year,,,pending_external_verification,
39056943,Mikael Egill Ellertsson,Genoa Cricket and Football Club,Serie A,2025/26,,,,,year,,,pending_external_verification,
2000110081,Benjamín Domínguez,Bologna FC 1909,Serie A,2025/26,,,,,year,,,pending_external_verification,
29217875,Charlie Cresswell,Toulouse FC,Ligue 1,2025/26,,,,,year,,,pending_external_verification,
43424893,Lorenzo Colombo,Milan,Serie A,2025/26,,,,,year,,,pending_external_verification,
49056366,Matthis Abline,FC Nantes,Ligue 1,2025/26,,,,,year,,,pending_external_verification,
28116414,Vítězslav Jaroš,Liverpool,Premier League,2025/26,,,,,year,,,pending_external_verification,
67215283,Carles Pérez,Celta,LaLiga,2025/26,,,,,year,,,pending_external_verification,
28110835,Dan Ballard,Sunderland,Premier League,2025/26,,,,,year,,,pending_external_verification,
91204663,Eren Dinkçi,Sport-Club Freiburg,Bundesliga,2025/26,,,,,year,,,pending_external_verification,
29076104,Harrison Reed,Fulham,Premier League,2025/26,2020.0,2027.0,,48000.0,year,3800000.0,2000000.0,verified,m-mahadi/top5-football-dataset (SoFIFA)
92063787,Mahmoud Dahoud,Eintracht Frankfurt,Bundesliga,2025/26,,,,,year,,,pending_external_verification,
62038612,Marko Dmitrović,Espanyol,LaLiga,2025/26,2025.0,2028.0,,18000.0,year,11600000.0,5500000.0,verified,m-mahadi/top5-football-dataset (SoFIFA)
37063645,Mitchel Bakker,Atalanta,Serie A,2025/26,2023.0,2027.0,,45000.0,year,13300000.0,7500000.0,verified,m-mahadi/top5-football-dataset (SoFIFA)
85120748,Neal Maupay,Olympique de Marseille,Ligue 1,2025/26,,,,,year,,,pending_external_verification,
67246431,Pol Lozano,Espanyol,LaLiga,2025/26,2017.0,2027.0,,19000.0,year,14100000.0,6500000.0,verified,m-mahadi/top5-football-dataset (SoFIFA)
55070298,Renato Sanches,Paris Saint-Germain,Ligue 1,2025/26,,,,,year,,,pending_external_verification,
18043393,Thomas Meunier,LOSC Lille,Ligue 1,2025/26,,,,,year,,,pending_external_verification,
2000058330,Urko González,Espanyol,LaLiga,2025/26,2025.0,2030.0,,18000.0,year,25300000.0,11000000.0,verified,m-mahadi/top5-football-dataset (SoFIFA)
27051813,Yussuf Poulsen,Hamburger Sport-Verein,Bundesliga,2025/26,,,,,year,,,pending_external_verification,
14027117,Ezequiel Ávila,Real Betis,LaLiga,2025/26,,,,,year,,,verified,m-mahadi/top5-football-dataset (SoFIFA)
49048599,Joris Chotard,Stade Brestois 29,Ligue 1,2025/26,,,,,year,,,pending_external_verification,
2000032708,Mamadou Sangaré,RC Lens,Ligue 1,2025/26,,,,,year,,,pending_external_verification,
16191722,Alexander Prass,TSG 1899 Hoffenheim,Bundesliga,2025/26,,,,,year,,,pending_external_verification,
85137101,Amine Harit,Olympique de Marseille,Ligue 1,2025/26,,,,,year,,,pending_external_verification,
48043086,Dan-Axel Zagadou,VfB Stuttgart,Bundesliga,2025/26,,,,,year,,,pending_external_verification,
96088216,Jakub Piotrowski,Udinese Calcio,Serie A,2025/26,,,,,year,,,pending_external_verification,
67257035,José Copete,Valencia,LaLiga,2025/26,,,,,year,,,pending_external_verification,
28106360,Lukas Nmecha,Leeds United,Premier League,2025/26,2025.0,2027.0,,55000.0,year,17800000.0,9000000.0,verified,m-mahadi/top5-football-dataset (SoFIFA)
91172582,Nicolas Kühn,Como 1907,Serie A,2025/26,,,,,year,,,pending_external_verification,
91190494,Tim Lemperle,TSG 1899 Hoffenheim,Bundesliga,2025/26,,,,,year,,,pending_external_verification,
16147700,Maximilian Wöber,Leeds United,Premier League,2025/26,,,,,year,,,pending_external_verification,
14230113,Santiago Pierotti,Unione Sportiva Lecce,Serie A,2025/26,,,,,year,,,pending_external_verification,
83227951,Álvaro Djaló,A. Bilbao,LaLiga,2025/26,,,,,year,,,pending_external_verification,
67181404,Antonio Sanabria,Cremonese,Serie A,2025/26,2025.0,2028.0,,14000.0,year,9900000.0,5500000.0,verified,m-mahadi/top5-football-dataset (SoFIFA)
19335705,Arthur Chaves,TSG 1899 Hoffenheim,Bundesliga,2025/26,,,,,year,,,pending_external_verification,
67211739,Fernando Calero,Espanyol,LaLiga,2025/26,,,,,year,,,verified,m-mahadi/top5-football-dataset (SoFIFA)
91205613,Justin Njinmah,SV Werder Bremen,Bundesliga,2025/26,,,,,year,,,pending_external_verification,
67282688,Miguel Rubio,Espanyol,LaLiga,2025/26,,,,,year,,,pending_external_verification,
91208079,Philipp Treu,Sport-Club Freiburg,Bundesliga,2025/26,,,,,year,,,pending_external_verification,
2000042460,Saud Abdulhamid,Associazione Sportiva Roma,Serie A,2025/26,,,,,year,,,pending_external_verification,
98010781,Silvan Widmer,1. FSV Mainz 05,Bundesliga,2025/26,,,,,year,,,pending_external_verification,
2000064338,Yuito Suzuki,Sport-Club Freiburg,Bundesliga,2025/26,,,,,year,,,pending_external_verification,
67142194,Abdón Prats,Mallorca,LaLiga,2025/26,2017.0,2028.0,,24000.0,year,4000000.0,1900000.0,verified,m-mahadi/top5-football-dataset (SoFIFA)
37073855,Jay Idzes,Sassuolo,Serie A,2025/26,2025.0,2029.0,,15000.0,year,7100000.0,3800000.0,verified,m-mahadi/top5-football-dataset (SoFIFA)
48034210,Lucas Tousart,Stade Brestois 29,Ligue 1,2025/26,,,,,year,,,pending_external_verification,
43317665,Simone Canestrelli,Pisa Sporting Club,Serie A,2025/26,,,,,year,,,pending_external_verification,
91173279,Amos Pieper,SV Werder Bremen,Bundesliga,2025/26,,,,,year,,,pending_external_verification,
91181667,Derrick Köhn,1. FC Union Berlin,Bundesliga,2025/26,,,,,year,,,pending_external_verification,
27112672,Jacob Bruun Larsen,Burnley,Premier League,2025/26,2025.0,2029.0,,41000.0,year,6300000.0,3300000.0,verified,m-mahadi/top5-football-dataset (SoFIFA)
92056736,Janik Haberer,1. FC Union Berlin,Bundesliga,2025/26,,,,,year,,,pending_external_verification,
67258408,Mateu Morey,Mallorca,LaLiga,2025/26,2024.0,2027.0,,21000.0,year,8000000.0,3700000.0,verified,m-mahadi/top5-football-dataset (SoFIFA)
49038338,Mattéo Tramoni,Pisa Sporting Club,Serie A,2025/26,,,,,year,,,pending_external_verification,
67213714,Óscar Valentín,Rayo Vallecano,LaLiga,2025/26,2019.0,2027.0,,25000.0,year,18900000.0,9000000.0,verified,m-mahadi/top5-football-dataset (SoFIFA)
83228401,Toti,Wolverhampton Wanderers,Premier League,2025/26,,,,,year,,,pending_external_verification,
11027837,Ylber Ramadani,Unione Sportiva Lecce,Serie A,2025/26,,,,,year,,,pending_external_verification,
37065498,Zakaria Aboukhlal,Torino,Serie A,2025/26,2025.0,2029.0,,30000.0,year,9800000.0,5500000.0,verified,m-mahadi/top5-football-dataset (SoFIFA)
84154064,Zeki Amdouni,Burnley,Premier League,2025/26,2023.0,2028.0,,43000.0,year,11900000.0,6000000.0,verified,m-mahadi/top5-football-dataset (SoFIFA)
38045397,András Schäfer,1. FC Union Berlin,Bundesliga,2025/26,,,,,year,,,pending_external_verification,
85145157,Arnaud Nordin,1. FSV Mainz 05,Bundesliga,2025/26,,,,,year,,,pending_external_verification,
85057778,Hassane Kamara,Udinese Calcio,Serie A,2025/26,,,,,year,,,pending_external_verification,
91137228,Lucas Höler,Sport-Club Freiburg,Bundesliga,2025/26,,,,,year,,,pending_external_verification,
92067018,Marvin Friedrich,Borussia Mönchengladbach,Bundesliga,2025/26,,,,,year,,,pending_external_verification,
26038808,Musa Al-Tamari,Stade Rennais FC,Ligue 1,2025/26,,,,,year,,,pending_external_verification,
91153061,Timo Hübers,1. FC Köln,Bundesliga,2025/26,,,,,year,,,pending_external_verification,
49038961,Yann Gboho,Toulouse FC,Ligue 1,2025/26,,,,,year,,,pending_external_verification,
24046412,Adrian Šemper,Pisa Sporting Club,Serie A,2025/26,,,,,year,,,pending_external_verification,
43204399,Alessandro Vogliacco,Genoa Cricket and Football Club,Serie A,2025/26,,,,,year,,,pending_external_verification,
92021650,Anthony Jung,Sport-Club Freiburg,Bundesliga,2025/26,,,,,year,,,pending_external_verification,
67216778,Dani Raba,Valencia,LaLiga,2025/26,2025.0,2027.0,,33000.0,year,8600000.0,4100000.0,verified,m-mahadi/top5-football-dataset (SoFIFA)
92098106,Felix Agu,SV Werder Bremen,Bundesliga,2025/26,,,,,year,,,pending_external_verification,
48036752,Lassana Coulibaly,Unione Sportiva Lecce,Serie A,2025/26,,,,,year,,,pending_external_verification,
20041987,Mark McKenzie,Toulouse FC,Ligue 1,2025/26,,,,,year,,,pending_external_verification,
91137136,Suat Serdar,Hellas Verona FC,Serie A,2025/26,,,,,year,,,pending_external_verification,
85075621,Abdoulaye Touré,Le Havre,Ligue 1,2025/26,2023.0,2029.0,,15000.0,year,7800000.0,3900000.0,verified,m-mahadi/top5-football-dataset (SoFIFA)
43080121,Edoardo Goldaniga,Como 1907,Serie A,2025/26,,,,,year,,,pending_external_verification,
16195163,Marco Grüll,SV Werder Bremen,Bundesliga,2025/26,,,,,year,,,pending_external_verification,
27100972,Rasmus Nicolaisen,Toulouse FC,Ligue 1,2025/26,,,,,year,,,pending_external_verification,
36045542,Charalampos Lykogiannis,Bologna FC 1909,Serie A,2025/26,,,,,year,,,pending_external_verification,
19333258,"Alemão(Vallecano,Brazil,Poland)",Rayo Vallecano,LaLiga,2025/26,,,,,year,,,pending_external_verification,
28106884,Brandon Austin,Tottenham Hotspur,Premier League,2025/26,,,,,year,,,pending_external_verification,
92028423,Danny da Costa,1. FSV Mainz 05,Bundesliga,2025/26,,,,,year,,,pending_external_verification,
85099581,Haris Belkebla,Angers SCO,Ligue 1,2025/26,,,,,year,,,pending_external_verification,
67192427,Aarón Escandell,Oviedo,LaLiga,2025/26,2024.0,2027.0,,23000.0,year,25000000.0,11000000.0,verified,m-mahadi/top5-football-dataset (SoFIFA)
85057862,Laurent Abergel,FC Lorient,Ligue 1,2025/26,,,,,year,,,pending_external_verification,
43020293,Antonio Caracciolo,Pisa Sporting Club,Serie A,2025/26,,,,,year,,,pending_external_verification,
2000227977,Héctor Fort,Barcelona,LaLiga,2025/26,,,,,year,,,pending_external_verification,
2000097988,Valentín Carboni,Inter,Serie A,2025/26,,,,,year,,,pending_external_verification,
2000058232,Chadi Riad,Crystal Palace,Premier League,2025/26,2024.0,2029.0,,40000.0,year,10300000.0,4900000.0,verified,m-mahadi/top5-football-dataset (SoFIFA)
67156610,Rubén Blanco,Olympique de Marseille,Ligue 1,2025/26,,,,,year,,,pending_external_verification,
71048716,Ruslan Malinovskyi,Genoa Cricket and Football Club,Serie A,2025/26,,,,,year,,,pending_external_verification,
18107436,Senne Lammens,Manchester United,Premier League,2025/26,,,,,year,,,pending_external_verification,
29218480,Dan Neil,Sunderland,Premier League,2025/26,,,,,year,,,verified,m-mahadi/top5-football-dataset (SoFIFA)
56001681,Seamus Coleman,Everton,Premier League,2025/26,2009.0,2028.0,,16000.0,year,665000.0,350000.0,verified,m-mahadi/top5-football-dataset (SoFIFA)
67106568,Juanmi,Getafe,LaLiga,2025/26,2025.0,2027.0,,25000.0,year,4000000.0,1900000.0,verified,m-mahadi/top5-football-dataset (SoFIFA)
76065062,Yerson Mosquera,Wolverhampton Wanderers,Premier League,2025/26,,,,,year,,,pending_external_verification,
28059634,Jamaal Lascelles,Newcastle United,Premier League,2025/26,,,,,year,,,pending_external_verification,
67293674,Javi López,Real Sociedad,LaLiga,2025/26,,,,,year,,,pending_external_verification,
20046423,Brenden Aaronson,Leeds United,Premier League,2025/26,2022.0,2027.0,,48000.0,year,19800000.0,10000000.0,verified,m-mahadi/top5-football-dataset (SoFIFA)
13227290,Alieu Fadera,Como 1907,Serie A,2025/26,,,,,year,,,pending_external_verification,
18113140,Aster Vranckx,VfL Wolfsburg,Bundesliga,2025/26,,,,,year,,,pending_external_verification,
67272502,Sergio Camello,Rayo Vallecano,LaLiga,2025/26,2023.0,2027.0,,18000.0,year,10200000.0,4700000.0,verified,m-mahadi/top5-football-dataset (SoFIFA)
49048365,Tanguy Nianzou,Sevilla,LaLiga,2025/26,2022.0,2027.0,,16000.0,year,5700000.0,2600000.0,verified,m-mahadi/top5-football-dataset (SoFIFA)
2000064082,Cuiabano,Nottingham Forest,Premier League,2025/26,,,,,year,,,pending_external_verification,
37054408,Joël Piroe,Leeds United,Premier League,2025/26,2023.0,2027.0,,51000.0,year,13800000.0,7000000.0,verified,m-mahadi/top5-football-dataset (SoFIFA)
14217538,Mateo Pellegrino,Parma Calcio 1913,Serie A,2025/26,,,,,year,,,pending_external_verification,
70104047,Berke Özer,LOSC Lille,Ligue 1,2025/26,,,,,year,,,pending_external_verification,
13158416,Joseph Aidoo,Celta,LaLiga,2025/26,,,,,year,,,pending_external_verification,
67196202,Kike Barja,Osasuna,LaLiga,2025/26,2018.0,2030.0,,27000.0,year,6500000.0,3100000.0,verified,m-mahadi/top5-football-dataset (SoFIFA)
43058979,Marco Sportiello,Atalanta,Serie A,2025/26,2025.0,2028.0,,34000.0,year,4100000.0,2400000.0,verified,m-mahadi/top5-football-dataset (SoFIFA)
57050464,Nicolae Stanciu,Genoa Cricket and Football Club,Serie A,2025/26,,,,,year,,,pending_external_verification,
37062161,Perr Schuurs,Torino,Serie A,2025/26,,,,,year,,,pending_external_verification,
37055848,Zian Flemming,Burnley,Premier League,2025/26,2025.0,2029.0,,53000.0,year,12800000.0,6500000.0,verified,m-mahadi/top5-football-dataset (SoFIFA)
67267209,Jorge Herrando,Osasuna,LaLiga,2025/26,,,,,year,,,verified,m-mahadi/top5-football-dataset (SoFIFA)
85045661,Dimitri Foulquier,Valencia,LaLiga,2025/26,2021.0,2027.0,,25000.0,year,3400000.0,1600000.0,verified,m-mahadi/top5-football-dataset (SoFIFA)
67184889,Nacho Vidal,Oviedo,LaLiga,2025/26,2025.0,2027.0,,20000.0,year,3500000.0,1600000.0,verified,m-mahadi/top5-football-dataset (SoFIFA)
96105337,Sebastian Walukiewicz,Torino,Serie A,2025/26,,,,,year,,,pending_external_verification,
14196681,Martín Payero,Udinese Calcio,Serie A,2025/26,,,,,year,,,pending_external_verification,
43390579,Patrizio Masini,Genoa Cricket and Football Club,Serie A,2025/26,,,,,year,,,pending_external_verification,
67272744,"Antonio Sánchez(Mallorca,Spain)",Mallorca,LaLiga,2025/26,,,,,year,,,pending_external_verification,
43192537,Daniel Boloca,Sassuolo,Serie A,2025/26,2023.0,2028.0,,15000.0,year,4500000.0,2500000.0,verified,m-mahadi/top5-football-dataset (SoFIFA)
91167629,Idrissa Touré,Pisa Sporting Club,Serie A,2025/26,,,,,year,,,pending_external_verification,
13167102,Marshall Munetsi,Wolverhampton Wanderers,Premier League,2025/26,,,,,year,,,pending_external_verification,
13231887,Mostafa Mohamed,FC Nantes,Ligue 1,2025/26,,,,,year,,,pending_external_verification,
43280475,Alessio Zerbin,Napoli,Serie A,2025/26,,,,,year,,,pending_external_verification,
43161921,Giuseppe Pezzella,Cremonese,Serie A,2025/26,2025.0,2028.0,,9000.0,year,3600000.0,2000000.0,verified,m-mahadi/top5-football-dataset (SoFIFA)
67277397,Randy Nteka,Rayo Vallecano,LaLiga,2025/26,2021.0,2028.0,,15000.0,year,3600000.0,1700000.0,verified,m-mahadi/top5-football-dataset (SoFIFA)
16199712,Gideon Mensah,AJ Auxerre,Ligue 1,2025/26,,,,,year,,,pending_external_verification,
62137429,Mihailo Ristić,Celta,LaLiga,2025/26,,,,,year,,,pending_external_verification,
43105212,Stefano Moreo,Pisa Sporting Club,Serie A,2025/26,,,,,year,,,pending_external_verification,
85095988,Gautier Lloris,Le Havre,Ligue 1,2025/26,2022.0,2030.0,,14000.0,year,7000000.0,3500000.0,verified,m-mahadi/top5-football-dataset (SoFIFA)
67272136,Ferran Jutglà,Celta,LaLiga,2025/26,,,,,year,,,pending_external_verification,
98030499,Ulisses Garcia,Olympique de Marseille,Ligue 1,2025/26,,,,,year,,,pending_external_verification,
2000122572,Aarón Anselmino,Chelsea,Premier League,2025/26,,,,,year,,,pending_external_verification,
12095040,Bazoumana Touré,TSG 1899 Hoffenheim,Bundesliga,2025/26,,,,,year,,,pending_external_verification,
2000245263,Johan Manzambi,Sport-Club Freiburg,Bundesliga,2025/26,,,,,year,,,pending_external_verification,
2000276594,"Josh King(Fulham,England)",Fulham,Premier League,2025/26,,,,,year,,,pending_external_verification,
2000011415,Kévin Danois,AJ Auxerre,Ligue 1,2025/26,,,,,year,,,pending_external_verification,
2000241044,Vasilije Adžić,Juventus,Serie A,2025/26,2024.0,2027.0,,31000.0,year,5700000.0,3000000.0,verified,m-mahadi/top5-football-dataset (SoFIFA)
67107819,Denis Suárez,Alavés,LaLiga,2025/26,2025.0,2027.0,,25000.0,year,7700000.0,3500000.0,verified,m-mahadi/top5-football-dataset (SoFIFA)
18054092,Adnan Januzaj,Sevilla,LaLiga,2025/26,2022.0,2029.0,,26000.0,year,6100000.0,2900000.0,verified,m-mahadi/top5-football-dataset (SoFIFA)
16337125,Leopold Querfeld,1. FC Union Berlin,Bundesliga,2025/26,,,,,year,,,pending_external_verification,
18107187,Maarten Vandevoordt,RB Leipzig,Bundesliga,2025/26,2024.0,2030.0,,23000.0,year,38000000.0,20000000.0,verified,m-mahadi/top5-football-dataset (SoFIFA)
49062287,Arouna Sanganté,Le Havre,Ligue 1,2025/26,2021.0,2029.0,,11000.0,year,13200000.0,6000000.0,verified,m-mahadi/top5-football-dataset (SoFIFA)
2000039991,Luca Jaquez,VfB Stuttgart,Bundesliga,2025/26,,,,,year,,,pending_external_verification,
2000108513,Mateo Joseph,Leeds United,Premier League,2025/26,,,,,year,,,pending_external_verification,
5127684,Ron-Robert Zieler,1. FC Köln,Bundesliga,2025/26,,,,,year,,,pending_external_verification,
27161397,William Bøving,1. FSV Mainz 05,Bundesliga,2025/26,,,,,year,,,pending_external_verification,
49056191,Johann Lepenant,FC Nantes,Ligue 1,2025/26,,,,,year,,,pending_external_verification,
16337326,Tarik Muharemović,Sassuolo,Serie A,2025/26,2024.0,2030.0,,15000.0,year,12000000.0,6000000.0,verified,m-mahadi/top5-football-dataset (SoFIFA)
49053187,Yassine Kechta,Le Havre,Ligue 1,2025/26,2019.0,2029.0,,11000.0,year,13200000.0,6000000.0,verified,m-mahadi/top5-football-dataset (SoFIFA)
67150301,Alberto Moreno,Como 1907,Serie A,2025/26,,,,,year,,,pending_external_verification,
2000241724,Andrés García,Aston Villa,Premier League,2025/26,2025.0,2029.0,,54000.0,year,13700000.0,6500000.0,verified,m-mahadi/top5-football-dataset (SoFIFA)
42083355,Daniel Peretz,FC Bayern München,Bundesliga,2025/26,,,,,year,,,pending_external_verification,
2000068498,Max Rosenfelder,Sport-Club Freiburg,Bundesliga,2025/26,,,,,year,,,pending_external_verification,
28094856,Daniel James,Leeds United,Premier League,2025/26,2021.0,2029.0,,54000.0,year,15200000.0,8000000.0,verified,m-mahadi/top5-football-dataset (SoFIFA)
2000148761,Andrés Gómez,Stade Rennais FC,Ligue 1,2025/26,,,,,year,,,pending_external_verification,
47102498,Gvidas Gineitis,Torino,Serie A,2025/26,2022.0,2029.0,,15000.0,year,6800000.0,3600000.0,verified,m-mahadi/top5-football-dataset (SoFIFA)
28047558,Michael Keane,Everton,Premier League,2025/26,2017.0,2029.0,,37000.0,year,9300000.0,4900000.0,verified,m-mahadi/top5-football-dataset (SoFIFA)
93121623,Sebastian Nanasi,RC Strasbourg Alsace,Ligue 1,2025/26,,,,,year,,,pending_external_verification,
2000108547,Amir Richardson,ACF Fiorentina,Serie A,2025/26,,,,,year,,,pending_external_verification,
2000126360,Antoniu Roca,Espanyol,LaLiga,2025/26,,,,,year,,,pending_external_verification,
43083951,Elseid Hysaj,Lazio,Serie A,2025/26,2021.0,2029.0,,22000.0,year,2900000.0,1700000.0,verified,m-mahadi/top5-football-dataset (SoFIFA)
29217706,James Hill,AFC Bournemouth,Premier League,2025/26,,,,,year,,,pending_external_verification,
37084637,Robin Roefs,Sunderland,Premier League,2025/26,2025.0,2030.0,,33000.0,year,57800000.0,27500000.0,verified,m-mahadi/top5-football-dataset (SoFIFA)
2000131318,Pablo Marín,Real Sociedad,LaLiga,2025/26,2022.0,2029.0,,20000.0,year,16100000.000000002,7000000.0,verified,m-mahadi/top5-football-dataset (SoFIFA)
14183076,Nicolás Capaldo,Hamburger Sport-Verein,Bundesliga,2025/26,,,,,year,,,pending_external_verification,
43017977,Pietro Terracciano,Milan,Serie A,2025/26,2025.0,2029.0,,18000.0,year,2700000.0,1600000.0,verified,m-mahadi/top5-football-dataset (SoFIFA)
78076996,Santiago Bueno,Wolverhampton Wanderers,Premier League,2025/26,,,,,year,,,pending_external_verification,
37077855,Anass Salah-Eddine,Associazione Sportiva Roma,Serie A,2025/26,,,,,year,,,pending_external_verification,
91151073,Arne Maier,FC Augsburg,Bundesliga,2025/26,,,,,year,,,pending_external_verification,
96121228,Jakub Kamiński,VfL Wolfsburg,Bundesliga,2025/26,,,,,year,,,pending_external_verification,
28118905,Matěj Kovář,Bayer 04 Leverkusen,Bundesliga,2025/26,,,,,year,,,pending_external_verification,
91194484,Yannik Engelhardt,Como 1907,Serie A,2025/26,,,,,year,,,pending_external_verification,
85041077,Benjamin Lecomte,Fulham,Premier League,2025/26,,,,,year,,,pending_external_verification,
67006173,"Adrián(Real Hispalis,Spain)",Real Betis,LaLiga,2025/26,,,,,year,,,pending_external_verification,
27139574,Albert Grønbæk,Stade Rennais FC,Ligue 1,2025/26,,,,,year,,,pending_external_verification,
25045644,Alex Král,1. FC Union Berlin,Bundesliga,2025/26,,,,,year,,,pending_external_verification,
98033710,Eray Cömert,Valencia,LaLiga,2025/26,2022.0,2028.0,,26000.0,year,6700000.0,3100000.0,verified,m-mahadi/top5-football-dataset (SoFIFA)
14007359,Franco Vázquez,Cremonese,Serie A,2025/26,,,,,year,,,verified,m-mahadi/top5-football-dataset (SoFIFA)
49047253,Han-Noah Massengo,FC Augsburg,Bundesliga,2025/26,,,,,year,,,pending_external_verification,
67248397,Juan Berrocal,Getafe,LaLiga,2025/26,,,,,year,,,pending_external_verification,
83103196,M'Bala Nzola,ACF Fiorentina,Serie A,2025/26,,,,,year,,,pending_external_verification,
67270690,Mohammed Salisu,AS Monaco,Ligue 1,2025/26,,,,,year,,,pending_external_verification,
37065561,Ramon Hendriks,VfB Stuttgart,Bundesliga,2025/26,,,,,year,,,pending_external_verification,
49054676,Silas,VfB Stuttgart,Bundesliga,2025/26,,,,,year,,,pending_external_verification,
29218322,Tyrhys Dolan,Espanyol,LaLiga,2025/26,2025.0,2028.0,,18000.0,year,14100000.0,6500000.0,verified,m-mahadi/top5-football-dataset (SoFIFA)
71113671,Vladyslav Vanat,Girona,LaLiga,2025/26,2025.0,2030.0,,30000.0,year,34800000.0,16000000.0,verified,m-mahadi/top5-football-dataset (SoFIFA)
43111412,Adam Masina,Torino,Serie A,2025/26,,,,,year,,,verified,m-mahadi/top5-football-dataset (SoFIFA)
37064578,Jurgen Ekkelenkamp,Udinese Calcio,Serie A,2025/26,,,,,year,,,pending_external_verification,
91207901,Kilian Fischer,VfL Wolfsburg,Bundesliga,2025/26,,,,,year,,,pending_external_verification,
65039540,Lyle Foster,Burnley,Premier League,2025/26,2023.0,2028.0,,39000.0,year,7900000.0,4000000.0,verified,m-mahadi/top5-football-dataset (SoFIFA)
24060250,Nediljko Labrović,FC Augsburg,Bundesliga,2025/26,,,,,year,,,pending_external_verification,
2000061565,Robin Hranáč,TSG 1899 Hoffenheim,Bundesliga,2025/26,,,,,year,,,pending_external_verification,
19284576,Rogério,VfL Wolfsburg,Bundesliga,2025/26,,,,,year,,,pending_external_verification,
83227945,"Vitinha(Genoa Cricket and Football Club,Portugal)",Genoa Cricket and Football Club,Serie A,2025/26,,,,,year,,,pending_external_verification,
2000106505,Elias Saad,FC Augsburg,Bundesliga,2025/26,,,,,year,,,pending_external_verification,
91177383,Elvis Rexhbeçaj,FC Augsburg,Bundesliga,2025/26,,,,,year,,,pending_external_verification,
67053461,Iván Balliu,Rayo Vallecano,LaLiga,2025/26,2021.0,2027.0,,22000.0,year,6100000.0,2900000.0,verified,m-mahadi/top5-football-dataset (SoFIFA)
2000036575,Nicolai Remberg,Hamburger Sport-Verein,Bundesliga,2025/26,,,,,year,,,pending_external_verification,
2000033089,Pablo Ibañez,Alavés,LaLiga,2025/26,2025.0,2030.0,,22000.0,year,8199999.999999999,3600000.0,verified,m-mahadi/top5-football-dataset (SoFIFA)
36515158,Habib Diallo,FC Metz,Ligue 1,2025/26,,,,,year,,,pending_external_verification,
85140415,Issa Diop,Fulham,Premier League,2025/26,2022.0,2027.0,,66000.0,year,13800000.0,7000000.0,verified,m-mahadi/top5-football-dataset (SoFIFA)
12078293,Issa Soumaré,Le Havre,Ligue 1,2025/26,2023.0,2029.0,,11000.0,year,8700000.0,4200000.0,verified,m-mahadi/top5-football-dataset (SoFIFA)
91017776,Janis Blaswich,Bayer 04 Leverkusen,Bundesliga,2025/26,,,,,year,,,pending_external_verification,
67039108,"Juan Carlos(Girona,Spain)",Girona,LaLiga,2025/26,,,,,year,,,pending_external_verification,
28107730,Keinan Davis,Udinese Calcio,Serie A,2025/26,,,,,year,,,pending_external_verification,
91151069,Linton Maina,1. FC Köln,Bundesliga,2025/26,,,,,year,,,pending_external_verification,
48044555,Samuel Essende,FC Augsburg,Bundesliga,2025/26,,,,,year,,,pending_external_verification,
53167821,Sebastian Sebulonsen,1. FC Köln,Bundesliga,2025/26,,,,,year,,,pending_external_verification,
98029083,Haris Tabaković,TSG 1899 Hoffenheim,Bundesliga,2025/26,,,,,year,,,pending_external_verification,
55070279,Mama Baldé,Stade Brestois 29,Ligue 1,2025/26,,,,,year,,,pending_external_verification,
53161610,Marcus Holmgren Pedersen,Torino,Serie A,2025/26,,,,,year,,,pending_external_verification,
91182877,Phillip Tietz,FC Augsburg,Bundesliga,2025/26,,,,,year,,,pending_external_verification,
61078171,Andy Irving,West Ham United,Premier League,2025/26,,,,,year,,,pending_external_verification,
62219054,Andrej Ilić,1. FC Union Berlin,Bundesliga,2025/26,,,,,year,,,pending_external_verification,
28087373,Connor Roberts,Burnley,Premier League,2025/26,,,,,year,,,pending_external_verification,
2000115295,Daniel Elfadli,Hamburger Sport-Verein,Bundesliga,2025/26,,,,,year,,,pending_external_verification,
37063419,Ragnar Ache,1. FC Köln,Bundesliga,2025/26,,,,,year,,,pending_external_verification,
45109947,Shuto Machino,Borussia Mönchengladbach,Bundesliga,2025/26,,,,,year,,,pending_external_verification,
85134218,Yvan Neyou,Getafe,LaLiga,2025/26,,,,,year,,,verified,m-mahadi/top5-football-dataset (SoFIFA)
83115694,"Zé Pedro(Cagliari Calcio,Portugal)",Cagliari Calcio,Serie A,2025/26,,,,,year,,,pending_external_verification,
85049252,Donovan Léon,AJ Auxerre,Ligue 1,2025/26,,,,,year,,,pending_external_verification,
67245796,Alberto Reina,Oviedo,LaLiga,2025/26,2025.0,2027.0,,27000.0,year,9900000.0,4500000.0,verified,m-mahadi/top5-football-dataset (SoFIFA)
12055780,Ali Abdi,OGC Nice,Ligue 1,2025/26,,,,,year,,,pending_external_verification,
61041668,Jackson Irvine,FC St. Pauli,Bundesliga,2025/26,,,,,year,,,pending_external_verification,
85144028,Jean-Luc Dompé,Hamburger Sport-Verein,Bundesliga,2025/26,,,,,year,,,pending_external_verification,
2000212020,Maroan Sannadi,A. Bilbao,LaLiga,2025/26,,,,,year,,,pending_external_verification,
2000183231,Franco Mastantuono,R. Madrid,LaLiga,2025/26,,,,,year,,,pending_external_verification,
2000399897,Rio Ngumoha,Liverpool,Premier League,2025/26,2025.0,2028.0,,29000.0,year,14900000.0,6000000.0,verified,m-mahadi/top5-football-dataset (SoFIFA)
2000103798,Chemsdine Talbi,Sunderland,Premier League,2025/26,2025.0,2030.0,,41000.0,year,34700000.0,16500000.0,verified,m-mahadi/top5-football-dataset (SoFIFA)
2000087400,Dário Essugo,Chelsea,Premier League,2025/26,2025.0,2033.0,,58000.0,year,24200000.0,11500000.0,verified,m-mahadi/top5-football-dataset (SoFIFA)
2000094886,Jérémy Jacquet,Stade Rennais FC,Ligue 1,2025/26,,,,,year,,,pending_external_verification,
2000229718,Jon Martín,Real Sociedad,LaLiga,2025/26,2023.0,2030.0,,24000.0,year,48300000.0,21000000.0,verified,m-mahadi/top5-football-dataset (SoFIFA)
2000300956,Fer López,Wolverhampton Wanderers,Premier League,2025/26,,,,,year,,,pending_external_verification,
2000026318,Samuele Angori,Pisa Sporting Club,Serie A,2025/26,,,,,year,,,pending_external_verification,
29218111,Andrew Omobamidele,RC Strasbourg Alsace,Ligue 1,2025/26,,,,,year,,,pending_external_verification,
2000034525,Samuel Iling-Junior,Aston Villa,Premier League,2025/26,,,,,year,,,pending_external_verification,
2000126470,Víctor Muñoz,Osasuna,LaLiga,2025/26,2025.0,2030.0,,28000.0,year,72500000.0,31500000.0,verified,m-mahadi/top5-football-dataset (SoFIFA)
2000096330,Alejo Veliz,Tottenham Hotspur,Premier League,2025/26,,,,,year,,,pending_external_verification,
67284340,"Manu Sánchez(Vigo,Spain)",Celta,LaLiga,2025/26,,,,,year,,,pending_external_verification,
2000183736,Gift Orban,TSG 1899 Hoffenheim,Bundesliga,2025/26,,,,,year,,,pending_external_verification,
2000045039,Jordan James,Stade Rennais FC,Ligue 1,2025/26,,,,,year,,,pending_external_verification,
2000130473,Iker Bravo,Udinese Calcio,Serie A,2025/26,,,,,year,,,pending_external_verification,
28112512,Jaidon Anthony,Burnley,Premier League,2025/26,2025.0,2029.0,,49000.0,year,17800000.0,9000000.0,verified,m-mahadi/top5-football-dataset (SoFIFA)
18116036,Mandela Keita,Parma Calcio 1913,Serie A,2025/26,,,,,year,,,pending_external_verification,
38059041,Botond Balogh,Parma Calcio 1913,Serie A,2025/26,,,,,year,,,pending_external_verification,
52094225,Trai Hume,Sunderland,Premier League,2025/26,2022.0,2030.0,,48000.0,year,35600000.0,18000000.0,verified,m-mahadi/top5-football-dataset (SoFIFA)
67225564,Dani Cárdenas,Rayo Vallecano,LaLiga,2025/26,2023.0,2027.0,,12000.0,year,5700000.0,2600000.0,verified,m-mahadi/top5-football-dataset (SoFIFA)
67269422,Jon Pacheco,Real Sociedad,LaLiga,2025/26,,,,,year,,,pending_external_verification,
95071289,Zito Luvumbo,Cagliari Calcio,Serie A,2025/26,,,,,year,,,pending_external_verification,
28087685,Josh Cullen,Burnley,Premier League,2025/26,2022.0,2027.0,,55000.0,year,17100000.0,9000000.0,verified,m-mahadi/top5-football-dataset (SoFIFA)
67211095,Pol Lirola,Olympique de Marseille,Ligue 1,2025/26,,,,,year,,,pending_external_verification,
91177336,Tom Krauß,1. FSV Mainz 05,Bundesliga,2025/26,,,,,year,,,pending_external_verification,
50047466,Valentin Rosier,Osasuna,LaLiga,2025/26,2025.0,2028.0,,35000.0,year,26300000.0,12500000.0,verified,m-mahadi/top5-football-dataset (SoFIFA)
85065498,Adrien Tamèze,Torino,Serie A,2025/26,2023.0,2030.0,,31000.0,year,5100000.0,3000000.0,verified,m-mahadi/top5-football-dataset (SoFIFA)
34008684,Benjamin Stambouli,FC Metz,Ligue 1,2025/26,,,,,year,,,pending_external_verification,
49055780,Clément Akpa,AJ Auxerre,Ligue 1,2025/26,,,,,year,,,pending_external_verification,
18081218,Jari Vandeputte,Cremonese,Serie A,2025/26,2024.0,2030.0,,10000.0,year,4100000.0,2300000.0,verified,m-mahadi/top5-football-dataset (SoFIFA)
67295760,Adrià Altimira,Villarreal,LaLiga,2025/26,,,,,year,,,verified,m-mahadi/top5-football-dataset (SoFIFA)
76053799,Devis Vásquez,Associazione Sportiva Roma,Serie A,2025/26,,,,,year,,,pending_external_verification,
67278144,Germán Valera,Elche,LaLiga,2025/26,,,,,year,,,verified,m-mahadi/top5-football-dataset (SoFIFA)
38039792,László Bénes,1. FC Union Berlin,Bundesliga,2025/26,,,,,year,,,pending_external_verification,
78097218,Martín Satriano,RC Lens,Ligue 1,2025/26,,,,,year,,,pending_external_verification,
49038936,Willem Geubbels,Paris FC,Ligue 1,2025/26,,,,,year,,,pending_external_verification,
49039033,Wilson Isidor,Sunderland,Premier League,2025/26,2025.0,2028.0,,46000.0,year,15800000.0,8000000.0,verified,m-mahadi/top5-football-dataset (SoFIFA)
37076459,Ruben Kluivert,Olympique Lyonnais,Ligue 1,2025/26,,,,,year,,,pending_external_verification,
24048099,Borna Sosa,Crystal Palace,Premier League,2025/26,2025.0,2028.0,,46000.0,year,4400000.0,2300000.0,verified,m-mahadi/top5-football-dataset (SoFIFA)
92088303,Florent Muslija,Sport-Club Freiburg,Bundesliga,2025/26,,,,,year,,,pending_external_verification,
85096693,Frédéric Guilbert,Unione Sportiva Lecce,Serie A,2025/26,,,,,year,,,pending_external_verification,
85138173,Gauthier Hein,FC Metz,Ligue 1,2025/26,,,,,year,,,pending_external_verification,
13191636,Krépin Diatta,AS Monaco,Ligue 1,2025/26,,,,,year,,,pending_external_verification,
92014331,Leonardo Bittencourt,SV Werder Bremen,Bundesliga,2025/26,,,,,year,,,pending_external_verification,
18089592,Manuel Benson,Burnley,Premier League,2025/26,,,,,year,,,pending_external_verification,
43272105,Michele Collocolo,Cremonese,Serie A,2025/26,2023.0,2027.0,,9000.0,year,5800000.0,3100000.0,verified,m-mahadi/top5-football-dataset (SoFIFA)
67257916,Pablo Martínez,Levante,LaLiga,2025/26,2019.0,2028.0,,27000.0,year,17600000.0,8000000.0,verified,m-mahadi/top5-football-dataset (SoFIFA)
43390644,Samuele Mulattieri,Sassuolo,Serie A,2025/26,,,,,year,,,pending_external_verification,
98010645,Yvon Mvogo,FC Lorient,Ligue 1,2025/26,,,,,year,,,pending_external_verification,
87040726,Kervin Arriaga,Levante,LaLiga,2025/26,2025.0,2027.0,,23000.0,year,9800000.0,4300000.0,verified,m-mahadi/top5-football-dataset (SoFIFA)
53098756,Morten Thorsby,Genoa Cricket and Football Club,Serie A,2025/26,,,,,year,,,pending_external_verification,
67256679,Urko Izeta,A. Bilbao,LaLiga,2025/26,,,,,year,,,pending_external_verification,
43077014,"Juan Cruz(Atlético Pamplona,Spain)",Osasuna,LaLiga,2025/26,,,,,year,,,pending_external_verification,
57137478,Marius Marin,Pisa Sporting Club,Serie A,2025/26,,,,,year,,,pending_external_verification,
67269465,Roger Brugué,Levante,LaLiga,2025/26,,,,,year,,,pending_external_verification,
48037980,Samir Chergui,Paris FC,Ligue 1,2025/26,,,,,year,,,pending_external_verification,
43095801,Andrea Fulignati,Cremonese,Serie A,2025/26,,,,,year,,,pending_external_verification,
91132290,Benedikt Gimber,1. FC Heidenheim 1846,Bundesliga,2025/26,,,,,year,,,pending_external_verification,
48036651,Elisha Owusu,AJ Auxerre,Ligue 1,2025/26,,,,,year,,,pending_external_verification,
91193886,Jan Schöppner,1. FC Heidenheim 1846,Bundesliga,2025/26,,,,,year,,,pending_external_verification,
92065838,Pascal Stenzel,VfB Stuttgart,Bundesliga,2025/26,,,,,year,,,pending_external_verification,
67186192,Unai Elgezabal,Levante,LaLiga,2025/26,,,,,year,,,verified,m-mahadi/top5-football-dataset (SoFIFA)
2000262919,Luka Vušković,Tottenham Hotspur,Premier League,2025/26,,,,,year,,,pending_external_verification,
2000180889,Finn Jeltsch,VfB Stuttgart,Bundesliga,2025/26,,,,,year,,,pending_external_verification,
2000193961,Ibrahim Maza,Bayer 04 Leverkusen,Bundesliga,2025/26,,,,,year,,,pending_external_verification,
2000170028,Lennon Miller,Udinese Calcio,Serie A,2025/26,,,,,year,,,pending_external_verification,
2000227373,Stefanos Tzimas,Brighton & Hove Albion,Premier League,2025/26,,,,,year,,,pending_external_verification,
2000311833,Yan Diomandé,RB Leipzig,Bundesliga,2025/26,2025.0,2030.0,,45000.0,year,103600000.0,54500000.0,verified,m-mahadi/top5-football-dataset (SoFIFA)
2000131124,Christian Mawissa,AS Monaco,Ligue 1,2025/26,,,,,year,,,pending_external_verification,
2000205927,Jobe Bellingham,Borussia Dortmund,Bundesliga,2025/26,,,,,year,,,pending_external_verification,
2000026194,Lucas Høgsberg,RC Strasbourg Alsace,Ligue 1,2025/26,,,,,year,,,pending_external_verification,
2000116173,Marius Broholm,LOSC Lille,Ligue 1,2025/26,,,,,year,,,pending_external_verification,
2000058381,Ngal'Ayel Mukau,LOSC Lille,Ligue 1,2025/26,,,,,year,,,pending_external_verification,
2000010316,Rav van den Berg,1. FC Köln,Bundesliga,2025/26,,,,,year,,,pending_external_verification,
2000031073,Reda Belahyane,Lazio,Serie A,2025/26,2025.0,2029.0,,9000.0,year,4400000.0,2300000.0,verified,m-mahadi/top5-football-dataset (SoFIFA)
43066936,Andrea Belotti,Cagliari Calcio,Serie A,2025/26,,,,,year,,,pending_external_verification,
67260207,Unai Vencedor,A. Bilbao,LaLiga,2025/26,,,,,year,,,pending_external_verification,
2000131424,Jon Gorrotxategi,Real Sociedad,LaLiga,2025/26,,,,,year,,,verified,m-mahadi/top5-football-dataset (SoFIFA)
2000126886,Oscar Højlund,Eintracht Frankfurt,Bundesliga,2025/26,,,,,year,,,pending_external_verification,
2000014077,Arsen Zakharyan,Real Sociedad,LaLiga,2025/26,2023.0,2029.0,,24000.0,year,16100000.000000002,7000000.0,verified,m-mahadi/top5-football-dataset (SoFIFA)
67199408,Álvaro Odriozola,Real Sociedad,LaLiga,2025/26,,,,,year,,,verified,m-mahadi/top5-football-dataset (SoFIFA)
167575,Djibril Sidibé,Toulouse FC,Ligue 1,2025/26,,,,,year,,,pending_external_verification,
49056369,Hannibal,Burnley,Premier League,2025/26,,,,,year,,,pending_external_verification,
2000006186,Lesley Ugochukwu,Burnley,Premier League,2025/26,2025.0,2030.0,,36000.0,year,23100000.0,11000000.0,verified,m-mahadi/top5-football-dataset (SoFIFA)
12093247,Nasser Djiga,Wolverhampton Wanderers,Premier League,2025/26,,,,,year,,,pending_external_verification,
28019851,Nathaniel Clyne,Crystal Palace,Premier League,2025/26,2020.0,2028.0,,39000.0,year,1100000.0,575000.0,verified,m-mahadi/top5-football-dataset (SoFIFA)
49059396,Junior Mwanga,RC Strasbourg Alsace,Ligue 1,2025/26,,,,,year,,,pending_external_verification,
2000022887,Cher Ndour,ACF Fiorentina,Serie A,2025/26,,,,,year,,,pending_external_verification,
43461908,Adam Obert,Cagliari Calcio,Serie A,2025/26,,,,,year,,,pending_external_verification,
28110962,Anthony Patterson,Sunderland,Premier League,2025/26,,,,,year,,,pending_external_verification,
2000139890,Saba Goglichidze,Udinese Calcio,Serie A,2025/26,,,,,year,,,pending_external_verification,
91193050,Jens Castrop,Borussia Mönchengladbach,Bundesliga,2025/26,,,,,year,,,pending_external_verification,
18115004,Ameen Al-Dakhil,VfB Stuttgart,Bundesliga,2025/26,,,,,year,,,pending_external_verification,
2000073449,"Arthur(Bayer 04 Leverkusen,Brazil)",Bayer 04 Leverkusen,Bundesliga,2025/26,,,,,year,,,pending_external_verification,
93070264,Hjalmar Ekdal,Burnley,Premier League,2025/26,2023.0,2027.0,,32000.0,year,4000000.0,2000000.0,verified,m-mahadi/top5-football-dataset (SoFIFA)
2000205565,Ibrahim Sulemana,Atalanta,Serie A,2025/26,,,,,year,,,pending_external_verification,
2000121309,Ismaël Koné,Olympique de Marseille,Ligue 1,2025/26,,,,,year,,,pending_external_verification,
83262111,Jeremy Sarmiento,Brighton & Hove Albion,Premier League,2025/26,,,,,year,,,pending_external_verification,
43315178,Junior Messias,Genoa Cricket and Football Club,Serie A,2025/26,,,,,year,,,pending_external_verification,
72046884,Matt Turner,Olympique Lyonnais,Ligue 1,2025/26,,,,,year,,,pending_external_verification,
28128173,William Osula,Newcastle United,Premier League,2025/26,,,,,year,,,pending_external_verification,
1401054,Lorenzo De Silvestri,Bologna FC 1909,Serie A,2025/26,,,,,year,,,pending_external_verification,
2000082463,Jon Karrikaburu,Real Sociedad,LaLiga,2025/26,,,,,year,,,verified,m-mahadi/top5-football-dataset (SoFIFA)
67295651,Álex Forés,Villarreal,LaLiga,2025/26,,,,,year,,,pending_external_verification,
67195730,Asier Villalibre,Alavés,LaLiga,2025/26,,,,,year,,,pending_external_verification,
72051619,Joe Scally,Borussia Mönchengladbach,Bundesliga,2025/26,,,,,year,,,pending_external_verification,
27140793,Jonathan Fischer,FC Metz,Ligue 1,2025/26,,,,,year,,,pending_external_verification,
84154025,Leonidas Stergiou,VfB Stuttgart,Bundesliga,2025/26,,,,,year,,,pending_external_verification,
958318,Óscar Trejo,Rayo Vallecano,LaLiga,2025/26,,,,,year,,,verified,m-mahadi/top5-football-dataset (SoFIFA)
2000130577,Carlos Martín,A. Madrid,LaLiga,2025/26,,,,,year,,,pending_external_verification,
20046847,Faris,Olympique de Marseille,Ligue 1,2025/26,,,,,year,,,pending_external_verification,
43317758,Gianluca Gaetano,Cagliari Calcio,Serie A,2025/26,,,,,year,,,pending_external_verification,
91132870,Ihlas Bebou,TSG 1899 Hoffenheim,Bundesliga,2025/26,,,,,year,,,pending_external_verification,
67278254,Iker Losada,Real Betis,LaLiga,2025/26,,,,,year,,,pending_external_verification,
91185080,Jan Thielmann,1. FC Köln,Bundesliga,2025/26,,,,,year,,,pending_external_verification,
49037694,Nathan Ngoumou,Borussia Mönchengladbach,Bundesliga,2025/26,,,,,year,,,pending_external_verification,
33066648,Paul Akouokou,Olympique Lyonnais,Ligue 1,2025/26,,,,,year,,,pending_external_verification,
91179656,Yannik Keitel,VfB Stuttgart,Bundesliga,2025/26,,,,,year,,,pending_external_verification,
67295596,Iván Romero,Levante,LaLiga,2025/26,,,,,year,,,verified,m-mahadi/top5-football-dataset (SoFIFA)
49044569,"Moussa Diarra(Alavés,Mali,France)",Alavés,LaLiga,2025/26,,,,,year,,,pending_external_verification,
37073593,Ki-Jana Hoever,Wolverhampton Wanderers,Premier League,2025/26,,,,,year,,,pending_external_verification,
47102376,Toluwalase Arokodare,Wolverhampton Wanderers,Premier League,2025/26,,,,,year,,,pending_external_verification,
43152255,Emil Audero,Como 1907,Serie A,2025/26,,,,,year,,,pending_external_verification,
84154310,Isaac Schmidt,Leeds United,Premier League,2025/26,,,,,year,,,pending_external_verification,
24061267,Ivan Smolčić,Como 1907,Serie A,2025/26,,,,,year,,,pending_external_verification,
93123680,Noel Törnqvist,Como 1907,Serie A,2025/26,,,,,year,,,pending_external_verification,
48043092,Stanley Nsoki,TSG 1899 Hoffenheim,Bundesliga,2025/26,,,,,year,,,pending_external_verification,
96055358,Adam Buksa,Udinese Calcio,Serie A,2025/26,,,,,year,,,pending_external_verification,
13196665,Issa Kaboré,Manchester City,Premier League,2025/26,,,,,year,,,pending_external_verification,
85057316,Mory Diaw,Le Havre,Ligue 1,2025/26,2025.0,2027.0,,8000.0,year,2400000.0,1200000.0,verified,m-mahadi/top5-football-dataset (SoFIFA)
37076232,Oussama El Azzouzi,Bologna FC 1909,Serie A,2025/26,,,,,year,,,pending_external_verification,
49037825,Warmed Omari,Stade Rennais FC,Ligue 1,2025/26,,,,,year,,,pending_external_verification,
84125462,Chidozie Awaziem,FC Nantes,Ligue 1,2025/26,,,,,year,,,pending_external_verification,
67245415,Oriol Rey,Levante,LaLiga,2025/26,2023.0,2027.0,,22000.0,year,7000000.0,3200000.0,verified,m-mahadi/top5-football-dataset (SoFIFA)
67211699,Tete Morente,Unione Sportiva Lecce,Serie A,2025/26,,,,,year,,,pending_external_verification,
49037548,Goduine Koyalipou,RC Lens,Ligue 1,2025/26,,,,,year,,,pending_external_verification,
66042120,Hong Hyun-Seok,1. FSV Mainz 05,Bundesliga,2025/26,,,,,year,,,pending_external_verification,
92018187,Kevin Müller,1. FC Heidenheim 1846,Bundesliga,2025/26,,,,,year,,,pending_external_verification,
14185196,Lautaro Valenti,Parma Calcio 1913,Serie A,2025/26,,,,,year,,,pending_external_verification,
93087462,Pontus Almqvist,Parma Calcio 1913,Serie A,2025/26,,,,,year,,,pending_external_verification,
49045908,Rayan Philippe,Hamburger Sport-Verein,Bundesliga,2025/26,,,,,year,,,pending_external_verification,
43093403,Stefano Sabelli,Genoa Cricket and Football Club,Serie A,2025/26,,,,,year,,,pending_external_verification,
48032631,Florian Sotoca,RC Lens,Ligue 1,2025/26,,,,,year,,,pending_external_verification,
92064816,Hauke Wahl,FC St. Pauli,Bundesliga,2025/26,,,,,year,,,pending_external_verification,
57150378,Horaţiu Moldovan,A. Madrid,LaLiga,2025/26,,,,,year,,,pending_external_verification,
28094200,Josh Laurent,Burnley,Premier League,2025/26,2024.0,2030.0,,41000.0,year,4800000.0,2500000.0,verified,m-mahadi/top5-football-dataset (SoFIFA)
27107357,Martin Frese,Hellas Verona FC,Serie A,2025/26,,,,,year,,,pending_external_verification,
50065275,Morgan Guilavogui,RC Lens,Ligue 1,2025/26,,,,,year,,,pending_external_verification,
91193999,Omar Traoré,1. FC Heidenheim 1846,Bundesliga,2025/26,,,,,year,,,pending_external_verification,
92074815,Tim Skarke,1. FC Union Berlin,Bundesliga,2025/26,,,,,year,,,pending_external_verification,
43055102,Matteo Bianchetti,Cremonese,Serie A,2025/26,2019.0,2029.0,,9000.0,year,2200000.0,1200000.0,verified,m-mahadi/top5-football-dataset (SoFIFA)
47023240,Karol Mets,FC St. Pauli,Bundesliga,2025/26,,,,,year,,,pending_external_verification,
14150772,Federico Gattoni,Sevilla,LaLiga,2025/26,2023.0,2027.0,,18000.0,year,3800000.0,1800000.0,verified,m-mahadi/top5-football-dataset (SoFIFA)
2000188173,Assan Ouédraogo,RB Leipzig,Bundesliga,2025/26,2024.0,2029.0,,27000.0,year,23300000.0,10000000.0,verified,m-mahadi/top5-football-dataset (SoFIFA)
2000094152,Claudio Echeverri,Manchester City,Premier League,2025/26,,,,,year,,,pending_external_verification,
2000259904,Giovanni Leoni,Liverpool,Premier League,2025/26,,,,,year,,,pending_external_verification,
2000155483,Julien Duranville,Borussia Dortmund,Bundesliga,2025/26,,,,,year,,,pending_external_verification,
2000295603,Marc Bernal,Barcelona,LaLiga,2025/26,2023.0,2029.0,,39000.0,year,24800000.0,11000000.0,verified,m-mahadi/top5-football-dataset (SoFIFA)
2000301027,Ayden Heaven,Manchester United,Premier League,2025/26,,,,,year,,,pending_external_verification,
2000115205,Jeanuël Belocian,Bayer 04 Leverkusen,Bundesliga,2025/26,,,,,year,,,pending_external_verification,
2000040214,Jhon Solís,Girona,LaLiga,2025/26,,,,,year,,,verified,m-mahadi/top5-football-dataset (SoFIFA)
2000399711,Juma Bah,Manchester City,Premier League,2025/26,,,,,year,,,pending_external_verification,
2000395140,Pau Cabanes,Villarreal,LaLiga,2025/26,2024.0,2028.0,,8000.0,year,4600000.0,1700000.0,verified,m-mahadi/top5-football-dataset (SoFIFA)
2000179713,Senny Mayulu,Paris Saint-Germain,Ligue 1,2025/26,,,,,year,,,pending_external_verification,
2000082598,Stefan Bajčetić,Liverpool,Premier League,2025/26,,,,,year,,,pending_external_verification,
91207698,Jonas Urbig,FC Bayern München,Bundesliga,2025/26,,,,,year,,,pending_external_verification,
55027994,"André Gomes(LOSC Lille,Portugal)",LOSC Lille,Ligue 1,2025/26,,,,,year,,,pending_external_verification,
2000178777,Kosta Nedeljković,Aston Villa,Premier League,2025/26,,,,,year,,,pending_external_verification,
39062838,Orri Óskarsson,Real Sociedad,LaLiga,2025/26,,,,,year,,,pending_external_verification,
2000144508,Ezechiel Banzuzi,RB Leipzig,Bundesliga,2025/26,2025.0,2030.0,,26000.0,year,14300000.0,7500000.0,verified,m-mahadi/top5-football-dataset (SoFIFA)
2000021281,Matteo Prati,Cagliari Calcio,Serie A,2025/26,,,,,year,,,pending_external_verification,
2000146948,Tom Rothe,1. FC Union Berlin,Bundesliga,2025/26,,,,,year,,,pending_external_verification,
28120038,Tommy Doyle,Wolverhampton Wanderers,Premier League,2025/26,,,,,year,,,pending_external_verification,
12088492,Mikayil Faye,Stade Rennais FC,Ligue 1,2025/26,,,,,year,,,pending_external_verification,
28127065,"Aaron Ramsey(Burnley,England)",Burnley,Premier League,2025/26,,,,,year,,,pending_external_verification,
49052370,Azzedine Ounahi,Girona,LaLiga,2025/26,2025.0,2030.0,,35000.0,year,50000000.0,23000000.0,verified,m-mahadi/top5-football-dataset (SoFIFA)
2000196762,Ilyas Ansah,1. FC Union Berlin,Bundesliga,2025/26,,,,,year,,,pending_external_verification,
2000183396,Ollie Scarles,West Ham United,Premier League,2025/26,,,,,year,,,pending_external_verification,
67156425,Raúl De Tomás,Rayo Vallecano,LaLiga,2025/26,,,,,year,,,pending_external_verification,
2000011613,Soumaïla Coulibaly,RC Strasbourg Alsace,Ligue 1,2025/26,,,,,year,,,pending_external_verification,
2000123485,Giovane,Hellas Verona FC,Serie A,2025/26,,,,,year,,,pending_external_verification,
67187249,Joan Jordán,Sevilla,LaLiga,2025/26,2019.0,2027.0,,27000.0,year,8400000.0,4000000.0,verified,m-mahadi/top5-football-dataset (SoFIFA)
67288317,"Iker Muñoz(Atlético Pamplona,Spain,Pays Basque)",Osasuna,LaLiga,2025/26,,,,,year,,,pending_external_verification,
2000061312,Luca Koleosho,Burnley,Premier League,2025/26,,,,,year,,,pending_external_verification,
2000146258,Muhammed Damar,TSG 1899 Hoffenheim,Bundesliga,2025/26,,,,,year,,,pending_external_verification,
49062636,Tom Louchet,OGC Nice,Ligue 1,2025/26,,,,,year,,,pending_external_verification,
18114991,Nathan Ngoy,LOSC Lille,Ligue 1,2025/26,,,,,year,,,pending_external_verification,
84161623,Aurèle Amenda,Eintracht Frankfurt,Bundesliga,2025/26,,,,,year,,,pending_external_verification,
43458331,Alessandro Bianco,ACF Fiorentina,Serie A,2025/26,,,,,year,,,pending_external_verification,
67184485,"Carlos Fernández(Real San Sebastián,Spain)",Real Sociedad,LaLiga,2025/26,,,,,year,,,pending_external_verification,
2000072022,Igor Matanović,Sport-Club Freiburg,Bundesliga,2025/26,,,,,year,,,pending_external_verification,
67144651,Jonny,Alavés,LaLiga,2025/26,,,,,year,,,pending_external_verification,
18057380,Leander Dendoncker,Oviedo,LaLiga,2025/26,2025.0,2027.0,,23000.0,year,4800000.0,2200000.0,verified,m-mahadi/top5-football-dataset (SoFIFA)
91206955,Jamil Siebert,Unione Sportiva Lecce,Serie A,2025/26,,,,,year,,,pending_external_verification,
2000193127,Coba,Getafe,LaLiga,2025/26,,,,,year,,,pending_external_verification,
2000062888,Pablo Campos,Levante,LaLiga,2025/26,,,,,year,,,pending_external_verification,
49041153,Esteban Lepaul,Stade Rennais FC,Ligue 1,2025/26,,,,,year,,,pending_external_verification,
45117151,Joel Chima Fujita,FC St. Pauli,Bundesliga,2025/26,,,,,year,,,pending_external_verification,
72056310,Kevin Paredes,VfL Wolfsburg,Bundesliga,2025/26,,,,,year,,,pending_external_verification,
37076659,Tomáš Suslov,Hellas Verona FC,Serie A,2025/26,,,,,year,,,pending_external_verification,
70099201,Altay Bayındır,Manchester United,Premier League,2025/26,,,,,year,,,pending_external_verification,
36514846,Steve Mounié,FC Augsburg,Bundesliga,2025/26,,,,,year,,,pending_external_verification,
48036990,Alban Lafont,FC Nantes,Ligue 1,2025/26,,,,,year,,,pending_external_verification,
43390940,Alessandro Zanoli,Napoli,Serie A,2025/26,,,,,year,,,pending_external_verification,
93122985,Amin Sarr,Hellas Verona FC,Serie A,2025/26,,,,,year,,,pending_external_verification,
85133890,Angelo Fulgini,RC Lens,Ligue 1,2025/26,,,,,year,,,pending_external_verification,
12092876,Bamba Dieng,FC Lorient,Ligue 1,2025/26,,,,,year,,,pending_external_verification,
2000006106,Isaak Touré,FC Lorient,Ligue 1,2025/26,,,,,year,,,pending_external_verification,
16170434,Mërgim Berisha,TSG 1899 Hoffenheim,Bundesliga,2025/26,,,,,year,,,pending_external_verification,
14241918,Nicolás Valentini,ACF Fiorentina,Serie A,2025/26,,,,,year,,,pending_external_verification,
49046391,Niels Nkounkou,Eintracht Frankfurt,Bundesliga,2025/26,,,,,year,,,pending_external_verification,
91143563,Dennis Geiger,TSG 1899 Hoffenheim,Bundesliga,2025/26,,,,,year,,,pending_external_verification,
28127371,Hugo Bueno,Wolverhampton Wanderers,Premier League,2025/26,,,,,year,,,pending_external_verification,
93070929,Jesper Karlsson,Bologna FC 1909,Serie A,2025/26,,,,,year,,,pending_external_verification,
43378804,Stefano Turati,Sassuolo,Serie A,2025/26,2019.0,2028.0,,7000.0,year,8000000.0,4000000.0,verified,m-mahadi/top5-football-dataset (SoFIFA)
2000009119,Yassin Belkhdim,Angers SCO,Ligue 1,2025/26,,,,,year,,,pending_external_verification,
12083693,"Boubacar Traoré(Wolverhampton Wanderers,Mali)",Wolverhampton Wanderers,Premier League,2025/26,,,,,year,,,pending_external_verification,
16042540,Florian Kainz,1. FC Köln,Bundesliga,2025/26,,,,,year,,,pending_external_verification,
2000028585,Jordy Makengo,Sport-Club Freiburg,Bundesliga,2025/26,,,,,year,,,pending_external_verification,
2000131530,Abdel Rahim Alhassane,Oviedo,LaLiga,2025/26,,,,,year,,,pending_external_verification,
43068478,Caleb Ekuban,Genoa Cricket and Football Club,Serie A,2025/26,,,,,year,,,pending_external_verification,
77016093,Matías Dituro,Elche,LaLiga,2025/26,2024.0,2027.0,,9000.0,year,1800000.0,825000.0,verified,m-mahadi/top5-football-dataset (SoFIFA)
91205184,Ransford Königsdörffer,Hamburger Sport-Verein,Bundesliga,2025/26,,,,,year,,,pending_external_verification,
91124152,Robert Glatzel,Hamburger Sport-Verein,Bundesliga,2025/26,,,,,year,,,pending_external_verification,
67218464,Dani Calvo,Oviedo,LaLiga,2025/26,2021.0,2030.0,,22000.0,year,3500000.0,1600000.0,verified,m-mahadi/top5-football-dataset (SoFIFA)
49048598,Josué Casimir,AJ Auxerre,Ligue 1,2025/26,,,,,year,,,pending_external_verification,
91109389,Kevin Akpoguma,TSG 1899 Hoffenheim,Bundesliga,2025/26,,,,,year,,,pending_external_verification,
67258573,Adrián De la Fuente,Levante,LaLiga,2025/26,,,,,year,,,verified,m-mahadi/top5-football-dataset (SoFIFA)
55070291,Aurélio Buta,Eintracht Frankfurt,Bundesliga,2025/26,,,,,year,,,pending_external_verification,
16202374,Junior Adamu,Sport-Club Freiburg,Bundesliga,2025/26,,,,,year,,,pending_external_verification,
92092364,Lennard Maloney,1. FSV Mainz 05,Bundesliga,2025/26,,,,,year,,,pending_external_verification,
49038311,Mohamed Bayo,LOSC Lille,Ligue 1,2025/26,,,,,year,,,pending_external_verification,
43094163,Simone Scuffet,Pisa Sporting Club,Serie A,2025/26,,,,,year,,,pending_external_verification,
29021698,Karl Darlow,Leeds United,Premier League,2025/26,2023.0,2028.0,,29000.0,year,1400000.0,725000.0,verified,m-mahadi/top5-football-dataset (SoFIFA)
18101818,Mike Trésor,Burnley,Premier League,2025/26,2023.0,2028.0,,41000.0,year,6300000.0,3300000.0,verified,m-mahadi/top5-football-dataset (SoFIFA)
62206980,Derek Cornelius,Olympique de Marseille,Ligue 1,2025/26,,,,,year,,,pending_external_verification,
13205265,Lameck Banda,Unione Sportiva Lecce,Serie A,2025/26,,,,,year,,,pending_external_verification,
27137069,Oliver Christensen,ACF Fiorentina,Serie A,2025/26,,,,,year,,,pending_external_verification,
59063380,Budu Zivzivadze,1. FC Heidenheim 1846,Bundesliga,2025/26,,,,,year,,,pending_external_verification,
91190216,Marvin Pieringer,1. FC Heidenheim 1846,Bundesliga,2025/26,,,,,year,,,pending_external_verification,
27088224,Mads Pedersen,FC Augsburg,Bundesliga,2025/26,,,,,year,,,pending_external_verification,
43081383,Alberto Grassi,Cremonese,Serie A,2025/26,2025.0,2027.0,,8000.0,year,2700000.0,1500000.0,verified,m-mahadi/top5-football-dataset (SoFIFA)
43093890,Alessandro Deiola,Cagliari Calcio,Serie A,2025/26,,,,,year,,,pending_external_verification,
48031590,Antoine Bernede,Hellas Verona FC,Serie A,2025/26,,,,,year,,,pending_external_verification,
98033713,Charles Pickel,Espanyol,LaLiga,2025/26,2025.0,2028.0,,13000.0,year,3400000.0,1600000.0,verified,m-mahadi/top5-football-dataset (SoFIFA)
29198448,Danel Sinani,FC St. Pauli,Bundesliga,2025/26,,,,,year,,,pending_external_verification,
43143486,Federico Bonazzoli,Cremonese,Serie A,2025/26,2024.0,2028.0,,11000.0,year,4300000.0,2400000.0,verified,m-mahadi/top5-football-dataset (SoFIFA)
43134973,Ionuţ Radu,Celta,LaLiga,2025/26,,,,,year,,,pending_external_verification,
49049339,Lassine Sinayoko,AJ Auxerre,Ligue 1,2025/26,,,,,year,,,pending_external_verification,
18089257,Arnaud Bodart,LOSC Lille,Ligue 1,2025/26,,,,,year,,,pending_external_verification,
43152269,Filippo Romagna,Sassuolo,Serie A,2025/26,2020.0,2030.0,,12000.0,year,2500000.0,1400000.0,verified,m-mahadi/top5-football-dataset (SoFIFA)
91137260,Jordan Torunarigha,Hamburger Sport-Verein,Bundesliga,2025/26,,,,,year,,,pending_external_verification,
37063647,Martijn Kaars,FC St. Pauli,Bundesliga,2025/26,,,,,year,,,pending_external_verification,
29084738,Luke O'Nien,Sunderland,Premier League,2025/26,2018.0,2027.0,,37000.0,year,3600000.0,1900000.0,verified,m-mahadi/top5-football-dataset (SoFIFA)
2000298715,Mikey Moore,Tottenham Hotspur,Premier League,2025/26,,,,,year,,,pending_external_verification,
2000221609,Vitor Reis,Manchester City,Premier League,2025/26,,,,,year,,,pending_external_verification,
2000158356,"Jair(Nottingham Forest,Brazil)",Nottingham Forest,Premier League,2025/26,,,,,year,,,pending_external_verification,
29173977,Max Aarons,AFC Bournemouth,Premier League,2025/26,,,,,year,,,pending_external_verification,
292380027,Tim Iroegbunam,Everton,Premier League,2025/26,2024.0,2027.0,,31000.0,year,19800000.0,10000000.0,verified,m-mahadi/top5-football-dataset (SoFIFA)
2000031536,Soungoutou Magassa,West Ham United,Premier League,2025/26,,,,,year,,,pending_external_verification,
70118933,Cenk Özkacar,Valencia,LaLiga,2025/26,,,,,year,,,pending_external_verification,
2000010840,Toby Collyer,Manchester United,Premier League,2025/26,,,,,year,,,pending_external_verification,
2000006104,Obed Nkambadio,Paris FC,Ligue 1,2025/26,,,,,year,,,pending_external_verification,
85079680,Aïssa Mandi,LOSC Lille,Ligue 1,2025/26,,,,,year,,,pending_external_verification,
18023431,Christian Kabasele,Udinese Calcio,Serie A,2025/26,,,,,year,,,pending_external_verification,
28087595,Patrick Roberts,Sunderland,Premier League,2025/26,,,,,year,,,verified,m-mahadi/top5-football-dataset (SoFIFA)
49040115,Illan Meslier,Leeds United,Premier League,2025/26,,,,,year,,,pending_external_verification,
96093498,Radosław Majecki,AS Monaco,Ligue 1,2025/26,,,,,year,,,pending_external_verification,
67279756,Àlex Sala,Unione Sportiva Lecce,Serie A,2025/26,,,,,year,,,pending_external_verification,
93123174,Jacob Ondrejka,Parma Calcio 1913,Serie A,2025/26,,,,,year,,,pending_external_verification,
2000066137,"Ousmane Camara(Angers SCO,France)",Angers SCO,Ligue 1,2025/26,,,,,year,,,pending_external_verification,
49059201,Pablo Pagis,FC Lorient,Ligue 1,2025/26,,,,,year,,,pending_external_verification,
27139791,Oliver Sørensen,Parma Calcio 1913,Serie A,2025/26,,,,,year,,,pending_external_verification,
43425924,Alessandro Sersanti,Juventus,Serie A,2025/26,,,,,year,,,pending_external_verification,
67191440,Iván Villar,Celta,LaLiga,2025/26,,,,,year,,,pending_external_verification,
19335371,Lucas Pires,Burnley,Premier League,2025/26,,,,,year,,,pending_external_verification,
12078951,Konan N'Dri,Unione Sportiva Lecce,Serie A,2025/26,,,,,year,,,pending_external_verification,
49054998,Paul Joly,AJ Auxerre,Ligue 1,2025/26,,,,,year,,,pending_external_verification,
2000066197,Unai Eguíluz,A. Bilbao,LaLiga,2025/26,,,,,year,,,pending_external_verification,
57187440,Răzvan Sava,Udinese Calcio,Serie A,2025/26,,,,,year,,,pending_external_verification,
49062672,Sinaly Diomandé,AJ Auxerre,Ligue 1,2025/26,,,,,year,,,pending_external_verification,
45104573,Ayumu Seko,Le Havre,Ligue 1,2025/26,2025.0,2027.0,,10000.0,year,6400000.0,3100000.0,verified,m-mahadi/top5-football-dataset (SoFIFA)
78081773,Carlos Benavídez,Alavés,LaLiga,2025/26,,,,,year,,,verified,m-mahadi/top5-football-dataset (SoFIFA)
14187538,Facundo Garcés,Alavés,LaLiga,2025/26,,,,,year,,,verified,m-mahadi/top5-football-dataset (SoFIFA)
19165169,Carlens Arcus,Angers SCO,Ligue 1,2025/26,,,,,year,,,pending_external_verification,
53116120,Dennis Johnsen,Cremonese,Serie A,2025/26,,,,,year,,,verified,m-mahadi/top5-football-dataset (SoFIFA)
48043837,Frank Magri,Toulouse FC,Ligue 1,2025/26,,,,,year,,,pending_external_verification,
85144985,Jessy Deminguet,FC Metz,Ligue 1,2025/26,,,,,year,,,pending_external_verification,
85072878,Jordan Lefort,Angers SCO,Ligue 1,2025/26,,,,,year,,,pending_external_verification,
49053847,Lilian Raolisoa,Angers SCO,Ligue 1,2025/26,,,,,year,,,pending_external_verification,
67203459,Toni Lato,Mallorca,LaLiga,2025/26,2023.0,2027.0,,22000.0,year,6100000.0,2900000.0,verified,m-mahadi/top5-football-dataset (SoFIFA)
43272011,Federico Ravaglia,Bologna FC 1909,Serie A,2025/26,,,,,year,,,pending_external_verification,
48032430,Vincent Marchetti,Paris FC,Ligue 1,2025/26,,,,,year,,,pending_external_verification,
43193946,Youssef Maleh,Unione Sportiva Lecce,Serie A,2025/26,,,,,year,,,pending_external_verification,
12075128,Cheikh Sabaly,FC Metz,Ligue 1,2025/26,,,,,year,,,pending_external_verification,
67018270,Raúl Fernández,Alavés,LaLiga,2025/26,,,,,year,,,pending_external_verification,
48036255,Jean-Philippe Krasso,Paris FC,Ligue 1,2025/26,,,,,year,,,pending_external_verification,
25017111,Václav Hladký,Burnley,Premier League,2025/26,,,,,year,,,pending_external_verification,
13175645,Hervé Koffi,RC Lens,Ligue 1,2025/26,,,,,year,,,pending_external_verification,
2000288527,Saïd El Mala,1. FC Köln,Bundesliga,2025/26,,,,,year,,,pending_external_verification,
2000215183,Bence Dárdai,VfL Wolfsburg,Bundesliga,2025/26,,,,,year,,,pending_external_verification,
2000208439,Gabriel Moscardo,Paris Saint-Germain,Ligue 1,2025/26,,,,,year,,,pending_external_verification,
2000261214,Trey Nyoni,Liverpool,Premier League,2025/26,2025.0,2028.0,,14000.0,year,4500000.0,1800000.0,verified,m-mahadi/top5-football-dataset (SoFIFA)
2000009463,Alan Matturro,Genoa Cricket and Football Club,Serie A,2025/26,,,,,year,,,pending_external_verification,
2000224667,Arthur Avom Ebong,FC Lorient,Ligue 1,2025/26,,,,,year,,,pending_external_verification,
2000112986,Max Alleyne,Manchester City,Premier League,2025/26,2023.0,2030.0,,26000.0,year,5500000.0,2700000.0,verified,m-mahadi/top5-football-dataset (SoFIFA)
2000025303,Lorenzo Amatucci,ACF Fiorentina,Serie A,2025/26,,,,,year,,,pending_external_verification,
89065344,Carl Rushworth,Brighton & Hove Albion,Premier League,2025/26,,,,,year,,,pending_external_verification,
2000101844,Robin Risser,RC Lens,Ligue 1,2025/26,,,,,year,,,pending_external_verification,
2000069208,Umut Tohumcu,TSG 1899 Hoffenheim,Bundesliga,2025/26,,,,,year,,,pending_external_verification,
2000178883,Aaron Zehnter,VfL Wolfsburg,Bundesliga,2025/26,,,,,year,,,pending_external_verification,
12094339,Abakar Sylla,RC Strasbourg Alsace,Ligue 1,2025/26,,,,,year,,,pending_external_verification,
2000154161,Aljoscha Kemlein,1. FC Union Berlin,Bundesliga,2025/26,,,,,year,,,pending_external_verification,
2000050721,Peter Federico,Getafe,LaLiga,2025/26,,,,,year,,,pending_external_verification,
28121435,Owen Beck,Liverpool,Premier League,2025/26,,,,,year,,,pending_external_verification,
84159608,Albian Hajdari,TSG 1899 Hoffenheim,Bundesliga,2025/26,,,,,year,,,pending_external_verification,
28122834,Dennis Cirkin,Sunderland,Premier League,2025/26,2021.0,2029.0,,31000.0,year,7400000.0,3500000.0,verified,m-mahadi/top5-football-dataset (SoFIFA)
85144993,Jean-Victor Makengo,FC Lorient,Ligue 1,2025/26,,,,,year,,,pending_external_verification,
85117459,Maxwel Cornet,West Ham United,Premier League,2025/26,,,,,year,,,pending_external_verification,
2000154596,Lukas Ullrich,Borussia Mönchengladbach,Bundesliga,2025/26,,,,,year,,,pending_external_verification,
43090278,Pierluigi Gollini,Associazione Sportiva Roma,Serie A,2025/26,,,,,year,,,pending_external_verification,
91204803,Denis Huseinbašić,1. FC Köln,Bundesliga,2025/26,,,,,year,,,pending_external_verification,
2000071254,Derry Scherhant,Sport-Club Freiburg,Bundesliga,2025/26,,,,,year,,,pending_external_verification,
95078290,Iván Azón,Como 1907,Serie A,2025/26,,,,,year,,,pending_external_verification,
91190768,Noah Weißhaupt,Sport-Club Freiburg,Bundesliga,2025/26,,,,,year,,,pending_external_verification,
92071859,Philipp Köhn,AS Monaco,Ligue 1,2025/26,,,,,year,,,pending_external_verification,
19302917,"Brenner(Udinese Calcio,Brazil,Italy,United States)",Udinese Calcio,Serie A,2025/26,,,,,year,,,pending_external_verification,
43273310,David Okereke,Cremonese,Serie A,2025/26,2022.0,2028.0,,10000.0,year,4500000.0,2500000.0,verified,m-mahadi/top5-football-dataset (SoFIFA)
92082045,Florian Müller,Sport-Club Freiburg,Bundesliga,2025/26,,,,,year,,,pending_external_verification,
85053691,Jean-Daniel Akpa Akpro,Hellas Verona FC,Serie A,2025/26,,,,,year,,,pending_external_verification,
48040712,Mathieu Cafaro,Paris FC,Ligue 1,2025/26,,,,,year,,,pending_external_verification,
43009443,Milan Đurić,Parma Calcio 1913,Serie A,2025/26,,,,,year,,,pending_external_verification,
28094954,Sergi Canós,Valencia,LaLiga,2025/26,,,,,year,,,pending_external_verification,
18097134,Hannes Delcroix,Burnley,Premier League,2025/26,,,,,year,,,pending_external_verification,
47075787,Aiyegun Tosin,FC Lorient,Ligue 1,2025/26,,,,,year,,,pending_external_verification,
96059679,Dawid Kownacki,SV Werder Bremen,Bundesliga,2025/26,,,,,year,,,pending_external_verification,
49037761,Nicolas Cozza,VfL Wolfsburg,Bundesliga,2025/26,,,,,year,,,pending_external_verification,
62239624,Nikola Štulić,Unione Sportiva Lecce,Serie A,2025/26,,,,,year,,,pending_external_verification,
18089340,Alessio Castro-Montes,1. FC Köln,Bundesliga,2025/26,,,,,year,,,pending_external_verification,
49040526,Grégoire Coudert,Stade Brestois 29,Ligue 1,2025/26,,,,,year,,,pending_external_verification,
50039251,Jim Allevinah,Angers SCO,Ligue 1,2025/26,,,,,year,,,pending_external_verification,
91108281,Jonas Meffert,Hamburger Sport-Verein,Bundesliga,2025/26,,,,,year,,,pending_external_verification,
91108276,Leart Paçarada,1. FC Heidenheim 1846,Bundesliga,2025/26,,,,,year,,,pending_external_verification,
93015023,Patrik Carlgren,FC Nantes,Ligue 1,2025/26,,,,,year,,,pending_external_verification,
18096680,Thibault De Smet,Paris FC,Ligue 1,2025/26,,,,,year,,,pending_external_verification,
13133378,Vakoun Issouf Bayo,Udinese Calcio,Serie A,2025/26,,,,,year,,,pending_external_verification,
43391696,Walid Cheddira,Napoli,Serie A,2025/26,,,,,year,,,pending_external_verification,
53149913,Warren Kamanzi,Toulouse FC,Ligue 1,2025/26,,,,,year,,,pending_external_verification,
67260201,Oier Zarraga,Udinese Calcio,Serie A,2025/26,,,,,year,,,pending_external_verification,
29114950,Gauthier Gallon,Stade Rennais FC,Ligue 1,2025/26,,,,,year,,,pending_external_verification,
48031443,Kelvin Amian,FC Nantes,Ligue 1,2025/26,,,,,year,,,pending_external_verification,
83177137,Koffi Kouao,FC Metz,Ligue 1,2025/26,,,,,year,,,pending_external_verification,
36081836,Manolis Saliakas,FC St. Pauli,Bundesliga,2025/26,,,,,year,,,pending_external_verification,
95040947,Oladapo Afolayan,FC St. Pauli,Bundesliga,2025/26,,,,,year,,,pending_external_verification,
52064763,Alan Browne,Sunderland,Premier League,2025/26,,,,,year,,,pending_external_verification,
2000175080,Dennis Seimen,VfB Stuttgart,Bundesliga,2025/26,,,,,year,,,pending_external_verification,
2000402904,Jan Virgili,Mallorca,LaLiga,2025/26,2025.0,2030.0,,20000.0,year,27600000.0,12000000.0,verified,m-mahadi/top5-football-dataset (SoFIFA)
2000187623,Jaydee Canvot,Crystal Palace,Premier League,2025/26,2025.0,2029.0,,36000.0,year,17900000.0,8500000.0,verified,m-mahadi/top5-football-dataset (SoFIFA)
12095038,Malick Yalcouyé,Brighton & Hove Albion,Premier League,2025/26,,,,,year,,,pending_external_verification,
2000102877,Mike Penders,Chelsea,Premier League,2025/26,,,,,year,,,pending_external_verification,
2000190479,Sam Amo-Ameyaw,RC Strasbourg Alsace,Ligue 1,2025/26,,,,,year,,,pending_external_verification,
2000142045,Julio Soler,AFC Bournemouth,Premier League,2025/26,,,,,year,,,pending_external_verification,
2000104915,Saël Kumbedi,Olympique Lyonnais,Ligue 1,2025/26,,,,,year,,,pending_external_verification,
2000187717,Tommy Watson,Brighton & Hove Albion,Premier League,2025/26,,,,,year,,,pending_external_verification,
2000141874,Christian Ordoñez,Parma Calcio 1913,Serie A,2025/26,,,,,year,,,pending_external_verification,
2000200406,Mariano Troilo,Parma Calcio 1913,Serie A,2025/26,,,,,year,,,pending_external_verification,
27157970,Oliver Provstgaard,Lazio,Serie A,2025/26,,,,,year,,,pending_external_verification,
2000180850,Mert Kömür,FC Augsburg,Bundesliga,2025/26,,,,,year,,,pending_external_verification,
2000024428,Radek Vítek,Manchester United,Premier League,2025/26,,,,,year,,,pending_external_verification,
2000049422,"Rubén Sánchez(Espanyol,Spain)",Espanyol,LaLiga,2025/26,,,,,year,,,pending_external_verification,
2000083703,Mário Sauer,Toulouse FC,Ligue 1,2025/26,,,,,year,,,pending_external_verification,
2000076898,"Ramón(Sevilla,Spain)",Sevilla,LaLiga,2025/26,,,,,year,,,pending_external_verification,
2000048682,Medon Berisha,Unione Sportiva Lecce,Serie A,2025/26,,,,,year,,,pending_external_verification,
14254707,Ignacio Miramón,LOSC Lille,Ligue 1,2025/26,,,,,year,,,pending_external_verification,
62127145,Nikola Maraš,Alavés,LaLiga,2025/26,,,,,year,,,pending_external_verification,
29165729,Omar Richards,Nottingham Forest,Premier League,2025/26,,,,,year,,,pending_external_verification,
28127318,Romaine Mundle,Sunderland,Premier League,2025/26,2024.0,2028.0,,31000.0,year,8800000.0,4200000.0,verified,m-mahadi/top5-football-dataset (SoFIFA)
12092872,Abdoulaye Ndiaye,Parma Calcio 1913,Serie A,2025/26,,,,,year,,,pending_external_verification,
14078688,Franco Cervi,Celta,LaLiga,2025/26,,,,,year,,,pending_external_verification,
83228729,Guilherme Fernandes,Real Betis,LaLiga,2025/26,,,,,year,,,pending_external_verification,
28128115,Jesurun Rak-Sakyi,Crystal Palace,Premier League,2025/26,,,,,year,,,pending_external_verification,
16254007,Matthias Braunöder,Como 1907,Serie A,2025/26,,,,,year,,,pending_external_verification,
34009070,Allan Nyom,Getafe,LaLiga,2025/26,2025.0,2028.0,,15000.0,year,893000.0,425000.0,verified,m-mahadi/top5-football-dataset (SoFIFA)
28101028,Grady Diangana,Elche,LaLiga,2025/26,2025.0,2027.0,,14000.0,year,3700000.0,1700000.0,verified,m-mahadi/top5-football-dataset (SoFIFA)
29114927,Jean-Philippe Gbamin,FC Metz,Ligue 1,2025/26,,,,,year,,,pending_external_verification,
91195878,Luca Netz,Borussia Mönchengladbach,Bundesliga,2025/26,,,,,year,,,pending_external_verification,
49054583,Skelly Alvero,SV Werder Bremen,Bundesliga,2025/26,,,,,year,,,pending_external_verification,
16191707,Jusuf Gazibegović,1. FC Köln,Bundesliga,2025/26,,,,,year,,,pending_external_verification,
2000025698,Rémy Labeau Lascary,RC Lens,Ligue 1,2025/26,,,,,year,,,pending_external_verification,
43424594,Tommaso Barbieri,Cremonese,Serie A,2025/26,2024.0,2028.0,,7000.0,year,5100000.0,2700000.0,verified,m-mahadi/top5-football-dataset (SoFIFA)
49054420,Youte,Le Havre,Ligue 1,2025/26,,,,,year,,,pending_external_verification,
67288316,Iker Benito,Osasuna,LaLiga,2025/26,2020.0,2027.0,,19000.0,year,8700000.0,3800000.0,verified,m-mahadi/top5-football-dataset (SoFIFA)
92018444,Dominique Heintz,1. FC Köln,Bundesliga,2025/26,,,,,year,,,pending_external_verification,
91204749,Louis Oppie,FC St. Pauli,Bundesliga,2025/26,,,,,year,,,pending_external_verification,
39053303,Þórir Jóhann Helgason,Unione Sportiva Lecce,Serie A,2025/26,,,,,year,,,pending_external_verification,
2000053956,Abde,Alavés,LaLiga,2025/26,,,,,year,,,pending_external_verification,
53126104,Emil Bohinen,Genoa Cricket and Football Club,Serie A,2025/26,,,,,year,,,pending_external_verification,
43409501,Gabriele Piccinini,Pisa Sporting Club,Serie A,2025/26,,,,,year,,,pending_external_verification,
43215575,Luca Zanimacchia,Cremonese,Serie A,2025/26,,,,,year,,,pending_external_verification,
91155514,Marco Richter,1. FSV Mainz 05,Bundesliga,2025/26,,,,,year,,,pending_external_verification,
91188907,Maximilian Bauer,FC Augsburg,Bundesliga,2025/26,,,,,year,,,pending_external_verification,
18096737,Olivier Deman,SV Werder Bremen,Bundesliga,2025/26,,,,,year,,,pending_external_verification,
16282754,Victor Parada,Alavés,LaLiga,2025/26,2022.0,2029.0,,13000.0,year,4800000.0,2100000.0,verified,m-mahadi/top5-football-dataset (SoFIFA)
49055862,Moustapha Mbow,Paris FC,Ligue 1,2025/26,,,,,year,,,pending_external_verification,
37064635,Abdou Harroui,Hellas Verona FC,Serie A,2025/26,,,,,year,,,pending_external_verification,
49062629,Balthazar Pierret,Unione Sportiva Lecce,Serie A,2025/26,,,,,year,,,pending_external_verification,
49038255,Cheikh Niasse,Hellas Verona FC,Serie A,2025/26,,,,,year,,,pending_external_verification,
67262370,Jon Ander Olasagasti,Levante,LaLiga,2025/26,,,,,year,,,pending_external_verification,
14247879,Julián Malatini,SV Werder Bremen,Bundesliga,2025/26,,,,,year,,,pending_external_verification,
91173414,Matheo Raab,1. FC Union Berlin,Bundesliga,2025/26,,,,,year,,,pending_external_verification,
92084880,Maxim Leitsch,1. FSV Mainz 05,Bundesliga,2025/26,,,,,year,,,pending_external_verification,
2000234276,Adama Camara,Paris FC,Ligue 1,2025/26,,,,,year,,,pending_external_verification,
15069939,Connor Metcalfe,FC St. Pauli,Bundesliga,2025/26,,,,,year,,,pending_external_verification,
83149225,Fali Candé,Sassuolo,Serie A,2025/26,2025.0,2028.0,,13000.0,year,3800000.0,2000000.0,verified,m-mahadi/top5-football-dataset (SoFIFA)
84150928,Joël Schmied,1. FC Köln,Bundesliga,2025/26,,,,,year,,,pending_external_verification,
59130428,Kwasi Sibo,Oviedo,LaLiga,2025/26,2024.0,2029.0,,17000.0,year,3900000.0,1700000.0,verified,m-mahadi/top5-football-dataset (SoFIFA)
43154707,Manuel De Luca,Cremonese,Serie A,2025/26,,,,,year,,,verified,m-mahadi/top5-football-dataset (SoFIFA)
27135742,Nikolas Nartey,VfB Stuttgart,Bundesliga,2025/26,,,,,year,,,pending_external_verification,
83209861,Rui Modesto,Udinese Calcio,Serie A,2025/26,,,,,year,,,pending_external_verification,
43206238,Nicholas Pierini,Sassuolo,Serie A,2025/26,,,,,year,,,verified,m-mahadi/top5-football-dataset (SoFIFA)
16043146,Mathias Honsak,1. FC Heidenheim 1846,Bundesliga,2025/26,,,,,year,,,pending_external_verification,
37050680,Calvin Verdonk,LOSC Lille,Ligue 1,2025/26,,,,,year,,,pending_external_verification,
2000128974,Eliezer Mayenda,Sunderland,Premier League,2025/26,2023.0,2030.0,,31000.0,year,10500000.0,5000000.0,verified,m-mahadi/top5-football-dataset (SoFIFA)
2000129012,Jayden Addai,Como 1907,Serie A,2025/26,,,,,year,,,pending_external_verification,
2000088490,Roony Bardghji,Barcelona,LaLiga,2025/26,2025.0,2029.0,,46000.0,year,20300000.0,9000000.0,verified,m-mahadi/top5-football-dataset (SoFIFA)
2000191846,Jayden Danns,Liverpool,Premier League,2025/26,,,,,year,,,pending_external_verification,
2000222926,Jeff Ekhator,Genoa Cricket and Football Club,Serie A,2025/26,,,,,year,,,pending_external_verification,
2000212944,Mahamadou Diawara,Olympique Lyonnais,Ligue 1,2025/26,,,,,year,,,pending_external_verification,
2000293527,Tyler Bindon,Nottingham Forest,Premier League,2025/26,,,,,year,,,pending_external_verification,
67157152,"Mariano(Alavés,Dominican Republic,Spain)",Alavés,LaLiga,2025/26,,,,,year,,,pending_external_verification,
2000158335,Matías Moreno,ACF Fiorentina,Serie A,2025/26,,,,,year,,,pending_external_verification,
2000209925,Emmanuel Biumla,Angers SCO,Ligue 1,2025/26,,,,,year,,,pending_external_verification,
49060803,Salis Abdul Samed,OGC Nice,Ligue 1,2025/26,,,,,year,,,pending_external_verification,
2000165624,Zachary Athekame,Milan,Serie A,2025/26,2025.0,2030.0,,8000.0,year,3700000.0,1600000.0,verified,m-mahadi/top5-football-dataset (SoFIFA)
29142372,Ben Godfrey,Atalanta,Serie A,2025/26,,,,,year,,,pending_external_verification,
67246343,Cristian Rivero,Valencia,LaLiga,2025/26,,,,,year,,,pending_external_verification,
2000050573,Romano Floriani Mussolini,Lazio,Serie A,2025/26,,,,,year,,,pending_external_verification,
19163503,"Hernâni(Parma Calcio 1913,Brazil)",Parma Calcio 1913,Serie A,2025/26,,,,,year,,,pending_external_verification,
49058981,Lohann Doucet,Paris FC,Ligue 1,2025/26,,,,,year,,,pending_external_verification,
55024859,Fábio Cardoso,Sevilla,LaLiga,2025/26,2025.0,2028.0,,26000.0,year,6100000.0,2900000.0,verified,m-mahadi/top5-football-dataset (SoFIFA)
2000013687,Hugo Novoa,Alavés,LaLiga,2025/26,,,,,year,,,pending_external_verification,
43500463,Alessandro Marcandalli,Genoa Cricket and Football Club,Serie A,2025/26,,,,,year,,,pending_external_verification,
37060947,Shurandy Sambo,Burnley,Premier League,2025/26,,,,,year,,,pending_external_verification,
28116526,Aji Alese,Sunderland,Premier League,2025/26,,,,,year,,,pending_external_verification,
2000091490,Tadeo Allende,Celta,LaLiga,2025/26,,,,,year,,,pending_external_verification,
91119468,Luca Waldschmidt,1. FC Köln,Bundesliga,2025/26,,,,,year,,,pending_external_verification,
12078881,"Mohamed Bamba(FC Lorient,Ivory Coast,Guinea)",FC Lorient,Ligue 1,2025/26,,,,,year,,,pending_external_verification,
2000288426,Tiago Gabriel,Unione Sportiva Lecce,Serie A,2025/26,,,,,year,,,pending_external_verification,
43075133,Federico Ceccherini,Cremonese,Serie A,2025/26,2024.0,2029.0,,9000.0,year,1600000.0,900000.0,verified,m-mahadi/top5-football-dataset (SoFIFA)
67093858,Josan Ferrández,Elche,LaLiga,2025/26,,,,,year,,,pending_external_verification,
96114107,Adrian Benedyczak,Parma Calcio 1913,Serie A,2025/26,,,,,year,,,pending_external_verification,
67247255,Diego Pampín,Levante,LaLiga,2025/26,2024.0,2028.0,,13000.0,year,3600000.0,1600000.0,verified,m-mahadi/top5-football-dataset (SoFIFA)
43458488,Mattia Felici,Cagliari Calcio,Serie A,2025/26,,,,,year,,,pending_external_verification,
43317768,Andrea Ghion,Sassuolo,Serie A,2025/26,,,,,year,,,verified,m-mahadi/top5-football-dataset (SoFIFA)
76056508,Daniel Mosquera,Hellas Verona FC,Serie A,2025/26,,,,,year,,,pending_external_verification,
48044736,Hamza Rafia,Unione Sportiva Lecce,Serie A,2025/26,,,,,year,,,pending_external_verification,
2000062514,Ilyas Chaira,Oviedo,LaLiga,2025/26,2025.0,2028.0,,23000.0,year,9600000.0,4200000.0,verified,m-mahadi/top5-football-dataset (SoFIFA)
67258846,Marc Aguado,Elche,LaLiga,2025/26,2025.0,2027.0,,17000.0,year,9300000.0,4100000.0,verified,m-mahadi/top5-football-dataset (SoFIFA)
2000029896,Gaby Jean,Unione Sportiva Lecce,Serie A,2025/26,,,,,year,,,pending_external_verification,
91144391,Niklas Schmidt,Toulouse FC,Ligue 1,2025/26,,,,,year,,,pending_external_verification,
85098947,Pierrick Capelle,Angers SCO,Ligue 1,2025/26,,,,,year,,,pending_external_verification,
27069775,Younes Namli,Le Havre,Ligue 1,2025/26,,,,,year,,,verified,m-mahadi/top5-football-dataset (SoFIFA)
85134755,Rémy Descamps,Olympique Lyonnais,Ligue 1,2025/26,,,,,year,,,pending_external_verification,
67270544,"Víctor García(Levante,Spain)",Levante,LaLiga,2025/26,,,,,year,,,pending_external_verification,
85058541,Florent Hanin,Angers SCO,Ligue 1,2025/26,,,,,year,,,pending_external_verification,
72051708,Theo Bair,AJ Auxerre,Ligue 1,2025/26,,,,,year,,,pending_external_verification,
2000181790,Eli Junior Kroupi,AFC Bournemouth,Premier League,2025/26,,,,,year,,,pending_external_verification,
2000254793,Sverre Nypan,Manchester City,Premier League,2025/26,,,,,year,,,pending_external_verification,
2000273847,Babis Kostoulas,Brighton & Hove Albion,Premier League,2025/26,,,,,year,,,pending_external_verification,
2000254692,Chris Rigg,Sunderland,Premier League,2025/26,2023.0,2030.0,,25000.0,year,11600000.0,5500000.0,verified,m-mahadi/top5-football-dataset (SoFIFA)
2000136198,Marco Palestra,Atalanta,Serie A,2025/26,,,,,year,,,pending_external_verification,
85140676,Naby Keïta,SV Werder Bremen,Bundesliga,2025/26,,,,,year,,,pending_external_verification,
2000056845,James Beadle,Brighton & Hove Albion,Premier League,2025/26,,,,,year,,,pending_external_verification,
2000164598,Joel Roca,Girona,LaLiga,2025/26,2024.0,2029.0,,19000.0,year,15000000.0,6500000.0,verified,m-mahadi/top5-football-dataset (SoFIFA)
2000150854,Peio Canales,A. Bilbao,LaLiga,2025/26,,,,,year,,,pending_external_verification,
2000210771,Vladyslav Krapyvtsov,Girona,LaLiga,2025/26,2024.0,2029.0,,3000.0,year,3300000.0,1200000.0,verified,m-mahadi/top5-football-dataset (SoFIFA)
2000330773,Yang Min-Hyeok,Tottenham Hotspur,Premier League,2025/26,,,,,year,,,pending_external_verification,
2000058460,Ander Astralaga,Barcelona,LaLiga,2025/26,,,,,year,,,pending_external_verification,
28124570,Bashir Humphreys,Burnley,Premier League,2025/26,2025.0,2029.0,,37000.0,year,18900000.0,9000000.0,verified,m-mahadi/top5-football-dataset (SoFIFA)
2000024732,Luca Marianucci,Napoli,Serie A,2025/26,2026.0,,,23000.0,year,0.0,2500000.0,verified,m-mahadi/top5-football-dataset (SoFIFA)
96026541,Arkadiusz Milik,Juventus,Serie A,2025/26,2023.0,2027.0,,110000.0,year,20400000.0,12000000.0,verified,m-mahadi/top5-football-dataset (SoFIFA)
18045347,Divock Origi,Milan,Serie A,2025/26,,,,,year,,,pending_external_verification,
2000162595,Max Weiß,Burnley,Premier League,2025/26,2025.0,2029.0,,9000.0,year,5700000.0,2700000.0,verified,m-mahadi/top5-football-dataset (SoFIFA)
52101143,Andrew Moran,Brighton & Hove Albion,Premier League,2025/26,,,,,year,,,pending_external_verification,
2000137137,Ángel Ortiz,Real Betis,LaLiga,2025/26,2025.0,2029.0,,11000.0,year,7600000.0,3300000.0,verified,m-mahadi/top5-football-dataset (SoFIFA)
2000069175,Clemens Riedel,Espanyol,LaLiga,2025/26,2025.0,2029.0,,10000.0,year,9000000.0,3900000.0,verified,m-mahadi/top5-football-dataset (SoFIFA)
2000206497,Deivid Washington,Chelsea,Premier League,2025/26,,,,,year,,,pending_external_verification,
2000180832,Elias Baum,Eintracht Frankfurt,Bundesliga,2025/26,,,,,year,,,pending_external_verification,
2000301558,Jorge Cabello,Levante,LaLiga,2025/26,,,,,year,,,verified,m-mahadi/top5-football-dataset (SoFIFA)
2000065824,Mio Backhaus,SV Werder Bremen,Bundesliga,2025/26,,,,,year,,,pending_external_verification,
2000160584,Santiago Hidalgo,Toulouse FC,Ligue 1,2025/26,,,,,year,,,pending_external_verification,
5112064,Tom Heaton,Manchester United,Premier League,2025/26,,,,,year,,,pending_external_verification,
2000077634,Justin Devenny,Crystal Palace,Premier League,2025/26,2023.0,2027.0,,32000.0,year,8000000.0,3800000.0,verified,m-mahadi/top5-football-dataset (SoFIFA)
28124568,Lucas Bergström,Mallorca,LaLiga,2025/26,2025.0,2027.0,,7000.0,year,4800000.0,2100000.0,verified,m-mahadi/top5-football-dataset (SoFIFA)
2000034842,Giuseppe Ambrosino,Napoli,Serie A,2025/26,,,,,year,,,verified,m-mahadi/top5-football-dataset (SoFIFA)
2000050743,Mario De Luis,A. Madrid,LaLiga,2025/26,,,,,year,,,pending_external_verification,
2000174387,Max Finkgräfe,RB Leipzig,Bundesliga,2025/26,2025.0,2030.0,,18000.0,year,6500000.0,3400000.0,verified,m-mahadi/top5-football-dataset (SoFIFA)
2000070513,Tim Oermann,Bayer 04 Leverkusen,Bundesliga,2025/26,,,,,year,,,pending_external_verification,
83261901,Martim Neto,Elche,LaLiga,2025/26,2025.0,2028.0,,15000.0,year,12000000.0,5000000.0,verified,m-mahadi/top5-football-dataset (SoFIFA)
91108767,Maximilian Philipp,Sport-Club Freiburg,Bundesliga,2025/26,,,,,year,,,pending_external_verification,
2000065479,Anton Kade,FC Augsburg,Bundesliga,2025/26,,,,,year,,,pending_external_verification,
37084995,Jenson Seelt,Sunderland,Premier League,2025/26,2026.0,,,20000.0,year,0.0,2500000.0,verified,m-mahadi/top5-football-dataset (SoFIFA)
18106037,Anass Zaroury,RC Lens,Ligue 1,2025/26,,,,,year,,,pending_external_verification,
2000052955,Andrés Castrín,Sevilla,LaLiga,2025/26,,,,,year,,,pending_external_verification,
67295931,Ángel Fortuño,Espanyol,LaLiga,2025/26,,,,,year,,,pending_external_verification,
28084714,Angus Gunn,Nottingham Forest,Premier League,2025/26,,,,,year,,,pending_external_verification,
85074537,Arthur Masuaku,Sunderland,Premier League,2025/26,2026.0,,,49000.0,year,0.0,4100000.0,verified,m-mahadi/top5-football-dataset (SoFIFA)
37060940,Immanuel Pherai,Hamburger Sport-Verein,Bundesliga,2025/26,,,,,year,,,pending_external_verification,
222724,Joe Gelhardt,Leeds United,Premier League,2025/26,,,,,year,,,pending_external_verification,
67263880,José Gragera,Espanyol,LaLiga,2025/26,,,,,year,,,pending_external_verification,
85031826,Rachid Ghezzal,Olympique Lyonnais,Ligue 1,2025/26,,,,,year,,,pending_external_verification,
58154551,Saba Sazonov,Torino,Serie A,2025/26,,,,,year,,,pending_external_verification,
2000065418,Tim Breithaupt,FC Augsburg,Bundesliga,2025/26,,,,,year,,,pending_external_verification,
24047067,Toma Bašić,Lazio,Serie A,2025/26,2021.0,2028.0,,30000.0,year,9400000.0,5500000.0,verified,m-mahadi/top5-football-dataset (SoFIFA)
75037516,Francisco Sierralta,AJ Auxerre,Ligue 1,2025/26,,,,,year,,,pending_external_verification,
2000162331,Jacques Ekomié,Angers SCO,Ligue 1,2025/26,,,,,year,,,pending_external_verification,
25057908,Tomáš Čvančara,Borussia Mönchengladbach,Bundesliga,2025/26,,,,,year,,,pending_external_verification,
35008097,Sven Ulreich,FC Bayern München,Bundesliga,2025/26,,,,,year,,,pending_external_verification,
43617790,Antonio Vergara,Napoli,Serie A,2025/26,2023.0,2027.0,,27000.0,year,4400000.0,2300000.0,verified,m-mahadi/top5-football-dataset (SoFIFA)
2000018252,Bamo Meïté,Olympique de Marseille,Ligue 1,2025/26,,,,,year,,,pending_external_verification,
49048340,Janis Antiste,Sassuolo,Serie A,2025/26,,,,,year,,,pending_external_verification,
13183071,Lasso Coulibaly,AJ Auxerre,Ligue 1,2025/26,,,,,year,,,pending_external_verification,
2000054378,Marin Ljubičić,1. FC Union Berlin,Bundesliga,2025/26,,,,,year,,,pending_external_verification,
91175740,Abdelhamid Sabiri,ACF Fiorentina,Serie A,2025/26,,,,,year,,,pending_external_verification,
16147693,Attila Szalai,TSG 1899 Hoffenheim,Bundesliga,2025/26,,,,,year,,,pending_external_verification,
24058104,Bartol Franjić,VfL Wolfsburg,Bundesliga,2025/26,,,,,year,,,pending_external_verification,
28084932,Glen Kamara,Stade Rennais FC,Ligue 1,2025/26,,,,,year,,,pending_external_verification,
24057195,Hrvoje Smolčić,Eintracht Frankfurt,Bundesliga,2025/26,,,,,year,,,pending_external_verification,
2000214133,Javi Hernàndez,Espanyol,LaLiga,2025/26,,,,,year,,,pending_external_verification,
43162020,Leonardo Sernicola,Cremonese,Serie A,2025/26,,,,,year,,,pending_external_verification,
96131652,Łukasz Poręba,Hamburger Sport-Verein,Bundesliga,2025/26,,,,,year,,,pending_external_verification,
49061282,Mohamed Kaba,Unione Sportiva Lecce,Serie A,2025/26,,,,,year,,,pending_external_verification,
67278005,Pablo Ramón,Espanyol,LaLiga,2025/26,,,,,year,,,pending_external_verification,
43344129,Pietro Pellegri,Torino,Serie A,2025/26,,,,,year,,,pending_external_verification,
62260391,"Stefan Mitrović(Hellas Verona FC,Serbia,Canada)",Hellas Verona FC,Serie A,2025/26,,,,,year,,,pending_external_verification,
34011922,Timothée Kolodziejczak,Paris FC,Ligue 1,2025/26,,,,,year,,,pending_external_verification,
37064719,Cas Odenthal,Sassuolo,Serie A,2025/26,,,,,year,,,verified,m-mahadi/top5-football-dataset (SoFIFA)
49058321,Darlin Yongwa,FC Lorient,Ligue 1,2025/26,,,,,year,,,pending_external_verification,
93068387,Joel Asoro,FC Metz,Ligue 1,2025/26,,,,,year,,,pending_external_verification,
49061089,Louis Mouton,Angers SCO,Ligue 1,2025/26,,,,,year,,,pending_external_verification,
28116487,Paris Maghoma,Brentford,Premier League,2025/26,,,,,year,,,pending_external_verification,
49059805,Andréas Hountondji,Burnley,Premier League,2025/26,,,,,year,,,pending_external_verification,
16202269,David Nemeth,FC St. Pauli,Bundesliga,2025/26,,,,,year,,,pending_external_verification,
67295648,John Chetauya,Elche,LaLiga,2025/26,,,,,year,,,pending_external_verification,
24057528,Mario Vušković,Hamburger Sport-Verein,Bundesliga,2025/26,,,,,year,,,pending_external_verification,
49054307,Marvin Senaya,AJ Auxerre,Ligue 1,2025/26,,,,,year,,,pending_external_verification,
84154186,Samuel Ballet,Como 1907,Serie A,2025/26,,,,,year,,,pending_external_verification,
43615674,Panos Katseris,FC Lorient,Ligue 1,2025/26,,,,,year,,,pending_external_verification,
49045927,Ignatius Ganago,FC Nantes,Ligue 1,2025/26,,,,,year,,,pending_external_verification,
67289962,José Salinas,Espanyol,LaLiga,2025/26,,,,,year,,,verified,m-mahadi/top5-football-dataset (SoFIFA)
91170080,Tim Siersleben,1. FC Heidenheim 1846,Bundesliga,2025/26,,,,,year,,,pending_external_verification,
91123051,Marnon Busch,1. FC Heidenheim 1846,Bundesliga,2025/26,,,,,year,,,pending_external_verification,
85140284,Fodé Ballo-Touré,FC Metz,Ligue 1,2025/26,,,,,year,,,pending_external_verification,
43083356,Giuseppe Prestia,Inter,Serie A,2025/26,,,,,year,,,pending_external_verification,
19352206,Ruan Tressoldi,Sassuolo,Serie A,2025/26,,,,,year,,,pending_external_verification,
85027990,Maxime Dupé,OGC Nice,Ligue 1,2025/26,,,,,year,,,pending_external_verification,
27148022,Oliver Sonne,Burnley,Premier League,2025/26,,,,,year,,,verified,m-mahadi/top5-football-dataset (SoFIFA)
18111301,Adrian Beck,1. FC Heidenheim 1846,Bundesliga,2025/26,,,,,year,,,pending_external_verification,
47064790,Emir Sahiti,Hamburger Sport-Verein,Bundesliga,2025/26,,,,,year,,,pending_external_verification,
91138645,Jonas Föhrenbach,1. FC Heidenheim 1846,Bundesliga,2025/26,,,,,year,,,pending_external_verification,
96059426,Mateusz Wieteska,Cagliari Calcio,Serie A,2025/26,,,,,year,,,pending_external_verification,
29122255,Oliver Burke,1. FC Union Berlin,Bundesliga,2025/26,,,,,year,,,pending_external_verification,
43013866,"Abdoulaye Bamba(Angers SCO,Ivory Coast,Italy)",Angers SCO,Ligue 1,2025/26,,,,,year,,,pending_external_verification,
14063557,Axel Werner,Elche,LaLiga,2025/26,,,,,year,,,pending_external_verification,
48043564,Léo Pétrot,Elche,LaLiga,2025/26,2025.0,2029.0,,15000.0,year,3500000.0,1600000.0,verified,m-mahadi/top5-football-dataset (SoFIFA)
67258680,Oier Luengo,Oviedo,LaLiga,2025/26,,,,,year,,,verified,m-mahadi/top5-football-dataset (SoFIFA)
16162879,Fabian Bredlow,VfB Stuttgart,Bundesliga,2025/26,,,,,year,,,pending_external_verification,
2000252303,Kendry Páez,Chelsea,Premier League,2025/26,,,,,year,,,pending_external_verification,
2000149882,Ebenezer Akinsanmiro,Inter,Serie A,2025/26,,,,,year,,,pending_external_verification,
2000210786,"Pablo García(Real Hispalis,Spain)",Real Betis,LaLiga,2025/26,,,,,year,,,pending_external_verification,
2000284118,Yunus Emre Konak,Brentford,Premier League,2025/26,,,,,year,,,pending_external_verification,
2000243084,Sadibou Sané,FC Metz,Ligue 1,2025/26,,,,,year,,,pending_external_verification,
95078945,Hamzat Ojediran,RC Lens,Ligue 1,2025/26,,,,,year,,,pending_external_verification,
49056379,Abdoullah Ba,Sunderland,Premier League,2025/26,,,,,year,,,pending_external_verification,
43081390,Roberto Gagliardini,Hellas Verona FC,Serie A,2025/26,,,,,year,,,pending_external_verification,
67290427,Alberto Del Moral,Oviedo,LaLiga,2025/26,,,,,year,,,pending_external_verification,
2000034865,Cristian Volpato,Sassuolo,Serie A,2025/26,2023.0,2028.0,,10000.0,year,7200000.0,3600000.0,verified,m-mahadi/top5-football-dataset (SoFIFA)
2000032456,"Facundo González(Juventus,Uruguay,Italy)",Juventus,Serie A,2025/26,,,,,year,,,pending_external_verification,
14253394,Federico Redondo,Elche,LaLiga,2025/26,2025.0,2030.0,,12000.0,year,7700000.0,3200000.0,verified,m-mahadi/top5-football-dataset (SoFIFA)
2000217846,César Palacios,R. Madrid,LaLiga,2025/26,,,,,year,,,pending_external_verification,
49048614,Rassoul Ndiaye,Le Havre,Ligue 1,2025/26,2023.0,2028.0,,9000.0,year,5800000.0,2800000.0,verified,m-mahadi/top5-football-dataset (SoFIFA)
2000078339,Matija Frigan,Parma Calcio 1913,Serie A,2025/26,,,,,year,,,pending_external_verification,
67269425,Unai Marrero,Real Sociedad,LaLiga,2025/26,2022.0,2027.0,,12000.0,year,9200000.0,4000000.0,verified,m-mahadi/top5-football-dataset (SoFIFA)
49055608,Saïdou Sow,RC Strasbourg Alsace,Ligue 1,2025/26,,,,,year,,,pending_external_verification,
43093356,Luca Mazzitelli,Como 1907,Serie A,2025/26,,,,,year,,,pending_external_verification,
2000051368,Javi Rueda,Celta,LaLiga,2025/26,,,,,year,,,pending_external_verification,
2000169132,Terry Yegbe,FC Metz,Ligue 1,2025/26,,,,,year,,,pending_external_verification,
78096872,"Agustín Álvarez(U.S. Sassuolo Calcio,Uruguay)",Sassuolo,Serie A,2025/26,,,,,year,,,pending_external_verification,
14131343,Nahuel Estévez,Parma Calcio 1913,Serie A,2025/26,,,,,year,,,pending_external_verification,
29186420,Niall Huggins,Sunderland,Premier League,2025/26,,,,,year,,,pending_external_verification,
27155679,Rasmus Carstensen,1. FC Köln,Bundesliga,2025/26,,,,,year,,,pending_external_verification,
83289780,Leonardo Buta,Udinese Calcio,Serie A,2025/26,,,,,year,,,pending_external_verification,
62113784,Boris Radunović,Cagliari Calcio,Serie A,2025/26,,,,,year,,,pending_external_verification,
28118051,Steven Benda,Fulham,Premier League,2025/26,,,,,year,,,pending_external_verification,
85085647,Thomas Delaine,Le Havre,Ligue 1,2025/26,,,,,year,,,verified,m-mahadi/top5-football-dataset (SoFIFA)
43080084,Alessandro Gabrielloni,Como 1907,Serie A,2025/26,,,,,year,,,pending_external_verification,
48036199,Alimami Gory,Paris FC,Ligue 1,2025/26,,,,,year,,,pending_external_verification,
62164327,Luka Ilić,Oviedo,LaLiga,2025/26,2025.0,2028.0,,15000.0,year,4100000.0,1800000.0,verified,m-mahadi/top5-football-dataset (SoFIFA)
2000221458,Luís Guilherme,West Ham United,Premier League,2025/26,,,,,year,,,pending_external_verification,
2000182609,Aingeru Olabarrieta,A. Bilbao,LaLiga,2025/26,,,,,year,,,pending_external_verification,
2000288856,Axel Tape,Bayer 04 Leverkusen,Bundesliga,2025/26,,,,,year,,,pending_external_verification,
2000426277,Christian Kofane,Bayer 04 Leverkusen,Bundesliga,2025/26,,,,,year,,,pending_external_verification,
2000400123,Honest Ahanor,Atalanta,Serie A,2025/26,2025.0,2027.0,,18000.0,year,8600000.0,4500000.0,verified,m-mahadi/top5-football-dataset (SoFIFA)
2000184611,Josh Acheampong,Chelsea,Premier League,2025/26,,,,,year,,,pending_external_verification,
2000246890,Lorenzo Venturino,Genoa Cricket and Football Club,Serie A,2025/26,,,,,year,,,pending_external_verification,
2000241002,Niccolò Fortini,ACF Fiorentina,Serie A,2025/26,,,,,year,,,pending_external_verification,
2000151926,Kota Takai,Tottenham Hotspur,Premier League,2025/26,,,,,year,,,pending_external_verification,
2000382564,"Marc Domènech(Mallorca,Spain)",Mallorca,LaLiga,2025/26,,,,,year,,,pending_external_verification,
2000118386,Divin Mubama,Manchester City,Premier League,2025/26,,,,,year,,,pending_external_verification,
2000138872,Kassoum Ouattara,AS Monaco,Ligue 1,2025/26,,,,,year,,,pending_external_verification,
2000170587,Nelson Weiper,1. FSV Mainz 05,Bundesliga,2025/26,,,,,year,,,pending_external_verification,
43499992,Giovanni Bonfanti,Atalanta,Serie A,2025/26,,,,,year,,,pending_external_verification,
85030227,Loïc Nego,Le Havre,Ligue 1,2025/26,2023.0,2028.0,,10000.0,year,1400000.0,700000.0,verified,m-mahadi/top5-football-dataset (SoFIFA)
2000197331,Berkay Yılmaz,Sport-Club Freiburg,Bundesliga,2025/26,,,,,year,,,pending_external_verification,
2000069202,Nahuel Noll,TSG 1899 Hoffenheim,Bundesliga,2025/26,,,,,year,,,pending_external_verification,
2000090823,Matheus França,Crystal Palace,Premier League,2025/26,,,,,year,,,pending_external_verification,
2000065884,Álex Padilla,A. Bilbao,LaLiga,2025/26,,,,,year,,,pending_external_verification,
2000071620,Joel Mvuka,FC Lorient,Ligue 1,2025/26,,,,,year,,,pending_external_verification,
49048369,Sékou Mara,RC Strasbourg Alsace,Ligue 1,2025/26,,,,,year,,,pending_external_verification,
2000096439,Tomás Palacios,Inter,Serie A,2025/26,,,,,year,,,pending_external_verification,
2000259312,Livan Burcu,1. FC Union Berlin,Bundesliga,2025/26,,,,,year,,,pending_external_verification,
2000068513,Robert Wagner,Sport-Club Freiburg,Bundesliga,2025/26,,,,,year,,,pending_external_verification,
2000065610,Armindo Sieb,FC Bayern München,Bundesliga,2025/26,,,,,year,,,pending_external_verification,
2000020024,Freddie Potts,West Ham United,Premier League,2025/26,,,,,year,,,pending_external_verification,
2000085414,Keke Topp,SV Werder Bremen,Bundesliga,2025/26,,,,,year,,,pending_external_verification,
67295756,Louie Barry,Aston Villa,Premier League,2025/26,,,,,year,,,pending_external_verification,
2000049215,Luke Chambers,Liverpool,Premier League,2025/26,,,,,year,,,pending_external_verification,
16283828,Nikolas Veratschnig,1. FSV Mainz 05,Bundesliga,2025/26,,,,,year,,,pending_external_verification,
27159740,Oscar Fraulo,Borussia Mönchengladbach,Bundesliga,2025/26,,,,,year,,,pending_external_verification,
2000065826,Bambasé Conté,TSG 1899 Hoffenheim,Bundesliga,2025/26,,,,,year,,,pending_external_verification,
19213408,Igor Silva,FC Lorient,Ligue 1,2025/26,,,,,year,,,pending_external_verification,
53165604,Fredrik Oppegård,AJ Auxerre,Ligue 1,2025/26,,,,,year,,,pending_external_verification,
24046837,Josip Brekalo,Oviedo,LaLiga,2025/26,,,,,year,,,verified,m-mahadi/top5-football-dataset (SoFIFA)
2000068384,Luca Kerber,1. FC Heidenheim 1846,Bundesliga,2025/26,,,,,year,,,pending_external_verification,
67276231,Álvaro Núñez,Elche,LaLiga,2025/26,2026.0,2030.0,,22000.0,year,21800000.0,10000000.0,verified,m-mahadi/top5-football-dataset (SoFIFA)
91175633,Jessic Ngankam,Eintracht Frankfurt,Bundesliga,2025/26,,,,,year,,,pending_external_verification,
27137320,Mikkel Kaufmann,1. FC Heidenheim 1846,Bundesliga,2025/26,,,,,year,,,pending_external_verification,
29132976,Jean-Kévin Duverne,FC Nantes,Ligue 1,2025/26,,,,,year,,,pending_external_verification,
28127121,Lewis Dobbin,Aston Villa,Premier League,2025/26,,,,,year,,,pending_external_verification,
18116154,Rafik Belghali,Hellas Verona FC,Serie A,2025/26,,,,,year,,,pending_external_verification,
2000108578,Antoine Joujou,Parma Calcio 1913,Serie A,2025/26,,,,,year,,,pending_external_verification,
48037272,Fabien Centonze,FC Nantes,Ligue 1,2025/26,,,,,year,,,pending_external_verification,
43425130,Francesco Folino,Cremonese,Serie A,2025/26,2025.0,2028.0,,3000.0,year,3000000.0,1500000.0,verified,m-mahadi/top5-football-dataset (SoFIFA)
91206104,Julian Niehues,1. FC Heidenheim 1846,Bundesliga,2025/26,,,,,year,,,pending_external_verification,
2000056828,Kevin Carlos,OGC Nice,Ligue 1,2025/26,,,,,year,,,pending_external_verification,
43094070,Alberto Cerri,Como 1907,Serie A,2025/26,,,,,year,,,pending_external_verification,
96143927,Arkadiusz Pyrka,FC St. Pauli,Bundesliga,2025/26,,,,,year,,,pending_external_verification,
92083800,Bakery Jatta,Hamburger Sport-Verein,Bundesliga,2025/26,,,,,year,,,pending_external_verification,
83261126,Danilo Veiga,Unione Sportiva Lecce,Serie A,2025/26,,,,,year,,,pending_external_verification,
26030142,Grigoris Kastanos,Hellas Verona FC,Serie A,2025/26,,,,,year,,,pending_external_verification,
67199396,"Lucas(Oviedo,Spain)",Oviedo,LaLiga,2025/26,,,,,year,,,pending_external_verification,
8434157,Régis Gurtner,RC Lens,Ligue 1,2025/26,,,,,year,,,pending_external_verification,
2000012380,Sambou Soumano,FC Lorient,Ligue 1,2025/26,,,,,year,,,pending_external_verification,
98038279,Silvan Hefti,Hamburger Sport-Verein,Bundesliga,2025/26,,,,,year,,,pending_external_verification,
11025626,Alen Sherri,Cagliari Calcio,Serie A,2025/26,,,,,year,,,pending_external_verification,
91100472,Patrick Drewes,Borussia Dortmund,Bundesliga,2025/26,,,,,year,,,pending_external_verification,
48036256,Kévin Van Den Kerkhof,FC Metz,Ligue 1,2025/26,,,,,year,,,pending_external_verification,
2000037914,Henri Koudossou,FC Augsburg,Bundesliga,2025/26,,,,,year,,,pending_external_verification,
96045832,Adam Dźwigała,FC St. Pauli,Bundesliga,2025/26,,,,,year,,,pending_external_verification,
91004704,Daniel Batz,1. FSV Mainz 05,Bundesliga,2025/26,,,,,year,,,pending_external_verification,
2000276967,Ethan Mbappé,LOSC Lille,Ligue 1,2025/26,,,,,year,,,pending_external_verification,
2000214136,George Ilenikhena,AS Monaco,Ligue 1,2025/26,,,,,year,,,pending_external_verification,
2000228120,Marc Guiu,Chelsea,Premier League,2025/26,2024.0,2029.0,,45000.0,year,11400000.0,4500000.0,verified,m-mahadi/top5-football-dataset (SoFIFA)
2000184143,Tommaso Martinelli,ACF Fiorentina,Serie A,2025/26,,,,,year,,,pending_external_verification,
2000128983,Alieu Njie,Torino,Serie A,2025/26,2024.0,2027.0,,8000.0,year,3200000.0,1700000.0,verified,m-mahadi/top5-football-dataset (SoFIFA)
2000191040,Louis Leroux,FC Nantes,Ligue 1,2025/26,,,,,year,,,pending_external_verification,
13181675,Abdoulaye Faye,Bayer 04 Leverkusen,Bundesliga,2025/26,,,,,year,,,pending_external_verification,
2000025353,Alessandro Dellavalle,Torino,Serie A,2025/26,,,,,year,,,pending_external_verification,
2000203765,Dani Requena,Villarreal,LaLiga,2025/26,,,,,year,,,pending_external_verification,
53181718,Mathias Fjørtoft Løvik,Parma Calcio 1913,Serie A,2025/26,,,,,year,,,pending_external_verification,
12079011,"Formose Mendy(FC Lorient,Senegal,Guinea-Bissau)",FC Lorient,Ligue 1,2025/26,,,,,year,,,pending_external_verification,
28059134,Sam Byram,Leeds United,Premier League,2025/26,2023.0,2029.0,,33000.0,year,2700000.0,1400000.0,verified,m-mahadi/top5-football-dataset (SoFIFA)
2000311166,Owen Kouassi,Unione Sportiva Lecce,Serie A,2025/26,,,,,year,,,pending_external_verification,
28129860,Yago Santiago,Elche,LaLiga,2025/26,2024.0,2030.0,,13000.0,year,8600000.0,3600000.0,verified,m-mahadi/top5-football-dataset (SoFIFA)
2000124150,Yoel Lago,Celta,LaLiga,2025/26,,,,,year,,,pending_external_verification,
211500,Bingourou Kamara,FC Lorient,Ligue 1,2025/26,,,,,year,,,pending_external_verification,
2000008080,Jonas Rouhi,Juventus,Serie A,2025/26,,,,,year,,,pending_external_verification,
28021778,Marcus Bettinelli,Manchester City,Premier League,2025/26,,,,,year,,,pending_external_verification,
2000013427,Tiago Morais,LOSC Lille,Ligue 1,2025/26,,,,,year,,,pending_external_verification,
43141845,Assane Dioussé,AJ Auxerre,Ligue 1,2025/26,,,,,year,,,pending_external_verification,
29173564,Corrie Ndaba,Unione Sportiva Lecce,Serie A,2025/26,,,,,year,,,pending_external_verification,
37065568,Elayis Tavşan,Hellas Verona FC,Serie A,2025/26,,,,,year,,,pending_external_verification,
53099237,Kjetil Haug,Toulouse FC,Ligue 1,2025/26,,,,,year,,,pending_external_verification,
43084560,Luca Lezzerini,ACF Fiorentina,Serie A,2025/26,,,,,year,,,pending_external_verification,
27155059,Alexander Lind,Pisa Sporting Club,Serie A,2025/26,,,,,year,,,pending_external_verification,
43298994,Gennaro Borrelli,Cagliari Calcio,Serie A,2025/26,,,,,year,,,pending_external_verification,
91181039,Sirlord Conteh,1. FC Heidenheim 1846,Bundesliga,2025/26,,,,,year,,,pending_external_verification,
91175827,Lars Ritzka,FC St. Pauli,Bundesliga,2025/26,,,,,year,,,pending_external_verification,
91150149,Michael Eberwein,Borussia Dortmund,Bundesliga,2025/26,,,,,year,,,pending_external_verification,
2000311773,Noahkai Banks,FC Augsburg,Bundesliga,2025/26,,,,,year,,,pending_external_verification,
2000108031,Will Lankshear,Tottenham Hotspur,Premier League,2025/26,,,,,year,,,pending_external_verification,
2000191507,Adam Aznou,Everton,Premier League,2025/26,,,,,year,,,pending_external_verification,
2000114473,Arijon Ibrahimović,FC Bayern München,Bundesliga,2025/26,,,,,year,,,pending_external_verification,
2000137635,Ashley Phillips,Tottenham Hotspur,Premier League,2025/26,,,,,year,,,pending_external_verification,
12094961,Cyriaque Irié,Sport-Club Freiburg,Bundesliga,2025/26,,,,,year,,,pending_external_verification,
2000180847,Noël Aséko,FC Bayern München,Bundesliga,2025/26,,,,,year,,,pending_external_verification,
2000142236,Romain Esse,Crystal Palace,Premier League,2025/26,,,,,year,,,verified,m-mahadi/top5-football-dataset (SoFIFA)
2000187477,Tidiam Gomis,RB Leipzig,Bundesliga,2025/26,2025.0,2030.0,,17000.0,year,8600000.0,3700000.0,verified,m-mahadi/top5-football-dataset (SoFIFA)
2000184619,Tyrique George,Chelsea,Premier League,2025/26,2026.0,,,40000.0,year,0.0,4400000.0,verified,m-mahadi/top5-football-dataset (SoFIFA)
2000219705,Yusi,Alavés,LaLiga,2025/26,,,,,year,,,pending_external_verification,
2000205547,Abdoul Ouattara,RC Strasbourg Alsace,Ligue 1,2025/26,,,,,year,,,pending_external_verification,
2000145982,James Abankwah,Udinese Calcio,Serie A,2025/26,,,,,year,,,pending_external_verification,
2000108364,James McConnell,Liverpool,Premier League,2025/26,,,,,year,,,pending_external_verification,
37085322,Lamare Bogarde,Aston Villa,Premier League,2025/26,2021.0,2028.0,,50000.0,year,16800000.0,8000000.0,verified,m-mahadi/top5-football-dataset (SoFIFA)
2000191802,Lewis Koumas,Liverpool,Premier League,2025/26,,,,,year,,,pending_external_verification,
2000097325,Lovro Zvonarek,FC Bayern München,Bundesliga,2025/26,,,,,year,,,pending_external_verification,
43619225,Mattia Fortin,RC Lens,Ligue 1,2025/26,,,,,year,,,pending_external_verification,
43500541,Marco Nasti,Cremonese,Serie A,2025/26,,,,,year,,,pending_external_verification,
7451366,Iván Cuéllar,Mallorca,LaLiga,2025/26,,,,,year,,,pending_external_verification,
2000013783,Vanja Vlahović,Atalanta,Serie A,2025/26,,,,,year,,,pending_external_verification,
43041142,Marco Silvestri,Cremonese,Serie A,2025/26,2025.0,2028.0,,6000.0,year,720000.0,400000.0,verified,m-mahadi/top5-football-dataset (SoFIFA)
12088452,Daouda Guindo,Stade Brestois 29,Ligue 1,2025/26,,,,,year,,,pending_external_verification,
2000116586,Justin Diehl,VfB Stuttgart,Bundesliga,2025/26,,,,,year,,,pending_external_verification,
12093893,Pathé Mboup,Stade Brestois 29,Ligue 1,2025/26,,,,,year,,,pending_external_verification,
2000023340,Ali Dembélé,Torino,Serie A,2025/26,,,,,year,,,verified,m-mahadi/top5-football-dataset (SoFIFA)
28124576,Myles Peart-Harris,Brentford,Premier League,2025/26,,,,,year,,,verified,m-mahadi/top5-football-dataset (SoFIFA)
2000069289,Ben Bobzien,1. FSV Mainz 05,Bundesliga,2025/26,,,,,year,,,pending_external_verification,
2000049220,Luca Stephenson,Liverpool,Premier League,2025/26,,,,,year,,,pending_external_verification,
43424680,Nicholas Bonfanti,Pisa Sporting Club,Serie A,2025/26,,,,,year,,,pending_external_verification,
2000022151,Miguel Román,Celta,LaLiga,2025/26,,,,,year,,,pending_external_verification,
43500559,Andrea Oliveri,Atalanta,Serie A,2025/26,,,,,year,,,pending_external_verification,
86078359,Jhoanner Chávez,RC Lens,Ligue 1,2025/26,,,,,year,,,pending_external_verification,
12094970,Luck Zogbé,Stade Brestois 29,Ligue 1,2025/26,,,,,year,,,pending_external_verification,
91001071,Timothy Chandler,Eintracht Frankfurt,Bundesliga,2025/26,,,,,year,,,pending_external_verification,
70131662,Erencan Yardımcı,TSG 1899 Hoffenheim,Bundesliga,2025/26,,,,,year,,,pending_external_verification,
67276068,"Adrián(Alavés,Argentina,Spain)",Alavés,LaLiga,2025/26,,,,,year,,,pending_external_verification,
92096837,Ayman Azhil,Borussia Dortmund,Bundesliga,2025/26,,,,,year,,,pending_external_verification,
43390493,Ben Lhassine Koné,Como 1907,Serie A,2025/26,,,,,year,,,pending_external_verification,
91207263,Luca Philipp,TSG 1899 Hoffenheim,Bundesliga,2025/26,,,,,year,,,pending_external_verification,
43050913,Mattia Valoti,Cremonese,Serie A,2025/26,,,,,year,,,pending_external_verification,
85077900,Maxime Colin,FC Metz,Ligue 1,2025/26,,,,,year,,,pending_external_verification,
43323122,Marco Sala,Como 1907,Serie A,2025/26,,,,,year,,,pending_external_verification,
29236380,Ricky-Jade Jones,FC St. Pauli,Bundesliga,2025/26,,,,,year,,,pending_external_verification,
49048370,Nathanaël Mbuku,FC Augsburg,Bundesliga,2025/26,,,,,year,,,pending_external_verification,
91136179,Jannik Huth,Sport-Club Freiburg,Bundesliga,2025/26,,,,,year,,,pending_external_verification,
2000107074,Adama,A. Bilbao,LaLiga,2025/26,,,,,year,,,pending_external_verification,
211522,Chris Bedia,1. FC Union Berlin,Bundesliga,2025/26,,,,,year,,,pending_external_verification,
50065187,Yanis Zouaoui,Le Havre,Ligue 1,2025/26,2024.0,2027.0,,9000.0,year,3000000.0,1500000.0,verified,m-mahadi/top5-football-dataset (SoFIFA)
43094084,Arturo Calabresi,Pisa Sporting Club,Serie A,2025/26,,,,,year,,,pending_external_verification,
37055849,Jeffrey de Lange,Olympique de Marseille,Ligue 1,2025/26,,,,,year,,,pending_external_verification,
2000338371,Francesco Camarda,Milan,Serie A,2025/26,,,,,year,,,pending_external_verification,
2000385919,Ibrahim Mbaye,Paris Saint-Germain,Ligue 1,2025/26,,,,,year,,,pending_external_verification,
2000383145,Matteo Palma,Udinese Calcio,Serie A,2025/26,,,,,year,,,pending_external_verification,
2000288465,Andrija Maksimović,RB Leipzig,Bundesliga,2025/26,2025.0,2030.0,,21000.0,year,7600000.0,4000000.0,verified,m-mahadi/top5-football-dataset (SoFIFA)
2000297306,Jofre Torrents,Barcelona,LaLiga,2025/26,2025.0,2028.0,,8000.0,year,2100000.0,800000.0,verified,m-mahadi/top5-football-dataset (SoFIFA)
2000257921,Karim Coulibaly,SV Werder Bremen,Bundesliga,2025/26,,,,,year,,,pending_external_verification,
2000291513,Antoñito Cordero,Newcastle United,Premier League,2025/26,,,,,year,,,pending_external_verification,
2000085150,Cole Campbell,Borussia Dortmund,Bundesliga,2025/26,,,,,year,,,pending_external_verification,
2000218552,David Odogu,Milan,Serie A,2025/26,2025.0,2029.0,,8000.0,year,4000000.0,1700000.0,verified,m-mahadi/top5-football-dataset (SoFIFA)
2000300127,Edu Altozano,Sevilla,LaLiga,2025/26,,,,,year,,,pending_external_verification,
2000180880,Eric da Silva Moreira,Nottingham Forest,Premier League,2025/26,,,,,year,,,pending_external_verification,
2000116422,Fabio Chiarodia,Borussia Mönchengladbach,Bundesliga,2025/26,,,,,year,,,pending_external_verification,
2000046143,Gabriël Misehouy,Girona,LaLiga,2025/26,,,,,year,,,pending_external_verification,
2000243128,Gonzalo Petit,Real Betis,LaLiga,2025/26,,,,,year,,,pending_external_verification,
2000170613,Maurice Krattenmacher,FC Bayern München,Bundesliga,2025/26,,,,,year,,,pending_external_verification,
2000230641,Max Moerstedt,TSG 1899 Hoffenheim,Bundesliga,2025/26,,,,,year,,,pending_external_verification,
2000205042,Nhoa Sangui,Paris FC,Ligue 1,2025/26,,,,,year,,,pending_external_verification,
2000178997,Simone Pafundi,Udinese Calcio,Serie A,2025/26,,,,,year,,,pending_external_verification,
2000276486,Antal Yaakobishvili,Girona,LaLiga,2025/26,,,,,year,,,pending_external_verification,
2000023222,Djaoui Cissé,Stade Rennais FC,Ligue 1,2025/26,,,,,year,,,pending_external_verification,
2000238183,Kojo Peprah Oppong,OGC Nice,Ligue 1,2025/26,,,,,year,,,pending_external_verification,
2000316142,Aboubaka Soumahoro,Hamburger Sport-Verein,Bundesliga,2025/26,,,,,year,,,pending_external_verification,
2000050627,Alfie Devine,Tottenham Hotspur,Premier League,2025/26,,,,,year,,,pending_external_verification,
2000221091,Ali Houary,Elche,LaLiga,2025/26,,,,,year,,,verified,m-mahadi/top5-football-dataset (SoFIFA)
2000299722,Carlos Espí,Levante,LaLiga,2025/26,2024.0,2028.0,,20000.0,year,28800000.0,12000000.0,verified,m-mahadi/top5-football-dataset (SoFIFA)
2000160572,"Dani Rodríguez(Barcelona,Spain,Pays Basque)",Barcelona,LaLiga,2025/26,,,,,year,,,pending_external_verification,
2000178873,Julian Pauli,1. FC Köln,Bundesliga,2025/26,,,,,year,,,pending_external_verification,
2000165475,Ricard Artero,Girona,LaLiga,2025/26,,,,,year,,,pending_external_verification,
2000061915,Thomas Gillier,Bologna FC 1909,Serie A,2025/26,,,,,year,,,pending_external_verification,
67293616,Carlos Dotor,Celta,LaLiga,2025/26,,,,,year,,,pending_external_verification,
2000180848,Tim Drexler,TSG 1899 Hoffenheim,Bundesliga,2025/26,,,,,year,,,pending_external_verification,
88025279,Alex Paulsen,AFC Bournemouth,Premier League,2025/26,,,,,year,,,pending_external_verification,
2000113465,Henrik Meister,Pisa Sporting Club,Serie A,2025/26,,,,,year,,,pending_external_verification,
2000205527,Kim Ji-Soo,Brentford,Premier League,2025/26,,,,,year,,,pending_external_verification,
2000187407,Manu Bueno,Sevilla,LaLiga,2025/26,2022.0,2030.0,,9000.0,year,5100000.0,2200000.0,verified,m-mahadi/top5-football-dataset (SoFIFA)
43061356,Simone Verdi,Como 1907,Serie A,2025/26,,,,,year,,,pending_external_verification,
29023774,Youssef El Arabi,FC Nantes,Ligue 1,2025/26,,,,,year,,,pending_external_verification,
2000147146,Dženan Pejčinović,VfL Wolfsburg,Bundesliga,2025/26,,,,,year,,,pending_external_verification,
29122252,Joe Worrall,Burnley,Premier League,2025/26,2024.0,2028.0,,41000.0,year,4900000.0,2600000.0,verified,m-mahadi/top5-football-dataset (SoFIFA)
12092877,Pape Demba Diop,RC Strasbourg Alsace,Ligue 1,2025/26,,,,,year,,,pending_external_verification,
54201307,Ali Jassim,Como 1907,Serie A,2025/26,,,,,year,,,pending_external_verification,
25040431,Antonín Barák,ACF Fiorentina,Serie A,2025/26,,,,,year,,,pending_external_verification,
2000197963,"David López(Mallorca,Spain)",Mallorca,LaLiga,2025/26,,,,,year,,,pending_external_verification,
2000134379,Dawda Camara,Girona,LaLiga,2025/26,,,,,year,,,verified,m-mahadi/top5-football-dataset (SoFIFA)
43500623,Edoardo Pieragnolo,Sassuolo,Serie A,2025/26,,,,,year,,,pending_external_verification,
19409149,Emersonn,Toulouse FC,Ligue 1,2025/26,,,,,year,,,pending_external_verification,
2000066256,Hugo Pérez,Espanyol,LaLiga,2025/26,,,,,year,,,pending_external_verification,
2000271703,Jastin,Girona,LaLiga,2025/26,,,,,year,,,pending_external_verification,
2000197966,Javi Llabrés,Mallorca,LaLiga,2025/26,,,,,year,,,pending_external_verification,
43008385,Leonardo Pavoletti,Cagliari Calcio,Serie A,2025/26,,,,,year,,,pending_external_verification,
43153070,Mohamed Farès,Lazio,Serie A,2025/26,,,,,year,,,pending_external_verification,
2000141737,Pelayo,Rayo Vallecano,LaLiga,2025/26,,,,,year,,,pending_external_verification,
2000224445,Michel Mboula,FC Metz,Ligue 1,2025/26,,,,,year,,,pending_external_verification,
49059203,Théo Le Bris,FC Lorient,Ligue 1,2025/26,,,,,year,,,pending_external_verification,
91179959,Daniel-Kofi Kyereh,Sport-Club Freiburg,Bundesliga,2025/26,,,,,year,,,pending_external_verification,
2000047650,Aliou Baldé,OGC Nice,Ligue 1,2025/26,,,,,year,,,pending_external_verification,
29060276,Daniel Bentley,Wolverhampton Wanderers,Premier League,2025/26,,,,,year,,,pending_external_verification,
68011605,Karl-Johan Johnsson,RC Strasbourg Alsace,Ligue 1,2025/26,,,,,year,,,pending_external_verification,
49054454,Mathys Tourraine,Paris FC,Ligue 1,2025/26,,,,,year,,,pending_external_verification,
67295206,Nico Serrano,A. Bilbao,LaLiga,2025/26,,,,,year,,,pending_external_verification,
2000066002,Yusuf Kabadayı,FC Augsburg,Bundesliga,2025/26,,,,,year,,,pending_external_verification,
49056530,Yassine Benhattab,FC Nantes,Ligue 1,2025/26,,,,,year,,,pending_external_verification,
13102011,Ally Samatta,Le Havre,Ligue 1,2025/26,,,,,year,,,pending_external_verification,
49037466,Brandon Domingues,Oviedo,LaLiga,2025/26,,,,,year,,,pending_external_verification,
91172526,Christian Früchtl,Unione Sportiva Lecce,Serie A,2025/26,,,,,year,,,pending_external_verification,
14229541,Gino Infantino,ACF Fiorentina,Serie A,2025/26,,,,,year,,,pending_external_verification,
91172547,Luca Kilian,1. FC Köln,Bundesliga,2025/26,,,,,year,,,pending_external_verification,
91178620,Noah Katterbach,Hamburger Sport-Verein,Bundesliga,2025/26,,,,,year,,,pending_external_verification,
55082126,Guilherme Ramos,Hamburger Sport-Verein,Bundesliga,2025/26,,,,,year,,,pending_external_verification,
43611977,Rachid Kouda,Parma Calcio 1913,Serie A,2025/26,,,,,year,,,pending_external_verification,
92095068,Maximilian Breunig,1. FC Heidenheim 1846,Bundesliga,2025/26,,,,,year,,,pending_external_verification,
57156410,Daniel Paraschiv,Oviedo,LaLiga,2025/26,,,,,year,,,pending_external_verification,
43296186,Emanuel Vignato,Pisa Sporting Club,Serie A,2025/26,,,,,year,,,pending_external_verification,
49062647,Fodé Doucouré,Le Havre,Ligue 1,2025/26,2025.0,2027.0,,8000.0,year,4400000.0,2100000.0,verified,m-mahadi/top5-football-dataset (SoFIFA)
27142187,Malthe Højholt,Pisa Sporting Club,Serie A,2025/26,,,,,year,,,pending_external_verification,
62203802,Nik Prelec,Cagliari Calcio,Serie A,2025/26,,,,,year,,,pending_external_verification,
43379699,Luca Moro,Sassuolo,Serie A,2025/26,2022.0,2027.0,,10000.0,year,3400000.0,1800000.0,verified,m-mahadi/top5-football-dataset (SoFIFA)
91184490,Stefan Drljača,VfB Stuttgart,Bundesliga,2025/26,,,,,year,,,pending_external_verification,
43252200,Giacomo Satalino,Sassuolo,Serie A,2025/26,,,,,year,,,pending_external_verification,
25058195,Jiří Letáček,Getafe,LaLiga,2025/26,,,,,year,,,pending_external_verification,
91119572,Leopold Zingerle,RB Leipzig,Bundesliga,2025/26,,,,,year,,,pending_external_verification,
25058269,Imad Rondić,1. FC Köln,Bundesliga,2025/26,,,,,year,,,pending_external_verification,
89062862,Marc Vidal,Celta,LaLiga,2025/26,,,,,year,,,pending_external_verification,
2000098016,Luca Lipani,Sassuolo,Serie A,2025/26,2023.0,2028.0,,8000.0,year,6000000.0,3000000.0,verified,m-mahadi/top5-football-dataset (SoFIFA)
2000140844,David Ozoh,Crystal Palace,Premier League,2025/26,,,,,year,,,pending_external_verification,
2000256293,Gustavo Nunes,Brentford,Premier League,2025/26,,,,,year,,,pending_external_verification,
2000288697,Harrison Armstrong,Everton,Premier League,2025/26,2024.0,2027.0,,20000.0,year,14700000.0,7000000.0,verified,m-mahadi/top5-football-dataset (SoFIFA)
2000046210,Jaydon Banel,Burnley,Premier League,2025/26,,,,,year,,,pending_external_verification,
2000155446,Jeremy Agbonifo,RC Lens,Ligue 1,2025/26,,,,,year,,,pending_external_verification,
2000103852,Riyad Idrissi,Cagliari Calcio,Serie A,2025/26,,,,,year,,,pending_external_verification,
2000212746,Samir El Mourabet,RC Strasbourg Alsace,Ligue 1,2025/26,,,,,year,,,pending_external_verification,
2000057465,Javi Serrano,A. Madrid,LaLiga,2025/26,,,,,year,,,pending_external_verification,
49048441,Adil Aouchiche,Sunderland,Premier League,2025/26,,,,,year,,,pending_external_verification,
2000049485,Alejandro Iturbe,Elche,LaLiga,2025/26,,,,,year,,,pending_external_verification,
2000120656,Sebastian Otoa,Genoa Cricket and Football Club,Serie A,2025/26,,,,,year,,,pending_external_verification,
43500343,Samuel Giovane,Atalanta,Serie A,2025/26,,,,,year,,,pending_external_verification,
28016057,Ashley Barnes,Burnley,Premier League,2025/26,2025.0,2028.0,,26000.0,year,1300000.0,675000.0,verified,m-mahadi/top5-football-dataset (SoFIFA)
29217605,Eiran Cashin,Brighton & Hove Albion,Premier League,2025/26,,,,,year,,,pending_external_verification,
28127192,Josh Wilson-Esbrand,Manchester City,Premier League,2025/26,,,,,year,,,pending_external_verification,
43424868,Riccardo Ciervo,Sassuolo,Serie A,2025/26,,,,,year,,,pending_external_verification,
71050075,Eduard Sobol,RC Strasbourg Alsace,Ligue 1,2025/26,,,,,year,,,pending_external_verification,
37072840,Ibrahim Cissoko,Toulouse FC,Ligue 1,2025/26,,,,,year,,,pending_external_verification,
29237773,Leo Fuhr Hjelde,Sunderland,Premier League,2025/26,,,,,year,,,pending_external_verification,
93135499,Erik Ahlstrand,FC St. Pauli,Bundesliga,2025/26,,,,,year,,,pending_external_verification,
43204340,Pietro Beruatto,Pisa Sporting Club,Serie A,2025/26,,,,,year,,,pending_external_verification,
2000045306,Rareş Ilie,OGC Nice,Ligue 1,2025/26,,,,,year,,,pending_external_verification,
43094128,Kevin Bonifazi,Bologna FC 1909,Serie A,2025/26,,,,,year,,,pending_external_verification,
33079161,Niklas Pyyhtiä,Bologna FC 1909,Serie A,2025/26,,,,,year,,,pending_external_verification,
43252697,Mehdi Léris,Pisa Sporting Club,Serie A,2025/26,,,,,year,,,pending_external_verification,
43479336,Gabriele Artistico,Lazio,Serie A,2025/26,,,,,year,,,pending_external_verification,
66045361,Kwon Hyeok-Kyu,FC Nantes,Ligue 1,2025/26,,,,,year,,,pending_external_verification,
37084655,Dailon Livramento,Hellas Verona FC,Serie A,2025/26,,,,,year,,,pending_external_verification,
49033539,Pierre-Yves Hamel,Paris FC,Ligue 1,2025/26,,,,,year,,,pending_external_verification,
67118135,Álvaro Lemos,Oviedo,LaLiga,2025/26,,,,,year,,,pending_external_verification,
85093425,Marc-Aurèle Caillard,LOSC Lille,Ligue 1,2025/26,,,,,year,,,pending_external_verification,
29222631,Saad Agouzoul,AJ Auxerre,Ligue 1,2025/26,,,,,year,,,pending_external_verification,
24056363,David Čolina,FC Augsburg,Bundesliga,2025/26,,,,,year,,,pending_external_verification,
85067212,Julien Lopez,Paris FC,Ligue 1,2025/26,,,,,year,,,pending_external_verification,
2000264561,Luka Topalović,Inter,Serie A,2025/26,2025.0,2029.0,,6000.0,year,3900000.0,1700000.0,verified,m-mahadi/top5-football-dataset (SoFIFA)
2000188079,Dayann Methalie,Toulouse FC,Ligue 1,2025/26,,,,,year,,,pending_external_verification,
2000123638,Jamie Donley,Tottenham Hotspur,Premier League,2025/26,,,,,year,,,pending_external_verification,
2000134393,Amario Cozier-Duberry,Brighton & Hove Albion,Premier League,2025/26,,,,,year,,,pending_external_verification,
2000111594,Caleb Wiley,Chelsea,Premier League,2025/26,,,,,year,,,pending_external_verification,
2000180156,Milan Aleksić,Sunderland,Premier League,2025/26,,,,,year,,,pending_external_verification,
28091347,Freddie Woodman,Liverpool,Premier League,2025/26,2025.0,2030.0,,32000.0,year,2400000.0,1300000.0,verified,m-mahadi/top5-football-dataset (SoFIFA)
2000021030,Tommaso Corazza,Bologna FC 1909,Serie A,2025/26,,,,,year,,,pending_external_verification,
2000077039,Ryan Trevitt,Brentford,Premier League,2025/26,,,,,year,,,pending_external_verification,
49048373,Naouirou Ahamada,Crystal Palace,Premier League,2025/26,,,,,year,,,pending_external_verification,
2000019643,Fin Stevens,FC St. Pauli,Bundesliga,2025/26,,,,,year,,,pending_external_verification,
43619130,Franco Carboni,Inter,Serie A,2025/26,,,,,year,,,pending_external_verification,
2000102142,Justin Smith,Espanyol,LaLiga,2025/26,,,,,year,,,pending_external_verification,
28110309,Ian Poveda,Sunderland,Premier League,2025/26,,,,,year,,,pending_external_verification,
27160149,Abu Francis,Toulouse FC,Ligue 1,2025/26,,,,,year,,,pending_external_verification,
43317909,"Demba Seck(Torino,Senegal,Italy)",Torino,Serie A,2025/26,,,,,year,,,pending_external_verification,
96116988,Filip Marchwiński,Unione Sportiva Lecce,Serie A,2025/26,,,,,year,,,pending_external_verification,
67293677,Manu Fernández,Celta,LaLiga,2025/26,,,,,year,,,pending_external_verification,
43381160,Alessandro Arena,Pisa Sporting Club,Serie A,2025/26,,,,,year,,,pending_external_verification,
43599180,Edoardo Iannoni,Sassuolo,Serie A,2025/26,2024.0,2028.0,,8000.0,year,2800000.0,1500000.0,verified,m-mahadi/top5-football-dataset (SoFIFA)
62165318,Jan Mlakar,Pisa Sporting Club,Serie A,2025/26,,,,,year,,,pending_external_verification,
85072030,Lionel Mpasi,Le Havre,Ligue 1,2025/26,2025.0,2027.0,,6000.0,year,2200000.0,1100000.0,verified,m-mahadi/top5-football-dataset (SoFIFA)
12078289,Pape Sy,FC Metz,Ligue 1,2025/26,,,,,year,,,pending_external_verification,
2000280807,Harry Amass,Manchester United,Premier League,2025/26,,,,,year,,,pending_external_verification,
2000186695,Jan Ziółkowski,Associazione Sportiva Roma,Serie A,2025/26,,,,,year,,,pending_external_verification,
2000288923,Khalis Merah,Olympique Lyonnais,Ligue 1,2025/26,,,,,year,,,pending_external_verification,
2000229933,Kjell Wätjen,Borussia Dortmund,Bundesliga,2025/26,,,,,year,,,pending_external_verification,
2000205570,Rabby Nzingoula,RC Strasbourg Alsace,Ligue 1,2025/26,,,,,year,,,pending_external_verification,
2000185827,Seydou Fini,Genoa Cricket and Football Club,Serie A,2025/26,,,,,year,,,pending_external_verification,
2000390047,Tylel Tati,FC Nantes,Ligue 1,2025/26,,,,,year,,,pending_external_verification,
2000179714,Yoram Zague,Paris Saint-Germain,Ligue 1,2025/26,,,,,year,,,pending_external_verification,
2000180861,Almugera Kabar,Borussia Dortmund,Bundesliga,2025/26,,,,,year,,,pending_external_verification,
2000123626,Daniel Gore,Manchester United,Premier League,2025/26,,,,,year,,,pending_external_verification,
2000118385,George Earthy,West Ham United,Premier League,2025/26,,,,,year,,,pending_external_verification,
2000184217,Joel Ndala,Manchester City,Premier League,2025/26,,,,,year,,,pending_external_verification,
2000150158,Jonathan Asp-Jensen,FC Bayern München,Bundesliga,2025/26,,,,,year,,,pending_external_verification,
2000183837,Zépiqueno Redmond,Aston Villa,Premier League,2025/26,,,,,year,,,pending_external_verification,
2000138305,Nobel Mendy,Real Betis,LaLiga,2025/26,,,,,year,,,pending_external_verification,
2000131790,Yellu Santiago,Hellas Verona FC,Serie A,2025/26,,,,,year,,,pending_external_verification,
5123017,John Ruddy,Newcastle United,Premier League,2025/26,,,,,year,,,pending_external_verification,
2001040995,Laurin Ulrich,VfB Stuttgart,Bundesliga,2025/26,,,,,year,,,pending_external_verification,
2000190312,Ethan Williams,Manchester United,Premier League,2025/26,,,,,year,,,pending_external_verification,
2000078573,Marcel Łubik,FC Augsburg,Bundesliga,2025/26,,,,,year,,,pending_external_verification,
24046180,Marko Rog,Cagliari Calcio,Serie A,2025/26,,,,,year,,,pending_external_verification,
13220325,Nathaniel Adjei,FC Lorient,Ligue 1,2025/26,,,,,year,,,pending_external_verification,
43593669,Tommaso Fumagalli,Como 1907,Serie A,2025/26,,,,,year,,,pending_external_verification,
67288319,Iñaki Rupérez,Real Sociedad,LaLiga,2025/26,,,,,year,,,verified,m-mahadi/top5-football-dataset (SoFIFA)
28109945,Michael Obafemi,Burnley,Premier League,2025/26,,,,,year,,,pending_external_verification,
2000205269,Anthony Bermont,RC Lens,Ligue 1,2025/26,,,,,year,,,pending_external_verification,
37078342,Nigel Lonwijk,Wolverhampton Wanderers,Premier League,2025/26,,,,,year,,,pending_external_verification,
2000011420,William Mikelbrencis,Hamburger Sport-Verein,Bundesliga,2025/26,,,,,year,,,pending_external_verification,
2000026134,David Mokwa,TSG 1899 Hoffenheim,Bundesliga,2025/26,,,,,year,,,pending_external_verification,
2000172863,Martial Godo,RC Strasbourg Alsace,Ligue 1,2025/26,,,,,year,,,pending_external_verification,
28101722,Ovie Ejaria,Oviedo,LaLiga,2025/26,2025.0,2028.0,,11000.0,year,2000000.0,900000.0,verified,m-mahadi/top5-football-dataset (SoFIFA)
2000024748,Luigi Cherubini,Associazione Sportiva Roma,Serie A,2025/26,,,,,year,,,pending_external_verification,
2000219415,Mikel Rodríguez,Real Sociedad,LaLiga,2025/26,,,,,year,,,pending_external_verification,
91190660,Jan Olschowsky,Borussia Mönchengladbach,Bundesliga,2025/26,,,,,year,,,pending_external_verification,
2000086286,Aleksa Purić,A. Madrid,LaLiga,2025/26,,,,,year,,,pending_external_verification,
28128172,Daniel Jebbison,AFC Bournemouth,Premier League,2025/26,,,,,year,,,pending_external_verification,
95078700,Frederik Jäkel,RB Leipzig,Bundesliga,2025/26,,,,,year,,,pending_external_verification,
91205109,Lasse Rieß,1. FSV Mainz 05,Bundesliga,2025/26,,,,,year,,,pending_external_verification,
91119701,Levin Öztunali,Hamburger Sport-Verein,Bundesliga,2025/26,,,,,year,,,pending_external_verification,
48036572,Enzo Ebosse,Udinese Calcio,Serie A,2025/26,,,,,year,,,pending_external_verification,
2000049977,Ben Voll,FC St. Pauli,Bundesliga,2025/26,,,,,year,,,pending_external_verification,
85045207,Nouha Dicko,Paris FC,Ligue 1,2025/26,,,,,year,,,pending_external_verification,
43296746,Fabrizio Caligara,Sassuolo,Serie A,2025/26,,,,,year,,,pending_external_verification,
13181736,Lamine Guèye,Paris FC,Ligue 1,2025/26,,,,,year,,,pending_external_verification,
92019117,Markus Kolke,SV Werder Bremen,Bundesliga,2025/26,,,,,year,,,pending_external_verification,
16283628,Marlon Mustapha,Como 1907,Serie A,2025/26,,,,,year,,,pending_external_verification,
2000388375,Christian Comotto,Milan,Serie A,2025/26,,,,,year,,,pending_external_verification,
2000123627,George Abbott,Tottenham Hotspur,Premier League,2025/26,,,,,year,,,pending_external_verification,
2000010559,Callum Marshall,West Ham United,Premier League,2025/26,,,,,year,,,pending_external_verification,
2000103120,Lorenzo Torriani,Milan,Serie A,2025/26,,,,,year,,,pending_external_verification,
43617791,Davide Veroli,Cagliari Calcio,Serie A,2025/26,,,,,year,,,pending_external_verification,
2000205277,Ismaëlo Ganiou,RC Lens,Ligue 1,2025/26,,,,,year,,,pending_external_verification,
2000335067,"Matías Pérez(Unione Sportiva Lecce,Chile)",Unione Sportiva Lecce,Serie A,2025/26,,,,,year,,,pending_external_verification,
2000084166,Noah Mbamba,Bayer 04 Leverkusen,Bundesliga,2025/26,,,,,year,,,pending_external_verification,
2000153024,Charlys,Hellas Verona FC,Serie A,2025/26,,,,,year,,,pending_external_verification,
43500222,Filippo Distefano,ACF Fiorentina,Serie A,2025/26,,,,,year,,,pending_external_verification,
2000151705,Mihajlo Ilić,Bologna FC 1909,Serie A,2025/26,,,,,year,,,pending_external_verification,
67295208,Mikel Goti,Real Sociedad,LaLiga,2025/26,,,,,year,,,verified,m-mahadi/top5-football-dataset (SoFIFA)
19001680,Nicolás,Pisa Sporting Club,Serie A,2025/26,,,,,year,,,pending_external_verification,
43296005,Tommaso Cassandro,Como 1907,Serie A,2025/26,,,,,year,,,pending_external_verification,
43061318,Alberto Paleari,Torino,Serie A,2025/26,2024.0,2028.0,,13000.0,year,1400000.0,800000.0,verified,m-mahadi/top5-football-dataset (SoFIFA)
43094202,Anthony Partipilo,Parma Calcio 1913,Serie A,2025/26,,,,,year,,,pending_external_verification,
27150884,Laurs Skjellerup,Sassuolo,Serie A,2025/26,,,,,year,,,verified,m-mahadi/top5-football-dataset (SoFIFA)
2000135696,Alejandro Rego,A. Bilbao,LaLiga,2025/26,,,,,year,,,pending_external_verification,
43303684,Alessandro Di Pardo,Cagliari Calcio,Serie A,2025/26,,,,,year,,,pending_external_verification,
2000351877,Guille Fernández,Barcelona,LaLiga,2025/26,,,,,year,,,pending_external_verification,
2000463321,Harry Gray,Leeds United,Premier League,2025/26,,,,,year,,,pending_external_verification,
2000351880,Toni Fernández,Barcelona,LaLiga,2025/26,2025.0,2027.0,,11000.0,year,4000000.0,1500000.0,verified,m-mahadi/top5-football-dataset (SoFIFA)
2000369658,Davinchi,Getafe,LaLiga,2025/26,2025.0,2028.0,,6000.0,year,6000000.0,2200000.0,verified,m-mahadi/top5-football-dataset (SoFIFA)
2000149459,Óscar Perea,RC Strasbourg Alsace,Ligue 1,2025/26,,,,,year,,,pending_external_verification,
2000214603,Alberto Collado,Sevilla,LaLiga,2025/26,,,,,year,,,pending_external_verification,
2000228178,Áron Yaakobishvili,Barcelona,LaLiga,2025/26,,,,,year,,,pending_external_verification,
2000209904,Bruno Ogbus,Sport-Club Freiburg,Bundesliga,2025/26,,,,,year,,,pending_external_verification,
2000228176,Diego Kochen,Barcelona,LaLiga,2025/26,,,,,year,,,pending_external_verification,
2000271170,Marius Courcoul,Angers SCO,Ligue 1,2025/26,,,,,year,,,pending_external_verification,
2000180531,Miloš Luković,RC Strasbourg Alsace,Ligue 1,2025/26,,,,,year,,,pending_external_verification,
2000276500,Minsu Kim,Girona,LaLiga,2025/26,,,,,year,,,pending_external_verification,
2000264337,"Pedro Lima(Wolverhampton Wanderers,Brazil)",Wolverhampton Wanderers,Premier League,2025/26,,,,,year,,,pending_external_verification,
2000271175,Sidiki Chérif,Angers SCO,Ligue 1,2025/26,,,,,year,,,pending_external_verification,
2000111055,Afonso Moreira,Olympique Lyonnais,Ligue 1,2025/26,,,,,year,,,pending_external_verification,
2000133129,Ármin Pécsi,Liverpool,Premier League,2025/26,,,,,year,,,pending_external_verification,
2000102803,Ayoube Amaimouni-Echghouyab,TSG 1899 Hoffenheim,Bundesliga,2025/26,,,,,year,,,pending_external_verification,
2000183044,Davide Bartesaghi,Milan,Serie A,2025/26,2023.0,2030.0,,17000.0,year,7400000.0,3900000.0,verified,m-mahadi/top5-football-dataset (SoFIFA)
2000161478,Fabio Baldé,Hamburger Sport-Verein,Bundesliga,2025/26,,,,,year,,,pending_external_verification,
2000121585,Filippo Mané,Borussia Dortmund,Bundesliga,2025/26,,,,,year,,,pending_external_verification,
2000191892,Jahmai Simpson-Pusey,Manchester City,Premier League,2025/26,,,,,year,,,pending_external_verification,
2000257650,Jarzinho Malanga,VfB Stuttgart,Bundesliga,2025/26,,,,,year,,,pending_external_verification,
2000253187,"Juan Rodríguez(Cagliari Calcio,Uruguay)",Cagliari Calcio,Serie A,2025/26,,,,,year,,,pending_external_verification,
2000103118,Kevin Zeroli,Milan,Serie A,2025/26,,,,,year,,,pending_external_verification,
29235125,Matthew Cox,Brentford,Premier League,2025/26,,,,,year,,,pending_external_verification,
2000303558,Rafel Bauzà,Espanyol,LaLiga,2025/26,,,,,year,,,pending_external_verification,
2000087287,Riccardo Pagano,Associazione Sportiva Roma,Serie A,2025/26,,,,,year,,,pending_external_verification,
2000299758,Roger Hinojo,Espanyol,LaLiga,2025/26,,,,,year,,,pending_external_verification,
2000065951,Yannik Lührs,TSG 1899 Hoffenheim,Bundesliga,2025/26,,,,,year,,,pending_external_verification,
2000031756,Diego Bri,A. Madrid,LaLiga,2025/26,,,,,year,,,pending_external_verification,
2000227523,Lass Kourouma,Girona,LaLiga,2025/26,,,,,year,,,pending_external_verification,
49061663,Ugo Raghouber,LOSC Lille,Ligue 1,2025/26,,,,,year,,,pending_external_verification,
2000214907,Arkaitz Mariezkurrena,Real Sociedad,LaLiga,2025/26,,,,,year,,,verified,m-mahadi/top5-football-dataset (SoFIFA)
43500902,Federico Zuccon,Atalanta,Serie A,2025/26,,,,,year,,,pending_external_verification,
2000019039,Lorenzo Bernasconi,Atalanta,Serie A,2025/26,2025.0,2028.0,,23000.0,year,6800000.0,3600000.0,verified,m-mahadi/top5-football-dataset (SoFIFA)
67293609,Toni Fuidias,Girona,LaLiga,2025/26,,,,,year,,,pending_external_verification,
43500433,Lorenzo Lucchesi,ACF Fiorentina,Serie A,2025/26,,,,,year,,,pending_external_verification,
29217703,Jay Matete,Sunderland,Premier League,2025/26,,,,,year,,,pending_external_verification,
2000116590,Elias Bakatukanda,1. FC Köln,Bundesliga,2025/26,,,,,year,,,pending_external_verification,
2000197375,Paul Hennrich,TSG 1899 Hoffenheim,Bundesliga,2025/26,,,,,year,,,pending_external_verification,
2000094510,Alberto Flores,Sevilla,LaLiga,2025/26,,,,,year,,,pending_external_verification,
2000161865,Àlex Almansa,Espanyol,LaLiga,2025/26,,,,,year,,,pending_external_verification,
2000021170,Antonio Raimondo,Bologna FC 1909,Serie A,2025/26,,,,,year,,,pending_external_verification,
2000130406,Arnau Ortiz,A. Madrid,LaLiga,2025/26,,,,,year,,,pending_external_verification,
2000397286,Arsène Kouassi,FC Lorient,Ligue 1,2025/26,,,,,year,,,pending_external_verification,
2000082650,David Ankeye,Genoa Cricket and Football Club,Serie A,2025/26,,,,,year,,,pending_external_verification,
2000010819,Isak Hansen-Aarøen,SV Werder Bremen,Bundesliga,2025/26,,,,,year,,,pending_external_verification,
43500092,Leonardo Cerri,Juventus,Serie A,2025/26,,,,,year,,,pending_external_verification,
2000213643,Omar Sadik,Espanyol,LaLiga,2025/26,,,,,year,,,pending_external_verification,
43425493,Tommaso Milanese,Cremonese,Serie A,2025/26,,,,,year,,,pending_external_verification,
2000113582,Kyliane Dong,FC Augsburg,Bundesliga,2025/26,,,,,year,,,pending_external_verification,
27164375,Luca Kjerrumgaard,Udinese Calcio,Serie A,2025/26,,,,,year,,,pending_external_verification,
43591069,Nosa Obaretin,Napoli,Serie A,2025/26,,,,,year,,,pending_external_verification,
91126210,Benno Schmitz,FC Bayern München,Bundesliga,2025/26,,,,,year,,,pending_external_verification,
2000069207,Luka Đurić,TSG 1899 Hoffenheim,Bundesliga,2025/26,,,,,year,,,pending_external_verification,
92057768,Sargis Adamyan,1. FC Köln,Bundesliga,2025/26,,,,,year,,,pending_external_verification,
2000029892,Tjaš Begić,Parma Calcio 1913,Serie A,2025/26,,,,,year,,,pending_external_verification,
2000130977,Antoine Mendy,OGC Nice,Ligue 1,2025/26,,,,,year,,,pending_external_verification,
2000165890,Kingstone Mutandwa,Cagliari Calcio,Serie A,2025/26,,,,,year,,,pending_external_verification,
2000161670,"Marcos Fernández(Espanyol,Spain,ST)",Espanyol,LaLiga,2025/26,,,,,year,,,pending_external_verification,
43424898,Mattia Compagnon,Juventus,Serie A,2025/26,,,,,year,,,pending_external_verification,
67277653,Pol Tristán,Espanyol,LaLiga,2025/26,,,,,year,,,pending_external_verification,
67293675,Alan Godoy,Barcelona,LaLiga,2025/26,,,,,year,,,pending_external_verification,
2000131132,Alberto Marí,Valencia,LaLiga,2025/26,,,,,year,,,pending_external_verification,
83261911,Rafael Fernandes,LOSC Lille,Ligue 1,2025/26,,,,,year,,,pending_external_verification,
2000063319,Rafik Messali,Toulouse FC,Ligue 1,2025/26,,,,,year,,,pending_external_verification,
2000168273,Moustapha Cissé,Atalanta,Serie A,2025/26,,,,,year,,,pending_external_verification,
16191386,Simon Spari,FC St. Pauli,Bundesliga,2025/26,,,,,year,,,pending_external_verification,
43299824,Gianluca Saro,Cremonese,Serie A,2025/26,,,,,year,,,pending_external_verification,
91190772,Niklas Tauer,1. FSV Mainz 05,Bundesliga,2025/26,,,,,year,,,pending_external_verification,
29059657,Simon Moore,Sunderland,Premier League,2025/26,,,,,year,,,pending_external_verification,
5610023,Pavao Pervan,VfL Wolfsburg,Bundesliga,2025/26,,,,,year,,,pending_external_verification,
43297481,Nicola Rauti,Torino,Serie A,2025/26,,,,,year,,,pending_external_verification,
85051044,Benjamin Leroy,FC Lorient,Ligue 1,2025/26,,,,,year,,,pending_external_verification,
37060941,Eros Maddy,AJ Auxerre,Ligue 1,2025/26,,,,,year,,,pending_external_verification,
62075319,Uroš Radaković,FC Nantes,Ligue 1,2025/26,,,,,year,,,pending_external_verification,
49039271,Bandiougou Fadiga,FC Lorient,Ligue 1,2025/26,,,,,year,,,pending_external_verification,
35012145,Jens Grahl,Eintracht Frankfurt,Bundesliga,2025/26,,,,,year,,,pending_external_verification,
12083701,Lamine Diack,FC Nantes,Ligue 1,2025/26,,,,,year,,,pending_external_verification,
48049564,Noah Cadiou,FC Lorient,Ligue 1,2025/26,,,,,year,,,pending_external_verification,
37084725,Saïd Hamulić,Toulouse FC,Ligue 1,2025/26,,,,,year,,,pending_external_verification,
91188819,Thomas Keller,1. FC Heidenheim 1846,Bundesliga,2025/26,,,,,year,,,pending_external_verification,
91174753,Stefan Schimmer,1. FC Heidenheim 1846,Bundesliga,2025/26,,,,,year,,,pending_external_verification,
2000112113,Amine Sbaï,Angers SCO,Ligue 1,2025/26,,,,,year,,,pending_external_verification,
2000123637,Alfie Dorrington,Tottenham Hotspur,Premier League,2025/26,,,,,year,,,pending_external_verification,
2000191043,Herba Guirassy,FC Nantes,Ligue 1,2025/26,,,,,year,,,pending_external_verification,
2000103756,Luis Quintero,Villarreal,LaLiga,2025/26,,,,,year,,,pending_external_verification,
2000200565,Mathis Amougou,RC Strasbourg Alsace,Ligue 1,2025/26,,,,,year,,,pending_external_verification,
61098180,Calvin Ramsay,Liverpool,Premier League,2025/26,,,,,year,,,pending_external_verification,
49058792,Timothée Pembélé,Sunderland,Premier League,2025/26,,,,,year,,,pending_external_verification,
2000054216,Dane Scarlett,Tottenham Hotspur,Premier League,2025/26,,,,,year,,,pending_external_verification,
28122327,Harrison Ashby,Newcastle United,Premier League,2025/26,,,,,year,,,pending_external_verification,
28110718,Will Dennis,AFC Bournemouth,Premier League,2025/26,,,,,year,,,pending_external_verification,
29036230,Mark Gillespie,Newcastle United,Premier League,2025/26,,,,,year,,,pending_external_verification,
43268698,Frank Tsadjout,Cremonese,Serie A,2025/26,,,,,year,,,pending_external_verification,
12092831,Malick Mbaye,FC Metz,Ligue 1,2025/26,,,,,year,,,pending_external_verification,
67276496,Miguel Morro,Rayo Vallecano,LaLiga,2025/26,,,,,year,,,pending_external_verification,
43318440,Bambo Diaby,Elche,LaLiga,2025/26,,,,,year,,,verified,m-mahadi/top5-football-dataset (SoFIFA)
76062662,Yeferson Paz,Sassuolo,Serie A,2025/26,,,,,year,,,pending_external_verification,
61088727,Scott Banks,FC St. Pauli,Bundesliga,2025/26,,,,,year,,,pending_external_verification,
43379760,Edoardo Corvi,Parma Calcio 1913,Serie A,2025/26,,,,,year,,,pending_external_verification,
43006598,Carlo Pinsoglio,Juventus,Serie A,2025/26,,,,,year,,,pending_external_verification,
16248921,Franz Stolz,Genoa Cricket and Football Club,Serie A,2025/26,,,,,year,,,pending_external_verification,
43067329,Simone Perilli,Hellas Verona FC,Serie A,2025/26,,,,,year,,,pending_external_verification,
43039784,Francesco Rossi,Atalanta,Serie A,2025/26,,,,,year,,,pending_external_verification,
92039022,Dominik Nothnagel,VfB Stuttgart,Bundesliga,2025/26,,,,,year,,,pending_external_verification,
2000288850,Quentin Ndjantou,Paris Saint-Germain,Ligue 1,2025/26,,,,,year,,,pending_external_verification,
2000288469,Veljko Milosavljević,AFC Bournemouth,Premier League,2025/26,,,,,year,,,pending_external_verification,
2000333587,Victor Orakpo,OGC Nice,Ligue 1,2025/26,,,,,year,,,pending_external_verification,
2000273894,Deniz Zeitler,TSG 1899 Hoffenheim,Bundesliga,2025/26,,,,,year,,,pending_external_verification,
2000205287,Fodé Sylla,RC Lens,Ligue 1,2025/26,,,,,year,,,pending_external_verification,
2000288837,Lazar Jovanović,VfB Stuttgart,Bundesliga,2025/26,,,,,year,,,pending_external_verification,
2000257937,Otto Stange,Hamburger Sport-Verein,Bundesliga,2025/26,,,,,year,,,pending_external_verification,
2000330177,Patrice Čović,SV Werder Bremen,Bundesliga,2025/26,,,,,year,,,pending_external_verification,
2000313833,Alexander Røssing-Lelesiit,Hamburger Sport-Verein,Bundesliga,2025/26,,,,,year,,,pending_external_verification,
2000216555,Josh Nichols,Arsenal,Premier League,2025/26,,,,,year,,,pending_external_verification,
2000110556,Krisztián Lisztes,Eintracht Frankfurt,Bundesliga,2025/26,,,,,year,,,pending_external_verification,
2000130471,Noah Pesch,Borussia Mönchengladbach,Bundesliga,2025/26,,,,,year,,,pending_external_verification,
2000289956,Prosper Peter,Angers SCO,Ligue 1,2025/26,,,,,year,,,pending_external_verification,
2000189121,Tiago Pereira Cardoso,Borussia Mönchengladbach,Bundesliga,2025/26,,,,,year,,,pending_external_verification,
2000147030,Xavi Grande,Levante,LaLiga,2025/26,,,,,year,,,pending_external_verification,
2000197342,Yann Sturm,Sport-Club Freiburg,Bundesliga,2025/26,,,,,year,,,pending_external_verification,
2000044766,Michael Glück,VfB Stuttgart,Bundesliga,2025/26,,,,,year,,,pending_external_verification,
5123525,Jonny Howson,Leeds United,Premier League,2025/26,,,,,year,,,pending_external_verification,
2000079739,Emirhan İlkhan,Torino,Serie A,2025/26,2022.0,2030.0,,11000.0,year,4000000.0,2100000.0,verified,m-mahadi/top5-football-dataset (SoFIFA)
2000174928,Ben Hüning,Borussia Dortmund,Bundesliga,2025/26,,,,,year,,,pending_external_verification,
2000178782,Jovan Milošević,VfB Stuttgart,Bundesliga,2025/26,,,,,year,,,pending_external_verification,
2000372165,Justin Bourgault,Stade Brestois 29,Ligue 1,2025/26,,,,,year,,,pending_external_verification,
2000147150,Samuele di Benedetto,VfB Stuttgart,Bundesliga,2025/26,,,,,year,,,pending_external_verification,
2000050752,Danny Imray,Crystal Palace,Premier League,2025/26,,,,,year,,,pending_external_verification,
2000197378,Hennes Behrens,TSG 1899 Hoffenheim,Bundesliga,2025/26,,,,,year,,,pending_external_verification,
15084942,Joe Gauci,Aston Villa,Premier League,2025/26,,,,,year,,,pending_external_verification,
28125794,Krisztián Hegyi,West Ham United,Premier League,2025/26,,,,,year,,,pending_external_verification,
2000024665,Luca D'Andrea,Sassuolo,Serie A,2025/26,,,,,year,,,pending_external_verification,
2000144627,Dembo Sylla,FC Lorient,Ligue 1,2025/26,,,,,year,,,pending_external_verification,
2000103757,Frank Feller,1. FC Heidenheim 1846,Bundesliga,2025/26,,,,,year,,,pending_external_verification,
2000165868,Mawuli Mensah,Real Betis,LaLiga,2025/26,,,,,year,,,pending_external_verification,
2000198361,Adrián Pica,Alavés,LaLiga,2025/26,,,,,year,,,pending_external_verification,
35017439,Julian Korb,Borussia Mönchengladbach,Bundesliga,2025/26,,,,,year,,,pending_external_verification,
2000258757,Kasey Bos,1. FSV Mainz 05,Bundesliga,2025/26,,,,,year,,,pending_external_verification,
2000194680,Leon Opitz,SV Werder Bremen,Bundesliga,2025/26,,,,,year,,,pending_external_verification,
2000374059,Abdoulie Ceesay,FC St. Pauli,Bundesliga,2025/26,,,,,year,,,pending_external_verification,
2000111544,Joseph Nduquidi,FC Metz,Ligue 1,2025/26,,,,,year,,,pending_external_verification,
48041352,Sofiane Alakouch,Paris FC,Ligue 1,2025/26,,,,,year,,,pending_external_verification,
2000188850,Achraf Laâziri,Olympique Lyonnais,Ligue 1,2025/26,,,,,year,,,pending_external_verification,
49048738,Lamine Sy,AJ Auxerre,Ligue 1,2025/26,,,,,year,,,pending_external_verification,
43500699,Yuri Rocchetti,Cremonese,Serie A,2025/26,,,,,year,,,pending_external_verification,
91177223,Anssi Suhonen,Hamburger Sport-Verein,Bundesliga,2025/26,,,,,year,,,pending_external_verification,
2000217593,Borja Alonso,Real Betis,LaLiga,2025/26,,,,,year,,,pending_external_verification,
2000045480,Etienne Eto'o,Rayo Vallecano,LaLiga,2025/26,,,,,year,,,pending_external_verification,
2000118384,Gideon Kodua,West Ham United,Premier League,2025/26,,,,,year,,,pending_external_verification,
2000065729,Grant Ranos,Borussia Mönchengladbach,Bundesliga,2025/26,,,,,year,,,pending_external_verification,
71092749,Nazariy Rusyn,Sunderland,Premier League,2025/26,,,,,year,,,pending_external_verification,
67257945,Álex Domínguez,Toulouse FC,Ligue 1,2025/26,,,,,year,,,pending_external_verification,
13158219,Orji Okwonkwo,Bologna FC 1909,Serie A,2025/26,,,,,year,,,pending_external_verification,
2000069206,Valentin Lässig,TSG 1899 Hoffenheim,Bundesliga,2025/26,,,,,year,,,pending_external_verification,
43159621,Nikita Contini,Napoli,Serie A,2025/26,2015.0,2030.0,,19000.0,year,1400000.0,775000.0,verified,m-mahadi/top5-football-dataset (SoFIFA)
33069449,Tuomas Ollila,Paris FC,Ligue 1,2025/26,,,,,year,,,pending_external_verification,
57177195,Mihai Popa,Torino,Serie A,2025/26,,,,,year,,,pending_external_verification,
92076713,Carl Klaus,1. FC Union Berlin,Bundesliga,2025/26,,,,,year,,,pending_external_verification,
92072843,Alexander Groiß,VfB Stuttgart,Bundesliga,2025/26,,,,,year,,,pending_external_verification,
2000277341,Julian Eyestone,Brentford,Premier League,2025/26,,,,,year,,,pending_external_verification,
2000164458,Ferrán Quetglás,R. Madrid,LaLiga,2025/26,,,,,year,,,pending_external_verification,
2000215455,Ishé Samuels-Smith,Chelsea,Premier League,2025/26,,,,,year,,,pending_external_verification,
2000108694,Leo Castledine,Chelsea,Premier League,2025/26,,,,,year,,,pending_external_verification,
2000332528,Mirza Ćatović,VfB Stuttgart,Bundesliga,2025/26,,,,,year,,,pending_external_verification,
2000215081,"Víctor Moreno(Villarreal,Spain)",Villarreal,LaLiga,2025/26,,,,,year,,,pending_external_verification,
2000265839,Andrija Bulatović,RC Lens,Ligue 1,2025/26,,,,,year,,,pending_external_verification,
2000222068,Damola Ajayi,Tottenham Hotspur,Premier League,2025/26,,,,,year,,,pending_external_verification,
12095458,Hamidou Makalou,Stade Brestois 29,Ligue 1,2025/26,,,,,year,,,pending_external_verification,
2000184409,Leonardo Mendicino,Atalanta,Serie A,2025/26,,,,,year,,,pending_external_verification,
2000191931,Mathis Lambourde,Hellas Verona FC,Serie A,2025/26,,,,,year,,,pending_external_verification,
2000398957,Toni Tamarit,Villarreal,LaLiga,2025/26,,,,,year,,,pending_external_verification,
2000222768,Zach Abbott,Nottingham Forest,Premier League,2025/26,,,,,year,,,pending_external_verification,
2000095445,Mateus Lusuardi,Pisa Sporting Club,Serie A,2025/26,,,,,year,,,pending_external_verification,
2000023018,Sil Swinkels,Aston Villa,Premier League,2025/26,,,,,year,,,pending_external_verification,
2000021435,Luis Hasa,Napoli,Serie A,2025/26,,,,,year,,,pending_external_verification,
2000172723,Baran Moğultay,Borussia Dortmund,Bundesliga,2025/26,,,,,year,,,pending_external_verification,
2000141675,Caylan Vickers,Brighton & Hove Albion,Premier League,2025/26,,,,,year,,,pending_external_verification,
2000142763,Damián Pizarro,Udinese Calcio,Serie A,2025/26,,,,,year,,,pending_external_verification,
2000198878,Justin-Noël Kalumba,Angers SCO,Ligue 1,2025/26,,,,,year,,,pending_external_verification,
2000141316,Luke Harris,Fulham,Premier League,2025/26,,,,,year,,,pending_external_verification,
2000014200,Tawanda Chirewa,Wolverhampton Wanderers,Premier League,2025/26,,,,,year,,,pending_external_verification,
2000096635,Yoan Koré,Paris FC,Ligue 1,2025/26,,,,,year,,,pending_external_verification,
43390833,Lorenzo Sgarbi,Napoli,Serie A,2025/26,,,,,year,,,pending_external_verification,
2000238106,Mateo Flores,Real Betis,LaLiga,2025/26,,,,,year,,,pending_external_verification,
43425529,Lorenzo Moretti,Cremonese,Serie A,2025/26,,,,,year,,,pending_external_verification,
2000052096,Bruno Iglesias,R. Madrid,LaLiga,2025/26,,,,,year,,,pending_external_verification,
2000048535,Axel Camblan,Stade Brestois 29,Ligue 1,2025/26,,,,,year,,,pending_external_verification,
14249509,Thiago Ojeda,Villarreal,LaLiga,2025/26,,,,,year,,,pending_external_verification,
62200457,Dimitrije Kamenović,Lazio,Serie A,2025/26,,,,,year,,,pending_external_verification,
67276475,Peru Rodríguez,Real Sociedad,LaLiga,2025/26,,,,,year,,,pending_external_verification,
49048554,Godson Kyeremeh,Le Havre,Ligue 1,2025/26,2025.0,2027.0,,7000.0,year,3300000.0,1600000.0,verified,m-mahadi/top5-football-dataset (SoFIFA)
84151685,Felix Mambimbi,Le Havre,Ligue 1,2025/26,2025.0,2027.0,,6000.0,year,3300000.0,1600000.0,verified,m-mahadi/top5-football-dataset (SoFIFA)
2000241493,Rubi,Getafe,LaLiga,2025/26,,,,,year,,,pending_external_verification,
92056106,Patrick Göbel,Borussia Dortmund,Bundesliga,2025/26,,,,,year,,,pending_external_verification,
91181820,Nicolas Sessa,VfB Stuttgart,Bundesliga,2025/26,,,,,year,,,pending_external_verification,
92077692,Ruben Reisig,TSG 1899 Hoffenheim,Bundesliga,2025/26,,,,,year,,,pending_external_verification,
2000375662,Lennart Karl,FC Bayern München,Bundesliga,2025/26,,,,,year,,,pending_external_verification,
2000301767,Buba Sangaré,Associazione Sportiva Roma,Serie A,2025/26,,,,,year,,,pending_external_verification,
2000325860,Divine Mukasa,Manchester City,Premier League,2025/26,,,,,year,,,verified,m-mahadi/top5-football-dataset (SoFIFA)
2000405956,Gibert Jordana,Girona,LaLiga,2025/26,,,,,year,,,pending_external_verification,
2000259382,Luca Erlein,TSG 1899 Hoffenheim,Bundesliga,2025/26,,,,,year,,,pending_external_verification,
2000184284,Mattia Mannini,Associazione Sportiva Roma,Serie A,2025/26,,,,,year,,,pending_external_verification,
2000257651,Noah Darvich,VfB Stuttgart,Bundesliga,2025/26,,,,,year,,,pending_external_verification,
2000110066,Alejo Sarco,Bayer 04 Leverkusen,Bundesliga,2025/26,,,,,year,,,pending_external_verification,
43424882,Giorgio Cittadini,Atalanta,Serie A,2025/26,,,,,year,,,pending_external_verification,
2000185733,Gustavo Albarracín,Alavés,LaLiga,2025/26,,,,,year,,,pending_external_verification,
2000125540,Maxi Oyedele,RC Strasbourg Alsace,Ligue 1,2025/26,,,,,year,,,pending_external_verification,
2000188572,Noah Edjouma,Toulouse FC,Ligue 1,2025/26,,,,,year,,,pending_external_verification,
2000248863,Yeimar Mosquera,Aston Villa,Premier League,2025/26,,,,,year,,,pending_external_verification,
2000126078,Dehmaine Tabibou,FC Nantes,Ligue 1,2025/26,,,,,year,,,pending_external_verification,
2000125909,Ethan Ennis,Manchester United,Premier League,2025/26,,,,,year,,,pending_external_verification,
12093974,Ibou Sané,FC Metz,Ligue 1,2025/26,,,,,year,,,pending_external_verification,
2000129400,Ichem Ferrah,LOSC Lille,Ligue 1,2025/26,,,,,year,,,pending_external_verification,
2000008161,Jamie McDonnell,Nottingham Forest,Premier League,2025/26,,,,,year,,,pending_external_verification,
2000227222,Jérémy Hatchi,FC Lorient,Ligue 1,2025/26,,,,,year,,,pending_external_verification,
2000287559,Jordi Paulina,Borussia Dortmund,Bundesliga,2025/26,,,,,year,,,pending_external_verification,
2000128229,Josh Feeney,Aston Villa,Premier League,2025/26,,,,,year,,,pending_external_verification,
2000039976,Leny Meyer,VfB Stuttgart,Bundesliga,2025/26,,,,,year,,,pending_external_verification,
2000107107,Mathys De Carvalho,Olympique Lyonnais,Ligue 1,2025/26,,,,,year,,,pending_external_verification,
2000011617,Bilal Nadir,Olympique de Marseille,Ligue 1,2025/26,,,,,year,,,pending_external_verification,
2000193191,Simon Ebonog,Le Havre,Ligue 1,2025/26,2022.0,2027.0,,6000.0,year,5700000.0,2600000.0,verified,m-mahadi/top5-football-dataset (SoFIFA)
43425797,Filippo Rinaldi,Parma Calcio 1913,Serie A,2025/26,,,,,year,,,pending_external_verification,
2000024765,Filippo Missori,Sassuolo,Serie A,2025/26,,,,,year,,,pending_external_verification,
2000131404,Jon Balda,Real Sociedad,LaLiga,2025/26,,,,,year,,,pending_external_verification,
83320134,Žan Jevšenak,Pisa Sporting Club,Serie A,2025/26,,,,,year,,,pending_external_verification,
2000107927,Aiman Dardari,FC Augsburg,Bundesliga,2025/26,,,,,year,,,pending_external_verification,
67292825,Aitor Fraga,Real Sociedad,LaLiga,2025/26,,,,,year,,,pending_external_verification,
2000196647,Lúkas Petersson,TSG 1899 Hoffenheim,Bundesliga,2025/26,,,,,year,,,pending_external_verification,
43409481,Emanuele Pecorino,Juventus,Serie A,2025/26,,,,,year,,,pending_external_verification,
2000013602,Mohamed Sankoh,VfB Stuttgart,Bundesliga,2025/26,,,,,year,,,pending_external_verification,
2000051522,Thomas Kastanaras,VfB Stuttgart,Bundesliga,2025/26,,,,,year,,,pending_external_verification,
35006814,Tobias Sippel,Borussia Mönchengladbach,Bundesliga,2025/26,,,,,year,,,pending_external_verification,
2000105094,Rubén Gómez,Villarreal,LaLiga,2025/26,,,,,year,,,pending_external_verification,
83228786,Tomás Esteves,Pisa Sporting Club,Serie A,2025/26,,,,,year,,,pending_external_verification,
2000037708,Ethan Brierley,Brentford,Premier League,2025/26,,,,,year,,,pending_external_verification,
91018522,Steve Breitkreuz,FC Bayern München,Bundesliga,2025/26,,,,,year,,,pending_external_verification,
67276476,Alberto Dadie,Real Sociedad,LaLiga,2025/26,,,,,year,,,pending_external_verification,
2000277002,Álex Rubio,Villarreal,LaLiga,2025/26,,,,,year,,,pending_external_verification,
91108274,Niklas Lomb,Bayer 04 Leverkusen,Bundesliga,2025/26,,,,,year,,,pending_external_verification,
2000485992,Luca Williams-Barnett,Tottenham Hotspur,Premier League,2025/26,,,,,year,,,pending_external_verification,
2000402688,Dro,Barcelona,LaLiga,2025/26,,,,,year,,,pending_external_verification,
2000426283,Mohamed Kader Meïté,Stade Rennais FC,Ligue 1,2025/26,,,,,year,,,pending_external_verification,
2000147523,Omari Kellyman,Chelsea,Premier League,2025/26,,,,,year,,,pending_external_verification,
2000379469,Rayane Belaid,A. Madrid,LaLiga,2025/26,,,,,year,,,pending_external_verification,
2000259411,Francis Onyeka,Bayer 04 Leverkusen,Bundesliga,2025/26,,,,,year,,,pending_external_verification,
2000190480,Jayden Meghoma,Brentford,Premier League,2025/26,,,,,year,,,pending_external_verification,
2000174402,Jones El-Abdellaoui,Celta,LaLiga,2025/26,,,,,year,,,pending_external_verification,
2000274341,Kacper Potulski,1. FSV Mainz 05,Bundesliga,2025/26,,,,,year,,,pending_external_verification,
2000483445,Maxima Goffi,LOSC Lille,Ligue 1,2025/26,,,,,year,,,pending_external_verification,
2000221092,Adam Boayar,Elche,LaLiga,2025/26,2023.0,2027.0,,4000.0,year,2800000.0,1000000.0,verified,m-mahadi/top5-football-dataset (SoFIFA)
2000226061,Charlie Crew,Leeds United,Premier League,2025/26,,,,,year,,,pending_external_verification,
2000104822,Christopher Olivier,VfB Stuttgart,Bundesliga,2025/26,,,,,year,,,pending_external_verification,
2000311540,Daniel Budesca,Villarreal,LaLiga,2025/26,,,,,year,,,pending_external_verification,
2000095540,Florian Micheler,TSG 1899 Hoffenheim,Bundesliga,2025/26,,,,,year,,,pending_external_verification,
12094946,Idrissa Guèye,FC Metz,Ligue 1,2025/26,,,,,year,,,pending_external_verification,
2000134692,Jaaso Jantunen,Sport-Club Freiburg,Bundesliga,2025/26,,,,,year,,,pending_external_verification,
2000186958,Maat Daniel Caprini,ACF Fiorentina,Serie A,2025/26,,,,,year,,,pending_external_verification,
2000180882,Paris Brunner,AS Monaco,Ligue 1,2025/26,,,,,year,,,pending_external_verification,
2000098328,Patrick Nuamah,Sassuolo,Serie A,2025/26,,,,,year,,,pending_external_verification,
2000202651,Saná Fernandes,Lazio,Serie A,2025/26,,,,,year,,,pending_external_verification,
2000178532,Tobias Slotsager,Hellas Verona FC,Serie A,2025/26,,,,,year,,,pending_external_verification,
2000046214,Tommy Setford,Arsenal,Premier League,2025/26,,,,,year,,,pending_external_verification,
2000272924,Trévis Dago,LOSC Lille,Ligue 1,2025/26,,,,,year,,,pending_external_verification,
2000204346,Yasin Özcan,Aston Villa,Premier League,2025/26,,,,,year,,,pending_external_verification,
2000120815,Ante Vuković,Pisa Sporting Club,Serie A,2025/26,,,,,year,,,pending_external_verification,
2000021606,Flavio Russo,Sassuolo,Serie A,2025/26,,,,,year,,,pending_external_verification,
2000146335,Manuel Ángel,R. Madrid,LaLiga,2025/26,,,,,year,,,pending_external_verification,
2000049483,Ilias Kostis,A. Madrid,LaLiga,2025/26,,,,,year,,,pending_external_verification,
2000214885,Álvaro Cortés,Barcelona,LaLiga,2025/26,2024.0,2028.0,,16000.0,year,5100000.0,1900000.0,verified,m-mahadi/top5-football-dataset (SoFIFA)
2000047230,Charles Sagoe Jr,Arsenal,Premier League,2025/26,,,,,year,,,pending_external_verification,
2000281951,Ismael Bekhoucha,Getafe,LaLiga,2025/26,2025.0,2028.0,,6000.0,year,2800000.0,1200000.0,verified,m-mahadi/top5-football-dataset (SoFIFA)
67277847,Jesús Owono,Alavés,LaLiga,2025/26,,,,,year,,,pending_external_verification,
2000116128,José Luís Català,Espanyol,LaLiga,2025/26,,,,,year,,,pending_external_verification,
96161974,Oliwier Zych,Aston Villa,Premier League,2025/26,,,,,year,,,pending_external_verification,
2000129410,Ousmane Touré,LOSC Lille,Ligue 1,2025/26,,,,,year,,,pending_external_verification,
2000300102,Rachad Fettal,R. Madrid,LaLiga,2025/26,,,,,year,,,pending_external_verification,
2000134239,Víctor Barberà,Barcelona,LaLiga,2025/26,,,,,year,,,pending_external_verification,
2000031554,Edan Diop,AS Monaco,Ligue 1,2025/26,,,,,year,,,pending_external_verification,
2000049494,Salim El Jebari,A. Madrid,LaLiga,2025/26,,,,,year,,,pending_external_verification,
2000209781,Diego Méndez,Rayo Vallecano,LaLiga,2025/26,,,,,year,,,pending_external_verification,
2000019726,Lapo Nava,Cremonese,Serie A,2025/26,,,,,year,,,pending_external_verification,
2000214604,Pablo Rivera,Sevilla,LaLiga,2025/26,,,,,year,,,pending_external_verification,
2000033092,Ander Yoldi,Osasuna,LaLiga,2025/26,,,,,year,,,pending_external_verification,
2000197269,Daniel Gleiber,1. FSV Mainz 05,Bundesliga,2025/26,,,,,year,,,pending_external_verification,
2000199797,Jannik Robatsch,FC St. Pauli,Bundesliga,2025/26,,,,,year,,,pending_external_verification,
78099269,Joaquín Sosa,Bologna FC 1909,Serie A,2025/26,,,,,year,,,pending_external_verification,
2000172795,Simon Simoni,Eintracht Frankfurt,Bundesliga,2025/26,,,,,year,,,pending_external_verification,
2000108574,Elysée Logbo,Le Havre,Ligue 1,2025/26,,,,,year,,,pending_external_verification,
28126244,Finley Burns,Manchester City,Premier League,2025/26,,,,,year,,,pending_external_verification,
2000208295,Rayan Bamba,Stade Rennais FC,Ligue 1,2025/26,,,,,year,,,pending_external_verification,
43500853,Riccardo Turicchia,Juventus,Serie A,2025/26,,,,,year,,,pending_external_verification,
2000142990,Shio Fukuda,Borussia Mönchengladbach,Bundesliga,2025/26,,,,,year,,,pending_external_verification,
2000212047,Unai Ropero,Alavés,LaLiga,2025/26,,,,,year,,,pending_external_verification,
8435072,Rémy Riou,Paris FC,Ligue 1,2025/26,,,,,year,,,pending_external_verification,
2000024376,Morgan Bokélé,FC Metz,Ligue 1,2025/26,,,,,year,,,pending_external_verification,
67295238,Dani González,Osasuna,LaLiga,2025/26,,,,,year,,,pending_external_verification,
2000069205,Florian Bähr,TSG 1899 Hoffenheim,Bundesliga,2025/26,,,,,year,,,pending_external_verification,
2000048058,Joe Whitworth,Crystal Palace,Premier League,2025/26,,,,,year,,,pending_external_verification,
2000200860,"Marcos Fernández(Espanyol,Spain,D/WB L)",Espanyol,LaLiga,2025/26,,,,,year,,,pending_external_verification,
2000221473,Pape Moussa Fall,FC Metz,Ligue 1,2025/26,,,,,year,,,pending_external_verification,
2000027383,Daniel Luna,Mallorca,LaLiga,2025/26,,,,,year,,,pending_external_verification,
14244914,Juan Manuel Cruz,Hellas Verona FC,Serie A,2025/26,,,,,year,,,pending_external_verification,
2000025589,Darling Bladi,Real Betis,LaLiga,2025/26,,,,,year,,,pending_external_verification,
2000311617,Efe Korkut,VfB Stuttgart,Bundesliga,2025/26,,,,,year,,,pending_external_verification,
91199076,Nico Ochojski,Eintracht Frankfurt,Bundesliga,2025/26,,,,,year,,,pending_external_verification,
91206768,Arian Llugiqi,TSG 1899 Hoffenheim,Bundesliga,2025/26,,,,,year,,,pending_external_verification,
43055083,Raffaele Di Gennaro,Inter,Serie A,2025/26,2023.0,2030.0,,9000.0,year,1100000.0,650000.0,verified,m-mahadi/top5-football-dataset (SoFIFA)
43006969,Simone Guerra,Juventus,Serie A,2025/26,,,,,year,,,pending_external_verification,
43500548,Jonathan Italeng,Atalanta,Serie A,2025/26,,,,,year,,,pending_external_verification,
91190219,Fabian Rüdlin,Sport-Club Freiburg,Bundesliga,2025/26,,,,,year,,,pending_external_verification,
2000145303,Dominic Vavassori,Atalanta,Serie A,2025/26,2026.0,2029.0,,9000.0,year,2200000.0,950000.0,verified,m-mahadi/top5-football-dataset (SoFIFA)
2000169769,İsak Vural,Pisa Sporting Club,Serie A,2025/26,,,,,year,,,pending_external_verification,
2000287938,Naoufel El Hannach,Paris Saint-Germain,Ligue 1,2025/26,,,,,year,,,pending_external_verification,
2000275537,Daren Mosengo,Le Havre,Ligue 1,2025/26,2024.0,2027.0,,2000.0,year,2900000.0,1100000.0,verified,m-mahadi/top5-football-dataset (SoFIFA)
2000184624,Donnell McNeilly,Nottingham Forest,Premier League,2025/26,,,,,year,,,pending_external_verification,
2000205299,Rayan Fofana,RC Lens,Ligue 1,2025/26,,,,,year,,,pending_external_verification,
2000411829,Tomy Carbonell,Real Sociedad,LaLiga,2025/26,,,,,year,,,pending_external_verification,
2000271075,Alpha Touré,FC Metz,Ligue 1,2025/26,,,,,year,,,pending_external_verification,
2000194136,Asier Osambela,Osasuna,LaLiga,2025/26,,,,,year,,,verified,m-mahadi/top5-football-dataset (SoFIFA)
2000335220,Ismael Barea,Real Betis,LaLiga,2025/26,,,,,year,,,pending_external_verification,
2000212891,Mateusz Kowalski,Parma Calcio 1913,Serie A,2025/26,,,,,year,,,pending_external_verification,
49048342,Stefan Bajić,RC Strasbourg Alsace,Ligue 1,2025/26,,,,,year,,,pending_external_verification,
2000049889,Tommaso Del Lungo,Atalanta,Serie A,2025/26,,,,,year,,,pending_external_verification,
2000173054,Tony Reitz,Borussia Dortmund,Bundesliga,2025/26,,,,,year,,,pending_external_verification,
2000052594,Yakiv Kinareikin,Villarreal,LaLiga,2025/26,,,,,year,,,pending_external_verification,
67295025,"Hugo González(Vigo,Spain)",Celta,LaLiga,2025/26,,,,,year,,,pending_external_verification,
2000106740,"Diego González(Capitolini Celesti,Paraguay)",Lazio,Serie A,2025/26,,,,,year,,,pending_external_verification,
2000161665,Fèlix Garreta,Real Betis,LaLiga,2025/26,,,,,year,,,pending_external_verification,
2000125164,Beñat Gerenabarrena,A. Bilbao,LaLiga,2025/26,,,,,year,,,pending_external_verification,
2000052631,Brando Moruzzi,Juventus,Serie A,2025/26,,,,,year,,,pending_external_verification,
28127311,Matthew Craig,Tottenham Hotspur,Premier League,2025/26,,,,,year,,,pending_external_verification,
28115793,Rhys Williams,Liverpool,Premier League,2025/26,,,,,year,,,pending_external_verification,
2000044875,Alessio Besio,Sport-Club Freiburg,Bundesliga,2025/26,,,,,year,,,pending_external_verification,
2000057844,Antonio Foti,Borussia Dortmund,Bundesliga,2025/26,,,,,year,,,pending_external_verification,
2000197374,Diren Dağdeviren,TSG 1899 Hoffenheim,Bundesliga,2025/26,,,,,year,,,pending_external_verification,
43500376,Gennaro Iaccarino,Napoli,Serie A,2025/26,,,,,year,,,pending_external_verification,
43609947,Paolo Vismara,Atalanta,Serie A,2025/26,,,,,year,,,pending_external_verification,
29235575,Teddy Sharman-Lowe,Chelsea,Premier League,2025/26,,,,,year,,,pending_external_verification,
67293829,Lautaro Spatz,Villarreal,LaLiga,2025/26,,,,,year,,,pending_external_verification,
43372274,Emmanuel Gyabuaa,Atalanta,Serie A,2025/26,,,,,year,,,pending_external_verification,
2000026079,Franci Bouebari,Sport-Club Freiburg,Bundesliga,2025/26,,,,,year,,,pending_external_verification,
2000324205,"Sergio Arribas(Real Hispalis,Spain)",Real Betis,LaLiga,2025/26,,,,,year,,,pending_external_verification,
43018087,Mauro Vigorito,Como 1907,Serie A,2025/26,,,,,year,,,pending_external_verification,
43425634,Simone Panada,Atalanta,Serie A,2025/26,,,,,year,,,pending_external_verification,
2000104657,Francesco Coppola,Pisa Sporting Club,Serie A,2025/26,,,,,year,,,pending_external_verification,
43375326,Elia Giani,Pisa Sporting Club,Serie A,2025/26,,,,,year,,,pending_external_verification,
43372283,Federico Bergonzi,Atalanta,Serie A,2025/26,,,,,year,,,pending_external_verification,
2000264015,Alessandro Nunziante,Udinese Calcio,Serie A,2025/26,,,,,year,,,pending_external_verification,
2000300033,Romelle Donovan,Brentford,Premier League,2025/26,2025.0,2030.0,,14000.0,year,5100000.0,2000000.0,verified,m-mahadi/top5-football-dataset (SoFIFA)
2000222071,Tyrese Hall,Tottenham Hotspur,Premier League,2025/26,,,,,year,,,pending_external_verification,
2000125964,Aitor Gismera,Real Betis,LaLiga,2025/26,,,,,year,,,pending_external_verification,
2000191409,Lanroy Machine,Angers SCO,Ligue 1,2025/26,,,,,year,,,pending_external_verification,
2000222075,Maeson King,Tottenham Hotspur,Premier League,2025/26,,,,,year,,,pending_external_verification,
2000111261,Alexis Mirbach,FC Nantes,Ligue 1,2025/26,,,,,year,,,pending_external_verification,
2000193534,Chilohem Onuoha,1. FC Köln,Bundesliga,2025/26,,,,,year,,,pending_external_verification,
2000332522,Florian Hellstern,VfB Stuttgart,Bundesliga,2025/26,,,,,year,,,pending_external_verification,
2000021277,Giovanni Daffara,Juventus,Serie A,2025/26,,,,,year,,,pending_external_verification,
2000411704,Gorka Gorosabel,Real Sociedad,LaLiga,2025/26,,,,,year,,,pending_external_verification,
2000188077,Kaden Amaniampong,VfB Stuttgart,Bundesliga,2025/26,,,,,year,,,pending_external_verification,
2000290560,Kaïl Boudache,OGC Nice,Ligue 1,2025/26,,,,,year,,,pending_external_verification,
2000171001,Tarek Buchmann,FC Bayern München,Bundesliga,2025/26,,,,,year,,,pending_external_verification,
2000048047,Owen Goodman,Crystal Palace,Premier League,2025/26,,,,,year,,,pending_external_verification,
29174476,Ellery Balcombe,Brentford,Premier League,2025/26,,,,,year,,,pending_external_verification,
2000025509,Dexter Lembikisa,Wolverhampton Wanderers,Premier League,2025/26,,,,,year,,,pending_external_verification,
2000131788,Ismael Santana,Valencia,LaLiga,2025/26,,,,,year,,,pending_external_verification,
2000199930,Alessandro Debenedetti,Genoa Cricket and Football Club,Serie A,2025/26,,,,,year,,,pending_external_verification,
43609818,Alessandro Pietrelli,Juventus,Serie A,2025/26,,,,,year,,,pending_external_verification,
2000185815,Facundo Viveros,Villarreal,LaLiga,2025/26,,,,,year,,,pending_external_verification,
43619116,Eddy Cabianca,Cremonese,Serie A,2025/26,,,,,year,,,pending_external_verification,
2000301561,Marcos Navarro,Valencia,LaLiga,2025/26,,,,,year,,,pending_external_verification,
2000096580,Felix Afena-Gyan,Cremonese,Serie A,2025/26,,,,,year,,,pending_external_verification,
43043964,Filippo Scaglia,Juventus,Serie A,2025/26,,,,,year,,,pending_external_verification,
2000258074,Job Ochieng,Real Sociedad,LaLiga,2025/26,,,,,year,,,verified,m-mahadi/top5-football-dataset (SoFIFA)
91175638,Nader Jindaoui,TSG 1899 Hoffenheim,Bundesliga,2025/26,,,,,year,,,pending_external_verification,
2000382120,Chido Obi,Manchester United,Premier League,2025/26,,,,,year,,,pending_external_verification,
2000269262,Giacomo De Pieri,Inter,Serie A,2025/26,,,,,year,,,pending_external_verification,
2000388083,Kyllian Antonio,RC Lens,Ligue 1,2025/26,,,,,year,,,pending_external_verification,
2000379552,Shumaira Mheuka,Chelsea,Premier League,2025/26,2024.0,2027.0,,18000.0,year,5300000.0,2100000.0,verified,m-mahadi/top5-football-dataset (SoFIFA)
2000297302,Albert Navarro,Atalanta,Serie A,2025/26,,,,,year,,,pending_external_verification,
2000290285,Artem Stepanov,Bayer 04 Leverkusen,Bundesliga,2025/26,,,,,year,,,pending_external_verification,
2000289863,Bradel Kiwa,AS Monaco,Ligue 1,2025/26,,,,,year,,,pending_external_verification,
2000297058,Guy Noël Zohouri,Le Havre,Ligue 1,2025/26,,,,,year,,,pending_external_verification,
2000266196,Jan Salas,Mallorca,LaLiga,2025/26,2025.0,2028.0,,5000.0,year,2600000.0,950000.0,verified,m-mahadi/top5-football-dataset (SoFIFA)
2000251820,Jonah Kusi-Asare,FC Bayern München,Bundesliga,2025/26,,,,,year,,,pending_external_verification,
2000231612,Benjamin Fredrick,Brentford,Premier League,2025/26,,,,,year,,,pending_external_verification,
2000240974,Farid Alfa-Ruprecht,Bayer 04 Leverkusen,Bundesliga,2025/26,,,,,year,,,pending_external_verification,
2000218419,"Fran González(R. Madrid,Spain)",R. Madrid,LaLiga,2025/26,,,,,year,,,pending_external_verification,
72053584,Gabriel Słonina,Chelsea,Premier League,2025/26,,,,,year,,,pending_external_verification,
2000216083,Hindolo Mustapha,Crystal Palace,Premier League,2025/26,,,,,year,,,pending_external_verification,
2000105710,Iwan Morgan,Brentford,Premier League,2025/26,,,,,year,,,pending_external_verification,
2000395136,Jean Ives Valou,Villarreal,LaLiga,2025/26,,,,,year,,,pending_external_verification,
2000104852,Justin Bengui Joao,Olympique Lyonnais,Ligue 1,2025/26,,,,,year,,,pending_external_verification,
2000433421,Nidal Čelik,RC Lens,Ligue 1,2025/26,,,,,year,,,pending_external_verification,
2000214902,Pol Fortuny,R. Madrid,LaLiga,2025/26,,,,,year,,,pending_external_verification,
2000205596,Siren Diao,Atalanta,Serie A,2025/26,,,,,year,,,pending_external_verification,
2000138756,Ben Winterburn,AFC Bournemouth,Premier League,2025/26,,,,,year,,,pending_external_verification,
2000114339,Jordan Majchrzak,VfB Stuttgart,Bundesliga,2025/26,,,,,year,,,pending_external_verification,
2000196886,Kelven Frees,TSG 1899 Hoffenheim,Bundesliga,2025/26,,,,,year,,,pending_external_verification,
2000104988,Konstantin Schopp,1. FSV Mainz 05,Bundesliga,2025/26,,,,,year,,,pending_external_verification,
2000097989,Luca Di Maggio,Inter,Serie A,2025/26,,,,,year,,,pending_external_verification,
2000197337,Luca Marino,Sport-Club Freiburg,Bundesliga,2025/26,,,,,year,,,pending_external_verification,
2000100677,Mansour Ouro-Tagba,1. FC Köln,Bundesliga,2025/26,,,,,year,,,pending_external_verification,
2000299859,Sam Chambers,Leeds United,Premier League,2025/26,,,,,year,,,pending_external_verification,
2000193521,Tim Köhler,VfB Stuttgart,Bundesliga,2025/26,,,,,year,,,pending_external_verification,
2000123107,Tyler Fredricson,Manchester United,Premier League,2025/26,,,,,year,,,pending_external_verification,
2000193190,Yoni Gomis,RC Strasbourg Alsace,Ligue 1,2025/26,,,,,year,,,pending_external_verification,
2000023993,Edoardo Piana,Udinese Calcio,Serie A,2025/26,,,,,year,,,pending_external_verification,
2000069555,Silas Ostrzinski,Borussia Dortmund,Bundesliga,2025/26,,,,,year,,,pending_external_verification,
2000211948,"David Jiménez(R. Madrid,Spain)",R. Madrid,LaLiga,2025/26,,,,,year,,,pending_external_verification,
2000055376,Loren Zúñiga,R. Madrid,LaLiga,2025/26,,,,,year,,,pending_external_verification,
57196654,Rareş Burnete,Unione Sportiva Lecce,Serie A,2025/26,,,,,year,,,pending_external_verification,
2000197345,David Amegnaglo,Sport-Club Freiburg,Bundesliga,2025/26,,,,,year,,,pending_external_verification,
2000308734,Jan Urbich,Borussia Mönchengladbach,Bundesliga,2025/26,,,,,year,,,pending_external_verification,
2000107108,Téo Barišić,Olympique Lyonnais,Ligue 1,2025/26,,,,,year,,,pending_external_verification,
2000147031,Álex Primo,Levante,LaLiga,2025/26,,,,,year,,,pending_external_verification,
2000047973,Dario Šits,Parma Calcio 1913,Serie A,2025/26,,,,,year,,,pending_external_verification,
28122172,Harry Tyrer,Everton,Premier League,2025/26,,,,,year,,,pending_external_verification,
2000211679,Jeremy de León,R. Madrid,LaLiga,2025/26,,,,,year,,,pending_external_verification,
43609519,Nicolò Cavuoti,Cagliari Calcio,Serie A,2025/26,,,,,year,,,pending_external_verification,
85087278,Stéphane Sparagna,Olympique de Marseille,Ligue 1,2025/26,,,,,year,,,pending_external_verification,
91002779,Denis Linsmayer,1. FSV Mainz 05,Bundesliga,2025/26,,,,,year,,,pending_external_verification,
2000016400,Gonçalo Esteves,Udinese Calcio,Serie A,2025/26,,,,,year,,,pending_external_verification,
43124601,Luca Fiordilino,Inter,Serie A,2025/26,,,,,year,,,pending_external_verification,
35011184,Marc Hornschuh,Sport-Club Freiburg,Bundesliga,2025/26,,,,,year,,,pending_external_verification,
83261903,Luís Hemir,Sunderland,Premier League,2025/26,,,,,year,,,pending_external_verification,
91193887,Anton Heinz,FC Bayern München,Bundesliga,2025/26,,,,,year,,,pending_external_verification,
2000143010,Tomás Mendes,Alavés,LaLiga,2025/26,,,,,year,,,pending_external_verification,
43161654,Daniele Sommariva,Genoa Cricket and Football Club,Serie A,2025/26,,,,,year,,,pending_external_verification,
91144321,Joseph Boyamba,Borussia Dortmund,Bundesliga,2025/26,,,,,year,,,pending_external_verification,
2000311613,Maximilian Herwerth,VfB Stuttgart,Bundesliga,2025/26,,,,,year,,,pending_external_verification,
91108282,Luca Dürholtz,1. FC Köln,Bundesliga,2025/26,,,,,year,,,pending_external_verification,
2000375174,Harry Howell,Brighton & Hove Albion,Premier League,2025/26,,,,,year,,,pending_external_verification,
2000271667,Tommaso Rubino,ACF Fiorentina,Serie A,2025/26,,,,,year,,,pending_external_verification,
2000231349,Benjamin Arthur,Brentford,Premier League,2025/26,,,,,year,,,pending_external_verification,
2000298714,Callum Olusesi,Tottenham Hotspur,Premier League,2025/26,,,,,year,,,pending_external_verification,
2000161668,Dani Pérez,Real Betis,LaLiga,2025/26,,,,,year,,,pending_external_verification,
2000385886,Diego León,Manchester United,Premier League,2025/26,,,,,year,,,pending_external_verification,
2000325319,"Raúl Jiménez(Valencia,Spain)",Valencia,LaLiga,2025/26,,,,,year,,,pending_external_verification,
2000097986,Thomas Berenbruch,Inter,Serie A,2025/26,,,,,year,,,pending_external_verification,
2000221615,Fellipe Jack,Como 1907,Serie A,2025/26,,,,,year,,,pending_external_verification,
2000411806,Gorka Carrera,Real Sociedad,LaLiga,2025/26,,,,,year,,,verified,m-mahadi/top5-football-dataset (SoFIFA)
2000289491,Julián Vignolo,Toulouse FC,Ligue 1,2025/26,,,,,year,,,pending_external_verification,
2000032467,Rubén Iranzo,Valencia,LaLiga,2025/26,,,,,year,,,pending_external_verification,
2000054209,Dante Cassanova,Tottenham Hotspur,Premier League,2025/26,,,,,year,,,pending_external_verification,
2000126248,Ethan Laidlaw,Brentford,Premier League,2025/26,,,,,year,,,pending_external_verification,
2000118379,Kaelan Casey,West Ham United,Premier League,2025/26,,,,,year,,,pending_external_verification,
2000086809,Kaide Gordon,Liverpool,Premier League,2025/26,,,,,year,,,pending_external_verification,
2000141451,Luken Beitia,Real Sociedad,LaLiga,2025/26,,,,,year,,,verified,m-mahadi/top5-football-dataset (SoFIFA)
2000042503,Michael Olakigbe,Brentford,Premier League,2025/26,,,,,year,,,pending_external_verification,
2000121583,Mike Aidoo,Inter,Serie A,2025/26,,,,,year,,,pending_external_verification,
2000212732,Noah Fenyő,Eintracht Frankfurt,Bundesliga,2025/26,,,,,year,,,pending_external_verification,
2000241976,Yannick Eduardo,RB Leipzig,Bundesliga,2025/26,,,,,year,,,pending_external_verification,
2000021531,Justin Kumi,Sassuolo,Serie A,2025/26,,,,,year,,,pending_external_verification,
2000091991,David Stückler,Cremonese,Serie A,2025/26,,,,,year,,,pending_external_verification,
2000197355,Yannis Hör,TSG 1899 Hoffenheim,Bundesliga,2025/26,,,,,year,,,pending_external_verification,
2000225830,Denis Donkor,TSG 1899 Hoffenheim,Bundesliga,2025/26,,,,,year,,,pending_external_verification,
2000091572,Ilyes Housni,Paris Saint-Germain,Ligue 1,2025/26,,,,,year,,,pending_external_verification,
2000199405,"Jonathan Silva(Torino,Brazil,Italy)",Torino,Serie A,2025/26,,,,,year,,,pending_external_verification,
43425157,Alessio Furlanetto,Lazio,Serie A,2025/26,2022.0,2028.0,,3000.0,year,710000.0,400000.0,verified,m-mahadi/top5-football-dataset (SoFIFA)
2000197536,Yannick Onohiol,TSG 1899 Hoffenheim,Bundesliga,2025/26,,,,,year,,,pending_external_verification,
2000311618,Lauri Penna,VfB Stuttgart,Bundesliga,2025/26,,,,,year,,,pending_external_verification,
43269230,Leonardo Loria,Pisa Sporting Club,Serie A,2025/26,,,,,year,,,pending_external_verification,
2000121967,Ben Opoku,TSG 1899 Hoffenheim,Bundesliga,2025/26,,,,,year,,,pending_external_verification,
2000161463,Joel Agyekum,Hamburger Sport-Verein,Bundesliga,2025/26,,,,,year,,,pending_external_verification,
2000385891,Alejandro Gomes Rodríguez,Olympique Lyonnais,Ligue 1,2025/26,,,,,year,,,pending_external_verification,
2000198728,Kadan Young,Aston Villa,Premier League,2025/26,,,,,year,,,pending_external_verification,
2000476259,Ryan Kavuma-McQueen,Chelsea,Premier League,2025/26,,,,,year,,,pending_external_verification,
2000302092,Trevan Sanusi,Newcastle United,Premier League,2025/26,,,,,year,,,pending_external_verification,
2000295087,Alessio Cacciamani,Torino,Serie A,2025/26,,,,,year,,,pending_external_verification,
2000205568,Alphadjo Cissé,Hellas Verona FC,Serie A,2025/26,,,,,year,,,pending_external_verification,
2000300159,David Otorbi,Valencia,LaLiga,2025/26,,,,,year,,,pending_external_verification,
2000210528,Josh Stephenson,Brentford,Premier League,2025/26,,,,,year,,,pending_external_verification,
2000476255,Reggie Walsh,Chelsea,Premier League,2025/26,,,,,year,,,pending_external_verification,
2000259409,Tiago Poller,TSG 1899 Hoffenheim,Bundesliga,2025/26,,,,,year,,,pending_external_verification,
2000188753,Aladji Bamba,AS Monaco,Ligue 1,2025/26,,,,,year,,,pending_external_verification,
2000216557,Alexei Rojas Fedorushchenko,Arsenal,Premier League,2025/26,,,,,year,,,pending_external_verification,
2000132483,Álvaro Leiva,R. Madrid,LaLiga,2025/26,,,,,year,,,pending_external_verification,
2000297335,Andrés Cuenca,Barcelona,LaLiga,2025/26,,,,,year,,,pending_external_verification,
2000108358,Calum Scanlon,Liverpool,Premier League,2025/26,,,,,year,,,pending_external_verification,
2000480447,Emmanuel Chukwu,TSG 1899 Hoffenheim,Bundesliga,2025/26,,,,,year,,,pending_external_verification,
12095249,"Ibrahim Diarra(Barcelona,Mali)",Barcelona,LaLiga,2025/26,,,,,year,,,pending_external_verification,
2000257038,Jonathan Norbye,RB Leipzig,Bundesliga,2025/26,,,,,year,,,pending_external_verification,
2000297311,Landry Farré,Barcelona,LaLiga,2025/26,,,,,year,,,pending_external_verification,
2000449125,Leo Salazar,Espanyol,LaLiga,2025/26,,,,,year,,,pending_external_verification,
2000183395,Lewis Orford,West Ham United,Premier League,2025/26,,,,,year,,,pending_external_verification,
2000377639,Marco de las Sías,Rayo Vallecano,LaLiga,2025/26,,,,,year,,,pending_external_verification,
2000161868,Mark O'Mahony,Brighton & Hove Albion,Premier League,2025/26,,,,,year,,,pending_external_verification,
2000259404,Niklas Swider,Borussia Mönchengladbach,Bundesliga,2025/26,,,,,year,,,pending_external_verification,
2000325316,"Pablo López(Valencia,Spain)",Valencia,LaLiga,2025/26,,,,,year,,,pending_external_verification,
2000200559,Paul Argney,Le Havre,Ligue 1,2025/26,2024.0,2027.0,,900.0,year,2000000.0,750000.0,verified,m-mahadi/top5-football-dataset (SoFIFA)
2000324215,Samu Becerra,Rayo Vallecano,LaLiga,2025/26,2025.0,2027.0,,2000.0,year,1600000.0,575000.0,verified,m-mahadi/top5-football-dataset (SoFIFA)
12095306,Sékou Koné,Manchester United,Premier League,2025/26,,,,,year,,,pending_external_verification,
2000289673,Soriba Diaoune,LOSC Lille,Ligue 1,2025/26,,,,,year,,,pending_external_verification,
2000298787,Xavi Espart,Barcelona,LaLiga,2025/26,2024.0,2028.0,,10000.0,year,3200000.0,1200000.0,verified,m-mahadi/top5-football-dataset (SoFIFA)
2000103853,Alessandro Vinciguerra,Cagliari Calcio,Serie A,2025/26,,,,,year,,,pending_external_verification,
2000297397,Alexis Olmedo,Barcelona,LaLiga,2025/26,,,,,year,,,pending_external_verification,
2000180877,Charles Herrmann,Borussia Mönchengladbach,Bundesliga,2025/26,,,,,year,,,pending_external_verification,
2000183493,Dan Sinaté,Angers SCO,Ligue 1,2025/26,,,,,year,,,pending_external_verification,
7991070,Daniele Padelli,Udinese Calcio,Serie A,2025/26,,,,,year,,,pending_external_verification,
2000104623,David Puczka,Juventus,Serie A,2025/26,,,,,year,,,pending_external_verification,
2000359694,Enric Garcia,Girona,LaLiga,2025/26,,,,,year,,,pending_external_verification,
2000182185,Eryk Grzywacz,VfL Wolfsburg,Bundesliga,2025/26,,,,,year,,,pending_external_verification,
2000222342,Fabio Rispoli,Como 1907,Serie A,2025/26,,,,,year,,,pending_external_verification,
2000241431,Federico Cassa,Atalanta,Serie A,2025/26,,,,,year,,,pending_external_verification,
2000106686,Filipe Bordon,Lazio,Serie A,2025/26,,,,,year,,,pending_external_verification,
2000196612,Jaka Čuber Potočnik,1. FC Köln,Bundesliga,2025/26,,,,,year,,,pending_external_verification,
2000241198,Joseph Liteta,Cagliari Calcio,Serie A,2025/26,,,,,year,,,pending_external_verification,
2000225029,Luc de Fougerolles,Fulham,Premier League,2025/26,,,,,year,,,pending_external_verification,
2000102545,Mahamadou Susoho,Manchester City,Premier League,2025/26,,,,,year,,,pending_external_verification,
2000112877,Miodrag Pivaš,Newcastle United,Premier League,2025/26,,,,,year,,,pending_external_verification,
2000119910,Óscar Ureña,Barcelona,LaLiga,2025/26,,,,,year,,,pending_external_verification,
2000180859,Paul Scholl,FC Bayern München,Bundesliga,2025/26,,,,,year,,,pending_external_verification,
2000395639,Shane van Aarle,Juventus,Serie A,2025/26,,,,,year,,,pending_external_verification,
2000180854,Timo Schlieck,RB Leipzig,Bundesliga,2025/26,,,,,year,,,pending_external_verification,
91203861,Marcel Johnen,Borussia Dortmund,Bundesliga,2025/26,,,,,year,,,pending_external_verification,
2000020986,Riccardo Stivanello,Bologna FC 1909,Serie A,2025/26,,,,,year,,,pending_external_verification,
2000065893,Aimar Duñabeitia,A. Bilbao,LaLiga,2025/26,,,,,year,,,pending_external_verification,
2000214595,"Iker Muñoz(Sevilla,Spain)",Sevilla,LaLiga,2025/26,,,,,year,,,pending_external_verification,
2000122849,Israel Domínguez,Sevilla,LaLiga,2025/26,,,,,year,,,pending_external_verification,
2000049429,"Roger Martínez(Barcelona,Spain)",Barcelona,LaLiga,2025/26,,,,,year,,,pending_external_verification,
2000013421,Álex Cardero,Oviedo,LaLiga,2025/26,,,,,year,,,pending_external_verification,
43500440,Federico Macca,Juventus,Serie A,2025/26,,,,,year,,,pending_external_verification,
2000024755,Giacomo Faticanti,Unione Sportiva Lecce,Serie A,2025/26,,,,,year,,,pending_external_verification,
2000048043,Tayo Adaramola,Crystal Palace,Premier League,2025/26,,,,,year,,,pending_external_verification,
2000153028,Pedro Felipe,Juventus,Serie A,2025/26,,,,,year,,,pending_external_verification,
2000498430,"Sergio Martínez(Sevilla,Spain)",Sevilla,LaLiga,2025/26,,,,,year,,,pending_external_verification,
28127116,Tyler Onyango,Everton,Premier League,2025/26,,,,,year,,,pending_external_verification,
2000071285,David Lelle,Borussia Dortmund,Bundesliga,2025/26,,,,,year,,,pending_external_verification,
28126139,Daniel Oyegoke,Hellas Verona FC,Serie A,2025/26,,,,,year,,,pending_external_verification,
2000154165,David Preu,1. FC Union Berlin,Bundesliga,2025/26,,,,,year,,,pending_external_verification,
2000117935,Ian Forns,Real Betis,LaLiga,2025/26,,,,,year,,,pending_external_verification,
2000096840,Jadel Katongo,Manchester City,Premier League,2025/26,,,,,year,,,pending_external_verification,
2000193084,Mahmut Küçükşahin,FC Augsburg,Bundesliga,2025/26,,,,,year,,,pending_external_verification,
2000132511,Roberto Arroyo,Osasuna,LaLiga,2025/26,,,,,year,,,pending_external_verification,
2000213041,Yannis Lawson,FC Metz,Ligue 1,2025/26,,,,,year,,,pending_external_verification,
2000157265,Oso,Sevilla,LaLiga,2025/26,,,,,year,,,pending_external_verification,
2000247950,Marco Esteban,Oviedo,LaLiga,2025/26,2025.0,2028.0,,5000.0,year,2900000.0,1200000.0,verified,m-mahadi/top5-football-dataset (SoFIFA)
67247577,Sergi Puig,Girona,LaLiga,2025/26,,,,,year,,,pending_external_verification,
2000053062,Xavi Pleguezuelo,Espanyol,LaLiga,2025/26,,,,,year,,,pending_external_verification,
49040181,Yannick Pandor,RC Lens,Ligue 1,2025/26,,,,,year,,,pending_external_verification,
2000121909,Jon De Luis,A. Bilbao,LaLiga,2025/26,,,,,year,,,pending_external_verification,
2000249174,Ethan Kohler,SV Werder Bremen,Bundesliga,2025/26,,,,,year,,,pending_external_verification,
2000243024,Omar Falah,Oviedo,LaLiga,2025/26,2025.0,2027.0,,4000.0,year,1700000.0,700000.0,verified,m-mahadi/top5-football-dataset (SoFIFA)
2000182729,Iker Varela,A. Bilbao,LaLiga,2025/26,,,,,year,,,pending_external_verification,
2000399513,Aristide Zossou,AJ Auxerre,Ligue 1,2025/26,,,,,year,,,pending_external_verification,
2000357374,Papa Ba,Girona,LaLiga,2025/26,,,,,year,,,pending_external_verification,
43384567,Alessandro Russo,Sassuolo,Serie A,2025/26,,,,,year,,,pending_external_verification,
2000397380,Hugo Caroz,Espanyol,LaLiga,2025/26,,,,,year,,,pending_external_verification,
2000411859,Francis Gomez,Everton,Premier League,2025/26,,,,,year,,,pending_external_verification,
2000144021,Harrison Jones,Sunderland,Premier League,2025/26,,,,,year,,,pending_external_verification,
91167818,Lion Schweers,Borussia Mönchengladbach,Bundesliga,2025/26,,,,,year,,,pending_external_verification,
91121018,Michel Lieder,Borussia Mönchengladbach,Bundesliga,2025/26,,,,,year,,,pending_external_verification,
2000104908,Lucas Michal,AS Monaco,Ligue 1,2025/26,,,,,year,,,pending_external_verification,
2000293312,Jesús Fortea,R. Madrid,LaLiga,2025/26,,,,,year,,,pending_external_verification,
2000267443,Abdelhamid Ait Boudlal,Stade Rennais FC,Ligue 1,2025/26,,,,,year,,,pending_external_verification,
2000097987,Alessandro Calligaris,Inter,Serie A,2025/26,,,,,year,,,pending_external_verification,
2000300961,Omar Khedr,Aston Villa,Premier League,2025/26,,,,,year,,,pending_external_verification,
2000198858,Renato Marin,Paris Saint-Germain,Ligue 1,2025/26,,,,,year,,,pending_external_verification,
2000216549,Seb Ferdinand,Arsenal,Premier League,2025/26,,,,,year,,,pending_external_verification,
2000214908,Vicent Abril,Valencia,LaLiga,2025/26,,,,,year,,,pending_external_verification,
2000127893,Gabriele Calvani,Genoa Cricket and Football Club,Serie A,2025/26,,,,,year,,,pending_external_verification,
2000116924,Ayanda Sishuba,Stade Rennais FC,Ligue 1,2025/26,,,,,year,,,pending_external_verification,
2000111335,Kike Herrero,R. Madrid,LaLiga,2025/26,,,,,year,,,pending_external_verification,
2000288922,Enzo Molebe,Olympique Lyonnais,Ligue 1,2025/26,,,,,year,,,pending_external_verification,
2000412744,Alexis Vossah,Toulouse FC,Ligue 1,2025/26,,,,,year,,,pending_external_verification,
2000462816,Djibril Coulibaly,OGC Nice,Ligue 1,2025/26,,,,,year,,,pending_external_verification,
2000269260,Matteo Cocchi,Inter,Serie A,2025/26,2026.0,2028.0,,7000.0,year,5200000.0,2300000.0,verified,m-mahadi/top5-football-dataset (SoFIFA)
2000098260,Aaron Ciammaglichella,Torino,Serie A,2025/26,,,,,year,,,pending_external_verification,
2000248420,Dani Díaz,Real Sociedad,LaLiga,2025/26,,,,,year,,,pending_external_verification,
2000271919,David Pejičić,Udinese Calcio,Serie A,2025/26,,,,,year,,,pending_external_verification,
2000238784,Enso González,Wolverhampton Wanderers,Premier League,2025/26,,,,,year,,,pending_external_verification,
2000386007,Gabin Capuano,RC Lens,Ligue 1,2025/26,,,,,year,,,pending_external_verification,
2000188757,Jimmy-Jay Morgan,Chelsea,Premier League,2025/26,,,,,year,,,pending_external_verification,
2000312585,Leonard Krasniqi,TSG 1899 Hoffenheim,Bundesliga,2025/26,,,,,year,,,pending_external_verification,
2000301241,Mathys Angély,VfL Wolfsburg,Bundesliga,2025/26,,,,,year,,,pending_external_verification,
2000188227,Noah Lahmadi,Toulouse FC,Ligue 1,2025/26,,,,,year,,,pending_external_verification,
2000203183,Oliver Sorg,FC Augsburg,Bundesliga,2025/26,,,,,year,,,pending_external_verification,
2000123645,Riley Owen,Brentford,Premier League,2025/26,,,,,year,,,pending_external_verification,
2000104909,Ritchy Valmé,AS Monaco,Ligue 1,2025/26,,,,,year,,,pending_external_verification,
2000327143,Wesley Adeh,SV Werder Bremen,Bundesliga,2025/26,,,,,year,,,pending_external_verification,
2000192458,Borna Knezović,Sassuolo,Serie A,2025/26,,,,,year,,,pending_external_verification,
2000221078,Fran Gil,Villarreal,LaLiga,2025/26,,,,,year,,,pending_external_verification,
2000284428,Javier Gil,Juventus,Serie A,2025/26,,,,,year,,,pending_external_verification,
2000096637,Johaneko Louis-Jean,A. Bilbao,LaLiga,2025/26,,,,,year,,,pending_external_verification,
2000128559,Jonas Harder,ACF Fiorentina,Serie A,2025/26,,,,,year,,,pending_external_verification,
2000105661,Kamari Doyle,Brighton & Hove Albion,Premier League,2025/26,,,,,year,,,pending_external_verification,
2000105337,Marco Delle Monache,Unione Sportiva Lecce,Serie A,2025/26,,,,,year,,,pending_external_verification,
2000241971,Nuha Jatta,VfB Stuttgart,Bundesliga,2025/26,,,,,year,,,pending_external_verification,
2000125551,Sam Mather,Manchester United,Premier League,2025/26,,,,,year,,,pending_external_verification,
2000300244,Omar Janneh,A. Madrid,LaLiga,2025/26,,,,,year,,,pending_external_verification,
2000416938,Álex Marchal,Real Sociedad,LaLiga,2025/26,,,,,year,,,pending_external_verification,
2000494587,Carlos Macià,Villarreal,LaLiga,2025/26,2025.0,2029.0,,4000.0,year,2700000.0,1000000.0,verified,m-mahadi/top5-football-dataset (SoFIFA)
2000273472,Kiano Dyer,Chelsea,Premier League,2025/26,,,,,year,,,pending_external_verification,
2000280111,"Adrián Pérez(A. Bilbao,Spain,Pays Basque)",A. Bilbao,LaLiga,2025/26,,,,,year,,,pending_external_verification,
2000287935,Beñat García,A. Bilbao,LaLiga,2025/26,,,,,year,,,pending_external_verification,
2000457930,"Hugo López(Villarreal,Spain)",Villarreal,LaLiga,2025/26,,,,,year,,,pending_external_verification,
2000294063,Marc Jurado,Valencia,LaLiga,2025/26,,,,,year,,,pending_external_verification,
2000289947,Marius Louër,Angers SCO,Ligue 1,2025/26,,,,,year,,,pending_external_verification,
2000311601,Blessing Makanda,TSG 1899 Hoffenheim,Bundesliga,2025/26,,,,,year,,,pending_external_verification,
2000396167,Leslie Okai,Valencia,LaLiga,2025/26,,,,,year,,,pending_external_verification,
12095308,Mahamoud Barry,Villarreal,LaLiga,2025/26,,,,,year,,,pending_external_verification,
2000206146,Pape Diong,RC Strasbourg Alsace,Ligue 1,2025/26,,,,,year,,,pending_external_verification,
2000246003,Relja Obrić,Atalanta,Serie A,2025/26,,,,,year,,,pending_external_verification,
2000101281,Tomas Galvez,Manchester City,Premier League,2025/26,,,,,year,,,pending_external_verification,
2000205839,Matteo Spinaccè,Inter,Serie A,2025/26,,,,,year,,,pending_external_verification,
2000269293,Mattia Mosconi,Inter,Serie A,2025/26,2026.0,2028.0,,4000.0,year,1800000.0,775000.0,verified,m-mahadi/top5-football-dataset (SoFIFA)
2000098004,Daniele Quieto,Inter,Serie A,2025/26,,,,,year,,,pending_external_verification,
2000223178,Emanuele Rao,Napoli,Serie A,2025/26,,,,,year,,,pending_external_verification,
2000044562,Enock Agyei,Burnley,Premier League,2025/26,,,,,year,,,pending_external_verification,
2000282469,Felipe Chávez,FC Bayern München,Bundesliga,2025/26,,,,,year,,,pending_external_verification,
2000241407,Filippo Reale,Associazione Sportiva Roma,Serie A,2025/26,,,,,year,,,pending_external_verification,
2000121640,Giulio Misitano,Atalanta,Serie A,2025/26,,,,,year,,,pending_external_verification,
2000261857,Guido Della Rovere,FC Bayern München,Bundesliga,2025/26,,,,,year,,,pending_external_verification,
2000139648,Lino Sousa,Aston Villa,Premier League,2025/26,,,,,year,,,pending_external_verification,
2000255277,Magnus Dalpiaz,FC Bayern München,Bundesliga,2025/26,,,,,year,,,pending_external_verification,
2000372676,Paco Cortés,Levante,LaLiga,2025/26,2024.0,2028.0,,8000.0,year,7900000.0,2800000.0,verified,m-mahadi/top5-football-dataset (SoFIFA)
2000221876,Winsley Boteli,Borussia Mönchengladbach,Bundesliga,2025/26,,,,,year,,,pending_external_verification,
2000242568,Aiden Harangi,Eintracht Frankfurt,Bundesliga,2025/26,,,,,year,,,pending_external_verification,
2000313151,"Álex Pérez(Real Hispalis,Spain,Mozambique)",Real Betis,LaLiga,2025/26,,,,,year,,,pending_external_verification,
2000244204,Dmytro Bogdanov,1. FC Union Berlin,Bundesliga,2025/26,,,,,year,,,pending_external_verification,
2000216551,Ismeal Kabia,Arsenal,Premier League,2025/26,,,,,year,,,pending_external_verification,
2000221695,Mattia Piermarini,Milan,Serie A,2025/26,,,,,year,,,pending_external_verification,
2000263829,Mohamed Seck,Associazione Sportiva Roma,Serie A,2025/26,,,,,year,,,pending_external_verification,
2000133460,Neo Telle,1. FC Köln,Bundesliga,2025/26,,,,,year,,,pending_external_verification,
2000257675,Salim Musah,SV Werder Bremen,Bundesliga,2025/26,,,,,year,,,pending_external_verification,
2000197549,Tim Hoops,FC Augsburg,Bundesliga,2025/26,,,,,year,,,pending_external_verification,
2000409386,José Reyes,R. Madrid,LaLiga,2025/26,,,,,year,,,pending_external_verification,
2000406231,Ilies Belmokhtar,AS Monaco,Ligue 1,2025/26,,,,,year,,,pending_external_verification,
2000466272,Brian Madjo,FC Metz,Ligue 1,2025/26,,,,,year,,,pending_external_verification,
2000375172,Freddie Simmonds,Brighton & Hove Albion,Premier League,2025/26,,,,,year,,,pending_external_verification,
2000223332,Izan,R. Madrid,LaLiga,2025/26,,,,,year,,,pending_external_verification,
2000130568,Javier Boñar,A. Madrid,LaLiga,2025/26,,,,,year,,,pending_external_verification,
2000290881,Robinio Vaz,Olympique de Marseille,Ligue 1,2025/26,,,,,year,,,pending_external_verification,
2000375648,Wisdom Mike,FC Bayern München,Bundesliga,2025/26,,,,,year,,,pending_external_verification,
2000219673,Cristian David,R. Madrid,LaLiga,2025/26,,,,,year,,,pending_external_verification,
2000311614,Elijah Scott,Unione Sportiva Lecce,Serie A,2025/26,,,,,year,,,pending_external_verification,
2000413349,Gabin Bernardeau,OGC Nice,Ligue 1,2025/26,,,,,year,,,pending_external_verification,
2000184626,Harrison Murray-Campbell,Chelsea,Premier League,2025/26,,,,,year,,,pending_external_verification,
2000497358,Iaia Manco Danfa,Borussia Mönchengladbach,Bundesliga,2025/26,,,,,year,,,pending_external_verification,
2000239293,"Javier Fernández(FC Bayern München,Spain)",FC Bayern München,Bundesliga,2025/26,,,,,year,,,pending_external_verification,
2000272808,Jaydan Kamason,Manchester United,Premier League,2025/26,,,,,year,,,pending_external_verification,
2000297377,Lamine Ballo,Inter,Serie A,2025/26,,,,,year,,,pending_external_verification,
2000207224,Matai Akinmboni,AFC Bournemouth,Premier League,2025/26,,,,,year,,,pending_external_verification,
2000351894,Mateus Mané,Wolverhampton Wanderers,Premier League,2025/26,,,,,year,,,pending_external_verification,
2000269286,Matias Mancuso,Inter,Serie A,2025/26,,,,,year,,,pending_external_verification,
2000254687,Matthew Young,Sunderland,Premier League,2025/26,,,,,year,,,pending_external_verification,
2000241821,Max Schmitt,FC Bayern München,Bundesliga,2025/26,,,,,year,,,pending_external_verification,
2000180862,Maximilian Hennig,FC Bayern München,Bundesliga,2025/26,,,,,year,,,pending_external_verification,
2000389009,Nico Guillén,Sevilla,LaLiga,2025/26,,,,,year,,,pending_external_verification,
2000331706,Nils Ramming,Brighton & Hove Albion,Premier League,2025/26,,,,,year,,,pending_external_verification,
2000480446,Precious Benjamin,TSG 1899 Hoffenheim,Bundesliga,2025/26,,,,,year,,,pending_external_verification,
2000214745,Sascha Britschgi,Parma Calcio 1913,Serie A,2025/26,,,,,year,,,pending_external_verification,
2000182981,Vincent Burlet,LOSC Lille,Ligue 1,2025/26,,,,,year,,,pending_external_verification,
2000197396,Adam Kölle,1. FC Heidenheim 1846,Bundesliga,2025/26,,,,,year,,,pending_external_verification,
2000300124,Alberto Espiñeira,Sevilla,LaLiga,2025/26,,,,,year,,,pending_external_verification,
2000145297,Alberto Manzoni,Atalanta,Serie A,2025/26,,,,,year,,,pending_external_verification,
2000334572,Amine Moussaoui,Angers SCO,Ligue 1,2025/26,,,,,year,,,pending_external_verification,
2000309943,Andrik Markgraf,1. FC Union Berlin,Bundesliga,2025/26,,,,,year,,,pending_external_verification,
2000325837,Bodin Tomašević,Bologna FC 1909,Serie A,2025/26,,,,,year,,,pending_external_verification,
2000297428,Brian Fariñas,Barcelona,LaLiga,2025/26,,,,,year,,,pending_external_verification,
2000210136,Charlie Tasker,Brighton & Hove Albion,Premier League,2025/26,,,,,year,,,pending_external_verification,
2000225711,Emilio Lawrence,Manchester City,Premier League,2025/26,,,,,year,,,pending_external_verification,
2000190311,Ethan Wheatley,Manchester United,Premier League,2025/26,,,,,year,,,pending_external_verification,
2000407642,Fallou Cham,Hellas Verona FC,Serie A,2025/26,,,,,year,,,pending_external_verification,
2000205918,Filippo Pagnucco,Juventus,Serie A,2025/26,,,,,year,,,pending_external_verification,
2000150851,Gaizka Albóniga,A. Bilbao,LaLiga,2025/26,,,,,year,,,pending_external_verification,
2000197177,Grayson Dettoni,FC Bayern München,Bundesliga,2025/26,,,,,year,,,pending_external_verification,
2000184622,Harrison McMahon,Chelsea,Premier League,2025/26,,,,,year,,,pending_external_verification,
2000227983,Iker Córdoba,Valencia,LaLiga,2025/26,,,,,year,,,pending_external_verification,
2000190306,Jack Moorhouse,Manchester United,Premier League,2025/26,,,,,year,,,pending_external_verification,
2000109164,Joe Gardner,Nottingham Forest,Premier League,2025/26,,,,,year,,,pending_external_verification,
2000027244,Kerr Smith,Aston Villa,Premier League,2025/26,,,,,year,,,pending_external_verification,
2000146881,Matteo Motta,Inter,Serie A,2025/26,,,,,year,,,pending_external_verification,
2000180843,Noël Atom,Brighton & Hove Albion,Premier League,2025/26,,,,,year,,,pending_external_verification,
2000258018,Oluwaseun Ogbemudia,1. FC Union Berlin,Bundesliga,2025/26,,,,,year,,,pending_external_verification,
2000312519,Pablo Arenzana,Villarreal,LaLiga,2025/26,,,,,year,,,pending_external_verification,
2000216077,Rio Cardines,Crystal Palace,Premier League,2025/26,2025.0,2028.0,,9000.0,year,2300000.0,900000.0,verified,m-mahadi/top5-football-dataset (SoFIFA)
2000180883,Robert Ramšak,RB Leipzig,Bundesliga,2025/26,,,,,year,,,pending_external_verification,
2000242563,Tamiou Kpebane,Sevilla,LaLiga,2025/26,,,,,year,,,pending_external_verification,
2000122266,Timur Tutierov,Sunderland,Premier League,2025/26,,,,,year,,,pending_external_verification,
12093883,Valy Konaté,AS Monaco,Ligue 1,2025/26,,,,,year,,,pending_external_verification,
2000238351,Yanis Senhadji,Real Betis,LaLiga,2025/26,,,,,year,,,pending_external_verification,
2000321639,Yannik Wagner,1. FC Heidenheim 1846,Bundesliga,2025/26,,,,,year,,,pending_external_verification,
2000144013,Zak Johnson,Sunderland,Premier League,2025/26,,,,,year,,,pending_external_verification,
2000197769,Alessandro Romano,Associazione Sportiva Roma,Serie A,2025/26,,,,,year,,,pending_external_verification,
2000302088,Leo Shahar,Newcastle United,Premier League,2025/26,,,,,year,,,pending_external_verification,
2000189438,Alfie Harrison,Newcastle United,Premier League,2025/26,,,,,year,,,pending_external_verification,
2000191847,Elijah Gift,A. Bilbao,LaLiga,2025/26,,,,,year,,,pending_external_verification,
2000297060,Enzo Koffi,Le Havre,Ligue 1,2025/26,,,,,year,,,pending_external_verification,
2000259414,Fritz Fleck,Borussia Mönchengladbach,Bundesliga,2025/26,,,,,year,,,pending_external_verification,
2000354949,Gibson Adu,FC Bayern München,Bundesliga,2025/26,,,,,year,,,pending_external_verification,
2000280809,Jack Fletcher,Manchester United,Premier League,2025/26,,,,,year,,,pending_external_verification,
2000300157,"Lucas Núñez(Valencia,Spain)",Valencia,LaLiga,2025/26,,,,,year,,,pending_external_verification,
2000335211,Manu González,Real Betis,LaLiga,2025/26,,,,,year,,,pending_external_verification,
2000386313,Noham Kamara,Paris Saint-Germain,Ligue 1,2025/26,,,,,year,,,pending_external_verification,
2000298719,Roman Egan-Riley,Tottenham Hotspur,Premier League,2025/26,,,,,year,,,pending_external_verification,
2000214896,Álvaro Ginés,R. Madrid,LaLiga,2025/26,,,,,year,,,pending_external_verification,
2000260919,Amara Nallo,Liverpool,Premier League,2025/26,,,,,year,,,pending_external_verification,
2000108690,Brodi Hughes,Chelsea,Premier League,2025/26,,,,,year,,,pending_external_verification,
2000240978,Filippo Scotti,Milan,Serie A,2025/26,,,,,year,,,pending_external_verification,
2000299858,Rhys Chadwick,Leeds United,Premier League,2025/26,,,,,year,,,pending_external_verification,
2000205280,Souleymane Sagnan,RC Lens,Ligue 1,2025/26,,,,,year,,,pending_external_verification,
2000059169,Tyrell Ashcroft,Tottenham Hotspur,Premier League,2025/26,,,,,year,,,pending_external_verification,
2000104857,Ylies Aradj,Toulouse FC,Ligue 1,2025/26,,,,,year,,,pending_external_verification,
2000375833,Arman Durmiši,Juventus,Serie A,2025/26,,,,,year,,,pending_external_verification,
2000165742,Christian McFarlane,Manchester City,Premier League,2025/26,,,,,year,,,pending_external_verification,
2000338373,Francisco Baridó,Napoli,Serie A,2025/26,,,,,year,,,pending_external_verification,
2000241167,Gerónimo Spina,A. Madrid,LaLiga,2025/26,,,,,year,,,pending_external_verification,
2000423568,Òscar Masqué,Real Betis,LaLiga,2025/26,,,,,year,,,pending_external_verification,
2000097938,Wisdom Amey,Bologna FC 1909,Serie A,2025/26,,,,,year,,,pending_external_verification,
2000159623,Ben Krauhaus,Brentford,Premier League,2025/26,,,,,year,,,pending_external_verification,
2000213826,Bilal Yalçınkaya,Hamburger Sport-Verein,Bundesliga,2025/26,,,,,year,,,pending_external_verification,
2000242142,Gabriele Re Cecconi,Inter,Serie A,2025/26,,,,,year,,,pending_external_verification,
2000098010,Giacomo Stabile,Inter,Serie A,2025/26,,,,,year,,,pending_external_verification,
2000155488,Ivan Sulev,Cagliari Calcio,Serie A,2025/26,,,,,year,,,pending_external_verification,
2000290365,Mathys Niflore,Toulouse FC,Ligue 1,2025/26,,,,,year,,,pending_external_verification,
2000371821,Miloš Jović,Unione Sportiva Lecce,Serie A,2025/26,,,,,year,,,pending_external_verification,
2000297063,Noam Obougou Jacquet,Le Havre,Ligue 1,2025/26,,,,,year,,,verified,m-mahadi/top5-football-dataset (SoFIFA)
2000108696,Sam Rak-Sakyi,Chelsea,Premier League,2025/26,,,,,year,,,pending_external_verification,
2000465225,Mathis Albert,Borussia Dortmund,Bundesliga,2025/26,,,,,year,,,pending_external_verification,
2000352129,Andrea Natali,Bayer 04 Leverkusen,Bundesliga,2025/26,,,,,year,,,pending_external_verification,
2000457582,Ebu Bekir İş,Eintracht Frankfurt,Bundesliga,2025/26,,,,,year,,,pending_external_verification,
2000223081,Jaime Vázquez,Oviedo,LaLiga,2025/26,,,,,year,,,pending_external_verification,
2000241430,Andrea Bonanomi,Atalanta,Serie A,2025/26,,,,,year,,,pending_external_verification,
2000391589,Cristian Carrara,Inter,Serie A,2025/26,,,,,year,,,pending_external_verification,
2000332815,Illia Voloshyn,R. Madrid,LaLiga,2025/26,,,,,year,,,pending_external_verification,
2000384848,Jamal Iddrissou,Inter,Serie A,2025/26,,,,,year,,,pending_external_verification,
12095248,Oumar Konaté,AS Monaco,Ligue 1,2025/26,,,,,year,,,pending_external_verification,
2000184617,Ted Curd,Chelsea,Premier League,2025/26,,,,,year,,,pending_external_verification,
2000405969,Alain Gómez,Valencia,LaLiga,2025/26,,,,,year,,,pending_external_verification,
2000191038,Bahmed Deuff,FC Nantes,Ligue 1,2025/26,,,,,year,,,pending_external_verification,
2000021095,Chaka Traoré,Milan,Serie A,2025/26,,,,,year,,,pending_external_verification,
2000262633,David Santos Daiber,FC Bayern München,Bundesliga,2025/26,,,,,year,,,pending_external_verification,
2000299717,Diego Aguado,R. Madrid,LaLiga,2025/26,,,,,year,,,pending_external_verification,
2000241001,Gabriele Bertolini,ACF Fiorentina,Serie A,2025/26,,,,,year,,,pending_external_verification,
2000272185,James Scanlon,Manchester United,Premier League,2025/26,,,,,year,,,pending_external_verification,
2000258618,Jamie Schuldes,RB Leipzig,Bundesliga,2025/26,,,,,year,,,pending_external_verification,
2000050929,Joan Cruz,Oviedo,LaLiga,2025/26,,,,,year,,,pending_external_verification,
2000188768,Joan Tincres,AS Monaco,Ligue 1,2025/26,,,,,year,,,pending_external_verification,
2000294487,Joselillo,Villarreal,LaLiga,2025/26,,,,,year,,,pending_external_verification,
2000332589,Jussef Nasrawe,FC Bayern München,Bundesliga,2025/26,,,,,year,,,pending_external_verification,
2000310889,Luc Dabrowski,1. FC Köln,Bundesliga,2025/26,,,,,year,,,pending_external_verification,
2000180858,Maxim Dal,1. FSV Mainz 05,Bundesliga,2025/26,,,,,year,,,pending_external_verification,
2000161486,Omar Megeed,Hamburger Sport-Verein,Bundesliga,2025/26,,,,,year,,,pending_external_verification,
2000277289,Pol Rivera,Espanyol,LaLiga,2025/26,,,,,year,,,pending_external_verification,
2000266605,Stefan Smarkalev,SV Werder Bremen,Bundesliga,2025/26,,,,,year,,,pending_external_verification,
2000291246,Tommaso Gabellini,Torino,Serie A,2025/26,,,,,year,,,pending_external_verification,
2000224804,Yannik Dasbach,Borussia Mönchengladbach,Bundesliga,2025/26,,,,,year,,,pending_external_verification,
2000256110,Shea Lacey,Manchester United,Premier League,2025/26,,,,,year,,,pending_external_verification,
2000401492,Bissenty Gomis,Le Havre,Ligue 1,2025/26,,,,,year,,,pending_external_verification,
2000190299,Elyh Harrison,Manchester United,Premier League,2025/26,,,,,year,,,pending_external_verification,
2000254426,Samuel Nibombé,AS Monaco,Ligue 1,2025/26,,,,,year,,,pending_external_verification,
2000191248,Trent Kone-Doherty,Liverpool,Premier League,2025/26,,,,,year,,,pending_external_verification,
2000280811,Tyler Fletcher,Manchester United,Premier League,2025/26,,,,,year,,,pending_external_verification,
2000217184,Asier Hierro,A. Bilbao,LaLiga,2025/26,,,,,year,,,pending_external_verification,
2000216101,Caleb Kporha,Crystal Palace,Premier League,2025/26,,,,,year,,,pending_external_verification,
2000261998,Enzo Keutgen,Juventus,Serie A,2025/26,,,,,year,,,pending_external_verification,
2000091624,Hugo Cuenca,Genoa Cricket and Football Club,Serie A,2025/26,,,,,year,,,pending_external_verification,
2000298508,Lorenzo Ossola,Milan,Serie A,2025/26,,,,,year,,,pending_external_verification,
2000126071,Malang Gomes,FC Nantes,Ligue 1,2025/26,,,,,year,,,pending_external_verification,
2000289155,Mattéo Escouflaire,RC Lens,Ligue 1,2025/26,,,,,year,,,pending_external_verification,
2000216554,Osman Kamara,Arsenal,Premier League,2025/26,,,,,year,,,pending_external_verification,
2000210763,Pablo Busto,Real Betis,LaLiga,2025/26,,,,,year,,,pending_external_verification,
2000311527,Safyan Touré,1. FC Köln,Bundesliga,2025/26,,,,,year,,,pending_external_verification,
2000164447,Sergio Mestre,R. Madrid,LaLiga,2025/26,,,,,year,,,pending_external_verification,
2000379470,Taufik Seidu,A. Madrid,LaLiga,2025/26,,,,,year,,,pending_external_verification,
2000416511,Bernard Nguene,OGC Nice,Ligue 1,2025/26,,,,,year,,,pending_external_verification,
2000476260,Chizzy Ezenwata,Chelsea,Premier League,2025/26,,,,,year,,,pending_external_verification,
2000398626,Darryl Bakola,Olympique de Marseille,Ligue 1,2025/26,,,,,year,,,pending_external_verification,
2000386608,Federico Steffanoni,Atalanta,Serie A,2025/26,,,,,year,,,pending_external_verification,
2000370918,Igor Oyono,A. Bilbao,LaLiga,2025/26,,,,,year,,,pending_external_verification,
2000310215,Jamal Jimoh-Aloba,Aston Villa,Premier League,2025/26,,,,,year,,,pending_external_verification,
2000295441,Jano Monserrate,A. Madrid,LaLiga,2025/26,,,,,year,,,pending_external_verification,
2000512563,Luke Fahrenhorst,Borussia Dortmund,Bundesliga,2025/26,,,,,year,,,pending_external_verification,
2000489705,Manex Lozano,A. Bilbao,LaLiga,2025/26,,,,,year,,,pending_external_verification,
2000295410,Rayane Messi,RC Strasbourg Alsace,Ligue 1,2025/26,,,,,year,,,pending_external_verification,
2000205844,Richi Agbonifo,Inter,Serie A,2025/26,,,,,year,,,pending_external_verification,
2000336547,Vakhtang Salia,Newcastle United,Premier League,2025/26,,,,,year,,,pending_external_verification,
2000468465,Wael Mohya,Borussia Mönchengladbach,Bundesliga,2025/26,,,,,year,,,pending_external_verification,
2000259412,Adin Ličina,FC Bayern München,Bundesliga,2025/26,,,,,year,,,pending_external_verification,
2000457929,David Fernández,A. Madrid,LaLiga,2025/26,,,,,year,,,pending_external_verification,
2000268652,Fletcher Boyd,Aston Villa,Premier League,2025/26,,,,,year,,,pending_external_verification,
2000222381,Hugo de Llanos,R. Madrid,LaLiga,2025/26,,,,,year,,,pending_external_verification,
2000300128,Ibra Sow,Sevilla,LaLiga,2025/26,,,,,year,,,pending_external_verification,
2000392459,Jim Thwaites,Manchester United,Premier League,2025/26,,,,,year,,,pending_external_verification,
2000018180,Jimi Tauriainen,Chelsea,Premier League,2025/26,,,,,year,,,pending_external_verification,
2000276595,Jon Esenga,Fulham,Premier League,2025/26,,,,,year,,,pending_external_verification,
2000213969,Julio Díaz,A. Madrid,LaLiga,2025/26,,,,,year,,,pending_external_verification,
2000259413,Kilian Sauck,Borussia Mönchengladbach,Bundesliga,2025/26,,,,,year,,,pending_external_verification,
2000184227,Lakyle Samuel,Manchester City,Premier League,2025/26,,,,,year,,,pending_external_verification,
2000391611,Leonardo Bovio,Inter,Serie A,2025/26,,,,,year,,,pending_external_verification,
2000394912,Marius Savidan,Angers SCO,Ligue 1,2025/26,,,,,year,,,pending_external_verification,
2000259408,Naba Mensah,Bayer 04 Leverkusen,Bundesliga,2025/26,,,,,year,,,pending_external_verification,
2000332384,Natnael Abraha,TSG 1899 Hoffenheim,Bundesliga,2025/26,,,,,year,,,pending_external_verification,
2000332332,Neno Žeželj,VfB Stuttgart,Bundesliga,2025/26,,,,,year,,,pending_external_verification,
2000352027,Òscar Gistau,Barcelona,LaLiga,2025/26,,,,,year,,,pending_external_verification,
2000276958,Park Seung-Soo,Newcastle United,Premier League,2025/26,,,,,year,,,pending_external_verification,
2000370427,Pedro Rodríguez,Barcelona,LaLiga,2025/26,,,,,year,,,pending_external_verification,
2000260914,Preston Fearon,West Ham United,Premier League,2025/26,,,,,year,,,pending_external_verification,
2000123642,Rio Kyerematen,Tottenham Hotspur,Premier League,2025/26,,,,,year,,,pending_external_verification,
2000332521,Salvatore Mule,VfB Stuttgart,Bundesliga,2025/26,,,,,year,,,pending_external_verification,
2000402956,Sama Nomoko,Barcelona,LaLiga,2025/26,,,,,year,,,pending_external_verification,
2000276593,Samuel Amissah,Fulham,Premier League,2025/26,,,,,year,,,pending_external_verification,
2000184652,Tommaso Ravaglioli,Bologna FC 1909,Serie A,2025/26,,,,,year,,,pending_external_verification,
2000259383,Tyler Meiser,Borussia Mönchengladbach,Bundesliga,2025/26,,,,,year,,,pending_external_verification,
2000330436,Viggo Gebel,RB Leipzig,Bundesliga,2025/26,,,,,year,,,pending_external_verification,
2000201225,Aaron Malouda,LOSC Lille,Ligue 1,2025/26,,,,,year,,,pending_external_verification,
2000398590,Adam Žulevič,Genoa Cricket and Football Club,Serie A,2025/26,,,,,year,,,pending_external_verification,
2000217555,Alexander Gurendal,Valencia,LaLiga,2025/26,,,,,year,,,pending_external_verification,
2000272157,Alin Kumer Čelik,Genoa Cricket and Football Club,Serie A,2025/26,,,,,year,,,pending_external_verification,
2000230858,Carlos Lumbreras,Osasuna,LaLiga,2025/26,,,,,year,,,pending_external_verification,
2000126895,Charlie McArthur,Newcastle United,Premier League,2025/26,,,,,year,,,pending_external_verification,
2000228103,"Cristo(Capitolini Celesti,Spain)",Lazio,Serie A,2025/26,,,,,year,,,pending_external_verification,
2000425089,Dani Muñoz,A. Madrid,LaLiga,2025/26,,,,,year,,,pending_external_verification,
2000214304,Davis Rath,Hamburger Sport-Verein,Bundesliga,2025/26,,,,,year,,,pending_external_verification,
2000298440,Eder Aller,Barcelona,LaLiga,2025/26,,,,,year,,,pending_external_verification,
2000260079,Eman Košpo,ACF Fiorentina,Serie A,2025/26,,,,,year,,,pending_external_verification,
2000263460,Étienne Borié,1. FC Köln,Bundesliga,2025/26,,,,,year,,,pending_external_verification,
2000377137,"Fallou Fall(Olympique Lyonnais,Senegal)",Olympique Lyonnais,Ligue 1,2025/26,,,,,year,,,pending_external_verification,
2000180870,Fayssal Harchaoui,1. FC Köln,Bundesliga,2025/26,,,,,year,,,pending_external_verification,
2000397382,Ferran Gómez,Espanyol,LaLiga,2025/26,,,,,year,,,pending_external_verification,
2000251829,Genesis Antwi,Chelsea,Premier League,2025/26,,,,,year,,,pending_external_verification,
2000108376,Isaac Mabaya,Liverpool,Premier League,2025/26,,,,,year,,,pending_external_verification,
2000109354,Isaac Smith,Manchester City,Premier League,2025/26,,,,,year,,,pending_external_verification,
2000289163,Ismaël Aouad,RC Lens,Ligue 1,2025/26,,,,,year,,,pending_external_verification,
2000112607,Jacob Slater,Brighton & Hove Albion,Premier League,2025/26,,,,,year,,,pending_external_verification,
2000245593,Jakes Gorosabel,Real Sociedad,LaLiga,2025/26,,,,,year,,,pending_external_verification,
2000259397,Jan Bürger,VfL Wolfsburg,Bundesliga,2025/26,,,,,year,,,pending_external_verification,
2000497000,Jan Peries,Espanyol,LaLiga,2025/26,,,,,year,,,pending_external_verification,
2000447646,Jorge Castillo,A. Madrid,LaLiga,2025/26,,,,,year,,,pending_external_verification,
12095902,Joseph Namatane,FC Metz,Ligue 1,2025/26,,,,,year,,,pending_external_verification,
2000297543,Juan Hernández,Barcelona,LaLiga,2025/26,,,,,year,,,pending_external_verification,
2000109154,Kyle McAdam,Nottingham Forest,Premier League,2025/26,,,,,year,,,pending_external_verification,
2000411820,Lander Astiazarán,Real Sociedad,LaLiga,2025/26,,,,,year,,,verified,m-mahadi/top5-football-dataset (SoFIFA)
2000299750,Lluc Castell,Espanyol,LaLiga,2025/26,2024.0,2028.0,,2000.0,year,1700000.0,625000.0,verified,m-mahadi/top5-football-dataset (SoFIFA)
2000311534,Louis Babatz,1. FSV Mainz 05,Bundesliga,2025/26,,,,,year,,,pending_external_verification,
2000258045,Marwin Schmitz,FC St. Pauli,Bundesliga,2025/26,,,,,year,,,pending_external_verification,
2000230859,Mauro Echegoyen,Osasuna,LaLiga,2025/26,,,,,year,,,pending_external_verification,
2000184625,Max Merrick,Chelsea,Premier League,2025/26,,,,,year,,,pending_external_verification,
2000311591,Melvin Onos,TSG 1899 Hoffenheim,Bundesliga,2025/26,,,,,year,,,pending_external_verification,
2000327151,Mick Schmetgens,SV Werder Bremen,Bundesliga,2025/26,,,,,year,,,pending_external_verification,
2000264235,Miguel Londoño,Espanyol,LaLiga,2025/26,,,,,year,,,pending_external_verification,
2000436645,"Nemanja Milojević(Unione Sportiva Lecce,Slovenia)",Unione Sportiva Lecce,Serie A,2025/26,,,,,year,,,pending_external_verification,
2000259219,Nick Cherny,Borussia Dortmund,Bundesliga,2025/26,,,,,year,,,pending_external_verification,
2000290361,Oscar Lenne,RC Lens,Ligue 1,2025/26,,,,,year,,,pending_external_verification,
2000510300,Owen Bosch,Elche,LaLiga,2025/26,,,,,year,,,pending_external_verification,
2000259167,Pharell Kegni,Borussia Dortmund,Bundesliga,2025/26,,,,,year,,,pending_external_verification,
2000377139,Pierre Dorival,Olympique Lyonnais,Ligue 1,2025/26,,,,,year,,,pending_external_verification,
2000297440,Quim Junyent,Barcelona,LaLiga,2025/26,,,,,year,,,pending_external_verification,
2000143998,Roman Dixon,Everton,Premier League,2025/26,,,,,year,,,pending_external_verification,
2000190647,Rory Mahady,Leeds United,Premier League,2025/26,,,,,year,,,pending_external_verification,
2000301600,Shane Nti,Brighton & Hove Albion,Premier League,2025/26,,,,,year,,,pending_external_verification,
2000259390,Till Neininger,VfL Wolfsburg,Bundesliga,2025/26,,,,,year,,,pending_external_verification,
2000197264,Tim Müller,1. FSV Mainz 05,Bundesliga,2025/26,,,,,year,,,pending_external_verification,
2000297470,Tomàs Marqués,Barcelona,LaLiga,2025/26,2025.0,2028.0,,8000.0,year,2100000.0,800000.0,verified,m-mahadi/top5-football-dataset (SoFIFA)
2000125170,Tommaso Ebone,Bologna FC 1909,Serie A,2025/26,,,,,year,,,pending_external_verification,
2000047457,Tommi O'Reilly,Aston Villa,Premier League,2025/26,,,,,year,,,pending_external_verification,
2000198730,Travis Patterson,Aston Villa,Premier League,2025/26,,,,,year,,,pending_external_verification,
2000109372,Will Dickson,Manchester City,Premier League,2025/26,,,,,year,,,pending_external_verification,
2000094885,Yacine Chaib,Olympique Lyonnais,Ligue 1,2025/26,,,,,year,,,pending_external_verification,
2000332599,Yoon Do-Young,Brighton & Hove Albion,Premier League,2025/26,,,,,year,,,pending_external_verification,
2000210133,Zane Albarus,Brighton & Hove Albion,Premier League,2025/26,,,,,year,,,pending_external_verification,
2000214877,Gaël Lafont,Genoa Cricket and Football Club,Serie A,2025/26,,,,,year,,,pending_external_verification,
2000276761,Kieran Morrison,Liverpool,Premier League,2025/26,,,,,year,,,pending_external_verification,
2000106725,Rory Wilson,Aston Villa,Premier League,2025/26,,,,,year,,,pending_external_verification,
2000289509,Yaël Thébault,Stade Rennais FC,Ligue 1,2025/26,,,,,year,,,pending_external_verification,
2000204673,Andrea Cogoni,Cagliari Calcio,Serie A,2025/26,,,,,year,,,pending_external_verification,
2000299363,Daniel Yáñez,R. Madrid,LaLiga,2025/26,,,,,year,,,pending_external_verification,
2000368788,Jeremy Kandje Mbambi,Pisa Sporting Club,Serie A,2025/26,,,,,year,,,pending_external_verification,
2000449325,Maxime De Brul,Juventus,Serie A,2025/26,,,,,year,,,pending_external_verification,
2000394914,Thomas Lissi,Inter,Serie A,2025/26,,,,,year,,,pending_external_verification,
2000375515,Boubakar Dembaga,AS Monaco,Ligue 1,2025/26,,,,,year,,,pending_external_verification,
2000098466,Diego Ripani,Juventus,Serie A,2025/26,,,,,year,,,pending_external_verification,
2000265964,Francesco Verde,Juventus,Serie A,2025/26,,,,,year,,,pending_external_verification,
2000049216,Harvey Davies,Liverpool,Premier League,2025/26,,,,,year,,,pending_external_verification,
2000462062,Iker Lizaso,Osasuna,LaLiga,2025/26,,,,,year,,,pending_external_verification,
2000198121,Isaac Holland,Brentford,Premier League,2025/26,,,,,year,,,pending_external_verification,
2000185230,Jaden Heskey,Manchester City,Premier League,2025/26,,,,,year,,,pending_external_verification,
2000396085,Jorge Rajado,A. Madrid,LaLiga,2025/26,,,,,year,,,pending_external_verification,
2000216560,Kamarni Ryan,Burnley,Premier League,2025/26,,,,,year,,,pending_external_verification,
2000014931,Luke Mbete,Manchester City,Premier League,2025/26,,,,,year,,,pending_external_verification,
2000290382,Mathis Saka,Toulouse FC,Ligue 1,2025/26,,,,,year,,,pending_external_verification,
2000311586,Maurice Spahn,Eintracht Frankfurt,Bundesliga,2025/26,,,,,year,,,pending_external_verification,
2000216070,Mofe Jemide,Crystal Palace,Premier League,2025/26,,,,,year,,,pending_external_verification,
2000188767,Nacim Dendani,AS Monaco,Ligue 1,2025/26,,,,,year,,,pending_external_verification,
2000070218,Oğuzcan Büyükarslan,Borussia Mönchengladbach,Bundesliga,2025/26,,,,,year,,,pending_external_verification,
2000392429,Amir Ibragimov,Manchester United,Premier League,2025/26,,,,,year,,,pending_external_verification,
2000485995,Jun'ai Byfield,Tottenham Hotspur,Premier League,2025/26,,,,,year,,,pending_external_verification,
2000497044,David Boly,Paris Saint-Germain,Ligue 1,2025/26,,,,,year,,,pending_external_verification,
2000220037,Elyaz,Real Betis,LaLiga,2025/26,,,,,year,,,pending_external_verification,
2000407543,Jack Porter,Arsenal,Premier League,2025/26,,,,,year,,,pending_external_verification,
2000271404,Rory Finneran,Newcastle United,Premier League,2025/26,,,,,year,,,pending_external_verification,
2000217387,Erawan Garnier,Olympique Lyonnais,Ligue 1,2025/26,,,,,year,,,pending_external_verification,
2000335218,Iván Corralejo,Real Betis,LaLiga,2025/26,2025.0,2028.0,,3000.0,year,1600000.0,575000.0,verified,m-mahadi/top5-football-dataset (SoFIFA)
2000259380,Leon Klanac,FC Bayern München,Bundesliga,2025/26,,,,,year,,,pending_external_verification,
2000205837,Matteo Lavelli,Inter,Serie A,2025/26,2026.0,2029.0,,7000.0,year,4600000.0,2000000.0,verified,m-mahadi/top5-football-dataset (SoFIFA)
2000242145,Mattia Zanchetta,Inter,Serie A,2025/26,,,,,year,,,pending_external_verification,
2000310724,Ousmane Diallo,Borussia Dortmund,Bundesliga,2025/26,,,,,year,,,pending_external_verification,
2000330947,Patrik Kristal,1. FC Köln,Bundesliga,2025/26,,,,,year,,,pending_external_verification,
2000395183,Rémi Himbert,Olympique Lyonnais,Ligue 1,2025/26,,,,,year,,,pending_external_verification,
2000290392,Seny Koumbassa,Toulouse FC,Ligue 1,2025/26,,,,,year,,,pending_external_verification,
2000447757,Sergio Esteban,A. Madrid,LaLiga,2025/26,,,,,year,,,pending_external_verification,
2000395184,"Tiago Gonçalves(Olympique Lyonnais,Portugal,France)",Olympique Lyonnais,Ligue 1,2025/26,,,,,year,,,pending_external_verification,
2000386619,Vincenzo Prisco,Napoli,Serie A,2025/26,,,,,year,,,pending_external_verification,
2000260077,Yvann Konan,Olympique Lyonnais,Ligue 1,2025/26,,,,,year,,,pending_external_verification,
2000292096,Alex Castiello,Milan,Serie A,2025/26,,,,,year,,,pending_external_verification,
2000438922,Amadou Cissé,RC Strasbourg Alsace,Ligue 1,2025/26,,,,,year,,,pending_external_verification,
2000462060,Ander Alonso,Osasuna,LaLiga,2025/26,,,,,year,,,pending_external_verification,
2000147019,Christian Corradi,Hellas Verona FC,Serie A,2025/26,,,,,year,,,pending_external_verification,
2000401490,Enzo Kana-Biyik,Manchester United,Premier League,2025/26,,,,,year,,,pending_external_verification,
2000259389,Felix Meiser,FC Augsburg,Bundesliga,2025/26,,,,,year,,,pending_external_verification,
2000307484,Grady Makiobo,Juventus,Serie A,2025/26,,,,,year,,,pending_external_verification,
2000223117,Jorge Oreiro,Real Betis,LaLiga,2025/26,,,,,year,,,pending_external_verification,
2000098750,Kane Taylor,Aston Villa,Premier League,2025/26,,,,,year,,,pending_external_verification,
2000335934,Kenny Quetant,Le Havre,Ligue 1,2025/26,2025.0,2028.0,,3000.0,year,3100000.0,1400000.0,verified,m-mahadi/top5-football-dataset (SoFIFA)
2000398515,Leonard Ngenge,Leeds United,Premier League,2025/26,,,,,year,,,pending_external_verification,
2000104854,Lisandru Olmeta,LOSC Lille,Ligue 1,2025/26,,,,,year,,,pending_external_verification,
2000184400,Lorenzo Riccio,Atalanta,Serie A,2025/26,,,,,year,,,pending_external_verification,
2000273448,Lovro Chelfi,Barcelona,LaLiga,2025/26,,,,,year,,,pending_external_verification,
2000327147,Luca Höcker,SV Werder Bremen,Bundesliga,2025/26,,,,,year,,,pending_external_verification,
2000288733,Mahamadou Sangaré,Manchester City,Premier League,2025/26,,,,,year,,,pending_external_verification,
2000257927,Moritz Reimers,Hamburger Sport-Verein,Bundesliga,2025/26,,,,,year,,,pending_external_verification,
2000180868,Nico Vidic,Borussia Mönchengladbach,Bundesliga,2025/26,,,,,year,,,pending_external_verification,
2000455747,Nicolás Barattucci,Villarreal,LaLiga,2025/26,,,,,year,,,pending_external_verification,
2000263154,Pape Cabral,AS Monaco,Ligue 1,2025/26,,,,,year,,,pending_external_verification,
2000217190,Peio Huestamendia,A. Bilbao,LaLiga,2025/26,,,,,year,,,pending_external_verification,
2000272807,Reece Munro,Manchester United,Premier League,2025/26,,,,,year,,,pending_external_verification,
2000108699,Ronnie Stutter,Chelsea,Premier League,2025/26,,,,,year,,,pending_external_verification,
2000419697,Rouven Tarnutzer,Sport-Club Freiburg,Bundesliga,2025/26,,,,,year,,,pending_external_verification,
2000446762,Taiyu Yamasaki,1. FSV Mainz 05,Bundesliga,2025/26,,,,,year,,,pending_external_verification,
2000264017,Tommaso Vannucchi,ACF Fiorentina,Serie A,2025/26,,,,,year,,,pending_external_verification,
2000283795,Triston Rowe,Aston Villa,Premier League,2025/26,,,,,year,,,pending_external_verification,
2000379556,Landon Emenalo,Chelsea,Premier League,2025/26,,,,,year,,,pending_external_verification,
2000426369,Pierre Mounguengue,Paris Saint-Germain,Ligue 1,2025/26,,,,,year,,,pending_external_verification,
2000338374,Samuele Inácio,Borussia Dortmund,Bundesliga,2025/26,,,,,year,,,pending_external_verification,
2000223324,"Aimar(R. Madrid,Spain)",R. Madrid,LaLiga,2025/26,,,,,year,,,pending_external_verification,
2000330205,Ali Jaber,Bologna FC 1909,Serie A,2025/26,,,,,year,,,pending_external_verification,
2000422583,Edoardo Tartaglia,Milan,Serie A,2025/26,,,,,year,,,pending_external_verification,
2000462066,Eduardo San Miguel,Osasuna,LaLiga,2025/26,,,,,year,,,pending_external_verification,
2000289537,Mervin Gbeme,Stade Rennais FC,Ligue 1,2025/26,,,,,year,,,pending_external_verification,
2000223330,"Roberto(R. Madrid,Spain)",R. Madrid,LaLiga,2025/26,,,,,year,,,pending_external_verification,
2000380590,Wesley Okoduwa,Wolverhampton Wanderers,Premier League,2025/26,,,,,year,,,pending_external_verification,
2000280401,Yoann Chauvin,FC Nantes,Ligue 1,2025/26,,,,,year,,,pending_external_verification,
2000300093,Borja Cortina,Levante,LaLiga,2025/26,,,,,year,,,pending_external_verification,
2000266584,Cristian Cama,Associazione Sportiva Roma,Serie A,2025/26,,,,,year,,,pending_external_verification,
2000237116,Dujuan Richards,Chelsea,Premier League,2025/26,,,,,year,,,pending_external_verification,
2000271959,Gabriele Biancheri,Manchester United,Premier League,2025/26,,,,,year,,,pending_external_verification,
2000187495,Gaëtan Bakhouche,Toulouse FC,Ligue 1,2025/26,,,,,year,,,pending_external_verification,
2000266585,Giacomo Arduini,Associazione Sportiva Roma,Serie A,2025/26,,,,,year,,,pending_external_verification,
2000184280,Matteo Plaia,Atalanta,Serie A,2025/26,,,,,year,,,pending_external_verification,
2000205842,Matteo Venturini,Inter,Serie A,2025/26,,,,,year,,,pending_external_verification,
2000108692,Richard Olise,Chelsea,Premier League,2025/26,,,,,year,,,pending_external_verification,
2000301021,Will Sweet,Arsenal,Premier League,2025/26,,,,,year,,,pending_external_verification,
2000222067,Yusuf Akhamrich,Tottenham Hotspur,Premier League,2025/26,,,,,year,,,pending_external_verification,
2000404501,Jaime Barroso,R. Madrid,LaLiga,2025/26,,,,,year,,,pending_external_verification,
2000474164,Jayden Ngwashi,Manchester United,Premier League,2025/26,,,,,year,,,pending_external_verification,
2000375700,Jeremiah Debrah,1. FSV Mainz 05,Bundesliga,2025/26,,,,,year,,,pending_external_verification,
2000299435,"Joan(R. Madrid,Spain)",R. Madrid,LaLiga,2025/26,,,,,year,,,pending_external_verification,
2000475043,Stephan Zagadou,Le Havre,Ligue 1,2025/26,2025.0,2028.0,,2000.0,year,3900000.0,1500000.0,verified,m-mahadi/top5-football-dataset (SoFIFA)
2000336209,Alessandro Longoni,Milan,Serie A,2025/26,,,,,year,,,pending_external_verification,
2000332383,Alexander Staff,Eintracht Frankfurt,Bundesliga,2025/26,,,,,year,,,pending_external_verification,
2000407507,Andre Harriman-Annous,Arsenal,Premier League,2025/26,,,,,year,,,pending_external_verification,
2000330883,Ben Hawighorst,Bayer 04 Leverkusen,Bundesliga,2025/26,,,,,year,,,pending_external_verification,
2000331100,Can Armando Güner,Borussia Mönchengladbach,Bundesliga,2025/26,,,,,year,,,pending_external_verification,
2000293712,Elia Plicco,Parma Calcio 1913,Serie A,2025/26,,,,,year,,,pending_external_verification,
2000328959,Emanuele Sala,Milan,Serie A,2025/26,,,,,year,,,pending_external_verification,
2000185040,Isaiah Dada-Mascoll,Manchester City,Premier League,2025/26,,,,,year,,,pending_external_verification,
2000312515,Jon Eceizabarrena,Real Sociedad,LaLiga,2025/26,,,,,year,,,pending_external_verification,
2000327237,Maik Afri Akumu,1. FC Köln,Bundesliga,2025/26,,,,,year,,,pending_external_verification,
2000332592,Roko Mijatović,FC Bayern München,Bundesliga,2025/26,,,,,year,,,pending_external_verification,
2000289206,Steeve Mvodo Mvodo,Stade Rennais FC,Ligue 1,2025/26,,,,,year,,,pending_external_verification,
2000332367,Amil Siljevic,Eintracht Frankfurt,Bundesliga,2025/26,,,,,year,,,pending_external_verification,
2000368257,Daryl Leunga Leunga,AS Monaco,Ligue 1,2025/26,,,,,year,,,pending_external_verification,
2000185929,Daryll Benlahlou,Olympique Lyonnais,Ligue 1,2025/26,,,,,year,,,pending_external_verification,
2000510308,David Delgado,Elche,LaLiga,2025/26,,,,,year,,,pending_external_verification,
2000273442,Elias Benkara,Borussia Dortmund,Bundesliga,2025/26,,,,,year,,,pending_external_verification,
2000330431,Faik Sakar,RB Leipzig,Bundesliga,2025/26,,,,,year,,,pending_external_verification,
2000396350,Federico Matarán,ACF Fiorentina,Serie A,2025/26,,,,,year,,,pending_external_verification,
2000312010,Fernando Dickes,Hamburger Sport-Verein,Bundesliga,2025/26,,,,,year,,,pending_external_verification,
2000288364,Ibrahim Kanté,Stade Brestois 29,Ligue 1,2025/26,,,,,year,,,pending_external_verification,
2000300220,Iker Luque,A. Madrid,LaLiga,2025/26,,,,,year,,,pending_external_verification,
2000330882,Jeremiah Mensah,Bayer 04 Leverkusen,Bundesliga,2025/26,,,,,year,,,pending_external_verification,
2000292320,Jesse Derry,Chelsea,Premier League,2025/26,2025.0,2029.0,,26000.0,year,7800000.0,3100000.0,verified,m-mahadi/top5-football-dataset (SoFIFA)
2000426806,Kaan Firat,Borussia Mönchengladbach,Bundesliga,2025/26,,,,,year,,,pending_external_verification,
2000499114,Kwame Sosu,Real Betis,LaLiga,2025/26,,,,,year,,,pending_external_verification,
2000447105,Louis Thomas Buffon,Pisa Sporting Club,Serie A,2025/26,,,,,year,,,pending_external_verification,
2000332371,Marvin Dills,Eintracht Frankfurt,Bundesliga,2025/26,,,,,year,,,pending_external_verification,
2000221943,Meso,R. Madrid,LaLiga,2025/26,,,,,year,,,pending_external_verification,
12095721,"Mohamed Koné(Aston Villa,Ivory Coast)",Aston Villa,Premier League,2025/26,,,,,year,,,pending_external_verification,
2000349260,Nathan Mbala,FC Metz,Ligue 1,2025/26,,,,,year,,,pending_external_verification,
2000300233,Paco Esteban,Unione Sportiva Lecce,Serie A,2025/26,,,,,year,,,pending_external_verification,
2000390109,Rubén Muñoz,Valencia,LaLiga,2025/26,,,,,year,,,pending_external_verification,
2000412322,Rudy Matondo,AJ Auxerre,Ligue 1,2025/26,,,,,year,,,pending_external_verification,
2000386590,Sebastiano Nava,Juventus,Serie A,2025/26,,,,,year,,,pending_external_verification,
2000214248,Thiago Romano,Inter,Serie A,2025/26,,,,,year,,,pending_external_verification,
2000191774,Wellity Lucky,Liverpool,Premier League,2025/26,,,,,year,,,pending_external_verification,
2000407413,Asier Bonel,Osasuna,LaLiga,2025/26,,,,,year,,,pending_external_verification,
2000392431,Bendito Mantato,Manchester United,Premier League,2025/26,,,,,year,,,pending_external_verification,
2000299832,Benjamín,R. Madrid,LaLiga,2025/26,,,,,year,,,pending_external_verification,
2000459742,Cassiano Kiala,FC Bayern München,Bundesliga,2025/26,,,,,year,,,pending_external_verification,
2000179918,Giacomo Gabbiani,Cremonese,Serie A,2025/26,,,,,year,,,pending_external_verification,
2000515504,Jan-Luca Riedl,Borussia Dortmund,Bundesliga,2025/26,,,,,year,,,pending_external_verification,
2000461757,Mussa Kaba,Borussia Dortmund,Bundesliga,2025/26,,,,,year,,,pending_external_verification,
2000494868,Sam Alabi,Newcastle United,Premier League,2025/26,,,,,year,,,pending_external_verification,
2000493921,Seth Ridgeon,Fulham,Premier League,2025/26,,,,,year,,,pending_external_verification,
2000489677,Telmo Zarandona,A. Bilbao,LaLiga,2025/26,,,,,year,,,pending_external_verification,
2000406405,Théodore Pizarro,Sport-Club Freiburg,Bundesliga,2025/26,,,,,year,,,pending_external_verification,
2000375173,Tyler Silsby,Brighton & Hove Albion,Premier League,2025/26,,,,,year,,,pending_external_verification,
2000489700,Unax,A. Bilbao,LaLiga,2025/26,,,,,year,,,pending_external_verification,
2000325320,Aimar Blázquez,Valencia,LaLiga,2025/26,,,,,year,,,pending_external_verification,
2000266581,Alessandro Di Nunzio,Associazione Sportiva Roma,Serie A,2025/26,,,,,year,,,pending_external_verification,
2000411717,Anartz Segurola,Real Sociedad,LaLiga,2025/26,,,,,year,,,pending_external_verification,
2000460427,Antón Uría,Espanyol,LaLiga,2025/26,,,,,year,,,pending_external_verification,
2000225031,Chibuzo Nwoko,Fulham,Premier League,2025/26,,,,,year,,,pending_external_verification,
2000291561,"Dani Martín(Levante,Spain)",Levante,LaLiga,2025/26,,,,,year,,,pending_external_verification,
2000485207,David Arza,A. Madrid,LaLiga,2025/26,,,,,year,,,pending_external_verification,
2000330814,Diego Ngambia Dzonga,Borussia Dortmund,Bundesliga,2025/26,,,,,year,,,pending_external_verification,
2000184141,Eddy Kouadio,ACF Fiorentina,Serie A,2025/26,,,,,year,,,pending_external_verification,
2000260917,Ezra Mayers,West Ham United,Premier League,2025/26,,,,,year,,,pending_external_verification,
2000396069,Gabri Castrelo,R. Madrid,LaLiga,2025/26,,,,,year,,,pending_external_verification,
2000401491,Georges Gomis,Le Havre,Ligue 1,2025/26,2025.0,2028.0,,1000.0,year,1500000.0,575000.0,verified,m-mahadi/top5-football-dataset (SoFIFA)
2000411690,Ibai Cabo,Real Sociedad,LaLiga,2025/26,,,,,year,,,pending_external_verification,
2000163757,Iker Gil,R. Madrid,LaLiga,2025/26,,,,,year,,,pending_external_verification,
2000369125,Isaac Davies,Nottingham Forest,Premier League,2025/26,,,,,year,,,pending_external_verification,
2000242845,Ismail Bouneb,Le Havre,Ligue 1,2025/26,,,,,year,,,pending_external_verification,
2000366535,"Iván López(Juventus,Spain)",Juventus,Serie A,2025/26,,,,,year,,,pending_external_verification,
2000239333,Jakub Zieliński,VfL Wolfsburg,Bundesliga,2025/26,,,,,year,,,pending_external_verification,
2000246075,Jhon Arcila,Real Betis,LaLiga,2025/26,,,,,year,,,pending_external_verification,
2000289214,Joël-Emmanuel Coulibaly,Stade Rennais FC,Ligue 1,2025/26,,,,,year,,,pending_external_verification,
2000289228,Lucas Rosier,Stade Rennais FC,Ligue 1,2025/26,,,,,year,,,pending_external_verification,
2000331099,Mathieu Nguefack,Borussia Mönchengladbach,Bundesliga,2025/26,,,,,year,,,pending_external_verification,
2000503477,Samba Konate,RB Leipzig,Bundesliga,2025/26,2025.0,2028.0,,4000.0,year,1900000.0,700000.0,verified,m-mahadi/top5-football-dataset (SoFIFA)
2000442278,Sebas Salazar,Getafe,LaLiga,2025/26,,,,,year,,,pending_external_verification,
2000379555,Sol Gordon,Chelsea,Premier League,2025/26,,,,,year,,,pending_external_verification,
2000445823,Tomás Méndez,Sevilla,LaLiga,2025/26,,,,,year,,,pending_external_verification,
2000287974,Tony Mendy,AJ Auxerre,Ligue 1,2025/26,,,,,year,,,pending_external_verification,
2000386625,Vincenzo Damiano,Atalanta,Serie A,2025/26,,,,,year,,,pending_external_verification,
2000449124,Àlex Bombardó,Espanyol,LaLiga,2025/26,,,,,year,,,pending_external_verification,
2000404069,Àlex Campos,Barcelona,LaLiga,2025/26,,,,,year,,,pending_external_verification,
2000157274,Alex Murphy,Newcastle United,Premier League,2025/26,,,,,year,,,pending_external_verification,
2000389019,Alexis Ciria,Sevilla,LaLiga,2025/26,,,,,year,,,pending_external_verification,
2000435516,Angel Yondjo,LOSC Lille,Ligue 1,2025/26,,,,,year,,,pending_external_verification,
2000414242,Bradley Burrowes,Aston Villa,Premier League,2025/26,2024.0,2028.0,,12000.0,year,4500000.0,1800000.0,verified,m-mahadi/top5-football-dataset (SoFIFA)
2000225033,Bradley de Jesus,Fulham,Premier League,2025/26,,,,,year,,,pending_external_verification,
2000408376,Cheveyo Balentien,Milan,Serie A,2025/26,,,,,year,,,pending_external_verification,
2000514487,Christ Okou,Paris FC,Ligue 1,2025/26,,,,,year,,,pending_external_verification,
2000289187,Cormac Daly,Nottingham Forest,Premier League,2025/26,,,,,year,,,pending_external_verification,
2000324042,Dani Ángel,Wolverhampton Wanderers,Premier League,2025/26,,,,,year,,,pending_external_verification,
2000183398,Daniel Rigge,West Ham United,Premier League,2025/26,,,,,year,,,pending_external_verification,
2000422535,Deli Hajdini,VfB Stuttgart,Bundesliga,2025/26,,,,,year,,,pending_external_verification,
2000263138,Dilan Zárate,Inter,Serie A,2025/26,,,,,year,,,pending_external_verification,
2000401479,Doro Diop,Parma Calcio 1913,Serie A,2025/26,,,,,year,,,pending_external_verification,
2000331102,Elias Vali Fard,Borussia Mönchengladbach,Bundesliga,2025/26,,,,,year,,,pending_external_verification,
2000259410,Francesco Buono,Bayer 04 Leverkusen,Bundesliga,2025/26,,,,,year,,,pending_external_verification,
2000501353,Harouna Djibirin,Angers SCO,Ligue 1,2025/26,,,,,year,,,pending_external_verification,
2000210140,Harry Mills,Brighton & Hove Albion,Premier League,2025/26,,,,,year,,,pending_external_verification,
2000290833,Iliesse Salhi,Mallorca,LaLiga,2025/26,,,,,year,,,pending_external_verification,
2000328161,Jacob Vickers,Brighton & Hove Albion,Premier League,2025/26,,,,,year,,,pending_external_verification,
2000455699,Javier Olaizola,Mallorca,LaLiga,2025/26,2025.0,2028.0,,3000.0,year,1500000.0,550000.0,verified,m-mahadi/top5-football-dataset (SoFIFA)
2000259376,Jesper Schlich,Bayer 04 Leverkusen,Bundesliga,2025/26,,,,,year,,,pending_external_verification,
2000384299,José Antonio Morante,Real Betis,LaLiga,2025/26,,,,,year,,,pending_external_verification,
2000205295,Kembo Diliwidi,RC Lens,Ligue 1,2025/26,,,,,year,,,pending_external_verification,
2000462065,Kepa,Osasuna,LaLiga,2025/26,,,,,year,,,pending_external_verification,
2000332374,Keziah Oteng-Mensah,Eintracht Frankfurt,Bundesliga,2025/26,,,,,year,,,pending_external_verification,
2000281054,Kristian Clarke,Nottingham Forest,Premier League,2025/26,,,,,year,,,pending_external_verification,
2000197992,Leon Chiwome,Wolverhampton Wanderers,Premier League,2025/26,,,,,year,,,pending_external_verification,
2000330443,Lionel Voufack,RB Leipzig,Bundesliga,2025/26,,,,,year,,,pending_external_verification,
2000273470,Marcell Washington,Arsenal,Premier League,2025/26,,,,,year,,,pending_external_verification,
2000332526,Mattheos Tsigkas,VfB Stuttgart,Bundesliga,2025/26,,,,,year,,,pending_external_verification,
2000335242,Miguel Cuevas,Real Betis,LaLiga,2025/26,,,,,year,,,pending_external_verification,
2000280486,Moustapha Dabo,FC Nantes,Ligue 1,2025/26,,,,,year,,,pending_external_verification,
2000294117,Nick Mokabakila,AS Monaco,Ligue 1,2025/26,,,,,year,,,pending_external_verification,
2000330405,Nick Schmidt,FC St. Pauli,Bundesliga,2025/26,,,,,year,,,pending_external_verification,
2000193612,Patrick Götzelmann,SV Werder Bremen,Bundesliga,2025/26,,,,,year,,,pending_external_verification,
2000403065,Pedro Villar,Barcelona,LaLiga,2025/26,,,,,year,,,pending_external_verification,
2000299373,Pol Durán,R. Madrid,LaLiga,2025/26,,,,,year,,,pending_external_verification,
2000185025,Remy Rees-Dottin,AFC Bournemouth,Premier League,2025/26,,,,,year,,,pending_external_verification,
2000361790,Salem Albè,Genoa Cricket and Football Club,Serie A,2025/26,,,,,year,,,pending_external_verification,
2000435528,Stephane Noumbissie,LOSC Lille,Ligue 1,2025/26,,,,,year,,,pending_external_verification,
2000282359,Theo Mawéné,Brentford,Premier League,2025/26,,,,,year,,,pending_external_verification,
2000332348,Tristan Spranger,TSG 1899 Hoffenheim,Bundesliga,2025/26,,,,,year,,,pending_external_verification,
2000497719,Adil Hamdani,Olympique Lyonnais,Ligue 1,2025/26,,,,,year,,,pending_external_verification,
2000272176,Jayce Fitzgerald,Manchester United,Premier League,2025/26,,,,,year,,,pending_external_verification,
2000386356,Adam Ayari,Paris Saint-Germain,Ligue 1,2025/26,,,,,year,,,pending_external_verification,
2000276756,Carter Pinnington,Liverpool,Premier League,2025/26,,,,,year,,,pending_external_verification,
2000385920,Hermann Diandaga,Paris Saint-Germain,Ligue 1,2025/26,,,,,year,,,pending_external_verification,
2000449023,Jaric Prat,Alavés,LaLiga,2025/26,,,,,year,,,pending_external_verification,
2000390057,Klaus Camara,FC Nantes,Ligue 1,2025/26,,,,,year,,,pending_external_verification,
2000264596,Ljubo Puljić,FC Bayern München,Bundesliga,2025/26,,,,,year,,,pending_external_verification,
2000386347,Mathis Jangeal,Paris Saint-Germain,Ligue 1,2025/26,,,,,year,,,pending_external_verification,
2000272640,Ricardo Bordon,Lazio,Serie A,2025/26,,,,,year,,,pending_external_verification,
2000184135,Riccardo Braschi,ACF Fiorentina,Serie A,2025/26,,,,,year,,,pending_external_verification,
2000416598,Ryan McAidoo,Manchester City,Premier League,2025/26,,,,,year,,,pending_external_verification,
2000335245,Sydney Osazuwa,Real Sociedad,LaLiga,2025/26,,,,,year,,,pending_external_verification,
2000392969,Tom Raiani,FC Nantes,Ligue 1,2025/26,,,,,year,,,pending_external_verification,
2000319779,Víctor Fernández,Levante,LaLiga,2025/26,,,,,year,,,pending_external_verification,
2000409354,"Adrián Pérez(R. Madrid,Spain)",R. Madrid,LaLiga,2025/26,,,,,year,,,pending_external_verification,
2000270733,Agustín Luna,Hellas Verona FC,Serie A,2025/26,,,,,year,,,pending_external_verification,
2000401461,Alen Vukaj,Inter,Serie A,2025/26,,,,,year,,,pending_external_verification,
2000248044,"Álex Pérez(R. Madrid,Spain)",R. Madrid,LaLiga,2025/26,,,,,year,,,pending_external_verification,
2000217388,Amal Boura,AS Monaco,Ligue 1,2025/26,,,,,year,,,pending_external_verification,
2000290405,Enzo Faty,Toulouse FC,Ligue 1,2025/26,,,,,year,,,pending_external_verification,
2000098058,Federico Magro,Hellas Verona FC,Serie A,2025/26,,,,,year,,,pending_external_verification,
2000331119,Fynn Schenten,1. FC Köln,Bundesliga,2025/26,,,,,year,,,pending_external_verification,
2000216545,Harrison Dudziak,Arsenal,Premier League,2025/26,,,,,year,,,pending_external_verification,
2000462068,Hodei Iriarte,Osasuna,LaLiga,2025/26,,,,,year,,,pending_external_verification,
2000209824,Igor Brzyski,Torino,Serie A,2025/26,,,,,year,,,pending_external_verification,
2000259405,Jonas Feddersen,Borussia Dortmund,Bundesliga,2025/26,,,,,year,,,pending_external_verification,
2000191925,Jonathan Do Marcolino,Stade Rennais FC,Ligue 1,2025/26,,,,,year,,,pending_external_verification,
2000375622,Josiah Uwakhonye,Borussia Mönchengladbach,Bundesliga,2025/26,,,,,year,,,pending_external_verification,
2000419685,Junior Atemkeng Afuetozia,Sport-Club Freiburg,Bundesliga,2025/26,,,,,year,,,pending_external_verification,
2000184629,Kaiden Wilson,Chelsea,Premier League,2025/26,,,,,year,,,pending_external_verification,
2000190301,Louis Jackson,Manchester United,Premier League,2025/26,,,,,year,,,pending_external_verification,
2000386598,Matteo Colombo,Atalanta,Serie A,2025/26,,,,,year,,,pending_external_verification,
2000417087,Oliver Whatmuff,Manchester City,Premier League,2025/26,,,,,year,,,pending_external_verification,
2000179732,Yanis Khafi,Paris Saint-Germain,Ligue 1,2025/26,,,,,year,,,pending_external_verification,
2000386937,Chinaza Nwosu,Nottingham Forest,Premier League,2025/26,,,,,year,,,pending_external_verification,
2000396129,Justin Clarke,Everton,Premier League,2025/26,,,,,year,,,pending_external_verification,
2000375666,Chivano Wijks,FC Bayern München,Bundesliga,2025/26,,,,,year,,,pending_external_verification,
2000515503,Fadi Zarqelain,Borussia Dortmund,Bundesliga,2025/26,,,,,year,,,pending_external_verification,
2000381320,Safouane Benzahra,AS Monaco,Ligue 1,2025/26,,,,,year,,,pending_external_verification,
2000395975,Simone Lontani,Milan,Serie A,2025/26,,,,,year,,,pending_external_verification,
2000310973,"Thiago(R. Madrid,Spain,Morocco)",R. Madrid,LaLiga,2025/26,,,,,year,,,pending_external_verification,
2000054214,Aaron Maguire,Tottenham Hotspur,Premier League,2025/26,,,,,year,,,pending_external_verification,
2000391590,Aliou Badra Fofana,Inter,Serie A,2025/26,,,,,year,,,pending_external_verification,
2000289513,Ayoub Akabou,Stade Rennais FC,Ligue 1,2025/26,,,,,year,,,pending_external_verification,
2000332380,Benjamin Džanović,Eintracht Frankfurt,Bundesliga,2025/26,,,,,year,,,pending_external_verification,
2000290100,Daniel Batty,Tottenham Hotspur,Premier League,2025/26,,,,,year,,,pending_external_verification,
2000298875,Emanuele Lulli,Associazione Sportiva Roma,Serie A,2025/26,,,,,year,,,pending_external_verification,
2000317981,George Feeney,Tottenham Hotspur,Premier League,2025/26,,,,,year,,,pending_external_verification,
2000462070,Guillermo Monroy,Osasuna,LaLiga,2025/26,,,,,year,,,pending_external_verification,
2000391598,Kevin Moressa,Inter,Serie A,2025/26,,,,,year,,,pending_external_verification,
2000310447,Lander Olasagasti,Real Sociedad,LaLiga,2025/26,,,,,year,,,pending_external_verification,
2000330438,Miguel Boog,VfL Wolfsburg,Bundesliga,2025/26,,,,,year,,,pending_external_verification,
2000191928,Nordan Mukiele,Stade Rennais FC,Ligue 1,2025/26,,,,,year,,,pending_external_verification,
2000291539,Pablo Agudín,Oviedo,LaLiga,2025/26,2025.0,2029.0,,4000.0,year,3400000.0,1200000.0,verified,m-mahadi/top5-football-dataset (SoFIFA)
2000302080,Sean Neave,Newcastle United,Premier League,2025/26,,,,,year,,,pending_external_verification,
2000314994,Tim Degener,Borussia Dortmund,Bundesliga,2025/26,,,,,year,,,pending_external_verification,
2000462067,Yoel Villamayor,Osasuna,LaLiga,2025/26,,,,,year,,,pending_external_verification,
2000485210,Miguel Cubo,A. Madrid,LaLiga,2025/26,,,,,year,,,pending_external_verification,
2000183425,Archie Stevens,Arsenal,Premier League,2025/26,,,,,year,,,pending_external_verification,
2000320734,Shina Ayodele,LOSC Lille,Ligue 1,2025/26,,,,,year,,,pending_external_verification,
2000287681,Eneko Ellakuria,A. Bilbao,LaLiga,2025/26,,,,,year,,,pending_external_verification,
2000192301,Farès Bousnina,Bologna FC 1909,Serie A,2025/26,,,,,year,,,pending_external_verification,
2000392430,Godwill Kukonki,Manchester United,Premier League,2025/26,,,,,year,,,pending_external_verification,
2000298718,Herbie James,Tottenham Hotspur,Premier League,2025/26,,,,,year,,,pending_external_verification,
2000271708,Luca Fletcher,Manchester City,Premier League,2025/26,,,,,year,,,pending_external_verification,
2000449303,Matthias Wamu Oyatambwe,AS Monaco,Ligue 1,2025/26,,,,,year,,,pending_external_verification,
2000395180,Néhémie Lurika,Olympique Lyonnais,Ligue 1,2025/26,,,,,year,,,pending_external_verification,
2000407852,Otis Caporusso,OGC Nice,Ligue 1,2025/26,,,,,year,,,pending_external_verification,
2000292793,Yanis Sellami,Olympique de Marseille,Ligue 1,2025/26,,,,,year,,,pending_external_verification,
2000402975,"Adrián Guerrero(Barcelona,Spain)",Barcelona,LaLiga,2025/26,,,,,year,,,pending_external_verification,
2000402079,Alejandro Moya,R. Madrid,LaLiga,2025/26,,,,,year,,,pending_external_verification,
2000384490,Ander Peciña,A. Bilbao,LaLiga,2025/26,,,,,year,,,pending_external_verification,
2000245872,Ange Lago,Olympique de Marseille,Ligue 1,2025/26,,,,,year,,,pending_external_verification,
2000185932,Bryan Meyo,Olympique Lyonnais,Ligue 1,2025/26,,,,,year,,,pending_external_verification,
2000317977,Ceadach O'Neill,Arsenal,Premier League,2025/26,,,,,year,,,pending_external_verification,
2000332387,Christian Prenaj,Eintracht Frankfurt,Bundesliga,2025/26,,,,,year,,,pending_external_verification,
2000213929,Dani Martínez,A. Madrid,LaLiga,2025/26,,,,,year,,,pending_external_verification,
2000280298,Daniel Le Duigou,FC Nantes,Ligue 1,2025/26,,,,,year,,,pending_external_verification,
2000290395,Darris Zema,Toulouse FC,Ligue 1,2025/26,,,,,year,,,pending_external_verification,
2000291031,David Weiss,Sassuolo,Serie A,2025/26,,,,,year,,,pending_external_verification,
2000391599,Davide Sorino,Inter,Serie A,2025/26,,,,,year,,,pending_external_verification,
2000271665,Diego Pisani,Bologna FC 1909,Serie A,2025/26,,,,,year,,,pending_external_verification,
2000392498,Dino Putsén,Inter,Serie A,2025/26,,,,,year,,,pending_external_verification,
2000423058,Duje Slišković,1. FC Union Berlin,Bundesliga,2025/26,,,,,year,,,pending_external_verification,
2000386352,Elijah Ly,Paris Saint-Germain,Ligue 1,2025/26,,,,,year,,,pending_external_verification,
2000205877,Federico Serra,Lazio,Serie A,2025/26,,,,,year,,,pending_external_verification,
2000312508,Jon Garro,Real Sociedad,LaLiga,2025/26,,,,,year,,,pending_external_verification,
2000365947,Karlo Pajsar,Parma Calcio 1913,Serie A,2025/26,,,,,year,,,pending_external_verification,
2000259421,Ken Izekor,Bayer 04 Leverkusen,Bundesliga,2025/26,,,,,year,,,pending_external_verification,
2000407546,Khari Ranson,Arsenal,Premier League,2025/26,,,,,year,,,pending_external_verification,
2000395186,Léo Bamballi,Juventus,Serie A,2025/26,,,,,year,,,pending_external_verification,
2000407550,Louis Zecevic-John,Arsenal,Premier League,2025/26,,,,,year,,,pending_external_verification,
2000296039,Matthew Henderson-Hall,Manchester City,Premier League,2025/26,,,,,year,,,pending_external_verification,
2000241827,Max Mergner,FC Bayern München,Bundesliga,2025/26,,,,,year,,,pending_external_verification,
2000350894,Miguel João da Silva,Como 1907,Serie A,2025/26,,,,,year,,,pending_external_verification,
2000331091,Niko Horvat,Borussia Mönchengladbach,Bundesliga,2025/26,,,,,year,,,pending_external_verification,
2000184628,Reiss Russell-Denny,Tottenham Hotspur,Premier League,2025/26,,,,,year,,,pending_external_verification,
2000280407,Salifou Sylla,Angers SCO,Ligue 1,2025/26,,,,,year,,,pending_external_verification,
2000297774,Shane Kluivert,Barcelona,LaLiga,2025/26,,,,,year,,,pending_external_verification,
2000375507,Simeon Rapsch,Bayer 04 Leverkusen,Bundesliga,2025/26,,,,,year,,,pending_external_verification,
2000332588,Yll Gashi,FC Bayern München,Bundesliga,2025/26,,,,,year,,,pending_external_verification,
2000459182,Andrea Luongo,Torino,Serie A,2025/26,,,,,year,,,pending_external_verification,
2000310956,Bruno Galassi,R. Madrid,LaLiga,2025/26,,,,,year,,,pending_external_verification,
2000276737,Kornel Miściur,Liverpool,Premier League,2025/26,,,,,year,,,pending_external_verification,
2000389904,Tynan Thompson,Tottenham Hotspur,Premier League,2025/26,,,,,year,,,pending_external_verification,
2000502695,Aaron Bétéhé,Le Havre,Ligue 1,2025/26,,,,,year,,,pending_external_verification,
2000349258,Abdoulaye Nassoko,FC Metz,Ligue 1,2025/26,,,,,year,,,pending_external_verification,
2000296991,"Álvaro(R. Madrid,Spain)",R. Madrid,LaLiga,2025/26,,,,,year,,,pending_external_verification,
2000295450,Djamy Olax,Paris Saint-Germain,Ligue 1,2025/26,,,,,year,,,pending_external_verification,
2000394211,Dominik Kartelo,Inter,Serie A,2025/26,,,,,year,,,pending_external_verification,
2000187865,Flavio Sulejmani,Lazio,Serie A,2025/26,,,,,year,,,pending_external_verification,
2000437634,Jayden Lienou,Leeds United,Premier League,2025/26,,,,,year,,,pending_external_verification,
2000290394,Jules Ouaknine,Toulouse FC,Ligue 1,2025/26,,,,,year,,,pending_external_verification,
2000241828,Kurt Rüger,FC Bayern München,Bundesliga,2025/26,,,,,year,,,pending_external_verification,
2000123639,Luca Gunter,Tottenham Hotspur,Premier League,2025/26,,,,,year,,,pending_external_verification,
2000276738,Lucas Pitt,Liverpool,Premier League,2025/26,,,,,year,,,pending_external_verification,
2000405268,Luigi Esposito,Napoli,Serie A,2025/26,,,,,year,,,pending_external_verification,
2000426249,Martin James,Paris Saint-Germain,Ligue 1,2025/26,,,,,year,,,pending_external_verification,
2000401446,Matteo Farronato,Inter,Serie A,2025/26,,,,,year,,,pending_external_verification,
2000444353,Paolo Ceppi,Juventus,Serie A,2025/26,,,,,year,,,pending_external_verification,
2000401450,Pietro La Torre,Inter,Serie A,2025/26,,,,,year,,,pending_external_verification,
2000391491,Rafael Ximenez Fasanella,Associazione Sportiva Roma,Serie A,2025/26,,,,,year,,,pending_external_verification,
2000274252,Raul Zinni,Associazione Sportiva Roma,Serie A,2025/26,,,,,year,,,pending_external_verification,
2000420815,Rica,Real Betis,LaLiga,2025/26,,,,,year,,,pending_external_verification,
2000425729,Rikardo Sheji,Torino,Serie A,2025/26,,,,,year,,,pending_external_verification,
2000183496,Ryan Rodin,AJ Auxerre,Ligue 1,2025/26,,,,,year,,,pending_external_verification,
2000412561,Tidiane Devernois,AJ Auxerre,Ligue 1,2025/26,,,,,year,,,pending_external_verification,
2000205834,Tommaso Della Mora,Inter,Serie A,2025/26,,,,,year,,,pending_external_verification,
2000305094,Ariel,R. Madrid,LaLiga,2025/26,,,,,year,,,pending_external_verification,
2000407808,Brad Mantsounga,OGC Nice,Ligue 1,2025/26,,,,,year,,,pending_external_verification,
2000476256,Charlie Holland,Chelsea,Premier League,2025/26,,,,,year,,,pending_external_verification,
2000503369,Christian Imga,A. Bilbao,LaLiga,2025/26,,,,,year,,,pending_external_verification,
2000474103,Ethan Degny,OGC Nice,Ligue 1,2025/26,,,,,year,,,pending_external_verification,
2000456855,Federico Ciucci,Lazio,Serie A,2025/26,,,,,year,,,pending_external_verification,
2000476257,Ibrahim Rabbaj,Chelsea,Premier League,2025/26,,,,,year,,,pending_external_verification,
2000408888,Marcos Viega,R. Madrid,LaLiga,2025/26,,,,,year,,,pending_external_verification,
2000491758,Mattéo Bancillon,OGC Nice,Ligue 1,2025/26,,,,,year,,,pending_external_verification,
2000487229,Wassim Slama,Paris Saint-Germain,Ligue 1,2025/26,,,,,year,,,pending_external_verification,
2000134130,Aimar Peña,Mallorca,LaLiga,2025/26,,,,,year,,,pending_external_verification,
2000084534,Alex Alcalá,Manchester City,Premier League,2025/26,,,,,year,,,pending_external_verification,
2000184613,Ato Ampah,Chelsea,Premier League,2025/26,,,,,year,,,pending_external_verification,
2000403932,Baba Korouma,Barcelona,LaLiga,2025/26,,,,,year,,,pending_external_verification,
2000273473,Frankie Runham,Chelsea,Premier League,2025/26,,,,,year,,,pending_external_verification,
2000401277,Ilan Jourdren,RC Lens,Ligue 1,2025/26,,,,,year,,,pending_external_verification,
2000385014,Javi Tena,A. Madrid,LaLiga,2025/26,,,,,year,,,pending_external_verification,
2000474167,Jay McEvoy,Manchester United,Premier League,2025/26,,,,,year,,,pending_external_verification,
2000292795,Keyliane Abdallah,Olympique de Marseille,Ligue 1,2025/26,,,,,year,,,pending_external_verification,
2000370557,"Koke(A. Madrid,Spain,ST R)",A. Madrid,LaLiga,2025/26,,,,,year,,,pending_external_verification,
2000299809,"Liberto(R. Madrid,Spain)",R. Madrid,LaLiga,2025/26,,,,,year,,,pending_external_verification,
2000401454,Marco Virtuani,Inter,Serie A,2025/26,,,,,year,,,pending_external_verification,
2000494899,Mason Miley,Newcastle United,Premier League,2025/26,,,,,year,,,pending_external_verification,
2000494885,Michael Mills,Newcastle United,Premier League,2025/26,,,,,year,,,pending_external_verification,
2000419159,Migue Romero,Real Betis,LaLiga,2025/26,,,,,year,,,pending_external_verification,
2000270860,Mudaser Sadat,FC Bayern München,Bundesliga,2025/26,,,,,year,,,pending_external_verification,
2000388087,Ognjen Obradovic,RC Lens,Ligue 1,2025/26,,,,,year,,,pending_external_verification,
2000489673,Oier Unamuno,A. Bilbao,LaLiga,2025/26,,,,,year,,,pending_external_verification,
2000467065,Orian Goren,Barcelona,LaLiga,2025/26,,,,,year,,,pending_external_verification,
2000466871,Roberto Tomás,Barcelona,LaLiga,2025/26,,,,,year,,,pending_external_verification,
2000396428,Sacha Lung,RC Strasbourg Alsace,Ligue 1,2025/26,,,,,year,,,pending_external_verification,
2000393035,Sanah Camara,FC Nantes,Ligue 1,2025/26,,,,,year,,,pending_external_verification,
2000379558,Tayo Subuloye,Chelsea,Premier League,2025/26,,,,,year,,,pending_external_verification,
2000502673,Thomas Rousseau,Le Havre,Ligue 1,2025/26,,,,,year,,,pending_external_verification,
2000414239,Vinnie Hayward,Aston Villa,Premier League,2025/26,,,,,year,,,pending_external_verification,
2000368701,Airidas Golambeckis,West Ham United,Premier League,2025/26,,,,,year,,,pending_external_verification,
2000489696,Albi,A. Bilbao,LaLiga,2025/26,,,,,year,,,pending_external_verification,
2000412543,Andrei Roateș,Levante,LaLiga,2025/26,,,,,year,,,pending_external_verification,
2000442528,Antonio Pirrò,ACF Fiorentina,Serie A,2025/26,,,,,year,,,pending_external_verification,
2000465708,Benno Kaltefleiter,RB Leipzig,Bundesliga,2025/26,,,,,year,,,pending_external_verification,
2000420813,Carlos De Roa,Real Betis,LaLiga,2025/26,,,,,year,,,pending_external_verification,
2000128099,Charlie Penman,Brighton & Hove Albion,Premier League,2025/26,,,,,year,,,pending_external_verification,
2000098449,Dachi Lordkipanidze,Cremonese,Serie A,2025/26,,,,,year,,,verified,m-mahadi/top5-football-dataset (SoFIFA)
2000295466,Daniel Cantero,Villarreal,LaLiga,2025/26,,,,,year,,,pending_external_verification,
2000380878,Dean Benamar,Crystal Palace,Premier League,2025/26,,,,,year,,,pending_external_verification,
2000386325,Emmanuel Mbemba,Paris Saint-Germain,Ligue 1,2025/26,,,,,year,,,pending_external_verification,
2000466273,Enzo Duarte,Borussia Dortmund,Bundesliga,2025/26,,,,,year,,,pending_external_verification,
2000217596,Eric Gómez,R. Madrid,LaLiga,2025/26,,,,,year,,,pending_external_verification,
2000259384,Ferdinand Pohl,Bayer 04 Leverkusen,Bundesliga,2025/26,,,,,year,,,pending_external_verification,
2000183393,Finlay Herrick,West Ham United,Premier League,2025/26,,,,,year,,,pending_external_verification,
2000370632,Finn Sherlock,TSG 1899 Hoffenheim,Bundesliga,2025/26,,,,,year,,,pending_external_verification,
2000396426,Ghianny Kodia,RC Strasbourg Alsace,Ligue 1,2025/26,,,,,year,,,pending_external_verification,
2000268213,Giorgio Vezzosi,Sassuolo,Serie A,2025/26,,,,,year,,,pending_external_verification,
2000396456,Idrissa Sabaly,RC Strasbourg Alsace,Ligue 1,2025/26,,,,,year,,,pending_external_verification,
2000211220,Iker Villar,Sevilla,LaLiga,2025/26,,,,,year,,,pending_external_verification,
2000217386,Imdad Charifou,Olympique Lyonnais,Ligue 1,2025/26,,,,,year,,,pending_external_verification,
2000295393,Jules Stawiecki,AS Monaco,Ligue 1,2025/26,,,,,year,,,pending_external_verification,
2000188741,Kévin Sitou,AS Monaco,Ligue 1,2025/26,,,,,year,,,pending_external_verification,
2000380588,Luke Rawlings,Wolverhampton Wanderers,Premier League,2025/26,,,,,year,,,pending_external_verification,
2000403790,Marcos Goñi,A. Bilbao,LaLiga,2025/26,,,,,year,,,pending_external_verification,
2000201223,Mathys Silistrie,Stade Rennais FC,Ligue 1,2025/26,,,,,year,,,pending_external_verification,
2000510976,Miguel Gil,A. Madrid,LaLiga,2025/26,,,,,year,,,pending_external_verification,
2000315332,Nehemiah Oriola,Brighton & Hove Albion,Premier League,2025/26,,,,,year,,,pending_external_verification,
2000267925,Nicolò Artesani,Atalanta,Serie A,2025/26,,,,,year,,,pending_external_verification,
2000332523,Nikolas Matic,VfB Stuttgart,Bundesliga,2025/26,,,,,year,,,pending_external_verification,
2000424587,Óscar López,Mallorca,LaLiga,2025/26,,,,,year,,,pending_external_verification,
2000465585,Patrik Johnsen,RB Leipzig,Bundesliga,2025/26,,,,,year,,,pending_external_verification,
2000199410,Sergiu Perciun,Torino,Serie A,2025/26,,,,,year,,,pending_external_verification,
2000288934,Steeve Kango,Olympique Lyonnais,Ligue 1,2025/26,,,,,year,,,pending_external_verification,
2000251683,Thierry Fidjeu-Tazemeta,Borussia Dortmund,Bundesliga,2025/26,,,,,year,,,pending_external_verification,
2000303764,Timothée Dutot,Olympique Lyonnais,Ligue 1,2025/26,,,,,year,,,pending_external_verification,
2000465705,Toni Langsteiner,RB Leipzig,Bundesliga,2025/26,,,,,year,,,pending_external_verification,
2000370916,Xabi Gómez,A. Bilbao,LaLiga,2025/26,,,,,year,,,pending_external_verification,
2000375461,Davide Pavesi,Cremonese,Serie A,2025/26,,,,,year,,,pending_external_verification,
2000502648,Benoît Sida,Le Havre,Ligue 1,2025/26,,,,,year,,,pending_external_verification,
2000198744,Ewan Simpson,Aston Villa,Premier League,2025/26,,,,,year,,,pending_external_verification,
2000220036,"Jacobo(R. Madrid,Spain)",R. Madrid,LaLiga,2025/26,,,,,year,,,pending_external_verification,
2000386596,Lorenzo Calvani,Lazio,Serie A,2025/26,,,,,year,,,pending_external_verification,
2000492094,Samuele Pirola,Inter,Serie A,2025/26,,,,,year,,,pending_external_verification,
2000183495,Alexi Koum,Olympique de Marseille,Ligue 1,2025/26,,,,,year,,,pending_external_verification,
2000332994,Bala Keita,ACF Fiorentina,Serie A,2025/26,,,,,year,,,pending_external_verification,
2000331092,Ben Schiffer,Borussia Mönchengladbach,Bundesliga,2025/26,,,,,year,,,pending_external_verification,
2000222079,Carey Bloedorn,Tottenham Hotspur,Premier League,2025/26,,,,,year,,,pending_external_verification,
2000165973,Chema Aragüés,Alavés,LaLiga,2025/26,,,,,year,,,pending_external_verification,
2000260912,Joshua Ajala,West Ham United,Premier League,2025/26,,,,,year,,,pending_external_verification,
2000254423,Kenny Olinga,Torino,Serie A,2025/26,,,,,year,,,pending_external_verification,
2000333549,Luca Reggiani,Borussia Dortmund,Bundesliga,2025/26,,,,,year,,,pending_external_verification,
2000330857,Melvin,R. Madrid,LaLiga,2025/26,,,,,year,,,pending_external_verification,
2000191792,Michael Laffey,Liverpool,Premier League,2025/26,,,,,year,,,pending_external_verification,
2000395196,Vincent Ibrahimović,Milan,Serie A,2025/26,,,,,year,,,pending_external_verification,
2000487699,Destiny Elimoghale,Juventus,Serie A,2025/26,,,,,year,,,pending_external_verification,
2000497713,Kenan Doganay,Olympique Lyonnais,Ligue 1,2025/26,,,,,year,,,pending_external_verification,
2000295465,Dennis Rufo,Alavés,LaLiga,2025/26,,,,,year,,,pending_external_verification,
2000130980,Ebroni Gnoan,Le Havre,Ligue 1,2025/26,,,,,year,,,pending_external_verification,
2000474174,Edward Ibrović-Fletcher,Manchester United,Premier League,2025/26,,,,,year,,,pending_external_verification,
2000502691,Enzo Evora Dias,Le Havre,Ligue 1,2025/26,,,,,year,,,pending_external_verification,
2000492108,Gioele Giammattei,Associazione Sportiva Roma,Serie A,2025/26,,,,,year,,,pending_external_verification,
2000500941,Jacob Howard,Leeds United,Premier League,2025/26,,,,,year,,,pending_external_verification,
2000185228,Justin Oboavwoduo,Manchester City,Premier League,2025/26,,,,,year,,,pending_external_verification,
2000423056,Oskar Engel,1. FC Union Berlin,Bundesliga,2025/26,,,,,year,,,pending_external_verification,
2000298720,Samual Archer,Tottenham Hotspur,Premier League,2025/26,,,,,year,,,pending_external_verification,
2000388194,Will Wright,Liverpool,Premier League,2025/26,,,,,year,,,pending_external_verification,
2000141552,Álex Fernandorena,Real Sociedad,LaLiga,2025/26,,,,,year,,,pending_external_verification,
2000427870,Batuhan Şahin,Bayer 04 Leverkusen,Bundesliga,2025/26,,,,,year,,,pending_external_verification,
2000404827,Checkina Dzabatou Ecko,AS Monaco,Ligue 1,2025/26,,,,,year,,,pending_external_verification,
2000150888,Daniel Mikołajewski,Parma Calcio 1913,Serie A,2025/26,,,,,year,,,pending_external_verification,
2000407289,Elikya Legros,AJ Auxerre,Ligue 1,2025/26,,,,,year,,,pending_external_verification,
2000260911,Emeka Adiele,West Ham United,Premier League,2025/26,,,,,year,,,pending_external_verification,
2000288936,Emeric Etondé,Olympique Lyonnais,Ligue 1,2025/26,,,,,year,,,pending_external_verification,
2000297053,Ethan Luvambano,Paris Saint-Germain,Ligue 1,2025/26,,,,,year,,,pending_external_verification,
2000386609,Fabio Pandolfi,Milan,Serie A,2025/26,,,,,year,,,pending_external_verification,
2000503432,Franz Hantschmann,RB Leipzig,Bundesliga,2025/26,,,,,year,,,pending_external_verification,
2000184406,Gabriel Ramaj,Atalanta,Serie A,2025/26,,,,,year,,,pending_external_verification,
2000406707,"Ignacio(R. Madrid,Spain)",R. Madrid,LaLiga,2025/26,,,,,year,,,pending_external_verification,
2000422942,Jason Bissi-Mouelle,Hamburger Sport-Verein,Bundesliga,2025/26,,,,,year,,,pending_external_verification,
2000220094,Joan Mascaró,R. Madrid,LaLiga,2025/26,,,,,year,,,pending_external_verification,
2000211639,Lorenzo Ferrari,Lazio,Serie A,2025/26,,,,,year,,,pending_external_verification,
2000394909,Marco Libra,Bologna FC 1909,Serie A,2025/26,,,,,year,,,pending_external_verification,
2000373764,Matteo Papaccioli,Como 1907,Serie A,2025/26,,,,,year,,,pending_external_verification,
2000332519,Mykola Petrovskyi,VfB Stuttgart,Bundesliga,2025/26,,,,,year,,,pending_external_verification,
2000445700,Nacho Pérez,Levante,LaLiga,2025/26,2025.0,2028.0,,5000.0,year,6200000.0,2200000.0,verified,m-mahadi/top5-football-dataset (SoFIFA)
2000395248,Niko Tomašević,RB Leipzig,Bundesliga,2025/26,,,,,year,,,pending_external_verification,
2000332377,Nilo Neuendorff,Eintracht Frankfurt,Bundesliga,2025/26,,,,,year,,,pending_external_verification,
2000425988,Noel Pafla,1. FSV Mainz 05,Bundesliga,2025/26,,,,,year,,,pending_external_verification,
2000404520,Rodrigo Gamón,Valencia,LaLiga,2025/26,,,,,year,,,pending_external_verification,
2000313548,Samuel Lusale,Manchester United,Premier League,2025/26,,,,,year,,,pending_external_verification,
2000332511,Sohrab Samandari,VfB Stuttgart,Bundesliga,2025/26,,,,,year,,,pending_external_verification,
2000419574,Tamay Dügdü,TSG 1899 Hoffenheim,Bundesliga,2025/26,,,,,year,,,pending_external_verification,
2000393054,Lenny Savin,FC Nantes,Ligue 1,2025/26,,,,,year,,,pending_external_verification,
2000406722,Thibo Nègre,Toulouse FC,Ligue 1,2025/26,,,,,year,,,pending_external_verification,
2000266366,Alessandro De Luca,Bologna FC 1909,Serie A,2025/26,,,,,year,,,pending_external_verification,
2000443854,Andrea Cullotta,Milan,Serie A,2025/26,,,,,year,,,pending_external_verification,
2000441611,Andrija Vukoje,Inter,Serie A,2025/26,,,,,year,,,pending_external_verification,
2000261241,Dion Cakolli,Atalanta,Serie A,2025/26,,,,,year,,,pending_external_verification,
2000394144,Gabriel Morisoli,Parma Calcio 1913,Serie A,2025/26,,,,,year,,,pending_external_verification,
2000406728,Ilyas Azizi,Toulouse FC,Ligue 1,2025/26,,,,,year,,,pending_external_verification,
2000330816,Justin Hoy,Borussia Dortmund,Bundesliga,2025/26,,,,,year,,,pending_external_verification,
2000399532,Kelvin Dongopandji,Stade Rennais FC,Ligue 1,2025/26,,,,,year,,,pending_external_verification,
2000331093,Kevin Ahlberg,Borussia Mönchengladbach,Bundesliga,2025/26,,,,,year,,,pending_external_verification,
2000147686,Leo Cardoso,Chelsea,Premier League,2025/26,,,,,year,,,pending_external_verification,
2000390041,Louis Dore,FC Nantes,Ligue 1,2025/26,,,,,year,,,pending_external_verification,
2000419324,Mario Navarro,Real Betis,LaLiga,2025/26,,,,,year,,,pending_external_verification,
2000332489,Max Knoll,1. FSV Mainz 05,Bundesliga,2025/26,,,,,year,,,pending_external_verification,
2000257942,Saido Baldé,VfL Wolfsburg,Bundesliga,2025/26,,,,,year,,,pending_external_verification,
2000457756,Sebastiano Araboni,Atalanta,Serie A,2025/26,,,,,year,,,pending_external_verification,
2000419320,Trebu,Real Betis,LaLiga,2025/26,,,,,year,,,pending_external_verification,
2000274049,Ukko Happonen,Bologna FC 1909,Serie A,2025/26,,,,,year,,,pending_external_verification,
2000389311,Yanel Zeze,FC Nantes,Ligue 1,2025/26,,,,,year,,,pending_external_verification,
2000496292,Billy-Paul Mavudia,Olympique Lyonnais,Ligue 1,2025/26,,,,,year,,,pending_external_verification,
2000399869,Josh Sonni-Lambie,Liverpool,Premier League,2025/26,,,,,year,,,pending_external_verification,
2000328858,Bili,Real Betis,LaLiga,2025/26,,,,,year,,,pending_external_verification,
2000310925,Carlos,R. Madrid,LaLiga,2025/26,,,,,year,,,pending_external_verification,
2000508384,"Diego Martínez(R. Madrid,Spain)",R. Madrid,LaLiga,2025/26,,,,,year,,,pending_external_verification,
2000500824,Ekene Chukwuani,AS Monaco,Ligue 1,2025/26,,,,,year,,,pending_external_verification,
2000511340,Floyd Samba,Manchester City,Premier League,2025/26,,,,,year,,,pending_external_verification,
2000399536,Jaume Durà,Valencia,LaLiga,2025/26,,,,,year,,,pending_external_verification,
2000266443,Joi Nuredini,Genoa Cricket and Football Club,Serie A,2025/26,,,,,year,,,pending_external_verification,
2000395179,Mathieu Hoareau,Olympique Lyonnais,Ligue 1,2025/26,,,,,year,,,pending_external_verification,
2000413419,Moctar Guirassy,Olympique de Marseille,Ligue 1,2025/26,,,,,year,,,pending_external_verification,
2000490733,Paul Bourdin,Paris Saint-Germain,Ligue 1,2025/26,,,,,year,,,pending_external_verification,
2000290021,Samir Haribou,FC Lorient,Ligue 1,2025/26,,,,,year,,,pending_external_verification,
2000266542,Spike Brits,Manchester City,Premier League,2025/26,,,,,year,,,pending_external_verification,
2000382572,Carlos Alós,Valencia,LaLiga,2025/26,,,,,year,,,pending_external_verification,
2000397115,Diego Di Salvatore,Associazione Sportiva Roma,Serie A,2025/26,,,,,year,,,pending_external_verification,
2000456853,"Gabriele Gori(Torino,Italy)",Torino,Serie A,2025/26,,,,,year,,,pending_external_verification,
2000288939,Haktan Şener,Olympique Lyonnais,Ligue 1,2025/26,,,,,year,,,pending_external_verification,
2000443248,Joel Pleguezuelos,R. Madrid,LaLiga,2025/26,,,,,year,,,pending_external_verification,
2000419158,Kenta,Real Betis,LaLiga,2025/26,,,,,year,,,pending_external_verification,
2000184392,Mattia Arrigoni,Atalanta,Serie A,2025/26,,,,,year,,,pending_external_verification,
2000395230,Melvyn Otobo,Olympique Lyonnais,Ligue 1,2025/26,,,,,year,,,pending_external_verification,
2000259418,Oluwaseyi Wilson,FC Bayern München,Bundesliga,2025/26,,,,,year,,,pending_external_verification,
2000330215,Pharell Hensel,VfL Wolfsburg,Bundesliga,2025/26,,,,,year,,,pending_external_verification,
2000419347,Rafa Oya,Real Betis,LaLiga,2025/26,,,,,year,,,pending_external_verification,
2000375610,Rio Bromfield,Borussia Mönchengladbach,Bundesliga,2025/26,,,,,year,,,pending_external_verification,
2000289676,Ruben Akalé,Hellas Verona FC,Serie A,2025/26,,,,,year,,,pending_external_verification,
2000407522,Theo Julienne,Arsenal,Premier League,2025/26,,,,,year,,,pending_external_verification,
2000330307,Tim Blaszczak,1. FC Union Berlin,Bundesliga,2025/26,,,,,year,,,pending_external_verification,
2000330318,Tom Wisbereit,1. FC Union Berlin,Bundesliga,2025/26,,,,,year,,,pending_external_verification,
2000375693,Tyrone Jarrett,1. FSV Mainz 05,Bundesliga,2025/26,,,,,year,,,pending_external_verification,
2000283799,Aidan Borland,Aston Villa,Premier League,2025/26,,,,,year,,,pending_external_verification,
2000476248,Freddy Bernal,Chelsea,Premier League,2025/26,,,,,year,,,pending_external_verification,
2000283864,Leke Drake,Manchester City,Premier League,2025/26,,,,,year,,,pending_external_verification,
2000476249,Lewi Richards,Chelsea,Premier League,2025/26,,,,,year,,,pending_external_verification,
2000476261,Mathis Eboué,Chelsea,Premier League,2025/26,,,,,year,,,pending_external_verification,
2000470795,Slim Bouaskar,Associazione Sportiva Roma,Serie A,2025/26,,,,,year,,,pending_external_verification,
2000502643,Yanis Monkolot,Le Havre,Ligue 1,2025/26,,,,,year,,,pending_external_verification,
2000399893,Alvin Ayman,Liverpool,Premier League,2025/26,,,,,year,,,pending_external_verification,
2000380843,Andrea Michieletto,Atalanta,Serie A,2025/26,,,,,year,,,pending_external_verification,
2000475103,Andria Svanidze,OGC Nice,Ligue 1,2025/26,,,,,year,,,pending_external_verification,
2000413424,Antoine Valero,Olympique de Marseille,Ligue 1,2025/26,,,,,year,,,pending_external_verification,
2000510959,Anton Palmer,Brighton & Hove Albion,Premier League,2025/26,,,,,year,,,pending_external_verification,
2000510958,Bailey Palmer,Brighton & Hove Albion,Premier League,2025/26,,,,,year,,,pending_external_verification,
2000476254,Calvin Diakite,Chelsea,Premier League,2025/26,,,,,year,,,pending_external_verification,
2000491189,David Dunne,AS Monaco,Ligue 1,2025/26,,,,,year,,,pending_external_verification,
2000484552,Demba Sy,RC Strasbourg Alsace,Ligue 1,2025/26,,,,,year,,,pending_external_verification,
2000399539,Elías Legendre,Stade Rennais FC,Ligue 1,2025/26,,,,,year,,,pending_external_verification,
2000491754,Elias Sahraoui,OGC Nice,Ligue 1,2025/26,,,,,year,,,pending_external_verification,
2000491755,Esteban Vasseur,OGC Nice,Ligue 1,2025/26,,,,,year,,,pending_external_verification,
2000266294,Francesco Castaldo,Bologna FC 1909,Serie A,2025/26,,,,,year,,,pending_external_verification,
2000480025,Gianni Calisto,Olympique de Marseille,Ligue 1,2025/26,,,,,year,,,pending_external_verification,
2000370997,Iker Quintero,A. Bilbao,LaLiga,2025/26,,,,,year,,,pending_external_verification,
2000503990,Jack McGrath,Aston Villa,Premier League,2025/26,,,,,year,,,pending_external_verification,
2000491784,Jah-Mason Telusson,OGC Nice,Ligue 1,2025/26,,,,,year,,,pending_external_verification,
2000451471,Joél Drakes-Thomas,Crystal Palace,Premier League,2025/26,,,,,year,,,verified,m-mahadi/top5-football-dataset (SoFIFA)
2000415453,Kaden Braithwaite,Manchester City,Premier League,2025/26,,,,,year,,,pending_external_verification,
2000414245,Keilan Quinn,Aston Villa,Premier League,2025/26,,,,,year,,,pending_external_verification,
2000392651,Kingsley Olufade,LOSC Lille,Ligue 1,2025/26,,,,,year,,,pending_external_verification,
2000414256,Leon Routh,Aston Villa,Premier League,2025/26,,,,,year,,,pending_external_verification,
2000495413,Macaulay Zepa,Fulham,Premier League,2025/26,,,,,year,,,pending_external_verification,
2000503991,Markie Meade,Aston Villa,Premier League,2025/26,,,,,year,,,pending_external_verification,
2000413422,Marlon Pineau,Olympique de Marseille,Ligue 1,2025/26,,,,,year,,,pending_external_verification,
2000491620,Martin Ponsot,OGC Nice,Ligue 1,2025/26,,,,,year,,,pending_external_verification,
2000366060,Mattia Marello,Udinese Calcio,Serie A,2025/26,,,,,year,,,pending_external_verification,
2000480032,Milan Leccese,Olympique de Marseille,Ligue 1,2025/26,,,,,year,,,pending_external_verification,
2000491762,Nassim Laarej,OGC Nice,Ligue 1,2025/26,,,,,year,,,pending_external_verification,
2000414255,Owen Asemota,Aston Villa,Premier League,2025/26,,,,,year,,,pending_external_verification,
2000379333,Ruben Lomet,Stade Rennais FC,Ligue 1,2025/26,,,,,year,,,pending_external_verification,
2000500959,Sam Alker,Leeds United,Premier League,2025/26,,,,,year,,,pending_external_verification,
2000192282,Sami Wattel,OGC Nice,Ligue 1,2025/26,,,,,year,,,pending_external_verification,
2000511353,Teddie Lamb,Manchester City,Premier League,2025/26,,,,,year,,,pending_external_verification,
2000511933,Tyrese Noubissie,RC Strasbourg Alsace,Ligue 1,2025/26,,,,,year,,,pending_external_verification,
2000460122,Warren Ngana,RB Leipzig,Bundesliga,2025/26,,,,,year,,,pending_external_verification,
2000407849,Zinedine Hasni,OGC Nice,Ligue 1,2025/26,,,,,year,,,pending_external_verification,
2000479804,Aaron Mayol,Valencia,LaLiga,2025/26,,,,,year,,,pending_external_verification,
2000302058,Aidan Harris,Newcastle United,Premier League,2025/26,,,,,year,,,pending_external_verification,
2000305265,Alastair Graham,Nottingham Forest,Premier League,2025/26,,,,,year,,,pending_external_verification,
2000210610,Alexandre Tunkadi,Olympique de Marseille,Ligue 1,2025/26,,,,,year,,,pending_external_verification,
2000480027,Amir Kernif,Olympique de Marseille,Ligue 1,2025/26,,,,,year,,,pending_external_verification,
2000419567,Anton Hofbauer,TSG 1899 Hoffenheim,Bundesliga,2025/26,,,,,year,,,pending_external_verification,
2000479923,Arnau Cases,Espanyol,LaLiga,2025/26,,,,,year,,,pending_external_verification,
2000330870,Berkan Ermec,Bayer 04 Leverkusen,Bundesliga,2025/26,,,,,year,,,pending_external_verification,
2000470320,Byron Mendoza,Barcelona,LaLiga,2025/26,,,,,year,,,pending_external_verification,
2000256212,Callan McKenna,AFC Bournemouth,Premier League,2025/26,,,,,year,,,pending_external_verification,
2000423089,Carl-Anton Sticherling,VfL Wolfsburg,Bundesliga,2025/26,,,,,year,,,pending_external_verification,
2000191862,Charlie Gray,Manchester City,Premier League,2025/26,,,,,year,,,pending_external_verification,
2000485059,Daniel Fitzgerald,A. Madrid,LaLiga,2025/26,,,,,year,,,pending_external_verification,
2000378587,Darius Lane,Brighton & Hove Albion,Premier League,2025/26,,,,,year,,,pending_external_verification,
2000477941,Duje Slatina,Inter,Serie A,2025/26,,,,,year,,,pending_external_verification,
2000276591,Eddy Nsasi,Fulham,Premier League,2025/26,,,,,year,,,pending_external_verification,
2000467244,Egoitz,A. Bilbao,LaLiga,2025/26,,,,,year,,,pending_external_verification,
2000456856,Emanuele Margheri,Lazio,Serie A,2025/26,,,,,year,,,pending_external_verification,
2000419799,Emilio Fritschi,Sport-Club Freiburg,Bundesliga,2025/26,,,,,year,,,pending_external_verification,
2000498339,Èric Aragonés,Espanyol,LaLiga,2025/26,,,,,year,,,pending_external_verification,
2000385236,Ethan Brissaud,Stade Brestois 29,Ligue 1,2025/26,,,,,year,,,pending_external_verification,
2000106509,Ezra Carrington,Manchester City,Premier League,2025/26,,,,,year,,,pending_external_verification,
2000289869,François Mendy,RC Strasbourg Alsace,Ligue 1,2025/26,,,,,year,,,pending_external_verification,
2000109060,George Murray-Jones,Nottingham Forest,Premier League,2025/26,,,,,year,,,pending_external_verification,
2000395164,Germán Mesonero,Rayo Vallecano,LaLiga,2025/26,,,,,year,,,pending_external_verification,
2000344804,Hamadou Moubarak,Villarreal,LaLiga,2025/26,,,,,year,,,pending_external_verification,
2000222069,Han Willhoft-King,Manchester City,Premier League,2025/26,,,,,year,,,pending_external_verification,
2000490976,Holmes Júnior,Girona,LaLiga,2025/26,,,,,year,,,pending_external_verification,
2000503365,Ilyas El Arbaoui,A. Bilbao,LaLiga,2025/26,,,,,year,,,pending_external_verification,
2000422628,Ioannis Kechlimparis,VfB Stuttgart,Bundesliga,2025/26,,,,,year,,,pending_external_verification,
2000494866,Isaac Moran,Newcastle United,Premier League,2025/26,,,,,year,,,pending_external_verification,
2000472440,Ismael Ziani,Barcelona,LaLiga,2025/26,,,,,year,,,pending_external_verification,
2000466880,Ïu Martínez,Barcelona,LaLiga,2025/26,,,,,year,,,pending_external_verification,
2000474161,Jacob Watson,Manchester United,Premier League,2025/26,,,,,year,,,pending_external_verification,
2000492093,Jacopo Del Fabro,Juventus,Serie A,2025/26,,,,,year,,,pending_external_verification,
2000422941,Jahnoa Hensel,Hamburger Sport-Verein,Bundesliga,2025/26,,,,,year,,,pending_external_verification,
2000419800,Jakob Benz,Sport-Club Freiburg,Bundesliga,2025/26,,,,,year,,,pending_external_verification,
2000515506,Jesper Becker,FC St. Pauli,Bundesliga,2025/26,,,,,year,,,pending_external_verification,
2000472385,Joan Inglés,Barcelona,LaLiga,2025/26,,,,,year,,,pending_external_verification,
2000476258,Joel Philbert,Chelsea,Premier League,2025/26,,,,,year,,,pending_external_verification,
2000330879,Jonah Berghoff,Bayer 04 Leverkusen,Bundesliga,2025/26,,,,,year,,,pending_external_verification,
2000308098,Josh Landers,West Ham United,Premier League,2025/26,,,,,year,,,pending_external_verification,
2000502430,Jules Bouffandeau,Angers SCO,Ligue 1,2025/26,,,,,year,,,pending_external_verification,
2000389272,Junior Njimbam,FC Nantes,Ligue 1,2025/26,,,,,year,,,pending_external_verification,
2000289433,Kelian Le Pironnec,Olympique de Marseille,Ligue 1,2025/26,,,,,year,,,pending_external_verification,
2000480031,Kilian Ghaud,Olympique de Marseille,Ligue 1,2025/26,,,,,year,,,pending_external_verification,
2000419809,Kimi Baur,Sport-Club Freiburg,Bundesliga,2025/26,,,,,year,,,pending_external_verification,
2000419576,Kryštof Čížek,TSG 1899 Hoffenheim,Bundesliga,2025/26,,,,,year,,,pending_external_verification,
2000305679,Kyle-Warreeck Magaud,Olympique de Marseille,Ligue 1,2025/26,,,,,year,,,pending_external_verification,
2000222072,Leo Black,Tottenham Hotspur,Premier League,2025/26,,,,,year,,,pending_external_verification,
2000515512,Levin Vogt,Borussia Dortmund,Bundesliga,2025/26,,,,,year,,,pending_external_verification,
2000422627,Luc Holzwarth,VfB Stuttgart,Bundesliga,2025/26,,,,,year,,,pending_external_verification,
2000515508,Luca Hampel,1. FSV Mainz 05,Bundesliga,2025/26,,,,,year,,,pending_external_verification,
2000389894,Malachi Hardy,Tottenham Hotspur,Premier League,2025/26,,,,,year,,,pending_external_verification,
2000419802,Malik Kassassir,Sport-Club Freiburg,Bundesliga,2025/26,,,,,year,,,pending_external_verification,
2000375383,Márkó Mándity,VfL Wolfsburg,Bundesliga,2025/26,,,,,year,,,pending_external_verification,
2000254690,Mason Cotcher,Aston Villa,Premier League,2025/26,,,,,year,,,pending_external_verification,
2000401944,Matteo Davide Villa,Atalanta,Serie A,2025/26,,,,,year,,,pending_external_verification,
2000263164,Matthew Moore,TSG 1899 Hoffenheim,Bundesliga,2025/26,,,,,year,,,pending_external_verification,
2000388374,Mattia Zaramella,Milan,Serie A,2025/26,,,,,year,,,pending_external_verification,
2000425824,Maurice Schossee,Eintracht Frankfurt,Bundesliga,2025/26,,,,,year,,,pending_external_verification,
2000392591,Max-Edgar Chabot,Angers SCO,Ligue 1,2025/26,,,,,year,,,pending_external_verification,
2000399518,Mehdi Husson,Stade Rennais FC,Ligue 1,2025/26,,,,,year,,,pending_external_verification,
2000466853,Michał Żuk,Barcelona,LaLiga,2025/26,,,,,year,,,pending_external_verification,
2000441381,Mirko Loreti,Associazione Sportiva Roma,Serie A,2025/26,,,,,year,,,pending_external_verification,
2000477207,Moha Touray,Girona,LaLiga,2025/26,,,,,year,,,pending_external_verification,
2000399076,Mohamed Chebbi,Stade Rennais FC,Ligue 1,2025/26,,,,,year,,,pending_external_verification,
2000375655,Moritz Göttlicher,FC Bayern München,Bundesliga,2025/26,,,,,year,,,pending_external_verification,
2000477197,Nabil Kaaouach,Espanyol,LaLiga,2025/26,,,,,year,,,pending_external_verification,
2000427872,Nassim El Massoudi,Bayer 04 Leverkusen,Bundesliga,2025/26,,,,,year,,,pending_external_verification,
2000461758,Nebe-Sirak Domnic,Bayer 04 Leverkusen,Bundesliga,2025/26,,,,,year,,,pending_external_verification,
2000456857,Nicholas Callarà,Lazio,Serie A,2025/26,,,,,year,,,pending_external_verification,
2000332333,Nico Biedermann,TSG 1899 Hoffenheim,Bundesliga,2025/26,,,,,year,,,pending_external_verification,
2000468639,Pau Bergés,Barcelona,LaLiga,2025/26,,,,,year,,,pending_external_verification,
2000425820,Paul Bahoya,Eintracht Frankfurt,Bundesliga,2025/26,,,,,year,,,pending_external_verification,
2000386344,Paul Caumeil,Paris Saint-Germain,Ligue 1,2025/26,,,,,year,,,pending_external_verification,
2000423092,Philipp Licht,VfL Wolfsburg,Bundesliga,2025/26,,,,,year,,,pending_external_verification,
2000375665,Raphael Pavlić,FC Bayern München,Bundesliga,2025/26,,,,,year,,,pending_external_verification,
2000472427,Raúl Expósito,Barcelona,LaLiga,2025/26,,,,,year,,,pending_external_verification,
2000503220,Rubén Bravo,Real Betis,LaLiga,2025/26,,,,,year,,,pending_external_verification,
2000293721,Samuele Belmonte,Associazione Sportiva Roma,Serie A,2025/26,,,,,year,,,pending_external_verification,
2000378591,Sebastian Ademola,Brighton & Hove Albion,Premier League,2025/26,,,,,year,,,pending_external_verification,
2000479074,Shakur Samuels,Nottingham Forest,Premier League,2025/26,,,,,year,,,pending_external_verification,
2000423434,Tom Faust,Borussia Dortmund,Bundesliga,2025/26,,,,,year,,,pending_external_verification,
2000332338,Tom Fiederer,TSG 1899 Hoffenheim,Bundesliga,2025/26,,,,,year,,,pending_external_verification,
2000406721,Wassim Dardake,Toulouse FC,Ligue 1,2025/26,,,,,year,,,pending_external_verification,
2000499224,Alfonso,R. Madrid,LaLiga,2025/26,,,,,year,,,pending_external_verification,
2000490088,"Babacar Dione(Olympique de Marseille,France)",Olympique de Marseille,Ligue 1,2025/26,,,,,year,,,pending_external_verification,
2000270289,Ethan Sutherland,Wolverhampton Wanderers,Premier League,2025/26,,,,,year,,,pending_external_verification,
2000299720,Ferran Seco,R. Madrid,LaLiga,2025/26,,,,,year,,,pending_external_verification,
2000497721,Issiaga Soumah,Olympique Lyonnais,Ligue 1,2025/26,,,,,year,,,pending_external_verification,
2000481260,Joshua Dago,FC Nantes,Ligue 1,2025/26,,,,,year,,,pending_external_verification,
2000496285,Kassim Mnamdji,Olympique Lyonnais,Ligue 1,2025/26,,,,,year,,,pending_external_verification,
2000368008,Kyrylo Khadasevych,VfL Wolfsburg,Bundesliga,2025/26,,,,,year,,,pending_external_verification,
2000287548,Ollie Harrison,Chelsea,Premier League,2025/26,,,,,year,,,pending_external_verification,
2000395229,Angel Garcia,Olympique Lyonnais,Ligue 1,2025/26,,,,,year,,,pending_external_verification,
2000413423,Azhar Ali,Olympique de Marseille,Ligue 1,2025/26,,,,,year,,,pending_external_verification,
2000503200,Fran Batán,Real Betis,LaLiga,2025/26,,,,,year,,,pending_external_verification,
2000497724,Hocine Boulegroun,Olympique Lyonnais,Ligue 1,2025/26,,,,,year,,,pending_external_verification,
2000301570,Iker Ropero,Real Sociedad,LaLiga,2025/26,,,,,year,,,pending_external_verification,
2000299380,Javi Navarro,R. Madrid,LaLiga,2025/26,,,,,year,,,pending_external_verification,
2000275722,Niccolò Gariani,Atalanta,Serie A,2025/26,,,,,year,,,pending_external_verification,
2000268065,Roberto Malfitano,Cagliari Calcio,Serie A,2025/26,,,,,year,,,pending_external_verification,
2000419795,Yanik Boos,Sport-Club Freiburg,Bundesliga,2025/26,,,,,year,,,pending_external_verification,
2000336212,Massimo Pessina,Bologna FC 1909,Serie A,2025/26,,,,,year,,,pending_external_verification,
2000485994,Oliver Boast,Tottenham Hotspur,Premier League,2025/26,,,,,year,,,pending_external_verification,
2000491154,Axel Decrenisse,AS Monaco,Ligue 1,2025/26,,,,,year,,,pending_external_verification,
2000504187,Casti,Real Betis,LaLiga,2025/26,,,,,year,,,pending_external_verification,
2000505888,Fer Olmo,Real Betis,LaLiga,2025/26,,,,,year,,,pending_external_verification,
2000513300,Mahmoud Akim Soumahoro,Le Havre,Ligue 1,2025/26,,,,,year,,,pending_external_verification,
2000289868,Max Maréchal,RC Strasbourg Alsace,Ligue 1,2025/26,,,,,year,,,pending_external_verification,
2000490732,Noha Tiehi,Paris Saint-Germain,Ligue 1,2025/26,,,,,year,,,pending_external_verification,
2000294786,Pladi Nzinga-Pambani,Olympique de Marseille,Ligue 1,2025/26,,,,,year,,,pending_external_verification,
2000295458,Ratón,Celta,LaLiga,2025/26,,,,,year,,,pending_external_verification,
2000504183,Ziyad Baha,Real Betis,LaLiga,2025/26,,,,,year,,,pending_external_verification,
2000497722,Ajdin Muminovic,Olympique Lyonnais,Ligue 1,2025/26,,,,,year,,,pending_external_verification,
2000461946,Antonio Arena,Associazione Sportiva Roma,Serie A,2025/26,,,,,year,,,pending_external_verification,
2000392956,Manuel Carrascosa,Torino,Serie A,2025/26,,,,,year,,,pending_external_verification,
2000491232,Amin Dabbabi,LOSC Lille,Ligue 1,2025/26,,,,,year,,,pending_external_verification,
2000511337,Timeo Whisker,Manchester City,Premier League,2025/26,,,,,year,,,pending_external_verification,
2000399527,Chibuike Ugochukwu,Stade Rennais FC,Ligue 1,2025/26,,,,,year,,,pending_external_verification,
2000293685,Cristian Cuzzarella,Lazio,Serie A,2025/26,,,,,year,,,pending_external_verification,
2000443870,Filippo Plazzotta,Milan,Serie A,2025/26,,,,,year,,,pending_external_verification,
2000364895,Finn Geragusian,Sunderland,Premier League,2025/26,,,,,year,,,pending_external_verification,
2000272785,Harrison Parker,Manchester City,Premier League,2025/26,,,,,year,,,pending_external_verification,
2000490716,Jarell Paisley,Paris Saint-Germain,Ligue 1,2025/26,,,,,year,,,pending_external_verification,
2000302961,João Gabriel,Como 1907,Serie A,2025/26,,,,,year,,,pending_external_verification,
2000282868,Kian Noble,Manchester City,Premier League,2025/26,,,,,year,,,pending_external_verification,
2000490724,Lorenzo Kana-Biyik,Paris Saint-Germain,Ligue 1,2025/26,,,,,year,,,pending_external_verification,
2000333546,Luca Gobbo,Atalanta,Serie A,2025/26,,,,,year,,,pending_external_verification,
2000426368,Seth Chingwaro,Fulham,Premier League,2025/26,,,,,year,,,pending_external_verification,
2000419715,Thomas Sajous,LOSC Lille,Ligue 1,2025/26,,,,,year,,,pending_external_verification,
2000438102,Harrison Miles,Manchester City,Premier League,2025/26,,,,,year,,,pending_external_verification,
2000222572,Borja,Alavés,LaLiga,2025/26,,,,,year,,,pending_external_verification,
2000490108,Christ Dégnan Konan,Olympique de Marseille,Ligue 1,2025/26,,,,,year,,,pending_external_verification,
2000388092,Daivy Lefranc-Yeboah,RC Lens,Ligue 1,2025/26,,,,,year,,,pending_external_verification,
2000189327,Fabio Desole,Torino,Serie A,2025/26,,,,,year,,,pending_external_verification,
2000489716,Kiliane Assougrou,AJ Auxerre,Ligue 1,2025/26,,,,,year,,,pending_external_verification,
2000508642,Ben Vickery,Manchester City,Premier League,2025/26,,,,,year,,,pending_external_verification,
2000473923,Dee-Shawn Jacinthe,Stade Rennais FC,Ligue 1,2025/26,,,,,year,,,pending_external_verification,
2000488623,Marcello Fugazzola,Atalanta,Serie A,2025/26,,,,,year,,,pending_external_verification,
2000476445,Abdulbaki Al-Khalaf,RB Leipzig,Bundesliga,2025/26,,,,,year,,,pending_external_verification,
2000288084,Alfie Bradshaw,Nottingham Forest,Premier League,2025/26,,,,,year,,,pending_external_verification,
2000283791,Ben Broggio,Aston Villa,Premier League,2025/26,,,,,year,,,pending_external_verification,
2000298716,Calum Logan,Tottenham Hotspur,Premier League,2025/26,,,,,year,,,pending_external_verification,
2000507469,Charlie Hardy,Manchester United,Premier League,2025/26,,,,,year,,,pending_external_verification,
2000503433,Dante Headley,Manchester City,Premier League,2025/26,,,,,year,,,pending_external_verification,
2000399755,DJ Esdaille,Liverpool,Premier League,2025/26,,,,,year,,,pending_external_verification,
2000498739,Finlay Gorman,Manchester City,Premier League,2025/26,,,,,year,,,pending_external_verification,
2000476251,Jacob Hall,Chelsea,Premier League,2025/26,,,,,year,,,pending_external_verification,
2000379553,Kobe Barbour,Chelsea,Premier League,2025/26,,,,,year,,,pending_external_verification,
2000492097,Mattia Angelicchio,Milan,Serie A,2025/26,,,,,year,,,pending_external_verification,
2000313013,Mladen Mijajlovic,Sport-Club Freiburg,Bundesliga,2025/26,,,,,year,,,pending_external_verification,
2000490112,Saïd Remadnia,Olympique de Marseille,Ligue 1,2025/26,,,,,year,,,pending_external_verification,
2000404708,Stephen Mfuni,Manchester City,Premier League,2025/26,,,,,year,,,pending_external_verification,
2000379554,Yahya Idrissi,Chelsea,Premier League,2025/26,,,,,year,,,pending_external_verification,
2000484546,Yannis Addich,RC Strasbourg Alsace,Ligue 1,2025/26,,,,,year,,,pending_external_verification,
2000510837,Yohann Obin,Manchester City,Premier League,2025/26,,,,,year,,,pending_external_verification,
2000369120,Zyan Blake,Nottingham Forest,Premier League,2025/26,,,,,year,,,pending_external_verification,
2000401482,"Abdoulaye Camara(OGC Nice,Mauritania,France)",OGC Nice,Ligue 1,2025/26,,,,,year,,,pending_external_verification,
2000491772,Abdourazak Mahamoud,OGC Nice,Ligue 1,2025/26,,,,,year,,,pending_external_verification,
2000378585,Adam Brett,Brighton & Hove Albion,Premier League,2025/26,,,,,year,,,pending_external_verification,
2000508862,Aitor Araque,Real Betis,LaLiga,2025/26,,,,,year,,,pending_external_verification,
2000417051,Aldiyar Nurgali,Levante,LaLiga,2025/26,,,,,year,,,pending_external_verification,
2000414246,Alfie Lynskey,Aston Villa,Premier League,2025/26,,,,,year,,,pending_external_verification,
2000499217,Álvaro Lezcano,R. Madrid,LaLiga,2025/26,,,,,year,,,pending_external_verification,
2000096695,Bartosz Żelazowski,OGC Nice,Ligue 1,2025/26,,,,,year,,,pending_external_verification,
2000413420,Bradley Lévy,Olympique de Marseille,Ligue 1,2025/26,,,,,year,,,pending_external_verification,
2000252560,Braiden Graham,Everton,Premier League,2025/26,,,,,year,,,pending_external_verification,
2000292936,Caden Voice,Wolverhampton Wanderers,Premier League,2025/26,,,,,year,,,pending_external_verification,
2000309010,Charlie Stevens,AFC Bournemouth,Premier League,2025/26,,,,,year,,,pending_external_verification,
2000398642,Cheick Diarra,Olympique de Marseille,Ligue 1,2025/26,,,,,year,,,pending_external_verification,
2000269134,Cole Brannigan,Aston Villa,Premier League,2025/26,,,,,year,,,pending_external_verification,
2000488639,Cristiano De Paoli,Udinese Calcio,Serie A,2025/26,,,,,year,,,pending_external_verification,
2000300120,Dani Gil,Sevilla,LaLiga,2025/26,,,,,year,,,pending_external_verification,
2000488637,Djibril Diallo,Parma Calcio 1913,Serie A,2025/26,,,,,year,,,pending_external_verification,
2000289865,Elies Araar Fernandez,RC Strasbourg Alsace,Ligue 1,2025/26,,,,,year,,,pending_external_verification,
2000289620,Ethan Apkakou,LOSC Lille,Ligue 1,2025/26,,,,,year,,,pending_external_verification,
2000491752,Evan Baranik,OGC Nice,Ligue 1,2025/26,,,,,year,,,pending_external_verification,
2000290595,Everton Pereira,OGC Nice,Ligue 1,2025/26,,,,,year,,,pending_external_verification,
2000506287,Finley Grigg,Manchester City,Premier League,2025/26,,,,,year,,,pending_external_verification,
2000498186,Freddie Murdock,Everton,Premier League,2025/26,,,,,year,,,pending_external_verification,
2000442835,George Hemmings,Aston Villa,Premier League,2025/26,2025.0,2029.0,,14000.0,year,4000000.0,1600000.0,verified,m-mahadi/top5-football-dataset (SoFIFA)
2000491433,Hayden Ford,Wolverhampton Wanderers,Premier League,2025/26,,,,,year,,,pending_external_verification,
2000497883,"Hugo Fernández(Valencia,France,Spain,Pays Basque)",Valencia,LaLiga,2025/26,,,,,year,,,pending_external_verification,
2000500545,Hugo Giner,Valencia,LaLiga,2025/26,,,,,year,,,pending_external_verification,
2000399903,Ishaq Zantour,OGC Nice,Ligue 1,2025/26,,,,,year,,,pending_external_verification,
2000491783,Ismael Mmadi Fatima,OGC Nice,Ligue 1,2025/26,,,,,year,,,pending_external_verification,
2000489310,Ismaël Sidibé,AJ Auxerre,Ligue 1,2025/26,,,,,year,,,pending_external_verification,
2000282495,Jack Wint,Manchester City,Premier League,2025/26,,,,,year,,,pending_external_verification,
2000475508,Jacob Parsons,Brighton & Hove Albion,Premier League,2025/26,,,,,year,,,pending_external_verification,
2000503989,Jahmi Kellyman,Aston Villa,Premier League,2025/26,,,,,year,,,pending_external_verification,
2000481249,Jalen Foucan,FC Nantes,Ligue 1,2025/26,,,,,year,,,pending_external_verification,
2000490113,Jassim Waazane,Olympique de Marseille,Ligue 1,2025/26,,,,,year,,,pending_external_verification,
2000305003,"Javier Mena(R. Madrid,Spain)",R. Madrid,LaLiga,2025/26,,,,,year,,,pending_external_verification,
2000396403,Jean-Baptiste Bosey,RC Strasbourg Alsace,Ligue 1,2025/26,,,,,year,,,pending_external_verification,
2000488633,Jeffrey Baffoh,Sassuolo,Serie A,2025/26,,,,,year,,,pending_external_verification,
2000292782,Kelyann Bezahaf,Olympique de Marseille,Ligue 1,2025/26,,,,,year,,,pending_external_verification,
2000500948,Kenneth Mensah,Leeds United,Premier League,2025/26,,,,,year,,,pending_external_verification,
2000399275,Krys Foleu Téné,Olympique de Marseille,Ligue 1,2025/26,,,,,year,,,pending_external_verification,
2000496286,Kylian Negri,Olympique Lyonnais,Ligue 1,2025/26,,,,,year,,,pending_external_verification,
2000481783,Loan Merrifield,FC Nantes,Ligue 1,2025/26,,,,,year,,,pending_external_verification,
2000292784,Lucas Daubenfeld,Olympique de Marseille,Ligue 1,2025/26,,,,,year,,,pending_external_verification,
2000491914,Ludovico Varali,Hellas Verona FC,Serie A,2025/26,,,,,year,,,pending_external_verification,
2000216563,Luis Brown,West Ham United,Premier League,2025/26,,,,,year,,,pending_external_verification,
2000498185,Malik Olayiwola,Everton,Premier League,2025/26,,,,,year,,,pending_external_verification,
2000491786,Marc-Aurel Koffi,OGC Nice,Ligue 1,2025/26,,,,,year,,,pending_external_verification,
2000214882,Mathis Clément,Olympique de Marseille,Ligue 1,2025/26,,,,,year,,,pending_external_verification,
2000489745,Mathis-Tony Loue,AJ Auxerre,Ligue 1,2025/26,,,,,year,,,pending_external_verification,
2000491177,Mathys Plessis,AS Monaco,Ligue 1,2025/26,,,,,year,,,pending_external_verification,
2000491231,Nassim El Fatmi,LOSC Lille,Ligue 1,2025/26,,,,,year,,,pending_external_verification,
2000516471,Nazim Benchaita,Fulham,Premier League,2025/26,,,,,year,,,pending_external_verification,
2000486570,Noham Diop,Stade Rennais FC,Ligue 1,2025/26,,,,,year,,,pending_external_verification,
2000399266,Pablo Rigal,Olympique de Marseille,Ligue 1,2025/26,,,,,year,,,pending_external_verification,
2000292787,Paolo Trigano,Olympique de Marseille,Ligue 1,2025/26,,,,,year,,,pending_external_verification,
2000489307,Pierre Réale,AJ Auxerre,Ligue 1,2025/26,,,,,year,,,pending_external_verification,
2000491766,Ramy Benkhiat,OGC Nice,Ligue 1,2025/26,,,,,year,,,pending_external_verification,
2000507889,Reuben Gokah,Everton,Premier League,2025/26,,,,,year,,,pending_external_verification,
2000267803,Samuele Perrone,Unione Sportiva Lecce,Serie A,2025/26,,,,,year,,,pending_external_verification,
2000394746,"Simón García(A. Bilbao,Spain,Pays Basque)",A. Bilbao,LaLiga,2025/26,,,,,year,,,pending_external_verification,
2000478674,Teo Bou,Villarreal,LaLiga,2025/26,,,,,year,,,pending_external_verification,
2000399274,Ugo Lamare El Kadmiri,Olympique de Marseille,Ligue 1,2025/26,,,,,year,,,pending_external_verification,
2000491757,Wajid Enjolras,OGC Nice,Ligue 1,2025/26,,,,,year,,,pending_external_verification,
2000497715,Walid Nechab,Olympique Lyonnais,Ligue 1,2025/26,,,,,year,,,pending_external_verification,
2000407800,William Betehe,OGC Nice,Ligue 1,2025/26,,,,,year,,,pending_external_verification,
2000491763,Xavier Mandza,OGC Nice,Ligue 1,2025/26,,,,,year,,,pending_external_verification,
2000490115,Yakyne Youssouf Moumini,Olympique de Marseille,Ligue 1,2025/26,,,,,year,,,pending_external_verification,
2000491249,Yann Ndzana,LOSC Lille,Ligue 1,2025/26,,,,,year,,,pending_external_verification,
2000489526,Yazid Moussa,Stade Brestois 29,Ligue 1,2025/26,,,,,year,,,pending_external_verification,
2000484547,Yoann Becker,RC Strasbourg Alsace,Ligue 1,2025/26,,,,,year,,,pending_external_verification,
2000378584,Younes Ibrahim,Brighton & Hove Albion,Premier League,2025/26,,,,,year,,,pending_external_verification,
2000491924,Francesco Gasparello,Atalanta,Serie A,2025/26,,,,,year,,,pending_external_verification,
2000399830,Joe Bradshaw,Liverpool,Premier League,2025/26,,,,,year,,,pending_external_verification,
2000273652,Steven Gaote,Stade Rennais FC,Ligue 1,2025/26,,,,,year,,,pending_external_verification,
2000294201,Bamir Sadiku,Bologna FC 1909,Serie A,2025/26,,,,,year,,,pending_external_verification,
2000511345,Charlie Holt,Manchester City,Premier League,2025/26,,,,,year,,,pending_external_verification,
2000412849,"Jorge(R. Madrid,Spain)",R. Madrid,LaLiga,2025/26,,,,,year,,,pending_external_verification,
2000500550,"Marc Martínez(Valencia,Spain)",Valencia,LaLiga,2025/26,,,,,year,,,pending_external_verification,
2000488630,Riccardo Paonessa,Juventus,Serie A,2025/26,,,,,year,,,pending_external_verification,
2000267512,Alessandro Zonta,Bologna FC 1909,Serie A,2025/26,,,,,year,,,pending_external_verification,
2000491921,Andrea Donato,Inter,Serie A,2025/26,,,,,year,,,pending_external_verification,
2000443879,Francesco Ferrara,Milan,Serie A,2025/26,,,,,year,,,pending_external_verification,
2000461316,Giovanni Andrea Cardu,Cagliari Calcio,Serie A,2025/26,,,,,year,,,pending_external_verification,
2000327183,Jorge Sálamo,Celta,LaLiga,2025/26,,,,,year,,,pending_external_verification,
2000332584,Leonard Ruland,FC Bayern München,Bundesliga,2025/26,,,,,year,,,pending_external_verification,
2000483037,Max Alex Petersson,Villarreal,LaLiga,2025/26,,,,,year,,,pending_external_verification,
2000474177,Neithan Barbosa,Manchester United,Premier League,2025/26,,,,,year,,,pending_external_verification,
2000416048,Reigan Heskey,Manchester City,Premier League,2025/26,,,,,year,,,pending_external_verification,
2000282899,Rhys Thomas,Manchester City,Premier League,2025/26,,,,,year,,,pending_external_verification,
2000510938,Sam Wadsworth,Manchester City,Premier League,2025/26,,,,,year,,,pending_external_verification,
2000273471,Shaun Wade,Chelsea,Premier League,2025/26,,,,,year,,,pending_external_verification,
2000414248,Teddie Bloomfield,Aston Villa,Premier League,2025/26,,,,,year,,,pending_external_verification,
2000384641,Valeri Vladimirov,Milan,Serie A,2025/26,,,,,year,,,pending_external_verification,
2000497880,"Víctor García(Valencia,Spain)",Valencia,LaLiga,2025/26,,,,,year,,,pending_external_verification,
2000491920,Thomas Corigliano,Juventus,Serie A,2025/26,,,,,year,,,pending_external_verification,
2000474676,Emrick Bombo Zengo,LOSC Lille,Ligue 1,2025/26,,,,,year,,,pending_external_verification,
2000205840,Francesco Tommasi,Hellas Verona FC,Serie A,2025/26,,,,,year,,,pending_external_verification,
2000484399,Jaheden Rocolat Delmas,RC Lens,Ligue 1,2025/26,,,,,year,,,pending_external_verification,
2000418676,Léo-Paul Bouyer,Milan,Serie A,2025/26,,,,,year,,,pending_external_verification,
2000406691,Luis Paulo,R. Madrid,LaLiga,2025/26,,,,,year,,,pending_external_verification,
2000443848,Matteo Pittarella,Milan,Serie A,2025/26,,,,,year,,,pending_external_verification,
2000264653,Mattia Cappelletti,Milan,Serie A,2025/26,,,,,year,,,pending_external_verification,
2000511329,Milo Martin,Manchester City,Premier League,2025/26,,,,,year,,,pending_external_verification,
2000184394,Pietro Asiatico,Atalanta,Serie A,2025/26,,,,,year,,,pending_external_verification,
2000291035,Gioele Bosi,Lazio,Serie A,2025/26,,,,,year,,,pending_external_verification,
2000399787,Joe Upton,Liverpool,Premier League,2025/26,,,,,year,,,pending_external_verification,
2000482974,Mario Barella,Villarreal,LaLiga,2025/26,,,,,year,,,pending_external_verification,
2000436959,Max Hudson,Manchester City,Premier League,2025/26,,,,,year,,,pending_external_verification,
2000485991,Tyler Tingey,Tottenham Hotspur,Premier League,2025/26,,,,,year,,,pending_external_verification,
2000432560,Sayed Al-Wadaei,Villarreal,LaLiga,2025/26,,,,,year,,,pending_external_verification,
2000399086,Guillermo Anadón,Villarreal,LaLiga,2025/26,,,,,year,,,pending_external_verification,
2000509118,Jashayde Greenwood,Chelsea,Premier League,2025/26,,,,,year,,,pending_external_verification,
2000286586,Kacey Wooster,Newcastle United,Premier League,2025/26,,,,,year,,,pending_external_verification,
2000350266,Luka Petrović,Real Sociedad,LaLiga,2025/26,,,,,year,,,pending_external_verification,
2000473881,Maxime Paredes,Stade Rennais FC,Ligue 1,2025/26,,,,,year,,,pending_external_verification,
2000361948,Noah Codjo-Evora,FC Bayern München,Bundesliga,2025/26,,,,,year,,,pending_external_verification,
2000473935,Noé Le Page,Stade Rennais FC,Ligue 1,2025/26,,,,,year,,,pending_external_verification,
2000500555,Santi del Río,Valencia,LaLiga,2025/26,,,,,year,,,pending_external_verification,
2000473890,"Abdoulaye Bamba(Stade Rennais FC,France)",Stade Rennais FC,Ligue 1,2025/26,,,,,year,,,pending_external_verification,
2000478937,Alfie Hutchison,Newcastle United,Premier League,2025/26,,,,,year,,,pending_external_verification,
2000484250,Arthur Mogo Njimfo,RC Lens,Ligue 1,2025/26,,,,,year,,,pending_external_verification,
2000484386,Axel Senez,RC Lens,Ligue 1,2025/26,,,,,year,,,pending_external_verification,
2000476253,Dante Waite,Chelsea,Premier League,2025/26,,,,,year,,,pending_external_verification,
2000392662,Emmanuel Tshibemba,LOSC Lille,Ligue 1,2025/26,,,,,year,,,pending_external_verification,
2000396421,Gabriel Indi Amizade,RC Strasbourg Alsace,Ligue 1,2025/26,,,,,year,,,pending_external_verification,
2000516189,Gabriel Schluter,Nottingham Forest,Premier League,2025/26,,,,,year,,,pending_external_verification,
2000379561,Hudson Sands,Chelsea,Premier League,2025/26,,,,,year,,,pending_external_verification,
2000371000,Íñigo Sainz de Leciñana,A. Bilbao,LaLiga,2025/26,,,,,year,,,pending_external_verification,
2000379562,Jack Austin,Chelsea,Premier League,2025/26,,,,,year,,,pending_external_verification,
2000511324,Jake Wain,Manchester City,Premier League,2025/26,,,,,year,,,pending_external_verification,
2000476250,Jeremiah Berkeley-Agyepong,Chelsea,Premier League,2025/26,,,,,year,,,pending_external_verification,
2000500549,Jerry Amadife,Valencia,LaLiga,2025/26,,,,,year,,,pending_external_verification,
2000473921,Joseph Peter,Stade Rennais FC,Ligue 1,2025/26,,,,,year,,,pending_external_verification,
2000251029,Josh Gracey,Wolverhampton Wanderers,Premier League,2025/26,,,,,year,,,pending_external_verification,
2000473895,Kenny Assignon,Stade Rennais FC,Ligue 1,2025/26,,,,,year,,,pending_external_verification,
2000476627,Kobaro Akaunu,AFC Bournemouth,Premier League,2025/26,,,,,year,,,pending_external_verification,
2000437793,Kylan Midwood,Manchester City,Premier League,2025/26,,,,,year,,,pending_external_verification,
2000283789,Luka Lynch,Aston Villa,Premier League,2025/26,,,,,year,,,pending_external_verification,
2000473932,Noah Loufoundou,Stade Rennais FC,Ligue 1,2025/26,,,,,year,,,pending_external_verification,
2000289631,Ramsès Imbondo,LOSC Lille,Ligue 1,2025/26,,,,,year,,,pending_external_verification,
2000501564,Rayann Trulès,FC Lorient,Ligue 1,2025/26,,,,,year,,,pending_external_verification,
2000476247,Toby Bell,Chelsea,Premier League,2025/26,,,,,year,,,pending_external_verification,
2000506322,Yan Zhuravskiy,Real Betis,LaLiga,2025/26,,,,,year,,,pending_external_verification,
2000484553,Yazid Tifrani,RC Strasbourg Alsace,Ligue 1,2025/26,,,,,year,,,pending_external_verification,
2000499492,Cam Williams,Liverpool,Premier League,2025/26,,,,,year,,,pending_external_verification,
2000502101,Harvey Owen,Liverpool,Premier League,2025/26,,,,,year,,,pending_external_verification,
2000484080,Ilyes Grini,RC Lens,Ligue 1,2025/26,,,,,year,,,pending_external_verification,
2000296461,Brooklyn Nfonkeu,Manchester City,Premier League,2025/26,,,,,year,,,pending_external_verification,
2000502122,Haydn Murray-Holme,Liverpool,Premier League,2025/26,,,,,year,,,pending_external_verification,
2000483028,Ioan Precup,Villarreal,LaLiga,2025/26,,,,,year,,,pending_external_verification,
2000507841,Marc Pérez,Villarreal,LaLiga,2025/26,,,,,year,,,pending_external_verification,
2000485998,Blake Irow,Tottenham Hotspur,Premier League,2025/26,,,,,year,,,pending_external_verification,
2000395590,Eduard Ursu,Villarreal,LaLiga,2025/26,,,,,year,,,pending_external_verification,
2000484240,Nathanaël Gane Bernardino,RC Lens,Ligue 1,2025/26,,,,,year,,,pending_external_verification,
2000486004,Cameron Thomas,Tottenham Hotspur,Premier League,2025/26,,,,,year,,,pending_external_verification,
2000436720,Charlie Courtman,Manchester City,Premier League,2025/26,,,,,year,,,pending_external_verification,
2000379560,Harry McGlinchey,Chelsea,Premier League,2025/26,,,,,year,,,pending_external_verification,
2000497882,Ismail El Aoud,Valencia,LaLiga,2025/26,,,,,year,,,pending_external_verification,
2000502095,Lucas Clarke,Liverpool,Premier League,2025/26,,,,,year,,,pending_external_verification,
2000457040,Maksim Minkov,Unione Sportiva Lecce,Serie A,2025/26,,,,,year,,,pending_external_verification,
2000282906,Oliver Tevenan,Manchester City,Premier League,2025/26,,,,,year,,,pending_external_verification,
2000283424,Femi Fapetu,Manchester City,Premier League,2025/26,,,,,year,,,pending_external_verification,
2000241209,Manuel Nardozi,Napoli,Serie A,2025/26,,,,,year,,,pending_external_verification,
2000375660,Roy Snip,FC Bayern München,Bundesliga,2025/26,,,,,year,,,pending_external_verification,
2000502125,AJ Yeguo,Liverpool,Premier League,2025/26,,,,,year,,,pending_external_verification,
2000491916,Alessandro Bianchi,Milan,Serie A,2025/26,,,,,year,,,pending_external_verification,
2000269083,Christian Garofalo,Napoli,Serie A,2025/26,,,,,year,,,pending_external_verification,
2000408023,Ethan Sills,AFC Bournemouth,Premier League,2025/26,,,,,year,,,pending_external_verification,
2000483116,Giovanni Baldini,Bologna FC 1909,Serie A,2025/26,,,,,year,,,pending_external_verification,
2000500547,Hugo Póveda,Valencia,LaLiga,2025/26,,,,,year,,,pending_external_verification,
2000346387,Ianis Avrămescu,Parma Calcio 1913,Serie A,2025/26,,,,,year,,,pending_external_verification,
2000379557,Joseph Wheeler-Henry,Chelsea,Premier League,2025/26,,,,,year,,,pending_external_verification,
2000445294,Oliver Goodbrand,Newcastle United,Premier League,2025/26,,,,,year,,,pending_external_verification,
2000509119,Riley Ebho,Chelsea,Premier League,2025/26,,,,,year,,,pending_external_verification,
2000367985,Sacha Burek,AJ Auxerre,Ligue 1,2025/26,,,,,year,,,pending_external_verification,
2000437952,Tyrone Samba,Manchester City,Premier League,2025/26,,,,,year,,,pending_external_verification,
2000254196,Chris Atherton,Chelsea,Premier League,2025/26,,,,,year,,,pending_external_verification,
2000386601,Isaac Collins Isoa,Atalanta,Serie A,2025/26,,,,,year,,,pending_external_verification,
2000491922,Kevin Fustini,Bologna FC 1909,Serie A,2025/26,,,,,year,,,pending_external_verification,
2000375653,Jamal Kaishvili,FC Bayern München,Bundesliga,2025/26,,,,,year,,,pending_external_verification,
2000271662,Brando Dolfi,ACF Fiorentina,Serie A,2025/26,,,,,year,,,pending_external_verification,
2000506603,Tommaso Casagrande,Hellas Verona FC,Serie A,2025/26,,,,,year,,,pending_external_verification,
