name,position,age,ca,pa,nationality,club,corners,crossing,dribbling,finishing,first_touch,free_kicks,heading,long_shots,long_throws,marking,passing,penalty,tackling,technique,aggression,anticipation,bravery,composure,concentration,decisions,determination,flair,leadership,off_the_ball,positioning,teamwork,vision,work_rate,acceleration,agility,balance,jumping,stamina,pace,endurance,strength,_source_uid,league,club_canonical
Kylian Mbappé,AM/ST RL,26,191,197,France,R. Madrid,13,13,18,18,18,11,9,15,3,4,15,18,4,17,6,17,12,17,16,16,18,18,13,17,4,10,16,13,19,16,16,8,15,19,15,12,85139014,LaLiga,R. Madrid
Harry Kane,ST C,32,188,190,"England,Republic of Ireland",FC Bayern München,11,12,14,19,18,12,17,17,7,8,18,20,9,17,13,18,15,18,16,18,19,12,17,17,8,16,18,12,12,12,18,16,16,13,16,16,28049320,Bundesliga,FC Bayern München
"Mohamed Salah(Liverpool,Egypt)",AM/ST RL,33,186,187,Egypt,Liverpool,11,17,16,17,17,12,10,15,7,7,16,17,7,17,10,17,9,16,16,16,18,15,13,18,8,17,17,18,16,18,18,8,19,16,17,16,98028755,Premier League,Liverpool
Ousmane Dembélé,AM/ST RL,28,185,188,"France,Mauritania",Paris Saint-Germain,12,14,18,15,18,10,7,13,5,10,15,14,7,18,11,11,12,13,13,12,15,18,13,14,10,14,14,14,18,17,13,8,12,17,14,10,85140178,Ligue 1,Paris Saint-Germain
Erling Haaland,ST ,25,184,195,"Norway,England",Manchester City,7,10,14,18,13,13,15,13,5,6,13,17,7,14,15,19,15,17,15,15,20,16,13,18,7,14,14,13,17,16,17,18,19,19,14,17,29179241,Premier League,Manchester City
Vinícius Júnior,AM/ST L,25,183,190,"Brazil,Spain",R. Madrid,7,13,19,16,15,8,12,12,4,3,15,14,6,16,17,16,17,15,11,15,20,16,14,16,9,13,14,13,19,17,17,8,15,18,16,12,19302146,LaLiga,R. Madrid
Virgil van Dijk,D C,34,183,185,"Netherlands,Suriname",Liverpool,2,4,10,7,17,13,17,5,7,16,16,11,17,16,17,18,14,18,17,17,18,11,18,8,17,17,15,15,14,12,14,17,17,15,15,18,37024025,Premier League,Liverpool
Bukayo Saka,AM RL,23,181,188,"England,Nigeria",Arsenal,17,15,17,15,16,14,9,17,6,9,13,15,10,17,13,16,12,15,14,16,17,16,12,17,10,17,15,16,17,16,18,9,18,15,17,13,28122642,Premier League,Arsenal
Jude Bellingham,M/AM LC,22,181,188,"England,Republic of Ireland",R. Madrid,11,12,17,17,17,11,14,14,6,12,17,13,15,17,17,16,17,17,14,15,20,18,17,17,12,16,16,18,16,15,14,12,16,15,16,14,29232937,LaLiga,R. Madrid
Declan Rice,DM/M C,26,181,182,"England,Republic of Ireland",Arsenal,19,15,14,10,16,17,14,12,12,15,15,11,17,15,13,18,16,17,15,18,17,10,16,16,16,19,14,17,13,13,15,14,18,13,17,14,28106491,Premier League,Arsenal
Thibaut Courtois,GK ,33,181,181,Belgium,R. Madrid,6,2,10,1,10,10,10,1,1,2,13,4,3,12,8,15,15,12,16,16,16,14,13,3,16,14,9,11,12,13,14,18,12,11,8,14,18026122,LaLiga,R. Madrid
"Alisson(Liverpool,Brazil)",GK ,32,180,182,Brazil,Liverpool,2,1,10,1,14,2,7,1,1,2,14,5,3,13,12,17,14,16,16,16,19,13,11,11,18,12,12,17,13,17,16,14,16,13,12,15,19058734,Premier League,Liverpool
"Rodri(Manchester City,Spain)",DM C,29,180,180,Spain,Manchester City,4,8,13,13,15,8,13,15,7,13,16,8,17,14,13,17,15,20,17,18,13,9,11,14,17,16,16,16,14,13,12,17,16,13,17,16,67217524,Premier League,Manchester City
Joshua Kimmich,D/DM/M RC,30,177,183,Germany,FC Bayern München,16,18,13,11,15,15,12,14,14,12,18,15,13,16,15,16,15,17,14,16,20,12,18,13,12,19,18,18,12,12,13,11,20,13,18,12,92039023,Bundesliga,FC Bayern München
William Saliba,D C,24,176,184,"France,Cameroon,Lebanon",Arsenal,6,10,12,9,15,6,16,11,6,16,13,10,18,16,15,18,15,19,15,16,16,11,10,8,16,17,12,15,14,14,16,16,16,14,16,17,49039004,Premier League,Arsenal
Martin Ødegaard,M/AM C,26,176,180,Norway,Arsenal,16,15,17,13,18,14,8,16,3,9,18,14,10,19,9,18,10,16,15,17,16,16,15,17,10,19,19,15,13,16,16,9,13,13,15,11,53095137,Premier League,Arsenal
"Vitinha(Paris Saint-Germain,Portugal)",DM/M C,25,176,179,Portugal,Paris Saint-Germain,13,13,17,12,17,13,7,14,8,15,17,17,14,16,14,16,15,16,16,15,15,17,14,15,15,16,16,16,13,18,16,8,16,13,18,11,83174762,Ligue 1,Paris Saint-Germain
Pedri,DM/M C,22,175,180,Spain,Barcelona,12,15,17,12,18,10,6,12,6,9,18,11,11,18,12,16,12,16,15,16,16,16,12,14,12,16,18,16,14,17,13,8,16,13,16,10,67293495,LaLiga,Barcelona
Achraf Hakimi,D/WB R,26,175,178,"Morocco,Spain",Paris Saint-Germain,7,15,15,13,15,13,11,13,11,13,15,10,13,14,15,13,12,13,13,13,15,14,15,17,13,13,13,14,18,15,14,11,17,18,18,12,67228634,Ligue 1,Paris Saint-Germain
Raphinha,M/AM RLC,28,175,177,"Brazil,Italy",Barcelona,15,15,15,15,15,14,10,14,11,8,15,13,11,15,16,15,17,15,14,15,19,17,16,19,8,14,14,16,16,15,15,8,17,15,16,11,19242277,LaLiga,Barcelona
Federico Valverde,DM/M RC,27,175,176,"Uruguay,Spain",R. Madrid,13,12,12,13,14,14,12,17,10,13,15,11,15,14,12,15,17,13,14,13,18,14,14,14,13,18,13,18,17,15,15,12,17,17,18,14,78074594,LaLiga,R. Madrid
Kevin De Bruyne,M/AM C,34,173,190,Belgium,Parthenope,14,19,15,16,16,17,6,17,7,9,19,16,9,18,12,14,13,15,15,17,17,16,13,13,10,14,20,15,12,13,14,10,17,12,13,13,18004457,Serie A,Napoli
Cole Palmer,AM RLC,23,173,173,England,Chelsea,13,16,17,18,19,15,8,15,3,6,15,20,8,18,8,15,8,19,12,18,10,16,7,13,8,11,16,13,15,16,16,13,13,15,17,9,28120042,Premier League,Chelsea
Bruno Fernandes,DM/M/AM C,30,172,174,Portugal,Manchester United,16,16,11,15,17,16,9,15,3,3,18,19,8,17,18,17,15,14,13,12,17,17,17,16,7,15,18,18,13,14,13,9,20,13,20,10,43124203,Premier League,Manchester United
Florian Wirtz,M/AM RLC,22,170,188,Germany,Liverpool,14,13,18,14,18,13,7,14,6,8,18,14,10,19,13,15,13,16,13,14,17,18,12,13,8,16,18,17,14,16,14,7,14,15,16,10,91193048,Premier League,Liverpool
Alexander Isak,AM/ST L,25,170,180,"Sweden,Eritrea",Liverpool,7,9,18,18,15,8,12,10,6,5,13,16,6,17,11,15,13,16,12,14,14,17,7,18,6,14,15,14,17,19,15,14,14,16,14,12,93070286,Premier League,Liverpool
Julián Álvarez,AM/ST RLC,25,170,180,"Argentina,Italy",A. Madrid,14,13,15,16,16,17,11,16,6,7,15,15,9,15,11,16,15,15,15,16,15,16,10,16,8,16,14,16,16,15,13,7,15,14,16,12,14183207,LaLiga,A. Madrid
Michael Olise,M/AM RC,23,170,180,"France,England,Nigeria",FC Bayern München,15,16,17,15,18,16,8,16,6,8,17,15,9,18,8,17,12,17,13,16,13,17,8,16,8,12,17,13,15,16,16,11,12,14,15,13,29221846,Bundesliga,FC Bayern München
Rúben Dias,D C,28,170,177,Portugal,Manchester City,4,11,12,6,13,5,15,4,5,17,14,8,17,13,16,16,18,15,14,15,18,8,17,8,17,16,13,17,13,13,12,16,18,13,18,16,55070299,Premier League,Manchester City
Lautaro Martínez,ST ,27,170,175,Argentina,Blu-neri Milano,4,8,14,17,16,5,16,15,4,5,12,15,8,16,18,15,18,15,14,14,19,17,16,16,7,15,12,18,15,16,14,11,20,15,19,13,14110660,Serie A,Inter
Robert Lewandowski,ST ,36,169,190,Poland,Barcelona,6,9,13,18,16,15,17,12,3,7,13,19,7,16,14,17,15,17,17,17,18,14,15,18,7,14,14,14,12,12,17,13,17,13,14,15,719601,LaLiga,Barcelona
Eduardo Camavinga,DM/M LC,22,169,180,"France,Democratic Republic of Congo,Angola",R. Madrid,6,13,13,10,15,6,13,12,13,14,15,7,16,15,15,16,16,14,15,14,16,12,13,14,14,17,14,17,16,15,15,13,16,17,17,16,49056243,LaLiga,R. Madrid
Sandro Tonali,DM/M C,25,169,171,Italy,Newcastle United,14,13,14,9,16,13,9,12,9,13,16,12,15,15,15,15,16,16,15,15,16,12,14,13,16,19,14,19,13,14,15,9,14,14,17,14,43298481,Premier League,Newcastle United
Phil Foden,M/AM RLC,25,168,180,England,Manchester City,13,13,17,14,17,13,8,13,5,8,17,12,8,17,7,14,13,16,15,15,14,16,8,16,11,15,17,14,16,17,15,7,14,16,14,9,28108494,Premier League,Manchester City
"Enzo Fernández(Chelsea,Argentina)",DM/M C,24,168,174,Argentina,Chelsea,12,13,13,14,16,15,12,16,8,10,17,14,14,16,15,14,13,14,13,16,15,14,12,17,10,15,18,15,12,14,16,10,17,12,16,13,14229525,Premier League,Chelsea
Bruno Guimarães,DM/M C,27,168,170,"Brazil,Spain",Newcastle United,11,12,16,12,18,12,10,11,5,13,18,11,14,18,18,16,15,18,15,15,14,15,15,14,16,15,17,16,13,13,16,12,15,11,17,14,19297055,Premier League,Newcastle United
Gianluigi Donnarumma,GK ,26,167,170,Italy,Manchester City,3,1,6,1,9,7,7,3,8,3,9,6,7,6,12,15,16,14,15,15,15,6,14,2,15,15,8,13,10,16,17,18,15,11,15,16,43252073,Premier League,Manchester City
Marcus Thuram,ST L,27,167,170,"France,Guadeloupe",Blu-neri Milano,4,10,17,15,17,5,13,14,4,4,13,13,7,17,13,14,12,15,13,14,13,17,12,15,6,14,13,14,17,15,17,14,15,17,14,17,48037335,Serie A,Inter
"Gabriel(Arsenal,Brazil)",D C,27,167,168,Brazil,Arsenal,4,7,10,7,12,4,19,6,7,16,13,7,18,13,17,15,18,11,12,14,17,8,13,9,15,16,13,14,13,13,14,17,13,15,16,19,19242094,Premier League,Arsenal
Luka Modrić,DM/M C,39,166,180,Croatia,Casciavit Milano,16,15,16,11,20,13,7,13,6,8,18,14,9,19,12,16,14,18,18,18,17,15,16,14,14,16,19,14,13,13,14,6,13,11,11,8,653054,Serie A,Milan
Khvicha Kvaratskhelia,AM LC,24,166,174,Georgia,Paris Saint-Germain,8,14,18,15,18,14,11,14,4,8,16,15,10,18,11,12,12,14,11,15,17,19,10,17,5,11,15,12,15,18,13,9,16,15,12,10,59130638,Ligue 1,Paris Saint-Germain
"Marquinhos(Paris Saint-Germain,Brazil,Portugal)",D/DM C,31,166,167,"Brazil,Portugal",Paris Saint-Germain,4,11,10,8,13,4,16,10,7,16,13,8,16,13,15,17,15,16,16,15,16,10,16,8,16,17,13,15,13,13,16,16,15,14,16,15,19163495,Ligue 1,Paris Saint-Germain
Lamine Yamal,M/AM R,18,165,-10,"Spain,Morocco,Equatorial Guinea",Barcelona,13,17,18,14,18,11,7,15,6,5,17,11,6,18,9,13,11,15,14,16,17,19,8,15,7,13,18,11,16,18,14,9,14,15,12,10,2000256231,LaLiga,Barcelona
Jamal Musiala,AM RLC,22,165,185,"Germany,England,Nigeria",FC Bayern München,8,9,19,15,16,8,13,14,6,9,15,12,11,18,12,15,12,15,13,14,16,18,7,14,9,15,15,15,15,18,16,12,12,15,13,10,28124579,Bundesliga,FC Bayern München
Moisés Caicedo,DM/M C,23,165,185,Ecuador,Chelsea,5,8,14,11,14,8,9,12,4,13,15,8,18,14,15,15,15,15,15,16,14,14,9,13,15,17,14,20,16,15,12,9,18,14,19,12,86078360,Premier League,Chelsea
Frenkie de Jong,DM/M C,28,165,180,Netherlands,Barcelona,13,14,17,11,17,13,9,10,6,9,17,11,12,17,10,16,11,16,13,16,14,14,12,14,14,17,18,13,13,16,15,9,13,13,15,11,37047745,LaLiga,Barcelona
Jan Oblak,GK ,32,165,178,Slovenia,A. Madrid,4,3,2,2,12,5,1,3,3,3,9,12,3,9,8,11,13,16,15,15,15,15,15,3,16,12,8,12,11,13,13,14,9,13,13,13,64016316,LaLiga,A. Madrid
Rodrygo,AM/ST RL,24,165,178,"Brazil,Spain",R. Madrid,11,12,17,17,15,14,12,14,8,5,15,12,6,15,11,14,14,14,13,14,14,15,11,17,10,13,14,14,15,16,16,7,12,16,15,13,19306929,LaLiga,R. Madrid
Nuno Mendes,D/WB L,23,165,177,"Portugal,Cape Verde Islands",Paris Saint-Germain,13,15,15,10,15,7,9,10,11,12,14,9,14,14,14,14,12,14,12,13,14,12,8,14,13,12,13,13,18,15,14,10,16,18,15,13,83261910,Ligue 1,Paris Saint-Germain
Dani Olmo,M/AM/ST C,27,165,170,Spain,Barcelona,13,13,17,13,18,13,9,13,6,9,17,13,10,18,11,16,12,16,11,14,16,17,10,14,10,14,17,14,13,16,15,10,10,12,14,10,24048100,LaLiga,Barcelona
Dayot Upamecano,D C,26,165,170,"France,Guinea-Bissau",FC Bayern München,3,8,12,6,13,3,14,8,10,17,16,10,17,13,16,16,17,16,13,14,16,12,12,9,16,16,16,16,15,12,16,16,12,16,13,17,16182894,Bundesliga,FC Bayern München
John Stones,D/DM RC,31,165,170,England,Manchester City,4,6,14,8,14,5,14,6,8,13,16,12,16,16,13,16,17,18,16,15,13,12,13,15,16,16,14,17,14,13,12,16,16,15,15,15,28060397,Premier League,Manchester City
"Reece James(Chelsea,England)",D/WB RC,25,165,170,England,Chelsea,13,16,11,12,14,14,14,11,9,13,12,12,14,15,16,13,18,16,14,17,17,12,13,12,13,15,11,16,15,12,19,10,12,14,14,18,28108035,Premier League,Chelsea
Marc-André ter Stegen,GK ,33,164,183,Germany,Barcelona,5,3,1,1,13,8,6,3,1,3,17,2,1,14,11,15,14,16,15,14,16,5,15,3,13,14,9,10,13,13,16,14,13,11,13,14,35017428,LaLiga,Barcelona
Bernardo Silva,M/AM RC,30,164,180,Portugal,Manchester City,14,15,17,15,17,13,10,13,2,12,17,13,8,18,13,16,15,16,14,14,16,17,12,17,13,17,17,20,13,15,16,7,17,12,16,9,55041632,Premier League,Manchester City
Dejan Kulusevski,M/AM RC,25,164,175,"Sweden,North Macedonia",Tottenham Hotspur,11,13,16,14,17,9,7,11,4,4,15,11,7,16,7,15,8,14,12,14,15,15,14,15,6,17,14,17,13,14,17,12,14,14,18,17,43295814,Premier League,Tottenham Hotspur
Jules Koundé,D R,26,164,175,"France,Benin",Barcelona,10,13,14,13,14,9,13,13,13,14,14,11,15,14,15,15,15,14,13,14,15,13,13,16,13,15,14,16,15,16,16,11,16,15,16,14,48036304,LaLiga,Barcelona
Trent Alexander-Arnold,D/WB/DM RC,26,163,174,England,R. Madrid,15,17,11,8,17,15,11,12,9,10,19,11,12,17,13,14,11,16,12,14,15,14,12,15,11,15,17,14,14,14,15,11,15,14,14,13,28104124,LaLiga,R. Madrid
Nico Williams,M/AM RL,23,163,171,"Spain,Ghana,Pays Basque",A. Bilbao,13,14,15,13,15,11,12,11,8,9,15,14,8,17,13,14,14,15,14,14,17,15,12,15,14,15,14,15,15,15,11,10,16,15,14,14,67276230,LaLiga,A. Bilbao
Alexis Mac Allister,DM/M/AM C,26,163,169,Argentina,Liverpool,14,13,13,12,16,14,9,13,4,10,16,15,14,16,14,17,14,17,17,16,16,13,11,16,14,18,15,16,13,14,14,8,14,12,15,12,14157184,Premier League,Liverpool
Omar Marmoush,AM/ST RLC,26,163,168,"Egypt,Canada",Manchester City,15,12,16,14,14,18,11,14,6,7,13,16,8,15,13,16,11,16,13,14,16,16,12,16,7,13,15,15,16,16,15,11,14,16,13,13,91205962,Premier League,Manchester City
Antonio Rüdiger,D C,32,163,166,"Germany,Sierra Leone",R. Madrid,5,10,10,7,10,9,15,8,14,15,12,7,17,11,18,14,18,13,15,16,17,9,18,8,14,13,12,15,16,10,16,15,15,16,16,18,92023410,LaLiga,R. Madrid
Aurélien Tchouaméni,DM C,25,162,172,"France,Cameroon",R. Madrid,8,10,12,9,13,6,13,13,8,16,15,10,16,14,15,16,16,15,13,14,15,13,11,12,14,15,13,17,14,14,15,14,16,16,17,18,48042326,LaLiga,R. Madrid
"Luis Díaz(FC Bayern München,Colombia)",M/AM RL,28,162,170,Colombia,FC Bayern München,11,12,17,13,17,10,13,13,6,8,14,13,8,17,13,14,15,13,12,12,16,16,12,15,8,15,14,16,16,17,15,12,16,16,13,9,76049803,Bundesliga,FC Bayern München
Alessandro Bastoni,D C,26,162,169,Italy,Blu-neri Milano,4,14,12,10,15,7,15,8,15,15,16,8,16,14,15,16,17,14,13,14,16,12,12,12,14,17,16,16,14,13,16,15,17,16,14,16,43252460,Serie A,Inter
Bremer,D C,28,162,169,Brazil,Juventus,4,6,9,12,12,4,17,7,5,17,13,5,16,12,17,17,15,15,16,15,17,7,12,7,15,14,11,16,14,12,15,16,16,15,15,16,19270493,Serie A,Juventus
Serhou Guirassy,ST ,29,162,165,"Guinea,France",Borussia Dortmund,4,8,13,17,15,13,16,13,6,7,14,15,8,15,13,17,15,16,14,14,16,13,14,17,8,16,14,15,13,13,16,16,12,13,13,16,85111795,Bundesliga,Borussia Dortmund
Scott McTominay,M/AM LC,28,162,163,"Scotland,England",Parthenope,4,11,13,16,13,5,18,14,4,11,15,7,14,13,17,15,16,18,16,12,18,9,13,16,12,18,12,15,13,13,18,17,19,14,19,18,29125343,Serie A,Napoli
Nicolò Barella,M C,28,161,168,Italy,Blu-neri Milano,12,12,14,12,16,14,6,14,4,11,16,11,16,15,20,14,18,12,10,13,19,14,14,15,13,17,16,18,15,14,16,7,17,14,17,12,43139595,Serie A,Inter
Hakan Çalhanoğlu,DM/M C,31,161,164,"Türkiye,Germany",Blu-neri Milano,19,17,11,13,17,16,6,17,4,10,19,20,13,16,11,16,12,17,13,16,13,16,13,12,12,17,17,12,12,13,12,7,15,12,14,9,92026209,Serie A,Inter
Wesley Fofana,D C,24,160,180,"France,Mali,Ivory Coast",Chelsea,9,6,12,7,12,11,16,5,2,15,12,10,15,14,12,14,13,14,13,16,16,10,10,12,15,13,12,13,15,13,10,16,16,16,16,15,49037900,Premier League,Chelsea
Anthony Gordon,AM RL,24,160,170,"England,Republic of Ireland,Scotland",Newcastle United,12,15,17,13,14,12,7,12,5,8,13,12,11,14,13,14,13,15,12,13,17,15,9,16,9,15,14,16,17,14,15,11,12,17,15,10,28116386,Premier League,Newcastle United
Jérémy Doku,AM/ST RL,23,160,170,"Belgium,Ghana",Manchester City,11,12,17,11,13,8,5,8,5,5,14,14,7,15,13,11,13,13,13,14,12,17,6,13,8,15,13,14,18,16,13,8,16,16,14,13,18106083,Premier League,Manchester City
Éder Militão,D C,27,160,168,"Brazil,Spain",R. Madrid,9,10,12,8,12,10,16,11,11,15,14,13,16,12,15,15,16,12,12,14,15,10,16,12,16,13,12,16,15,14,15,14,18,15,16,16,19273276,LaLiga,R. Madrid
Unai Simón,GK ,28,160,168,"Spain,Pays Basque",A. Bilbao,6,2,1,3,14,8,13,3,1,2,12,5,1,14,6,13,13,15,13,14,15,1,12,2,15,14,14,14,14,14,7,15,12,14,14,13,67200923,LaLiga,A. Bilbao
Viktor Gyökeres,ST ,27,160,168,"Sweden,Hungary",Arsenal,6,10,14,17,14,7,13,12,6,6,13,16,8,13,17,14,16,15,13,13,18,13,7,14,9,14,15,19,15,12,17,14,15,16,18,18,93070271,Premier League,Arsenal
Willian Pacho,D LC,23,160,168,Ecuador,Paris Saint-Germain,3,8,11,6,13,4,14,6,8,16,14,6,16,12,16,16,17,15,15,14,16,11,10,9,15,15,13,15,14,12,15,16,15,15,15,18,86075795,Ligue 1,Paris Saint-Germain
Gregor Kobel,GK ,27,160,165,Switzerland,Borussia Dortmund,3,2,7,5,8,6,7,6,10,3,10,3,6,9,16,14,16,12,13,14,18,8,16,8,16,12,10,16,9,16,12,17,12,11,11,16,98040383,Bundesliga,Borussia Dortmund
Ademola Lookman,AM/ST RLC,27,160,164,"Nigeria,England",Bergamo,13,12,16,16,16,12,8,14,3,4,14,15,4,15,13,14,8,14,11,14,15,16,8,13,4,11,14,13,17,18,14,7,14,15,13,10,29141828,Serie A,Atalanta
Fabián,DM/M/AM C,29,160,163,Spain,Paris Saint-Germain,9,14,15,14,17,9,13,16,9,13,16,11,14,16,13,15,14,15,14,14,13,16,11,15,14,15,15,14,12,12,16,14,14,12,16,13,67216396,Ligue 1,Paris Saint-Germain
Alejandro Grimaldo,D/WB L,29,160,162,Spain,Bayer 04 Leverkusen,17,17,15,12,17,19,8,16,13,10,16,14,11,17,12,16,12,17,13,15,14,16,13,16,11,15,16,15,14,15,12,7,18,13,16,10,67153376,Bundesliga,Bayer 04 Leverkusen
Federico Dimarco,D/WB L,27,160,162,Italy,Blu-neri Milano,17,19,11,12,18,16,11,17,8,13,15,13,12,15,12,14,16,16,15,17,16,15,15,16,13,18,16,16,14,14,15,9,15,14,12,11,43143488,Serie A,Inter
Granit Xhaka,DM/M C,32,160,160,"Switzerland,Albania,Kosovo",Sunderland,13,12,12,11,16,15,12,17,6,12,18,12,13,17,16,16,16,18,15,16,16,13,19,11,14,17,17,16,10,10,16,12,17,12,17,14,98003821,Premier League,Sunderland
Dominik Szoboszlai,DM/M/AM RC,24,159,170,Hungary,Liverpool,15,14,13,11,16,15,8,14,5,8,16,15,11,16,13,14,12,15,14,14,16,15,13,15,12,17,15,17,14,15,15,10,18,17,17,11,16202373,Premier League,Liverpool
Ibrahima Konaté,D C,26,159,170,"France,Mali",Liverpool,3,5,13,5,14,6,16,4,12,16,14,6,16,14,16,14,16,14,13,14,15,8,13,8,15,15,9,15,14,14,14,16,14,15,14,18,48037822,Premier League,Liverpool
Giorgi Mamardashvili,GK ,24,159,169,Georgia,Liverpool,3,2,2,3,8,5,12,2,2,2,12,2,1,13,11,12,14,12,14,13,14,11,14,3,13,14,11,15,10,14,11,19,12,11,13,15,59138294,Premier League,Liverpool
Ryan Gravenberch,DM/M/AM C,23,159,169,"Netherlands,Suriname",Liverpool,11,11,15,9,15,10,12,10,7,12,15,10,13,16,13,16,13,16,14,14,15,15,7,14,14,15,14,15,15,18,15,12,14,14,14,13,37071197,Premier League,Liverpool
Rafael Leão,AM/ST L,26,159,165,"Portugal,Angola",Casciavit Milano,8,14,17,14,17,9,11,13,6,3,14,13,4,14,8,13,8,12,8,11,11,14,10,14,4,12,12,7,18,18,15,16,16,17,12,14,83111483,Serie A,Milan
Tijjani Reijnders,DM/M/AM C,27,159,165,"Netherlands,Indonesia",Manchester City,13,12,14,14,15,12,11,15,8,10,15,12,8,15,8,14,13,14,15,14,13,14,12,16,11,16,16,15,14,15,14,11,15,14,15,12,37071126,Premier League,Manchester City
Christian Pulisic,AM/ST RLC,26,159,163,"United States,Croatia",Casciavit Milano,15,14,16,15,16,12,5,15,4,4,15,14,7,15,12,15,12,15,13,14,13,16,12,15,7,14,15,13,15,15,14,8,13,14,13,11,92074020,Serie A,Milan
André-Franck Zambo Anguissa,DM/M C,29,159,161,Cameroon,Parthenope,5,10,15,13,16,5,15,11,7,11,16,9,15,15,16,17,14,15,13,14,17,16,13,16,13,15,13,15,14,13,18,12,18,14,18,16,48030711,Serie A,Napoli
Martín Zubimendi,DM/M C,26,159,160,"Spain,Pays Basque",Arsenal,9,10,13,11,16,8,14,13,2,15,16,12,15,15,14,17,13,16,16,16,13,10,12,12,15,16,15,15,12,13,12,11,15,11,14,14,67246385,Premier League,Arsenal
Isco,M/AM RLC,33,158,180,Spain,Real Hispalis,16,13,17,13,19,14,9,14,7,6,17,16,11,19,10,12,8,15,12,12,12,18,12,12,8,10,18,12,12,15,17,7,14,11,13,13,67103537,LaLiga,Real Betis
Joško Gvardiol,D LC,23,158,180,Croatia,Manchester City,2,12,13,12,14,6,15,8,12,14,16,7,14,14,15,14,17,16,15,14,17,13,14,13,14,15,15,16,14,13,15,13,15,15,14,16,24060473,Premier League,Manchester City
Bradley Barcola,AM/ST RL,22,158,174,"France,Togo",Paris Saint-Germain,10,13,16,13,16,9,11,12,5,5,14,10,5,16,12,12,12,12,12,11,13,16,10,15,9,14,13,14,17,17,13,13,15,17,12,10,49056282,Ligue 1,Paris Saint-Germain
Álex Baena,M/AM RLC,24,158,170,Spain,A. Madrid,14,14,14,14,17,15,10,13,12,8,17,10,9,16,15,12,11,11,12,16,14,14,12,12,10,11,18,12,13,14,13,7,15,13,13,11,67287665,LaLiga,A. Madrid
Alphonso Davies,D/WB L,24,158,170,"Canada,Liberia,Ghana",FC Bayern München,11,11,16,8,12,11,9,10,14,10,12,12,13,13,14,12,15,12,12,12,17,16,12,13,10,13,12,15,19,14,13,13,12,19,15,13,20041862,Bundesliga,FC Bayern München
Romelu Lukaku,ST ,32,158,170,"Belgium,Democratic Republic of Congo",Parthenope,4,10,13,16,14,11,15,14,6,5,13,20,9,13,16,15,15,13,13,12,16,13,16,15,7,17,12,12,15,9,20,16,15,15,15,20,18007344,Serie A,Napoli
Mike Maignan,GK ,30,158,167,"France,French Guiana,Haiti",Casciavit Milano,1,1,6,1,12,1,6,10,5,1,14,8,13,12,12,15,15,16,13,13,18,6,14,1,14,14,13,11,9,15,14,15,16,10,16,15,85094520,Serie A,Milan
Nico Schlotterbeck,D LC,25,158,165,Germany,Borussia Dortmund,14,12,12,7,13,13,14,13,14,14,16,13,17,13,16,15,17,16,13,13,18,12,16,10,15,16,16,18,13,12,16,16,15,14,13,16,92088306,Bundesliga,Borussia Dortmund
David Raya,GK ,29,158,160,Spain,Arsenal,5,2,1,3,12,8,8,2,2,1,12,2,2,12,12,14,14,14,13,12,14,13,11,6,13,12,15,13,12,18,10,12,16,10,12,11,29111433,Premier League,Arsenal
Denzel Dumfries,D/WB/M R,29,158,159,"Netherlands,Aruba",Blu-neri Milano,10,13,12,15,13,4,17,13,15,10,12,11,14,12,18,14,14,14,11,11,16,11,11,18,11,13,11,14,17,13,18,17,17,18,15,17,37052843,Serie A,Inter
Antoine Griezmann,AM RLC,34,157,180,"France,Portugal,Pays Basque",A. Madrid,14,15,14,14,17,14,15,14,4,7,17,13,10,17,13,15,13,15,14,17,17,17,15,16,9,15,17,14,11,13,14,9,12,11,11,10,67086656,LaLiga,A. Madrid
Kai Havertz,M/AM/ST C,26,157,180,Germany,Arsenal,10,10,15,13,16,11,15,11,8,8,16,13,10,17,11,16,12,13,11,14,14,14,7,17,11,15,15,14,13,13,15,14,17,14,15,14,91151081,Premier League,Arsenal
João Neves,DM/M C,20,157,173,Portugal,Paris Saint-Germain,11,12,15,11,15,10,14,11,12,13,15,10,15,14,17,13,16,15,16,14,16,15,12,12,12,14,14,16,14,15,15,12,17,13,17,13,2000030130,Ligue 1,Paris Saint-Germain
Éderson,DM/M C,26,157,166,Brazil,Bergamo,7,11,13,12,14,7,15,12,6,12,15,10,15,15,14,17,13,13,15,14,14,15,8,16,15,16,13,16,13,13,15,14,15,14,17,15,19326796,Serie A,Atalanta
"Emiliano Martínez(Aston Villa,Argentina)",GK ,32,157,165,Argentina,Aston Villa,4,2,3,1,11,9,5,3,3,1,12,4,3,11,7,15,16,13,12,14,16,8,13,11,12,14,7,13,10,16,13,15,13,10,12,12,14020367,Premier League,Aston Villa
Cody Gakpo,AM/ST RLC,26,157,164,"Netherlands,Togo",Liverpool,14,13,15,13,15,11,13,14,6,9,14,12,8,15,11,14,12,15,14,13,14,14,11,14,10,15,13,13,15,16,15,13,12,14,14,13,37062185,Premier League,Liverpool
Nathan Aké,D LC,30,157,164,"Netherlands,Ivory Coast",Manchester City,2,10,13,8,14,6,15,10,10,16,14,3,15,14,12,16,16,16,15,14,15,6,14,5,15,14,13,16,15,14,13,12,14,15,15,15,37025551,Premier League,Manchester City
Dani Carvajal,D/WB R,33,157,162,Spain,R. Madrid,11,14,13,11,13,8,12,11,13,13,13,9,15,12,17,16,18,13,13,15,17,12,14,17,15,16,13,18,15,13,17,7,14,14,16,13,67139735,LaLiga,R. Madrid
Iñaki Williams,AM/ST RLC,31,157,161,"Ghana,Spain,Pays Basque",A. Bilbao,7,11,14,15,14,9,13,10,7,7,10,9,7,14,10,12,15,13,13,13,12,11,7,14,13,12,12,13,17,14,11,12,18,17,14,13,67184349,LaLiga,A. Bilbao
Yann Sommer,GK ,36,157,161,Switzerland,Blu-neri Milano,1,4,7,4,12,3,6,7,12,6,13,6,6,12,13,12,15,15,15,13,18,10,15,8,16,15,12,13,11,15,12,13,18,11,12,11,69000199,Serie A,Inter
Adrien Rabiot,DM/M LC,30,157,160,France,Casciavit Milano,11,14,14,13,15,9,14,14,8,11,16,12,16,15,13,15,14,14,12,11,10,10,14,14,16,17,13,16,13,12,15,14,19,16,18,18,85086031,Serie A,Milan
Ayoze Pérez,AM/ST RLC,32,157,160,Spain,Villarreal,11,10,16,17,16,9,11,11,7,7,13,11,10,17,10,15,11,14,13,15,12,15,10,16,8,13,13,15,14,15,13,8,13,13,15,13,67172040,LaLiga,Villarreal
Stanislav Lobotka,DM/M C,30,157,158,Slovakia,Parthenope,6,11,13,7,16,6,5,9,6,12,17,8,17,16,13,15,15,17,16,16,15,13,11,10,15,18,14,14,13,15,16,7,17,13,16,10,63012964,Serie A,Napoli
Désiré Doué,AM RLC,20,156,-95,"France,Ivory Coast",Paris Saint-Germain,14,14,17,12,17,11,9,13,4,11,15,10,10,16,10,12,13,13,12,12,15,16,7,12,10,14,15,14,16,16,13,9,14,14,13,11,2000115202,Ligue 1,Paris Saint-Germain
Kenan Yıldız,AM RLC,20,156,-95,"Türkiye,Germany",Juventus,14,12,17,14,16,13,7,15,3,5,15,13,7,17,12,12,13,12,13,14,16,17,8,12,9,13,14,14,15,16,13,11,13,14,13,12,2000138835,Serie A,Juventus
Marcus Rashford,AM/ST RL,27,156,173,England,Manchester United,8,13,15,15,14,13,12,13,5,2,14,16,4,15,10,13,8,13,12,12,13,17,11,16,4,11,13,10,16,15,15,13,14,17,14,15,28100266,Premier League,Manchester United
Christopher Nkunku,AM/ST RLC,27,156,172,"France,Democratic Republic of Congo",Casciavit Milano,14,13,16,14,15,16,10,14,4,5,14,15,8,16,11,16,12,15,12,13,15,17,8,17,7,12,15,12,15,16,12,10,13,15,14,11,85140301,Serie A,Milan
Cristian Romero,D C,27,156,168,Argentina,Tottenham Hotspur,5,6,9,8,13,4,15,5,4,14,14,8,18,14,20,18,15,16,15,13,16,8,16,6,16,14,11,17,14,14,14,14,15,14,14,15,14130029,Premier League,Tottenham Hotspur
Marc Guéhi,D C,25,156,168,"England,Ivory Coast",Crystal Palace,5,9,13,8,14,7,14,8,9,15,13,8,15,15,11,14,13,14,14,13,16,11,16,10,15,15,12,14,15,15,15,14,16,14,15,14,28108033,Premier League,Crystal Palace
Mason Greenwood,AM RLC,23,156,167,"England,Jamaica",Olympique de Marseille,7,14,16,16,15,14,10,15,3,6,16,18,5,15,10,12,10,14,11,11,15,17,10,13,6,11,13,12,16,15,13,11,16,16,12,9,28121564,Ligue 1,Olympique de Marseille
Sven Botman,D LC,25,156,167,Netherlands,Newcastle United,8,8,10,6,13,10,15,6,9,16,14,7,16,13,10,15,17,15,15,15,15,8,14,9,16,16,11,15,12,9,14,15,12,12,15,17,37063649,Premier League,Newcastle United
Federico Chiesa,AM/ST RLC,27,156,165,Italy,Liverpool,8,14,16,14,15,5,9,14,4,5,14,10,5,14,16,13,13,15,10,12,17,16,12,15,6,14,13,15,16,14,13,8,11,16,12,13,43161651,Premier League,Liverpool
Manu Koné,DM/M C,24,156,164,"France,Ivory Coast",Associazione Sportiva Roma,4,6,16,11,14,5,10,13,7,12,15,7,15,16,17,16,16,13,13,14,16,15,11,14,13,15,13,17,15,15,16,12,14,15,17,15,49047182,Serie A,Associazione Sportiva Roma
Oihan Sancet,M/AM C,25,156,162,"Spain,Pays Basque",A. Bilbao,7,9,13,13,16,8,11,14,7,10,16,13,7,16,17,14,12,13,14,16,17,16,12,15,15,15,16,15,14,14,8,14,15,14,15,14,67260204,LaLiga,A. Bilbao
Exequiel Palacios,DM/M C,26,156,160,Argentina,Bayer 04 Leverkusen,11,10,13,10,16,10,8,12,6,12,17,15,16,16,16,16,17,16,14,15,17,12,12,12,14,14,16,16,12,13,14,8,8,13,16,13,14110846,Bundesliga,Bayer 04 Leverkusen
Kaoru Mitoma,M/AM L,28,156,160,Japan,Brighton & Hove Albion,9,11,18,13,19,8,10,14,7,8,13,11,8,14,6,12,13,14,15,14,13,16,6,15,7,15,14,13,17,15,14,10,15,16,15,7,45111891,Premier League,Brighton & Hove Albion
Mile Svilar,GK ,25,156,160,"Serbia,Belgium",Associazione Sportiva Roma,3,3,1,2,12,1,9,2,2,2,11,3,2,11,13,13,16,13,14,13,15,8,10,5,16,10,9,8,14,16,11,15,12,13,13,12,18087914,Serie A,Associazione Sportiva Roma
Rodrigo De Paul,M/AM RC,31,156,160,"Argentina,Italy",A. Madrid,15,15,16,14,16,14,8,15,3,10,16,15,12,15,13,15,14,14,12,14,15,15,15,13,10,15,16,14,15,14,14,9,15,14,14,13,14048343,LaLiga,A. Madrid
Joelinton,M/AM LC,28,156,158,Brazil,Newcastle United,7,11,16,11,15,8,16,10,6,7,13,11,15,14,17,15,20,14,13,15,15,14,13,14,14,19,13,20,13,10,15,15,13,14,18,19,19184436,Premier League,Newcastle United
Jonathan Tah,D C,29,156,158,"Germany,Ivory Coast",FC Bayern München,3,7,10,6,12,4,16,8,10,15,14,6,13,12,15,16,15,16,14,14,15,8,16,9,16,16,13,14,12,10,18,17,14,16,12,18,91119700,Bundesliga,FC Bayern München
Joan García,GK ,24,155,175,Spain,Barcelona,7,2,2,2,13,9,9,1,2,1,12,9,2,12,11,14,14,14,16,14,15,9,11,9,15,12,9,12,13,15,12,14,13,12,13,13,67277675,LaLiga,Barcelona
Micky van de Ven,D/WB LC,24,155,175,Netherlands,Tottenham Hotspur,3,11,13,7,12,3,13,7,14,14,13,6,16,13,14,15,16,13,13,15,17,13,14,10,14,13,12,15,16,12,14,15,16,20,13,15,37084591,Premier League,Tottenham Hotspur
Matthijs de Ligt,D C,25,155,173,Netherlands,Manchester United,4,5,9,8,12,8,16,10,8,16,13,8,16,12,16,14,18,11,14,13,16,5,15,7,16,15,10,15,12,11,16,16,11,14,13,18,37055843,Premier League,Manchester United
Gabriel Martinelli,AM RL,24,155,170,"Brazil,Italy",Arsenal,13,11,16,14,14,10,11,9,3,5,12,11,5,15,14,13,14,13,12,13,17,15,7,15,7,16,13,17,17,16,14,11,13,16,15,11,19351309,Premier League,Arsenal
Gavi,DM/M/AM C,20,155,170,Spain,Barcelona,12,13,14,11,14,11,6,11,8,12,15,9,14,15,19,15,19,12,15,14,19,14,15,16,12,16,15,18,13,15,15,7,15,12,14,14,2000049413,LaLiga,Barcelona
Hugo Ekitiké,ST ,23,155,170,"France,Cameroon",Liverpool,7,10,15,14,16,12,14,13,6,6,15,13,7,16,12,15,12,13,12,13,13,16,10,15,7,14,15,13,15,16,16,14,12,16,13,13,49062667,Premier League,Liverpool
Jurriën Timber,D RLC,24,155,170,"Netherlands,Curaçao",Arsenal,4,12,13,7,14,8,13,7,10,14,15,8,15,15,13,16,16,15,15,15,16,12,10,14,15,16,12,15,14,15,13,13,13,15,14,13,37063644,Premier League,Arsenal
Levi Colwill,D LC,22,155,170,England,Chelsea,3,7,11,5,14,3,15,2,10,14,16,11,15,15,12,13,12,16,16,15,12,6,13,11,15,12,12,15,15,12,15,15,14,15,14,16,28124573,Premier League,Chelsea
Lucas Chevalier,GK ,23,155,170,France,Paris Saint-Germain,1,2,3,2,16,1,3,2,1,2,16,2,2,13,12,15,14,14,12,13,16,15,14,11,13,13,15,14,11,15,13,15,13,12,14,12,49048357,Ligue 1,Paris Saint-Germain
Mikel Oyarzábal,AM/ST RLC,28,155,167,"Spain,Pays Basque",Real San Sebastián,14,12,15,15,15,14,12,12,12,11,15,18,11,16,13,14,13,14,14,15,16,14,18,16,13,14,16,16,12,14,14,13,14,12,13,13,67220143,LaLiga,Real Sociedad
Andrew Robertson,D/WB L,31,155,165,Scotland,Liverpool,14,16,12,2,15,9,10,5,13,14,14,7,15,14,17,14,15,14,15,14,16,11,16,14,13,17,12,17,16,15,14,9,17,15,18,12,61043456,Premier League,Liverpool
Boubacar Kamara,DM/M C,25,155,165,France,Aston Villa,6,8,12,6,14,6,14,8,5,15,15,7,16,14,12,18,14,16,14,15,13,10,9,13,16,16,13,16,14,14,15,14,16,15,16,13,48043084,Premier League,Aston Villa
Ferran Torres,AM/ST RL,25,155,165,Spain,Barcelona,9,13,14,14,13,10,14,13,7,6,13,12,8,15,11,14,13,12,13,13,16,14,10,18,7,14,13,14,15,14,14,12,15,16,14,12,89056845,LaLiga,Barcelona
Henrikh Mkhitaryan,M C,36,155,165,Armenia,Blu-neri Milano,11,12,12,13,16,11,10,13,5,10,16,13,13,16,14,16,13,14,14,16,17,14,12,15,12,15,14,13,13,14,13,8,18,13,15,10,59006269,Serie A,Inter
Jeremie Frimpong,D/WB/M/AM R,24,155,164,"Netherlands,Ghana,England",Liverpool,10,13,16,12,12,7,6,9,8,9,12,10,11,14,14,12,13,10,10,11,14,16,6,15,9,13,12,15,18,17,12,6,16,17,15,9,28113828,Premier League,Liverpool
Marcos Llorente,D/WB/M/AM RC,30,155,163,Spain,A. Madrid,9,11,12,12,12,8,11,11,7,11,13,11,14,13,13,15,14,14,14,13,16,12,12,13,12,16,13,16,14,14,11,11,18,15,17,14,67196198,LaLiga,A. Madrid
Alessandro Buongiorno,D C,26,155,162,Italy,Parthenope,4,8,9,10,12,7,16,10,9,16,13,8,17,11,15,16,14,15,16,14,15,8,13,10,16,15,12,15,12,14,14,15,15,12,15,14,43270682,Serie A,Napoli
Benjamin White,D RC,27,155,162,England,Arsenal,3,13,12,8,14,3,14,9,7,15,14,5,15,14,13,17,15,16,14,15,14,13,11,12,16,16,13,14,14,14,13,14,13,14,15,14,29141472,Premier League,Arsenal
Andriy Lunin,GK ,26,155,160,Ukraine,R. Madrid,8,1,2,2,12,10,9,1,1,3,10,3,3,10,5,13,13,13,13,14,15,2,8,3,14,13,11,14,14,16,12,15,14,12,14,14,71099053,LaLiga,R. Madrid
Bryan Mbeumo,AM/ST RLC,25,155,160,"Cameroon,France",Manchester United,12,13,15,14,17,12,9,13,6,6,13,17,6,15,12,13,13,15,13,14,17,15,8,14,7,14,13,17,15,13,13,8,17,15,15,13,48042658,Premier League,Manchester United
Youri Tielemans,DM/M/AM C,28,155,160,"Belgium,Democratic Republic of Congo",Aston Villa,11,13,13,12,16,12,10,14,3,11,18,14,12,17,13,15,11,15,12,14,13,15,13,14,13,14,18,13,12,12,12,8,13,12,12,10,18077264,Premier League,Aston Villa
Leandro Trossard,AM RLC,30,155,159,Belgium,Arsenal,14,12,15,14,15,12,6,13,4,6,14,13,4,16,13,14,13,14,14,14,14,15,8,15,9,14,15,14,16,15,13,6,12,14,13,9,18054004,Premier League,Arsenal
Giovanni Di Lorenzo,D/WB RC,32,155,158,Italy,Parthenope,5,13,10,12,12,7,17,12,14,14,13,10,17,11,15,15,16,11,10,11,17,6,16,15,12,17,11,16,15,12,16,14,20,16,20,15,43075156,Serie A,Napoli
Ebere Eze,M/AM RLC,27,155,157,"England,Nigeria",Arsenal,14,13,17,13,15,14,6,15,5,6,15,11,7,16,8,14,8,15,12,14,14,17,12,15,10,15,16,12,14,16,16,9,13,13,13,12,29156522,Premier League,Arsenal
Pau Cubarsí,D C,18,154,-95,Spain,Barcelona,6,9,11,8,15,7,13,9,10,14,16,10,14,15,13,16,14,16,16,15,16,12,12,10,15,14,15,14,13,14,14,13,14,14,13,14,2000296497,LaLiga,Barcelona
Gabriel Jesus,AM/ST RL,28,154,175,Brazil,Arsenal,8,12,16,13,15,11,14,11,4,7,13,13,8,16,14,16,14,13,14,15,15,15,12,16,10,18,14,18,14,15,15,10,10,13,13,13,19220266,Premier League,Arsenal
Fermín,M/AM RLC,22,154,165,Spain,Barcelona,10,12,14,13,14,9,11,17,6,7,14,9,10,15,14,13,15,12,13,14,16,15,8,16,8,15,14,16,14,16,14,9,14,13,14,11,2000141742,LaLiga,Barcelona
Serge Gnabry,AM RLC,30,154,165,"Germany,Ivory Coast",FC Bayern München,12,11,15,14,14,12,11,15,6,8,13,12,9,15,11,15,12,13,10,12,12,15,12,16,8,12,13,12,15,14,12,8,10,14,13,11,28066083,Bundesliga,FC Bayern München
Khéphren Thuram,DM/M C,24,154,163,"France,Guadeloupe",Juventus,6,10,15,11,15,7,12,14,8,12,15,9,14,15,14,14,14,14,14,14,17,14,12,15,13,15,14,15,14,14,16,15,16,15,15,16,49038952,Serie A,Juventus
Ferland Mendy,D/WB L,30,154,160,"France,Senegal,Guinea-Bissau",R. Madrid,5,13,13,7,13,5,10,11,13,14,12,7,14,13,14,15,17,13,12,12,15,13,6,13,15,15,12,17,16,15,16,11,15,16,16,15,85133751,LaLiga,R. Madrid
Robin Le Normand,D C,28,154,160,"Spain,France,Pays Basque",A. Madrid,7,7,9,7,12,9,15,10,8,14,14,9,16,14,14,15,14,13,14,15,14,8,14,7,14,15,8,14,13,13,13,16,16,14,15,16,48037162,LaLiga,A. Madrid
Evan N'Dicka,D C,25,154,158,"Ivory Coast,France,Cameroon",Associazione Sportiva Roma,5,10,12,7,12,5,15,5,13,15,12,7,16,13,15,16,16,14,14,13,16,8,11,8,15,13,11,13,14,13,15,16,18,15,16,16,48032198,Serie A,Associazione Sportiva Roma
Manuel Akanji,D RC,30,154,157,"Switzerland,Nigeria",Manchester City,4,8,11,7,13,9,14,11,12,14,14,8,15,12,13,14,16,16,14,14,14,9,10,9,14,14,12,13,14,13,13,15,13,15,15,17,98031331,Premier League,Manchester City
Alex Meret,GK ,28,154,155,Italy,Parthenope,6,1,3,2,8,8,7,1,2,2,9,2,3,9,8,15,14,14,14,14,12,3,9,3,15,15,5,12,11,18,14,16,13,12,13,13,43140326,Serie A,Napoli
Amir Rrahmani,D C,31,154,155,"Kosovo,Albania",Parthenope,5,8,8,9,11,6,16,8,11,15,12,7,16,10,15,15,16,15,15,14,15,4,11,10,15,15,11,16,12,11,15,16,14,13,17,16,11023165,Serie A,Napoli
Savinho,AM RL,21,153,-9,Brazil,Manchester City,13,14,17,12,18,12,3,10,12,5,14,10,4,17,8,13,9,13,12,14,15,18,10,15,5,12,15,14,17,17,14,8,13,16,13,7,2000011972,Premier League,Manchester City
Ronald Araujo,D C,26,153,175,"Uruguay,Spain",Barcelona,5,7,10,11,10,7,16,10,10,16,11,13,17,12,16,13,18,11,12,11,16,9,15,10,13,16,11,17,14,13,12,16,13,16,15,18,78085068,LaLiga,Barcelona
David Alaba,D/WB LC,33,153,174,"Austria,Philippines,Nigeria",R. Madrid,12,12,12,10,15,15,13,14,13,14,16,14,13,15,13,14,12,14,14,14,16,12,15,14,15,15,13,14,14,12,14,11,15,14,14,13,16010162,LaLiga,R. Madrid
Alejandro Balde,D/WB L,21,153,170,"Spain,Guinea-Bissau,Dominican Republic",Barcelona,8,13,15,10,14,9,7,11,10,11,14,8,11,14,13,14,13,12,13,12,14,13,7,15,12,14,14,14,17,17,12,8,15,17,15,11,67296654,LaLiga,Barcelona
Leon Goretzka,DM/M C,30,153,170,Germany,FC Bayern München,10,11,12,12,14,12,16,15,8,12,15,12,14,14,15,16,16,13,14,13,16,12,14,16,12,16,14,17,12,11,16,16,12,14,16,17,91104807,Bundesliga,FC Bayern München
Wojciech Szczęsny,GK ,35,153,170,Poland,Barcelona,4,3,2,3,10,6,6,3,3,3,11,7,3,8,12,13,15,16,11,12,14,7,16,4,14,10,10,11,10,14,11,17,12,12,12,15,28009478,LaLiga,Barcelona
Xavi Simons,M/AM RLC,22,153,170,"Netherlands,Spain,Suriname",Tottenham Hotspur,13,11,17,12,16,13,9,14,5,8,16,13,9,16,15,13,12,14,12,13,17,16,10,13,9,13,16,13,15,16,12,10,15,14,15,10,67288555,Premier League,Tottenham Hotspur
Riccardo Calafiori,D LC,23,153,169,Italy,Arsenal,4,12,13,8,14,6,14,12,13,14,15,7,15,14,15,18,13,15,14,15,15,13,9,12,15,16,13,14,14,13,14,14,15,14,14,13,43424738,Premier League,Arsenal
Pablo Barrios,DM/M C,22,153,166,Spain,A. Madrid,10,11,13,12,13,11,7,15,10,12,15,12,13,15,14,13,15,13,14,15,16,14,14,15,13,15,15,15,14,14,12,10,13,14,15,12,2000125958,LaLiga,A. Madrid
Takefusa Kubo,M/AM RC,24,153,166,Japan,Real San Sebastián,14,13,17,14,16,12,7,11,8,6,15,10,6,16,8,15,12,14,14,16,15,15,7,14,7,15,16,14,14,15,15,7,10,13,14,11,45104608,LaLiga,Real Sociedad
Kim Min-Jae,D C,28,153,165,South Korea,FC Bayern München,3,7,10,6,12,3,15,7,8,16,14,7,16,12,16,16,17,13,12,12,18,8,13,8,16,12,13,16,14,12,16,16,15,14,13,16,89063073,Bundesliga,FC Bayern München
"Lucas Hernández(Paris Saint-Germain,France,Spain)",D LC,29,153,165,"France,Spain",Paris Saint-Germain,6,13,12,6,14,8,14,7,12,16,14,7,16,13,18,15,17,14,13,14,17,11,13,13,16,15,12,15,13,12,15,14,13,13,14,15,67197145,Ligue 1,Paris Saint-Germain
Curtis Jones,DM/M/AM LC,24,153,162,"England,Nigeria",Liverpool,11,13,15,11,16,11,8,11,6,10,15,13,10,15,13,15,11,14,13,14,15,14,10,15,11,15,15,13,14,16,16,9,14,13,13,11,28115788,Premier League,Liverpool
Benjamin Pavard,D RC,29,153,160,France,Blu-neri Milano,4,12,10,9,14,4,16,13,13,15,14,6,15,14,13,16,14,16,16,14,15,11,12,12,15,17,12,16,12,13,15,15,14,14,14,13,85120944,Serie A,Inter
Jarrod Bowen,AM/ST RL,28,153,160,England,West Ham United,13,14,14,15,14,12,10,14,4,5,13,13,8,14,10,14,8,15,10,14,17,14,12,15,8,15,13,17,15,15,11,8,14,14,15,8,29125842,Premier League,West Ham United
Patrik Schick,ST ,29,153,160,Czechia,Bayer 04 Leverkusen,4,8,13,17,15,12,17,12,6,6,12,13,6,15,13,17,15,16,13,13,12,13,13,16,7,12,11,13,12,13,16,17,10,14,13,15,25042141,Bundesliga,Bayer 04 Leverkusen
Mikel Merino,DM/M C,29,153,159,"Spain,Pays Basque",Arsenal,8,11,14,13,14,10,14,12,8,14,15,10,13,15,15,15,15,13,15,14,16,13,12,14,14,16,15,15,12,13,13,14,16,13,17,16,67211760,Premier League,Arsenal
Moise Kean,ST ,25,153,159,"Italy,Ivory Coast",ACF Fiorentina,9,10,14,15,13,11,13,13,9,5,12,12,6,15,16,15,15,15,13,13,12,14,11,15,6,12,10,13,16,15,16,12,18,15,15,15,43274977,Serie A,ACF Fiorentina
Antoine Semenyo,AM/ST RL,25,153,158,"Ghana,England,Togo",AFC Bournemouth,6,11,16,15,15,7,9,13,14,5,12,10,7,14,14,11,12,15,10,12,13,17,8,15,7,12,13,12,16,15,14,9,14,15,14,14,29194724,Premier League,AFC Bournemouth
Pascal Groß,DM/M RC,34,153,155,Germany,Borussia Dortmund,17,17,12,11,15,16,10,14,6,11,16,14,11,15,13,14,13,16,16,16,15,13,16,13,12,18,16,16,9,12,12,10,18,10,17,11,92017376,Bundesliga,Borussia Dortmund
Mauro Arambarri,DM/M C,29,153,153,"Uruguay,Spain",Getafe,8,10,12,13,14,11,10,14,4,13,15,11,15,14,16,14,16,13,16,14,16,11,11,15,14,16,12,16,14,13,14,7,14,14,16,14,78064881,LaLiga,Getafe
Paulo Dybala,AM/ST RC,31,152,177,"Argentina,Poland,Italy",Associazione Sportiva Roma,15,14,18,16,17,17,10,16,3,4,17,17,3,19,9,16,8,13,11,14,14,18,12,15,3,14,16,12,13,18,17,6,11,13,10,7,14044150,Serie A,Associazione Sportiva Roma
Piero Hincapié,D/WB LC,23,152,168,Ecuador,Bayer 04 Leverkusen,5,11,12,7,12,5,13,7,14,15,14,10,17,13,17,14,18,14,14,13,18,11,11,11,14,15,13,18,14,13,15,15,14,16,15,15,86066853,Bundesliga,Bayer 04 Leverkusen
Andreas Christensen,D C,29,152,165,Denmark,Barcelona,5,9,11,9,13,5,14,8,12,15,13,9,14,13,11,16,11,17,16,16,11,8,9,9,16,15,13,13,12,12,12,13,14,15,13,13,27066387,LaLiga,Barcelona
Noni Madueke,M/AM RLC,23,152,165,"England,Nigeria",Arsenal,10,13,17,13,15,8,11,11,4,3,13,11,5,15,9,11,13,15,11,14,12,16,5,15,5,12,14,13,15,16,16,13,15,16,13,14,37076092,Premier League,Arsenal
Luke Shaw,D LC,30,152,162,England,Manchester United,15,14,14,8,15,14,13,6,10,14,15,10,13,14,13,15,13,15,13,14,10,10,13,14,15,15,13,13,14,15,15,14,10,14,14,16,29076105,Premier League,Manchester United
Malik Tillman,M/AM/ST RLC,23,152,162,"United States,Germany",Bayer 04 Leverkusen,12,11,15,12,15,15,13,15,17,8,14,12,9,15,12,14,13,14,12,13,12,16,6,14,7,13,14,13,13,14,13,13,12,15,15,12,91187679,Bundesliga,Bayer 04 Leverkusen
"Matheus Cunha(Manchester United,Brazil)",AM/ST RLC,26,152,162,Brazil,Manchester United,13,13,17,15,15,13,11,15,5,4,14,13,6,16,16,11,15,14,6,11,16,17,11,13,5,10,12,15,15,16,15,12,12,15,13,12,19334410,Premier League,Manchester United
Matheus Nunes,D/M/AM RC,26,152,161,"Portugal,Brazil",Manchester City,13,15,14,12,14,11,10,13,12,9,13,11,11,15,15,13,16,13,16,13,15,15,8,14,12,16,14,16,14,13,13,12,17,14,15,14,83188780,Premier League,Manchester City
Lisandro Martínez,D LC,27,152,160,Argentina,Manchester United,6,9,9,7,15,8,13,6,12,16,15,10,16,15,18,16,17,16,14,13,17,10,13,8,16,14,14,15,12,13,14,12,15,12,15,15,14167329,Premier League,Manchester United
Loïc Badé,D C,25,152,160,"France,Ivory Coast",Bayer 04 Leverkusen,3,7,12,7,13,3,14,9,10,15,14,8,16,13,16,16,16,15,15,13,16,10,14,9,15,14,13,16,14,12,16,16,16,15,13,16,49039789,Bundesliga,Bayer 04 Leverkusen
Dušan Vlahović,ST ,25,152,159,Serbia,Juventus,5,10,13,16,11,16,16,14,7,5,12,17,9,15,15,17,15,15,14,13,17,15,10,15,5,10,12,14,14,12,16,15,12,15,16,16,62182055,Serie A,Juventus
Francesco Acerbi,D C,37,152,159,Italy,Blu-neri Milano,4,9,7,9,11,6,16,5,6,16,12,7,17,12,17,17,20,14,17,13,20,11,14,9,14,18,12,19,10,10,17,16,16,10,15,18,43017499,Serie A,Inter
Mattéo Guendouzi,DM/M C,26,152,158,"France,Morocco",Capitolini Celesti,4,14,14,11,15,11,12,12,4,12,14,7,15,13,15,15,16,13,13,15,17,14,13,15,15,16,14,17,14,14,14,11,16,14,17,12,48037391,Serie A,Lazio
Randal Kolo Muani,AM/ST RL,26,152,157,"France,Democratic Republic of Congo",Paris Saint-Germain,7,9,14,15,15,8,13,10,6,5,12,15,6,15,14,14,12,13,12,13,15,16,10,16,6,13,12,13,17,15,14,14,16,16,14,13,48043873,Ligue 1,Paris Saint-Germain
Gonçalo Ramos,ST ,24,152,156,Portugal,Paris Saint-Germain,10,10,13,15,14,8,15,12,4,7,13,11,8,14,14,14,15,13,15,15,16,13,10,15,8,16,13,15,13,14,15,13,15,14,16,14,83209468,Ligue 1,Paris Saint-Germain
Justin Kluivert,AM RLC,26,152,155,"Netherlands,Suriname",AFC Bournemouth,9,10,16,14,15,8,7,13,2,3,14,13,6,17,16,12,13,13,12,13,15,16,7,14,6,13,14,13,17,17,12,7,12,16,12,8,37055841,Premier League,AFC Bournemouth
Konrad Laimer,D/WB/DM/M RC,28,152,155,Austria,FC Bayern München,7,11,12,8,12,7,8,12,8,12,13,8,17,12,17,13,18,12,13,13,18,10,13,12,12,19,12,20,14,13,12,10,16,15,17,13,16147659,Bundesliga,FC Bayern München
Mattia Zaccagni,AM LC,30,152,155,Italy,Capitolini Celesti,13,14,17,15,15,12,9,12,3,4,15,15,8,15,13,16,13,15,13,13,17,16,16,16,6,12,13,13,15,15,13,10,14,15,11,11,43125343,Serie A,Lazio
Riccardo Orsolini,AM R,28,152,155,Italy,Bologna FC 1909,16,15,16,16,16,15,14,15,5,4,13,15,6,17,15,16,14,13,11,10,17,16,10,13,6,9,12,14,15,15,14,14,14,15,15,15,43162321,Serie A,Bologna FC 1909
Manuel Locatelli,DM/M C,27,152,153,Italy,Juventus,9,13,11,10,14,10,13,14,7,15,15,11,16,14,14,13,14,14,14,14,17,13,14,12,16,17,14,16,12,12,14,13,14,12,16,15,43167354,Serie A,Juventus
Matteo Politano,M/AM RLC,32,152,153,Italy,Parthenope,16,15,13,13,15,14,9,16,11,7,14,15,9,14,7,15,13,15,14,14,13,14,10,16,8,15,13,15,15,15,12,8,14,15,14,9,43093382,Serie A,Napoli
Jordan Pickford,GK ,31,152,152,England,Everton,7,1,1,2,11,10,8,3,1,1,13,3,2,14,16,15,16,10,15,13,14,2,14,1,14,10,15,11,8,16,12,14,15,8,13,14,28054565,Premier League,Everton
David De Gea,GK ,34,151,178,Spain,ACF Fiorentina,5,3,3,2,11,7,2,2,3,1,7,2,3,8,5,16,11,13,14,13,16,5,14,10,17,12,5,13,13,17,12,15,17,13,13,13,67030171,Serie A,ACF Fiorentina
Mateo Kovačić,DM/M C,31,151,172,"Croatia,Austria",Manchester City,10,10,16,8,16,12,10,9,7,12,14,12,15,16,14,15,14,17,11,14,17,14,11,13,13,15,15,17,15,12,16,9,12,14,14,13,24016925,Premier League,Manchester City
Tino Livramento,D/WB RL,22,151,170,"England,Portugal,Scotland",Newcastle United,7,13,15,9,13,7,12,5,9,11,13,7,14,14,12,14,15,13,13,14,15,12,10,12,14,15,12,15,16,12,13,11,14,16,14,13,28124569,Premier League,Newcastle United
James Maddison,M/AM RLC,28,151,163,"England,Republic of Ireland",Tottenham Hotspur,12,14,16,14,15,16,5,14,4,7,16,14,11,17,8,13,12,15,12,11,15,16,10,13,11,13,15,14,13,16,17,8,15,13,13,10,28093567,Premier League,Tottenham Hotspur
Jan Paul van Hecke,D C,25,151,163,Netherlands,Brighton & Hove Albion,4,10,13,6,14,5,15,5,7,15,14,7,17,14,17,15,16,16,16,14,16,8,14,6,16,14,13,14,12,13,14,15,14,13,14,14,37076335,Premier League,Brighton & Hove Albion
Francisco Conceição,AM RC,22,151,162,Portugal,Juventus,14,13,17,13,16,13,6,14,6,4,13,12,8,16,14,13,16,12,14,10,14,19,8,14,9,12,13,13,17,18,16,7,15,15,13,10,83261140,Serie A,Juventus
Thomas Partey,DM/M C,32,151,162,Ghana,Villarreal,8,11,14,10,15,9,13,14,10,12,15,8,14,16,13,16,14,16,14,15,14,13,12,15,15,16,14,15,11,13,14,14,11,12,14,14,67175052,LaLiga,Villarreal
Gerard Moreno,AM/ST R,33,151,161,Spain,Villarreal,8,11,13,17,15,9,14,13,8,5,14,15,6,14,13,15,13,15,14,14,16,13,12,16,8,15,13,16,12,12,13,13,11,13,14,14,67115823,LaLiga,Villarreal
Johnny Cardoso,DM/M/AM C,23,151,161,"United States,Brazil,Italy",A. Madrid,7,9,12,11,15,10,15,10,7,14,15,13,15,14,12,15,15,14,13,15,15,11,13,14,16,15,13,15,12,13,13,13,15,13,16,14,89066513,LaLiga,A. Madrid
Joe Gomez,D RLC,28,151,160,"England,The Gambia",Liverpool,3,13,11,1,15,4,15,1,16,15,13,1,15,14,14,14,15,14,14,14,12,5,10,11,15,16,7,14,16,15,14,14,15,16,15,15,29115800,Premier League,Liverpool
Loïs Openda,AM/ST LC,25,151,160,"Belgium,Morocco,Democratic Republic of Congo",RB Leipzig,6,9,13,14,14,12,13,12,6,5,11,16,6,14,14,14,11,12,12,13,15,14,8,15,5,11,11,12,17,15,14,12,16,18,13,13,18101745,Bundesliga,RB Leipzig
Kieran Trippier,D/WB R,34,151,159,England,Newcastle United,15,15,11,9,15,16,11,12,11,14,16,5,14,16,12,15,13,15,12,14,15,8,18,15,14,17,16,17,12,12,14,9,16,12,16,13,28018613,Premier League,Newcastle United
Youssouf Fofana,DM/M C,26,151,156,"France,Mali",Casciavit Milano,6,9,13,9,14,6,12,11,9,13,14,9,14,13,14,14,13,14,13,14,15,8,12,11,16,17,14,16,13,13,16,13,16,14,18,15,49045776,Serie A,Milan
Alexis Saelemaekers,WB/M/AM RL,26,151,153,Belgium,Casciavit Milano,14,14,14,11,14,11,9,13,9,9,15,7,13,15,14,13,13,11,13,13,16,15,12,13,11,16,14,16,14,15,13,10,12,14,14,8,18097159,Serie A,Milan
Jack Grealish,M/AM RLC,29,150,175,"England,Republic of Ireland",Manchester City,13,14,17,9,15,10,11,10,3,6,14,12,9,14,9,13,15,14,12,13,14,16,12,13,10,13,14,15,14,15,14,7,15,12,14,13,28067800,Premier League,Manchester City
Rayan Cherki,AM/ST RLC,21,150,174,"France,Algeria,Italy",Manchester City,14,14,18,12,17,14,4,10,3,3,14,11,3,17,8,9,12,15,10,13,13,18,11,11,7,12,16,10,14,15,13,6,13,14,10,13,49056279,Premier League,Manchester City
Miloš Kerkez,D/WB L,21,150,173,"Hungary,Serbia",Liverpool,8,14,13,7,13,8,6,10,10,13,13,7,15,14,16,14,16,12,13,14,17,12,7,16,14,16,11,17,16,15,14,10,15,15,16,13,2000011147,Premier League,Liverpool
Aleksandar Pavlović,DM/M C,21,150,172,"Germany,Serbia",FC Bayern München,13,13,12,8,15,13,11,12,6,11,17,12,12,15,12,16,13,17,16,16,15,12,10,9,13,16,15,13,11,12,13,13,8,12,17,11,2000171034,Bundesliga,FC Bayern München
Álvaro Carreras,D/WB L,22,150,168,Spain,R. Madrid,8,10,14,11,14,7,11,12,11,11,15,10,16,15,14,14,13,16,14,15,16,11,12,14,13,15,14,14,14,14,15,13,16,14,15,13,2000032706,LaLiga,R. Madrid
Amad,WB/M/AM RC,23,150,168,"Ivory Coast,Italy",Manchester United,15,11,15,13,16,12,3,14,2,6,15,8,6,16,14,12,12,14,11,13,17,16,5,14,9,13,13,16,16,17,14,6,15,15,14,9,43425040,Premier League,Manchester United
José Giménez,D C,30,150,166,"Uruguay,Spain",A. Madrid,7,10,11,7,12,6,16,8,13,16,11,12,16,12,16,15,16,13,15,15,15,9,16,10,15,16,11,16,12,11,13,13,12,12,11,15,78060464,LaLiga,A. Madrid
Mason Mount,M/AM RLC,26,150,165,England,Manchester United,15,12,11,13,15,14,6,12,4,7,14,15,10,14,15,13,15,13,14,14,17,13,10,16,14,18,12,19,14,13,11,8,13,15,18,10,28103590,Premier League,Manchester United
Morgan Rogers,AM/ST RLC,23,150,165,England,Aston Villa,10,12,17,14,13,7,8,13,4,9,13,5,9,15,10,13,10,13,11,10,15,18,8,11,9,12,13,13,15,15,17,11,14,16,13,14,28115996,Premier League,Aston Villa
Nick Woltemade,AM/ST C,23,150,165,Germany,Newcastle United,6,8,16,14,16,12,13,12,6,8,14,16,9,16,13,14,13,13,12,13,16,16,13,13,8,15,14,14,12,15,18,17,12,14,13,15,91187791,Premier League,Newcastle United
Harvey Elliott,M/AM RC,22,150,164,England,Liverpool,13,15,14,9,16,12,7,11,7,9,16,12,10,16,14,14,13,16,15,15,16,14,10,16,10,17,16,16,13,16,16,6,13,12,14,10,29233143,Premier League,Liverpool
João Palhinha,DM/M C,30,150,164,Portugal,FC Bayern München,6,8,11,8,12,8,15,13,8,14,12,12,19,12,18,16,19,12,16,13,19,8,14,9,16,16,11,19,11,11,16,16,15,13,16,16,55070285,Bundesliga,FC Bayern München
Rodrigo Bentancur,DM/M C,28,150,164,Uruguay,Tottenham Hotspur,10,10,14,10,15,12,12,11,7,14,15,8,15,14,16,14,13,14,13,14,12,11,10,10,15,15,14,15,12,14,15,13,14,13,15,14,14094572,Premier League,Tottenham Hotspur
Guglielmo Vicario,GK ,28,150,163,Italy,Tottenham Hotspur,6,3,2,2,8,8,8,1,2,3,14,1,2,8,10,14,15,15,15,14,16,9,12,8,14,12,11,11,12,14,13,16,13,13,15,15,43155241,Premier League,Tottenham Hotspur
Angelo Stiller,DM/M C,24,150,162,Germany,VfB Stuttgart,14,13,12,8,15,15,11,12,6,12,17,12,12,15,13,14,12,18,15,16,16,12,14,12,14,16,17,15,12,12,14,11,16,11,16,12,91184426,Bundesliga,VfB Stuttgart
Brahim Díaz,AM RLC,26,150,162,"Morocco,Spain",R. Madrid,12,13,16,13,16,9,6,12,7,7,15,12,8,16,9,14,15,13,13,12,17,15,8,15,9,14,14,13,16,16,14,6,13,14,12,7,28106999,LaLiga,R. Madrid
Charles De Ketelaere,AM/ST C,24,150,160,Belgium,Bergamo,8,13,15,14,15,13,14,13,5,5,15,14,10,16,8,14,9,13,12,14,12,14,8,14,10,16,15,12,13,16,15,15,13,14,13,14,18110528,Serie A,Atalanta
Marco Carnesecchi,GK ,25,150,160,Italy,Bergamo,1,1,3,2,8,1,5,3,1,1,7,3,3,8,9,13,13,11,15,13,15,7,12,7,16,13,8,14,14,15,13,15,15,13,15,13,43298002,Serie A,Atalanta
Miguel Gutiérrez,D/WB L,24,150,160,Spain,Parthenope,12,16,14,10,14,8,8,9,14,11,15,10,12,15,12,14,13,14,14,15,16,14,12,15,12,15,15,13,15,14,13,12,15,14,14,12,67276071,Serie A,Napoli
Raphaël Guerreiro,D/WB/M LC,31,150,159,"Portugal,France",FC Bayern München,14,16,15,11,17,16,6,15,12,9,16,12,10,17,8,14,10,16,11,12,11,16,10,16,9,15,16,12,13,15,12,6,10,12,16,9,85045409,Bundesliga,FC Bayern München
Andrea Cambiaso,D/WB/M RL,25,150,158,Italy,Juventus,8,14,13,10,14,4,8,10,11,12,15,5,13,14,13,15,13,14,13,12,16,10,7,14,12,15,12,13,14,14,12,10,11,14,14,12,43339195,Serie A,Juventus
Angeliño,D/WB/M LC,28,150,158,Spain,Associazione Sportiva Roma,14,17,12,10,15,15,8,12,15,12,14,10,13,15,15,14,12,13,11,13,13,13,6,14,12,15,14,17,15,15,13,7,18,14,16,10,28095342,Serie A,Associazione Sportiva Roma
"Antony(Real Hispalis,Brazil,Portugal)",M/AM R,25,150,158,"Brazil,Portugal",Real Hispalis,10,14,16,13,16,13,7,14,7,6,14,14,9,17,14,12,14,13,12,10,14,17,9,13,9,13,13,16,16,17,15,7,15,15,16,9,19338230,LaLiga,Real Betis
Dani Vivian,D/DM C,26,150,158,"Spain,Pays Basque",A. Bilbao,8,10,11,9,13,8,15,7,14,15,14,7,15,14,13,14,15,15,14,14,15,8,14,8,14,15,12,14,14,14,9,13,13,14,15,14,67256618,LaLiga,A. Bilbao
David Neres,M/AM RL,28,150,156,Brazil,Parthenope,14,14,18,13,17,10,8,12,7,5,16,10,5,17,12,14,11,13,9,13,13,20,5,16,6,11,15,8,16,16,15,9,13,14,12,11,19260918,Serie A,Napoli
Gianluca Mancini,D C,29,150,156,Italy,Associazione Sportiva Roma,4,9,10,9,11,5,17,5,8,15,11,6,15,12,19,15,15,14,15,14,18,8,16,10,15,17,11,16,13,11,12,16,16,13,15,16,43093502,Serie A,Associazione Sportiva Roma
Kang-In Lee,M/AM RLC,24,150,156,South Korea,Paris Saint-Germain,13,13,16,13,16,13,8,15,7,6,15,13,6,16,13,14,12,12,13,12,16,17,10,14,8,13,15,13,14,15,13,8,12,13,13,10,67260506,Ligue 1,Paris Saint-Germain
"Nicolás González(Juventus,Argentina,Italy)",AM RL,27,150,156,"Argentina,Italy",Juventus,9,14,15,15,15,9,16,14,4,5,14,14,7,15,16,13,15,15,10,13,17,15,7,15,6,13,14,14,15,14,13,14,14,16,13,11,14181375,Serie A,Juventus
Arthur Theate,D LC,25,150,155,Belgium,Eintracht Frankfurt,5,11,12,7,13,11,15,13,14,14,15,10,14,13,16,16,17,15,13,13,18,12,14,11,14,16,14,18,13,13,15,15,16,13,13,15,18105815,Bundesliga,Eintracht Frankfurt
Michele Di Gregorio,GK ,28,150,155,Italy,Juventus,1,1,4,2,13,4,2,7,5,4,13,1,7,14,11,13,13,14,15,14,17,11,12,10,14,12,13,13,12,16,10,10,12,12,15,13,43161669,Serie A,Juventus
Morgan Gibbs-White,M/AM RC,25,150,155,"England,Jamaica",Nottingham Forest,14,12,14,11,15,11,11,12,5,6,15,13,9,15,12,13,10,15,12,14,14,16,12,14,11,14,15,15,14,16,15,10,13,14,13,13,29175220,Premier League,Nottingham Forest
Pierre Kalulu,D RC,25,150,155,"France,Democratic Republic of Congo",Juventus,7,13,11,8,13,6,13,8,13,15,13,8,15,13,14,16,15,13,13,13,15,6,11,13,14,14,12,14,16,14,15,13,14,15,15,14,49045184,Serie A,Juventus
Jonathan David,AM/ST RLC,25,150,154,"Canada,United States",Juventus,5,10,14,14,15,10,13,11,5,6,13,15,6,14,12,13,12,12,12,12,14,14,12,15,8,15,12,14,16,13,12,12,14,15,15,13,18108540,Serie A,Juventus
Álex Remiro,GK ,30,150,153,"Spain,Pays Basque",Real San Sebastián,2,2,3,2,11,7,2,3,1,2,17,3,3,16,7,12,12,12,12,13,12,5,12,1,13,13,9,13,13,14,12,15,13,13,11,12,67183918,LaLiga,Real Sociedad
Federico Gatti,D C,27,150,153,Italy,Juventus,5,8,9,12,12,7,16,9,10,16,12,7,16,12,18,15,18,14,14,11,17,8,14,13,14,16,12,16,13,12,15,15,15,13,15,17,43491384,Serie A,Juventus
Alexander Sørloth,ST ,29,150,152,Norway,A. Madrid,7,7,13,16,12,10,15,12,6,6,12,14,6,13,13,13,14,15,14,14,13,10,9,15,7,15,13,14,13,13,16,16,15,15,15,16,53063430,LaLiga,A. Madrid
Evanilson,ST ,25,150,152,Brazil,AFC Bournemouth,6,8,12,16,15,8,12,10,7,8,14,13,9,16,13,14,12,16,12,14,13,14,10,16,5,12,14,15,13,13,17,13,11,14,14,16,19342183,Premier League,AFC Bournemouth
Ritsu Doan,M/AM RLC,27,150,152,Japan,Eintracht Frankfurt,13,13,15,13,15,13,11,16,8,9,13,12,11,16,13,13,13,13,13,13,13,15,12,13,10,16,14,16,15,16,12,8,16,14,14,11,45095577,Bundesliga,Eintracht Frankfurt
Willi Orbán,D C,32,150,152,"Hungary,Germany,Poland",RB Leipzig,3,8,8,8,11,3,17,8,8,16,13,12,16,11,16,14,17,12,15,14,17,8,16,9,15,16,12,16,11,10,16,16,17,12,14,16,91011532,Bundesliga,RB Leipzig
Xaver Schlager,DM/M C,27,150,152,Austria,RB Leipzig,10,8,12,8,14,12,8,12,6,13,15,8,16,13,16,15,16,15,16,14,17,10,16,10,14,18,14,17,12,12,15,9,12,13,16,15,16147660,Bundesliga,RB Leipzig
Antonee Robinson,D/WB L,27,150,150,"United States,England,Jamaica",Fulham,3,14,14,7,13,7,11,7,6,12,13,8,15,13,13,15,14,11,11,12,12,11,14,13,14,14,12,17,17,13,13,13,14,17,16,14,29125265,Premier League,Fulham
Denis Zakaria,DM/M C,28,150,150,"Switzerland,Democratic Republic of Congo,South Sudan",AS Monaco,5,8,14,10,14,6,12,11,12,13,14,8,16,14,17,15,16,12,13,13,15,12,15,14,14,16,12,17,15,13,16,15,15,13,17,16,98034601,Ligue 1,AS Monaco
Omar Alderete,D C,28,150,150,Paraguay,Sunderland,3,8,11,6,11,6,16,4,12,15,12,11,16,10,17,15,18,13,15,15,14,6,13,10,15,13,7,14,11,11,15,16,15,13,14,16,79027217,Premier League,Sunderland
Nico Paz,AM RC,20,149,181,"Argentina,Spain",Como 1907,12,12,17,13,18,15,7,14,3,5,16,13,9,17,7,14,11,14,13,14,16,16,9,13,6,13,17,11,14,15,12,8,14,13,12,9,2000163799,Serie A,Como 1907
Warren Zaïre-Emery,DM/M C,19,149,-9,France,Paris Saint-Germain,11,11,13,8,15,8,9,11,4,13,15,10,14,14,14,14,15,13,13,13,16,13,8,14,15,15,14,16,14,15,15,9,14,13,16,13,2000179712,Ligue 1,Paris Saint-Germain
Illia Zabarnyi,D C,22,149,170,Ukraine,Paris Saint-Germain,3,3,9,5,11,4,14,5,5,15,13,6,16,12,12,15,14,17,15,15,14,6,9,8,15,16,10,14,14,12,15,15,15,16,15,16,71113679,Ligue 1,Paris Saint-Germain
Oleksandr Zinchenko,D/WB LC,28,149,165,Ukraine,Arsenal,12,13,14,10,15,13,12,13,9,11,15,9,13,15,13,14,12,15,12,14,15,13,13,16,11,16,15,16,13,13,14,10,13,13,14,10,71081391,Premier League,Arsenal
Matías Soulé,AM RC,22,149,163,"Argentina,Italy",Associazione Sportiva Roma,14,15,17,15,16,15,6,15,5,5,16,12,12,17,13,12,11,12,12,12,16,17,10,13,8,13,15,13,15,17,15,7,14,13,14,8,14222108,Serie A,Associazione Sportiva Roma
Murillo,D LC,23,149,162,Brazil,Nottingham Forest,6,9,15,7,14,10,14,9,8,14,15,12,14,15,13,13,17,12,13,14,13,14,12,9,14,14,15,15,15,14,14,14,15,14,15,15,2000123482,Premier League,Nottingham Forest
Jarrad Branthwaite,D RLC,23,149,160,England,Everton,3,6,12,7,12,7,16,5,9,12,12,6,14,14,14,14,17,15,14,12,13,13,11,11,14,13,14,14,14,12,13,18,13,14,13,15,29226000,Premier League,Everton
Karim Adeyemi,AM RLC,23,149,160,"Germany,Nigeria,Romania",Borussia Dortmund,11,9,13,12,11,10,10,13,8,8,10,13,8,12,16,13,12,10,9,10,13,14,5,13,8,12,10,15,19,16,10,12,12,18,12,9,16279486,Bundesliga,Borussia Dortmund
Kostas Tsimikas,D/WB L,29,149,159,Greece,Liverpool,13,16,15,5,15,13,8,8,12,13,15,11,15,15,14,14,14,15,13,13,14,13,9,14,14,15,14,15,15,15,14,10,14,16,15,12,36096824,Premier League,Liverpool
Davide Frattesi,M C,25,149,158,Italy,Blu-neri Milano,4,9,12,16,14,6,13,14,5,10,14,12,10,14,13,17,14,18,16,17,15,13,11,19,11,14,12,14,14,15,13,12,16,14,14,11,43272557,Serie A,Inter
Marten de Roon,DM/M C,34,149,156,Netherlands,Bergamo,5,10,10,10,13,5,14,11,8,14,15,6,17,12,16,15,16,13,15,15,17,8,16,12,16,18,13,18,11,10,16,14,17,12,16,14,37001813,Serie A,Atalanta
Dávid Hancko,D LC,27,149,155,Slovakia,A. Madrid,9,13,14,11,11,10,14,13,10,13,13,14,16,11,7,15,14,14,13,15,14,12,15,13,13,16,12,17,15,12,14,16,10,12,15,13,63029353,LaLiga,A. Madrid
Noussair Mazraoui,D RLC,27,149,155,"Morocco,Netherlands",Manchester United,8,12,14,9,15,7,11,12,12,11,14,10,14,16,13,13,14,14,12,14,12,15,11,14,12,16,14,16,14,15,12,11,13,14,15,10,37052470,Premier League,Manchester United
Sergi Darder,DM/M C,31,149,155,Spain,Mallorca,14,13,11,7,16,12,9,12,5,13,16,13,14,16,13,14,13,13,14,14,15,14,10,15,14,13,17,13,13,13,13,10,12,12,13,12,67118372,LaLiga,Mallorca
Dodo,D/WB R,26,149,154,Brazil,ACF Fiorentina,9,14,16,8,14,8,7,8,14,13,14,8,13,15,14,13,12,12,12,13,13,14,8,13,13,15,13,15,16,16,14,7,15,16,15,11,19273277,Serie A,ACF Fiorentina
David Raum,D/WB L,27,149,152,Germany,RB Leipzig,15,17,12,8,12,16,8,11,15,11,12,12,12,12,16,13,16,12,12,12,17,12,15,16,11,16,13,17,15,13,12,11,17,16,17,13,91175517,Bundesliga,RB Leipzig
Sam Beukema,D C,26,149,152,Netherlands,Parthenope,4,10,9,8,11,7,15,10,8,16,14,11,14,12,15,14,16,14,15,13,16,9,12,11,15,16,12,15,13,12,15,15,14,14,15,16,37063774,Serie A,Napoli
Weston McKennie,DM/M RC,26,149,152,United States,Juventus,5,12,12,12,12,6,16,10,19,13,14,8,14,12,15,14,16,14,10,11,17,12,13,14,14,16,13,16,13,13,16,14,18,12,17,15,72048035,Serie A,Juventus
Giovani Lo Celso,M/AM LC,29,149,151,"Argentina,Italy",Real Hispalis,14,12,15,12,17,15,10,13,7,9,17,15,11,17,10,13,11,15,12,13,12,16,10,14,12,15,16,10,13,15,15,8,12,12,13,11,14108651,LaLiga,Real Betis
Wataru Endo,D/DM/M C,32,149,151,Japan,Liverpool,4,7,11,7,13,5,15,7,8,14,14,11,16,13,15,17,16,15,16,14,17,6,15,13,15,19,13,17,13,14,15,14,17,12,16,12,45030953,Premier League,Liverpool
Fabian Schär,D C,33,149,149,Switzerland,Newcastle United,6,9,12,11,15,12,15,12,8,16,16,14,16,13,17,15,15,16,14,13,12,9,11,9,15,16,15,12,11,10,12,14,12,13,13,15,98007212,Premier League,Newcastle United
Solly March,WB/M/AM RL,31,149,149,England,Brighton & Hove Albion,13,15,15,12,14,13,8,14,4,8,13,10,12,14,9,12,11,13,14,15,14,13,8,13,13,16,12,16,14,13,13,10,12,14,15,10,29090530,Premier League,Brighton & Hove Albion
Manuel Neuer,GK ,39,148,193,Germany,FC Bayern München,2,6,12,7,14,8,10,7,12,9,15,13,11,14,13,14,14,16,12,13,18,12,17,12,14,15,15,15,8,14,14,16,20,8,11,15,8718372,Bundesliga,FC Bayern München
Benjamin Šeško,ST ,22,148,170,"Slovenia,Bosnia and Herzegovina",Manchester United,3,7,14,14,13,10,15,14,8,7,12,17,8,14,13,14,14,12,12,13,15,14,10,14,7,12,11,14,14,14,15,17,16,16,15,15,62246208,Premier League,Manchester United
Pau Torres,D C,28,148,167,Spain,Aston Villa,7,8,12,6,14,5,16,7,7,14,16,8,16,15,12,14,14,15,14,13,13,5,12,6,15,14,13,15,12,11,10,17,14,14,16,16,67217522,Premier League,Aston Villa
Nico González,DM/M C,23,148,166,Spain,Manchester City,6,8,14,11,16,8,12,10,5,11,16,8,13,16,15,14,9,17,12,14,14,14,11,12,14,14,15,13,12,13,16,13,15,12,14,14,67276127,Premier League,Manchester City
"João Pedro(Chelsea,Brazil)",AM/ST RLC,23,148,165,Brazil,Chelsea,11,12,15,14,15,11,11,12,6,6,14,18,7,14,15,14,12,15,13,13,15,15,11,15,7,14,14,16,15,14,14,11,14,14,14,13,19371552,Premier League,Chelsea
Conor Gallagher,M/AM LC,25,148,164,"England,Scotland,Republic of Ireland",A. Madrid,12,12,13,14,13,12,8,12,6,9,13,7,13,13,17,11,15,13,14,14,17,12,11,14,12,16,13,19,15,14,11,10,16,13,17,11,28108036,LaLiga,A. Madrid
Pedro Porro,D/WB/M R,25,148,164,Spain,Tottenham Hotspur,13,15,15,11,15,13,8,14,11,12,16,12,13,15,15,11,17,12,11,12,16,17,8,15,11,12,15,13,16,15,13,8,17,15,15,12,67268221,Premier League,Tottenham Hotspur
Nicolas Jackson,ST RLC,24,148,162,"Senegal,The Gambia",Chelsea,8,9,15,13,13,8,13,12,6,8,12,13,9,14,16,15,16,13,12,12,14,14,8,15,8,12,12,16,16,14,14,14,12,16,15,14,12087972,Premier League,Chelsea
Marc Casadó,DM/M C,21,148,160,Spain,Barcelona,8,9,12,8,14,8,7,10,8,12,15,8,15,14,16,16,16,14,16,16,18,9,13,11,15,18,14,18,12,15,12,6,14,12,14,9,2000058198,LaLiga,Barcelona
Harry Maguire,D C,32,148,158,England,Manchester United,5,7,10,8,14,8,17,7,10,15,13,14,15,13,14,14,17,13,14,12,11,9,15,7,16,14,12,12,10,8,13,17,17,12,17,17,28049740,Premier League,Manchester United
Julian Brandt,M/AM RLC,29,148,158,Germany,Borussia Dortmund,14,14,15,12,17,15,7,14,6,8,16,12,8,17,8,14,10,16,12,13,10,16,12,12,8,12,17,9,12,14,12,10,12,14,15,10,91119265,Bundesliga,Borussia Dortmund
Giuliano Simeone,M/AM RL,22,148,157,"Argentina,Italy",A. Madrid,8,12,12,14,12,9,10,10,6,9,12,11,12,12,16,13,17,12,13,12,17,11,13,15,7,16,10,17,15,14,13,10,15,16,15,13,14250859,LaLiga,A. Madrid
Brais Méndez,AM RC,28,148,156,Spain,Real San Sebastián,15,15,13,15,16,16,10,13,10,6,15,11,10,15,9,15,10,16,15,15,15,14,11,15,11,16,15,15,13,15,10,12,13,13,14,11,67199158,LaLiga,Real Sociedad
Alessio Romagnoli,D C,30,148,155,Italy,Capitolini Celesti,4,4,8,9,12,4,17,6,13,15,14,12,15,13,14,13,15,13,12,13,16,5,14,8,15,15,12,15,12,12,15,16,14,13,15,16,43093395,Serie A,Lazio
Ezri Konsa,D C,27,148,155,"England,Democratic Republic of Congo,Angola",Aston Villa,4,7,13,5,14,3,15,3,7,14,14,4,16,15,13,15,14,16,13,14,13,10,11,10,14,15,14,16,15,14,14,14,15,14,15,14,29141827,Premier League,Aston Villa
Josip Stanišić,D RLC,25,148,155,"Croatia,Germany",FC Bayern München,6,12,12,8,12,6,14,7,12,14,13,8,15,12,13,13,16,13,15,13,15,11,12,12,14,16,13,15,12,11,14,15,12,15,15,14,91190673,Bundesliga,FC Bayern München
Ollie Watkins,ST RL,29,148,155,England,Aston Villa,8,12,13,15,13,7,14,11,5,6,13,14,7,13,10,15,15,11,12,12,16,13,9,16,9,17,12,19,15,15,12,13,18,14,17,15,29110623,Premier League,Aston Villa
Dan Ndoye,AM RL,24,148,154,"Switzerland,Senegal",Nottingham Forest,6,11,15,11,14,4,6,10,5,3,13,10,10,14,13,14,12,11,12,12,14,14,8,13,10,13,11,14,17,17,13,11,16,17,16,11,84153276,Premier League,Nottingham Forest
Mohamed Amoura,AM/ST L,25,148,153,Algeria,VfL Wolfsburg,11,10,14,14,13,10,15,12,5,6,12,13,7,14,15,13,12,12,11,12,15,15,7,13,6,11,13,15,18,16,12,12,12,17,15,9,2000069643,Bundesliga,VfL Wolfsburg
"Fran García(R. Madrid,Spain)",D/WB L,25,148,152,Spain,R. Madrid,11,13,13,8,10,12,5,11,15,12,12,7,13,13,14,13,16,12,13,12,14,11,12,14,12,16,12,17,16,15,17,5,14,17,16,12,67245235,LaLiga,R. Madrid
Robert Andrich,D/DM/M C,30,148,152,Germany,Bayer 04 Leverkusen,10,8,10,8,13,14,13,16,7,13,15,12,15,13,17,15,16,15,15,13,17,10,13,11,15,17,13,16,11,11,15,13,14,12,16,15,91108805,Bundesliga,Bayer 04 Leverkusen
Jean-Philippe Mateta,ST ,28,148,150,"France,Democratic Republic of Congo",Crystal Palace,6,8,14,15,13,8,14,9,4,8,11,15,7,13,15,13,14,14,12,11,13,14,11,14,11,14,10,14,15,13,14,16,14,15,14,16,49034219,Premier League,Crystal Palace
Maximilian Mittelstädt,D/WB L,28,148,150,Germany,VfB Stuttgart,12,16,13,7,13,11,11,8,15,12,13,11,16,13,12,15,16,13,13,14,16,12,13,13,13,16,13,17,14,13,12,12,14,14,16,12,91143714,Bundesliga,VfB Stuttgart
Nadiem Amiri,DM/M C,28,148,150,"Germany,Afghanistan",1. FSV Mainz 05,16,13,15,12,15,17,7,16,6,10,15,15,12,16,16,14,16,15,12,13,17,15,15,13,11,17,16,17,12,13,13,8,16,12,15,13,91143491,Bundesliga,1. FSV Mainz 05
Óscar Mingueza,D/WB RLC,26,148,150,Spain,Vigo,5,13,12,11,13,12,14,12,11,13,15,5,13,13,13,15,15,14,12,14,15,13,13,15,13,15,15,16,13,12,14,13,15,14,14,13,67245413,LaLiga,Celta
Florian Lejeune,D C,34,148,148,France,Vallecano,4,10,10,7,14,13,15,14,5,16,14,7,14,14,14,14,15,15,15,14,16,7,13,7,16,15,12,14,10,10,13,14,18,12,15,16,85063747,LaLiga,Rayo Vallecano
Luis Milla,M C,30,148,148,Spain,Getafe,14,12,12,11,15,14,7,12,9,9,16,14,12,16,14,14,15,15,15,15,16,13,15,13,13,15,16,15,12,14,13,8,13,13,15,10,67191561,LaLiga,Getafe
Kobbie Mainoo,DM/M C,20,147,-9,"England,Ghana",Manchester United,9,9,14,13,15,8,10,9,4,9,14,13,12,16,13,14,13,16,12,14,13,12,7,14,12,15,13,14,13,17,16,12,15,13,14,12,2000123586,Premier League,Manchester United
Kyle Walker,D/WB RC,35,147,164,England,Burnley,4,11,12,7,13,11,13,8,12,14,13,6,14,13,13,14,13,13,12,13,16,10,15,13,14,15,12,14,14,13,13,11,20,16,17,15,28009441,Premier League,Burnley
Benoît Badiashile,D C,24,147,163,"France,Democratic Republic of Congo",Chelsea,3,5,9,6,13,4,17,7,8,15,13,7,15,12,10,14,15,16,12,14,15,9,11,6,14,14,11,13,14,11,15,17,15,15,15,16,49038942,Premier League,Chelsea
Mohammed Kudus,AM RLC,25,147,162,Ghana,Tottenham Hotspur,10,10,17,14,14,14,9,10,11,7,13,13,6,16,15,13,14,13,12,10,13,16,6,13,7,14,12,13,15,16,15,8,14,14,14,17,13200568,Premier League,Tottenham Hotspur
Georginio Rutter,AM/ST RC,23,147,161,"France,Martinique",Brighton & Hove Albion,6,10,15,11,14,8,12,12,5,6,14,12,8,15,8,14,12,14,9,14,13,16,10,13,8,15,14,15,13,14,14,12,13,14,14,14,49048380,Premier League,Brighton & Hove Albion
Robert Sánchez,GK ,27,147,160,Spain,Chelsea,8,2,3,1,11,9,1,3,1,2,11,2,1,13,8,11,15,14,10,11,10,9,7,2,12,12,11,9,13,14,12,18,14,12,12,16,29156212,Premier League,Chelsea
Edmond Tapsoba,D C,26,147,156,Burkina Faso,Bayer 04 Leverkusen,3,7,12,6,13,8,13,9,13,15,15,15,15,13,13,15,14,15,13,14,15,11,11,8,15,14,15,12,13,12,15,15,14,14,14,14,13196616,Bundesliga,Bayer 04 Leverkusen
Mario Gila,D C,24,147,156,Spain,Capitolini Celesti,4,4,12,4,13,6,15,5,4,15,13,8,15,14,16,16,17,13,12,13,18,13,14,7,13,14,12,14,15,13,12,15,15,15,15,16,67277455,Serie A,Lazio
Nicolò Rovella,DM C,23,147,156,Italy,Capitolini Celesti,14,13,10,6,14,12,7,11,4,13,14,11,17,14,16,17,15,13,13,13,16,13,13,12,16,16,14,15,13,14,12,8,15,13,14,12,43372892,Serie A,Lazio
Teun Koopmeiners,DM/M/AM C,27,147,156,Netherlands,Juventus,13,14,12,13,14,16,10,16,11,11,15,16,14,14,13,14,11,13,13,12,13,10,11,14,14,15,14,13,12,12,15,12,14,12,15,14,37057982,Serie A,Juventus
Bryan Cristante,DM/M C,30,147,155,"Italy,Canada",Associazione Sportiva Roma,8,11,11,13,13,8,17,14,8,12,15,12,16,14,6,14,16,14,12,13,14,8,14,13,16,17,14,16,10,10,16,16,17,11,16,15,43091113,Serie A,Associazione Sportiva Roma
Edon Zhegrova,M/AM RLC,26,147,155,"Kosovo,Albania",Juventus,12,14,16,13,17,10,4,13,5,4,14,12,6,16,7,14,14,14,12,12,11,17,9,14,5,12,11,12,15,17,15,7,12,16,12,8,18104985,Serie A,Juventus
Jakub Kiwior,D LC,25,147,155,Poland,Arsenal,7,11,12,7,12,12,15,8,7,15,13,8,14,13,13,15,13,14,13,13,15,9,10,7,14,15,12,14,15,14,12,16,15,14,14,14,96102946,Premier League,Arsenal
Raoul Bellanova,D/WB/M R,25,147,155,Italy,Bergamo,8,14,14,8,13,5,11,6,10,13,14,5,11,14,12,14,14,12,13,13,13,10,7,14,12,10,13,13,16,14,13,12,15,17,15,14,43295110,Serie A,Atalanta
Trevoh Chalobah,D RC,26,147,155,"England,Sierra Leone",Chelsea,6,11,10,8,14,10,13,9,6,14,12,6,16,13,12,14,13,14,14,14,15,12,8,8,14,15,12,15,16,12,14,15,15,15,14,13,28103591,Premier League,Chelsea
Lewis Dunk,D C,33,147,154,England,Brighton & Hove Albion,5,7,9,6,13,9,13,5,6,14,14,10,16,13,13,15,17,15,16,16,14,8,16,7,16,15,13,14,10,10,10,15,13,12,15,14,29036189,Premier League,Brighton & Hove Albion
Robin Gosens,D/WB/M L,31,147,154,"Germany,Netherlands",ACF Fiorentina,11,14,11,13,11,8,16,12,14,12,13,11,14,11,16,16,16,12,13,14,17,10,14,17,13,16,13,18,13,13,14,15,15,14,15,13,37041773,Serie A,ACF Fiorentina
Álex Berenguer,WB/M/AM RL,30,147,153,"Spain,Pays Basque",A. Bilbao,14,13,15,13,14,12,7,10,7,8,13,8,9,14,10,12,12,13,12,12,14,14,8,14,9,12,14,13,15,15,14,7,13,14,13,11,67157520,LaLiga,A. Bilbao
Carlos Augusto,D/WB/M LC,26,147,153,"Brazil,Italy",Blu-neri Milano,10,14,12,12,13,10,14,13,18,13,14,9,14,14,14,14,14,14,12,12,15,13,9,15,13,14,12,15,15,14,13,13,12,15,14,12,19350649,Serie A,Inter
Isak Hien,D C,26,147,153,"Sweden,Ghana,Burkina Faso",Bergamo,7,8,10,7,10,7,15,7,9,17,11,5,16,10,17,14,16,10,12,13,15,8,8,8,13,13,9,14,14,13,14,17,12,15,16,17,93083839,Serie A,Atalanta
Clément Lenglet,D C,30,147,152,France,A. Madrid,9,11,12,8,14,10,15,10,10,15,15,8,15,14,12,15,13,15,13,14,14,10,12,11,14,15,14,14,12,13,13,15,14,14,15,14,85078880,LaLiga,A. Madrid
Fikayo Tomori,D C,27,147,152,"England,Canada,Nigeria",Casciavit Milano,4,7,9,7,11,8,14,7,13,15,12,7,16,11,17,16,14,11,13,12,14,7,12,10,14,13,11,14,16,13,13,13,15,16,16,15,28097980,Serie A,Milan
Mario Pašalić,M/AM C,30,147,152,"Croatia,Germany",Bergamo,8,11,13,13,15,7,12,14,6,8,15,13,12,14,13,16,12,12,12,15,13,11,11,16,9,14,14,13,13,13,14,14,13,13,13,12,24021244,Serie A,Atalanta
Taty Castellanos,ST ,26,147,152,"Argentina,United States",Capitolini Celesti,4,10,12,14,15,12,18,12,4,4,13,14,7,14,17,16,15,12,12,13,18,14,10,15,8,17,13,15,14,16,16,13,15,14,13,14,75042244,Serie A,Lazio
Georges Mikautadze,ST L,24,147,151,"Georgia,France",Villarreal,11,11,13,17,14,12,12,12,6,6,13,16,6,15,11,13,14,16,12,14,14,15,9,15,7,14,15,14,15,15,14,9,13,15,12,11,49043189,LaLiga,Villarreal
Mathías Olivera,D/WB/M LC,27,147,151,"Uruguay,Spain",Parthenope,11,13,12,9,13,9,15,10,13,13,13,8,16,12,11,15,15,13,13,13,14,11,10,12,14,14,12,15,14,13,14,13,13,14,14,15,78076343,Serie A,Napoli
Tyler Adams,DM/M C,26,147,151,United States,AFC Bournemouth,5,10,11,6,13,5,8,8,11,14,14,5,16,12,16,15,15,12,13,14,15,9,13,12,16,15,12,18,14,14,14,10,17,13,17,14,72044918,Premier League,AFC Bournemouth
Andrei Raţiu,D/WB R,27,147,150,Romania,Vallecano,5,12,14,7,10,7,8,11,14,12,11,6,12,14,13,13,15,9,12,13,14,16,8,11,12,13,11,15,16,13,13,11,13,18,17,14,67217491,LaLiga,Rayo Vallecano
Jhon Lucumí,D C,27,147,150,Colombia,Bologna FC 1909,5,12,12,7,12,5,12,8,11,15,15,8,16,13,15,16,14,13,13,11,13,13,13,13,16,14,13,14,14,12,17,13,16,14,15,15,76042952,Serie A,Bologna FC 1909
Santi Comesaña,DM/M C,28,147,150,Spain,Villarreal,9,10,11,11,14,7,14,10,7,12,16,7,13,15,12,15,13,12,14,15,14,11,14,13,15,15,15,15,13,13,12,13,15,13,14,14,67224142,LaLiga,Villarreal
Tim Kleindienst,ST ,29,147,150,Germany,Borussia Mönchengladbach,2,7,11,15,12,6,17,12,13,8,11,14,9,12,16,14,18,12,15,13,18,12,16,12,8,16,12,19,11,10,16,17,16,14,16,16,92065436,Bundesliga,Borussia Mönchengladbach
Ante Budimir,ST ,34,147,147,Croatia,Atlético Pamplona,6,8,10,15,13,4,17,12,3,7,11,16,12,12,13,16,15,16,16,14,16,13,5,16,12,15,11,16,11,11,15,15,15,13,15,17,24003746,LaLiga,Osasuna
Pape Matar Sarr,DM/M/AM C,22,146,178,Senegal,Tottenham Hotspur,7,7,13,9,15,8,10,10,8,12,14,9,13,14,11,16,16,15,15,12,16,13,10,13,14,14,14,14,14,14,15,12,14,13,17,15,12080051,Premier League,Tottenham Hotspur
Jadon Sancho,AM RLC,25,146,177,"England,Trinidad and Tobago,Jamaica",Manchester United,13,13,16,9,16,12,6,10,6,6,16,10,7,17,7,14,7,16,12,15,6,17,8,14,6,12,16,13,15,17,14,8,12,14,12,8,28108490,Premier League,Manchester United
Yeremy Pino,M/AM/ST RLC,22,146,175,Spain,Crystal Palace,12,13,17,12,15,10,9,11,9,8,15,12,9,16,12,13,10,13,13,13,14,16,7,9,8,10,14,10,14,15,14,7,13,14,13,9,67295650,Premier League,Crystal Palace
Adam Wharton,DM/M C,21,146,173,England,Crystal Palace,13,13,13,7,14,13,9,9,2,12,16,10,12,15,14,14,12,15,13,15,14,14,7,13,12,15,16,15,13,13,13,11,14,12,13,12,2000053516,Premier League,Crystal Palace
Destiny Udogie,D/WB L,22,146,173,"Italy,Nigeria",Tottenham Hotspur,7,13,13,11,12,7,12,10,12,11,14,10,13,13,10,13,12,14,14,12,14,12,8,13,13,14,12,15,16,14,14,13,14,16,16,14,43426047,Premier League,Tottenham Hotspur
Carlos Baleba,DM/M C,21,146,170,Cameroon,Brighton & Hove Albion,6,12,14,9,14,8,10,13,5,13,14,7,15,14,14,14,13,16,12,13,12,14,7,11,14,15,14,14,14,13,14,13,14,15,16,16,2000166563,Premier League,Brighton & Hove Albion
Casemiro,DM/M C,33,146,170,"Brazil,Spain",Manchester United,9,11,10,11,15,10,17,14,10,14,14,14,17,14,18,17,17,11,14,12,17,12,17,13,14,17,14,14,9,9,15,15,12,10,13,17,19061518,Premier League,Manchester United
Christian Eriksen,DM/M/AM C,33,146,170,Denmark,VfL Wolfsburg,16,16,12,12,18,16,4,15,4,7,17,16,7,17,7,16,8,17,12,15,12,13,12,12,8,16,17,12,10,12,12,8,17,11,12,7,27010680,Bundesliga,VfL Wolfsburg
Mikel Jauregizar,M/AM C,21,146,168,"Spain,Pays Basque",A. Bilbao,8,10,12,12,15,9,10,13,8,13,15,10,13,15,12,14,13,13,13,13,15,11,13,10,15,16,14,16,14,14,14,9,6,14,13,13,2000134186,LaLiga,A. Bilbao
Conor Bradley,D/WB R,22,146,165,Northern Ireland,Liverpool,10,15,13,9,15,7,8,8,7,11,14,8,15,14,15,14,14,14,13,13,15,11,12,15,12,16,12,16,16,15,14,9,15,16,15,9,28127166,Premier League,Liverpool
Giorgio Scalvini,D C,21,146,165,Italy,Bergamo,6,9,12,8,13,6,15,9,8,14,13,7,16,14,13,17,13,13,13,14,15,7,10,7,15,16,13,16,12,13,13,15,11,13,13,14,43500755,Serie A,Atalanta
Brennan Johnson,AM/ST RLC,24,146,164,"Wales,England",Tottenham Hotspur,8,14,12,15,13,11,8,10,5,7,12,14,6,15,6,15,12,14,10,12,12,13,10,16,8,12,12,13,16,13,13,8,14,15,14,11,29189400,Premier League,Tottenham Hotspur
Bernd Leno,GK ,33,146,163,Germany,Fulham,3,3,1,1,12,6,6,3,3,2,13,6,2,9,8,14,14,15,14,10,12,4,13,6,13,16,7,12,13,15,14,14,14,10,12,12,92012109,Premier League,Fulham
Yann Aurel Bisseck,D C,24,146,161,"Germany,Cameroon",Blu-neri Milano,4,9,11,10,13,4,16,13,11,14,13,5,15,12,10,14,15,13,10,13,14,11,9,11,14,13,11,15,13,14,17,17,16,14,13,17,91175868,Serie A,Inter
Callum Hudson-Odoi,AM RLC,24,146,160,"England,Ghana",Nottingham Forest,12,14,15,11,16,12,7,8,5,7,15,11,7,15,8,11,8,13,11,15,12,15,5,14,7,10,14,12,16,15,12,11,12,15,12,8,28112986,Premier League,Nottingham Forest
Rico Lewis,D RC,20,146,160,England,Manchester City,4,10,13,8,13,6,12,5,10,12,13,12,13,13,15,12,17,15,13,14,17,12,13,13,16,13,12,16,15,17,13,8,13,14,15,13,2000098727,Premier League,Manchester City
Stefan de Vrij,D C,33,146,160,Netherlands,Blu-neri Milano,3,8,9,8,13,5,16,7,11,16,14,8,15,14,13,16,14,14,13,13,14,12,13,8,14,16,12,14,12,12,14,15,16,12,13,15,37001814,Serie A,Inter
Felix Nmecha,DM/M C,24,146,158,"Germany,England,Nigeria",Borussia Dortmund,12,11,15,10,16,12,13,12,7,10,15,12,12,16,13,13,12,15,12,13,13,15,8,11,12,13,15,13,13,14,16,15,11,16,15,14,28113827,Bundesliga,Borussia Dortmund
Axel Disasi,D RC,27,146,157,France,Chelsea,5,6,8,6,12,5,16,8,9,14,12,8,15,11,13,14,15,13,13,13,14,6,13,11,13,13,11,14,13,11,17,15,14,14,16,18,48037291,Premier League,Chelsea
Ismaël Bennacer,DM/M C,27,146,157,"Algeria,France,Morocco",Casciavit Milano,13,11,14,9,16,12,7,14,5,13,16,14,15,15,12,15,13,15,14,13,16,13,13,11,14,16,14,16,14,13,15,7,10,13,13,11,48032338,Serie A,Milan
Marcel Sabitzer,DM/M C,31,146,156,Austria,Borussia Dortmund,13,12,12,11,13,15,10,16,8,12,14,16,12,13,16,13,15,13,12,13,17,12,15,16,12,16,13,17,12,12,12,10,16,13,16,12,16045721,Bundesliga,Borussia Dortmund
Diogo Dalot,D/WB RL,26,146,155,Portugal,Manchester United,8,13,13,8,14,6,12,8,13,12,13,10,13,14,13,13,12,13,11,12,13,11,8,14,14,14,10,15,14,14,13,13,15,15,15,14,83105845,Premier League,Manchester United
Emre Can,D/DM/M C,31,146,155,"Germany,Türkiye",Borussia Dortmund,8,8,12,10,13,10,14,14,8,13,13,17,16,13,17,13,16,12,12,12,17,12,14,11,13,13,13,16,12,10,16,15,13,16,14,16,92021718,Bundesliga,Borussia Dortmund
Eric García,D/DM RC,24,146,155,Spain,Barcelona,6,10,12,8,14,8,13,8,8,14,15,9,14,14,13,14,13,15,14,13,14,10,13,11,15,16,14,15,13,12,12,13,12,14,15,14,28116427,LaLiga,Barcelona
Ander Barrenetxea,M/AM RL,23,146,154,"Spain,Pays Basque",Real San Sebastián,12,14,16,14,12,10,8,11,7,8,13,14,8,15,12,12,13,13,14,13,13,15,12,15,12,14,15,14,14,14,15,8,13,15,13,12,67276482,LaLiga,Real Sociedad
Emile Smith Rowe,M/AM RLC,25,146,154,England,Fulham,11,12,15,14,14,12,5,13,2,6,15,11,8,15,13,15,11,14,12,14,15,15,8,16,8,15,15,12,16,15,15,8,10,14,11,9,28109599,Premier League,Fulham
Leonardo Spinazzola,D/WB/M L,32,146,153,Italy,Parthenope,6,14,14,8,15,5,11,9,8,11,14,7,11,15,8,12,10,13,13,13,13,15,10,15,12,14,12,13,15,15,13,11,14,15,13,11,43036586,Serie A,Napoli
Andrej Kramarić,AM/ST RLC,34,146,152,Croatia,TSG 1899 Hoffenheim,13,12,12,14,16,16,13,13,6,7,14,17,7,16,13,13,11,16,12,13,15,16,14,12,8,12,14,12,12,13,13,10,16,12,16,11,24004434,Bundesliga,TSG 1899 Hoffenheim
Remo Freuler,DM/M C,33,146,152,Switzerland,Bologna FC 1909,7,13,13,10,14,8,8,10,7,11,15,11,14,13,14,16,13,16,16,15,15,12,15,15,15,17,13,17,12,12,14,9,15,12,16,12,98006034,Serie A,Bologna FC 1909
Berat Djimsiti,D C,32,146,151,"Albania,Switzerland",Bergamo,5,7,8,7,10,4,16,5,5,16,12,4,16,11,14,16,16,14,12,13,15,6,14,6,15,14,10,14,11,12,13,16,16,12,14,17,98015432,Serie A,Atalanta
Hiroki Ito,D/WB LC,26,146,150,Japan,FC Bayern München,12,12,11,7,13,12,13,8,14,15,15,7,13,13,13,14,13,16,15,13,16,11,12,11,15,16,14,14,13,12,14,14,10,15,14,13,45109024,Bundesliga,FC Bayern München
Péter Gulácsi,GK ,35,146,150,Hungary,RB Leipzig,4,1,2,3,9,8,7,1,1,3,12,6,3,9,10,16,14,13,16,14,13,4,15,2,14,13,11,13,8,15,13,16,16,10,10,14,28018193,Bundesliga,RB Leipzig
Waldemar Anton,D RC,29,146,150,"Germany,Russia,Uzbekistan",Borussia Dortmund,3,8,12,6,12,4,14,8,12,14,14,7,15,12,16,15,17,14,13,13,17,8,16,10,15,16,13,17,12,11,15,16,15,14,15,15,91137493,Bundesliga,Borussia Dortmund
Sead Kolašinac,D LC,32,146,149,"Bosnia and Herzegovina,Germany",Bergamo,4,11,11,7,12,6,16,8,8,14,12,8,16,11,17,16,17,10,13,13,17,9,13,13,14,15,10,17,12,12,16,13,16,14,14,18,92029805,Serie A,Atalanta
Daniel Muñoz,D/WB/M R,29,146,148,Colombia,Crystal Palace,10,13,14,10,14,9,13,12,9,13,11,8,13,12,16,14,15,12,12,12,15,13,12,13,13,15,11,18,15,12,13,13,18,14,17,13,76050675,Premier League,Crystal Palace
Nikola Milenković,D C,27,146,148,Serbia,Nottingham Forest,5,8,8,10,11,6,16,5,9,15,13,6,15,14,17,15,15,12,13,14,15,7,11,8,14,15,11,15,13,12,14,17,16,14,13,16,62191195,Premier League,Nottingham Forest
Oliver Baumann,GK ,35,146,148,Germany,TSG 1899 Hoffenheim,4,1,2,1,11,5,7,3,2,1,12,1,3,11,11,16,14,13,16,12,15,6,16,1,16,16,12,12,8,14,12,15,18,10,11,13,35017377,Bundesliga,TSG 1899 Hoffenheim
Robin Koch,D C,29,146,148,Germany,Eintracht Frankfurt,3,7,10,6,12,8,16,8,8,15,13,12,14,12,16,15,16,13,13,13,15,8,16,9,15,16,12,16,12,11,16,16,12,14,13,15,91147345,Bundesliga,Eintracht Frankfurt
Jorge De Frutos,M/AM/ST R,28,146,146,Spain,Vallecano,9,12,13,14,13,8,8,11,6,7,10,9,8,14,13,14,13,12,12,12,11,13,6,16,8,14,12,15,16,14,13,8,15,16,14,13,67231100,LaLiga,Rayo Vallecano
Myles Lewis-Skelly,D/DM/M LC,18,145,178,"England,Barbados",Arsenal,10,12,15,9,15,10,8,10,7,10,14,10,12,15,14,12,13,14,11,12,14,13,9,12,10,15,13,14,16,17,17,10,17,14,14,15,2000283274,Premier League,Arsenal
Dean Huijsen,D C,20,145,177,"Spain,Netherlands",R. Madrid,7,7,11,8,13,6,15,8,7,14,15,14,14,14,11,14,13,17,14,14,15,7,8,10,14,12,14,14,12,13,12,17,11,13,13,12,2000109240,LaLiga,R. Madrid
Alejandro Garnacho,AM RL,21,145,170,"Argentina,Spain",Chelsea,8,12,16,13,14,10,5,12,3,4,12,14,5,14,15,11,14,13,10,8,14,16,4,14,6,10,9,14,17,15,14,8,14,17,15,10,2000035036,Premier League,Chelsea
Aymeric Laporte,D C,31,145,170,"Spain,France,Pays Basque",A. Bilbao,6,9,11,8,12,9,17,9,8,14,15,11,14,15,15,14,15,16,12,16,14,10,13,10,16,17,12,13,10,9,10,15,10,13,13,16,85085378,LaLiga,A. Bilbao
Yankuba Minteh,M/AM RL,21,145,170,The Gambia,Brighton & Hove Albion,13,11,14,14,13,9,7,9,7,6,12,11,11,13,13,14,12,13,11,10,14,13,5,14,8,13,12,17,17,15,13,8,13,17,15,13,2000195626,Premier League,Brighton & Hove Albion
Richarlison,AM/ST RL,28,145,166,Brazil,Tottenham Hotspur,10,11,13,13,12,9,14,11,8,6,12,12,12,15,15,12,13,11,12,10,14,14,9,12,10,13,10,16,15,14,12,11,11,15,17,13,19265858,Premier League,Tottenham Hotspur
Elliot Anderson,DM/M/AM LC,22,145,165,"England,Scotland",Nottingham Forest,12,11,13,12,13,12,9,12,3,10,13,11,13,14,14,12,15,13,14,13,18,13,12,13,13,14,13,17,14,14,14,8,12,12,14,14,28127254,Premier League,Nottingham Forest
Jacob Ramsey,M/AM LC,24,145,165,England,Newcastle United,8,11,16,14,14,7,9,12,7,10,13,9,10,14,9,14,16,15,12,13,15,13,8,14,11,14,13,14,15,14,13,11,15,14,14,13,29193659,Premier League,Newcastle United
Marc Cucurella,D/WB LC,27,145,164,Spain,Chelsea,10,13,11,10,14,7,6,8,12,12,12,7,13,14,18,16,16,10,14,14,18,10,13,15,8,14,14,18,16,15,14,8,13,13,16,12,67215284,Premier League,Chelsea
Dani Ceballos,M C,28,145,163,Spain,R. Madrid,12,13,16,12,16,12,7,13,12,8,16,10,12,16,13,12,15,13,14,13,11,14,10,14,12,13,16,11,14,15,15,8,11,13,13,10,67202350,LaLiga,R. Madrid
Bryan Zaragoza,AM RL,24,145,161,Spain,FC Bayern München,12,13,18,12,17,11,6,12,6,5,13,13,6,17,13,12,10,12,10,12,12,18,11,12,7,11,14,13,16,16,13,4,12,15,12,7,2000054263,Bundesliga,FC Bayern München
Flavien-Enzo Boyomo,D RC,23,145,161,"Cameroon,France",Atlético Pamplona,6,11,11,6,13,6,13,9,9,14,13,8,15,13,14,15,15,13,15,13,14,6,10,8,15,14,13,15,14,13,12,13,14,15,14,14,29219115,LaLiga,Osasuna
Amadou Onana,DM/M C,23,145,160,"Belgium,Senegal",Aston Villa,7,9,14,10,14,9,16,10,8,12,14,9,15,14,15,12,14,14,12,13,14,14,12,13,14,10,14,14,13,13,15,16,14,17,15,15,91207274,Premier League,Aston Villa
Danny Welbeck,AM/ST RL,34,145,160,"England,Ghana",Brighton & Hove Albion,5,8,13,14,14,4,15,9,3,7,14,14,8,14,12,14,14,14,15,16,14,14,14,16,9,16,14,16,13,12,13,14,15,14,13,14,28010491,Premier League,Brighton & Hove Albion
Dominic Solanke,ST ,27,145,160,"England,Nigeria",Tottenham Hotspur,5,10,10,15,15,8,13,10,7,7,11,14,8,14,13,16,13,15,12,13,12,12,5,14,9,15,11,19,14,13,13,14,17,14,16,14,29125191,Premier League,Tottenham Hotspur
Kepa Arrizabalaga,GK ,30,145,160,"Spain,Pays Basque",Arsenal,4,1,3,2,11,6,5,1,3,1,11,1,3,11,8,14,10,14,16,14,13,3,10,5,13,13,11,10,9,15,13,14,12,12,12,12,67157624,Premier League,Arsenal
Samú,DM/M C,24,145,160,Portugal,Mallorca,8,8,11,10,13,9,8,12,9,13,14,9,16,13,16,15,16,14,14,12,15,8,13,11,16,17,13,17,12,13,13,12,14,12,16,14,83206392,LaLiga,Mallorca
Niklas Süle,D RC,29,145,159,Germany,Borussia Dortmund,3,11,12,8,13,5,14,12,12,14,14,9,14,13,11,14,15,15,13,13,11,12,13,11,15,13,13,12,11,10,17,16,10,16,12,17,91107360,Bundesliga,Borussia Dortmund
Thiago Almada,AM RLC,24,145,159,Argentina,A. Madrid,13,12,16,12,16,15,4,14,4,7,15,15,7,16,13,14,11,15,14,15,15,16,6,14,8,12,15,14,14,15,15,5,14,13,13,8,14172522,LaLiga,A. Madrid
Caoimhin Kelleher,GK ,26,145,158,Republic of Ireland,Brentford,5,3,2,2,14,9,9,3,1,2,13,3,1,14,5,15,13,14,12,13,15,1,8,1,14,10,8,12,13,15,14,12,13,12,10,12,28104130,Premier League,Brentford
Manuel Ugarte,DM/M C,24,145,158,Uruguay,Manchester United,7,8,11,8,13,6,10,10,10,14,13,7,18,12,18,16,18,10,17,12,15,12,12,8,15,17,8,17,13,13,16,11,17,13,16,14,78084541,Premier League,Manchester United
Piotr Zieliński,M/AM C,31,145,158,"Poland,Italy",Blu-neri Milano,14,14,12,12,16,12,7,15,4,7,16,15,8,17,8,14,10,13,10,13,11,14,10,13,11,15,15,10,13,14,11,9,16,13,12,10,43093171,Serie A,Inter
Juan Foyth,D/DM RC,27,145,157,"Argentina,Spain",Villarreal,7,11,13,8,15,11,15,7,8,14,14,8,16,15,14,13,16,16,12,11,12,12,10,13,14,15,13,16,13,14,14,13,12,14,15,13,14186894,LaLiga,Villarreal
Lucas Vázquez,D/WB/M/AM R,34,145,156,Spain,Bayer 04 Leverkusen,12,13,13,10,13,12,10,10,12,11,14,12,12,13,15,14,16,12,13,13,15,12,13,15,12,16,12,16,14,14,12,6,16,13,15,11,67135344,Bundesliga,Bayer 04 Leverkusen
Bryan Gil,M/AM RLC,24,145,155,Spain,Girona,10,13,15,12,15,11,8,12,6,7,14,10,7,15,11,14,11,13,13,13,15,16,7,14,6,12,15,13,16,15,14,7,12,14,13,9,67260440,LaLiga,Girona
Dean Henderson,GK ,28,145,155,England,Crystal Palace,3,3,3,1,10,3,7,2,3,1,11,3,1,11,15,14,14,11,14,13,15,13,12,13,15,13,8,11,12,16,12,14,14,11,12,11,29125334,Premier League,Crystal Palace
Ilaix Moriba,M C,22,145,155,"Guinea,Spain",Vigo,12,10,14,10,14,12,12,13,6,13,14,12,16,15,16,14,16,14,14,13,13,16,7,12,14,13,14,15,12,13,14,13,12,12,15,14,67279753,LaLiga,Celta
Ivan Provedel,GK ,31,145,155,Italy,Capitolini Celesti,3,3,3,3,8,7,10,2,1,3,11,3,1,11,6,13,13,12,12,13,18,3,13,7,14,15,13,15,12,14,12,15,18,13,12,13,43094150,Serie A,Lazio
Jesús Areso,D/WB R,26,145,155,"Spain,Pays Basque",A. Bilbao,9,14,12,10,12,9,10,10,13,14,13,10,14,13,12,14,14,13,14,14,14,11,13,15,13,14,11,15,14,13,13,11,15,14,16,14,67256097,LaLiga,A. Bilbao
John McGinn,M/AM RLC,30,145,155,Scotland,Aston Villa,13,12,14,14,13,10,13,13,9,10,14,10,12,14,15,14,15,12,13,10,16,13,14,13,13,16,12,17,14,13,14,9,17,14,15,15,61043070,Premier League,Aston Villa
José Ángel Carmona,D/WB RC,23,145,155,Spain,Sevilla,8,13,12,9,12,8,12,10,12,13,12,7,14,12,15,14,15,14,15,14,15,11,13,12,14,14,11,15,14,13,13,13,16,15,15,14,2000053930,LaLiga,Sevilla
Lewis Cook,DM/M RC,28,145,155,England,AFC Bournemouth,12,11,13,10,14,5,6,9,3,8,15,7,16,14,15,14,15,15,13,14,15,13,14,12,15,16,14,16,13,14,16,8,16,12,15,14,29127852,Premier League,AFC Bournemouth
Lucas Digne,D/WB L,32,145,155,France,Aston Villa,13,16,13,8,14,16,12,13,15,10,15,6,13,14,13,14,15,15,13,13,16,10,8,15,12,14,13,15,15,15,13,8,15,14,16,12,85033423,Premier League,Aston Villa
Ferdi Kadıoğlu,D/WB RL,25,145,153,"Türkiye,Netherlands,Canada",Brighton & Hove Albion,10,13,14,8,14,11,5,11,8,9,13,8,12,14,12,12,10,14,12,13,13,14,12,13,9,14,14,15,15,13,11,7,14,14,16,10,37060600,Premier League,Brighton & Hove Albion
Gianluca Scamacca,ST ,26,145,153,Italy,Bergamo,4,7,12,15,14,13,15,16,7,6,13,12,8,14,14,14,14,13,14,15,16,15,13,15,7,15,13,15,12,12,17,16,11,13,12,16,37053643,Serie A,Atalanta
Matteo Gabbia,D C,25,145,153,Italy,Casciavit Milano,4,8,8,8,13,4,15,7,11,14,13,6,15,13,13,15,14,15,16,14,14,4,15,11,15,15,12,13,12,12,14,14,14,13,15,15,43266774,Serie A,Milan
Matteo Ruggeri,D/WB/M L,23,145,153,Italy,A. Madrid,13,15,12,8,12,13,8,11,8,12,13,5,12,12,15,13,13,14,15,14,15,8,8,15,15,15,13,15,14,15,12,10,16,15,16,13,43425834,LaLiga,A. Madrid
Nuno Tavares,D/WB L,25,145,153,"Portugal,Cape Verde Islands",Capitolini Celesti,13,16,15,7,14,12,3,8,4,12,12,5,14,16,12,15,14,10,10,10,15,13,4,16,12,15,12,12,17,15,12,12,12,17,11,16,83169864,Serie A,Lazio
Deniz Undav,AM/ST C,29,145,152,"Germany,Türkiye,Syria",VfB Stuttgart,11,10,13,15,15,12,14,13,14,8,14,13,9,15,16,16,15,16,12,13,17,15,15,13,9,16,14,12,12,12,16,11,10,12,13,15,91157307,Bundesliga,VfB Stuttgart
Jonathan Clauss,D/WB/M R,32,145,152,France,OGC Nice,15,16,13,12,13,9,6,11,13,13,15,7,13,13,12,14,14,12,14,14,15,12,11,13,15,15,13,16,14,13,13,12,15,14,15,11,85045209,Ligue 1,OGC Nice
Adam Marušić,D/WB RL,32,145,150,"Montenegro,Serbia",Capitolini Celesti,4,12,10,11,13,4,11,14,4,15,12,11,13,12,14,14,16,12,10,13,15,13,11,14,16,16,11,14,13,12,14,13,15,14,15,15,62095383,Serie A,Lazio
Benjamin Henrichs,D/WB RL,28,145,150,"Germany,Ghana",RB Leipzig,8,12,13,7,13,10,11,9,13,12,15,11,15,13,15,13,16,13,12,13,15,13,13,13,12,16,13,15,13,13,12,12,12,14,15,13,91132680,Bundesliga,RB Leipzig
Javi Puado,AM/ST RLC,27,145,150,Spain,Espanyol,8,11,13,14,12,8,9,13,5,8,13,12,8,14,10,13,12,14,12,14,14,13,15,16,8,13,13,14,15,15,11,10,13,14,13,12,67222737,LaLiga,Espanyol
Jonathan Burkardt,ST ,25,145,150,Germany,Eintracht Frankfurt,6,9,13,15,12,8,14,12,6,7,12,14,8,13,13,16,16,12,12,12,16,13,14,16,8,17,11,18,15,14,12,12,10,15,16,12,91170086,Bundesliga,Eintracht Frankfurt
Kevin Danso,D C,26,145,150,"Austria,Ghana,England",Tottenham Hotspur,5,7,8,10,12,5,15,7,17,14,13,10,13,10,13,14,15,11,12,13,15,7,10,13,15,12,8,15,14,12,14,17,16,16,13,15,91144914,Premier League,Tottenham Hotspur
Rico Henry,D/WB L,28,145,150,"England,Jamaica",Brentford,7,13,14,10,14,7,13,10,9,12,13,8,13,13,12,14,14,14,14,14,15,13,9,12,14,14,14,15,16,14,14,9,14,16,14,12,29129073,Premier League,Brentford
Rubén Vargas,M/AM RLC,27,145,150,"Switzerland,Dominican Republic",Sevilla,13,13,14,11,14,11,8,11,16,8,13,12,9,14,15,12,12,13,13,14,14,15,6,12,8,14,12,13,15,15,12,8,14,16,12,9,98041215,LaLiga,Sevilla
Viktor Tsygankov,M/AM RLC,27,145,150,"Ukraine,Israel",Girona,14,13,15,11,15,14,7,12,9,6,14,15,8,16,10,12,9,13,11,12,15,14,13,14,8,11,15,11,15,14,12,9,12,14,13,12,71080414,LaLiga,Girona
Calvin Bassey,D LC,25,145,149,"Nigeria,England,Italy",Fulham,9,12,12,7,10,7,15,7,14,15,11,9,14,12,14,12,16,13,13,13,10,11,10,12,14,12,7,15,14,10,13,16,16,15,19,18,28111079,Premier League,Fulham
Facundo Medina,D/WB LC,26,145,149,Argentina,RC Lens,6,14,13,11,14,8,13,8,14,14,14,10,13,14,14,13,14,11,14,14,15,12,14,14,14,16,13,19,13,13,14,14,15,14,14,14,14185869,Ligue 1,RC Lens
Ibrahim Sangaré,DM/M C,27,145,149,Ivory Coast,Nottingham Forest,12,9,12,7,12,11,15,13,5,14,15,4,15,13,16,13,17,15,11,13,12,13,14,11,15,17,12,17,13,14,15,17,15,12,17,17,48042717,Premier League,Nottingham Forest
Pervis Estupiñán,D/WB/M L,27,145,149,"Ecuador,Spain",Casciavit Milano,9,14,13,9,12,9,10,13,14,12,14,11,15,14,15,13,13,14,12,12,13,12,10,13,11,15,13,16,14,13,12,10,16,14,18,14,86045976,Serie A,Milan
Aitor Paredes,D C,25,145,148,"Spain,Pays Basque",A. Bilbao,8,9,9,11,14,8,15,7,10,15,14,8,15,14,13,14,13,13,14,14,12,7,9,9,15,14,13,14,14,14,8,12,13,13,13,14,67276232,LaLiga,A. Bilbao
Ramy Bensebaïni,D/WB LC,30,145,148,Algeria,Borussia Dortmund,12,12,12,10,14,11,16,10,14,13,13,17,15,14,16,13,16,14,13,13,16,12,13,13,13,13,13,14,13,11,15,15,12,14,14,14,12038706,Bundesliga,Borussia Dortmund
Łukasz Skorupski,GK ,34,145,146,Poland,Bologna FC 1909,5,1,2,1,10,9,4,2,1,3,10,2,1,8,13,17,14,13,13,13,13,10,12,9,15,17,9,16,12,15,15,14,14,12,15,16,54009099,Serie A,Bologna FC 1909
Joël Veltman,D RC,33,145,145,Netherlands,Brighton & Hove Albion,7,11,9,7,13,4,14,5,8,14,13,7,17,13,16,16,16,14,16,16,16,9,15,9,17,15,11,14,12,12,11,11,16,11,14,12,37024733,Premier League,Brighton & Hove Albion
Ryan Christie,DM/M/AM RC,30,145,145,Scotland,AFC Bournemouth,11,12,14,10,14,12,5,12,1,7,14,11,13,15,15,15,11,10,13,13,12,13,8,15,11,15,14,18,13,15,13,9,15,13,17,12,61042900,Premier League,AFC Bournemouth
Vedat Muriqi,ST ,31,145,145,"Kosovo,Albania",Mallorca,5,9,10,14,11,6,17,12,6,8,12,15,9,12,16,16,18,14,16,14,17,12,14,15,11,19,13,19,10,10,17,17,15,12,17,18,11022221,LaLiga,Mallorca
Arda Güler,M/AM RC,20,144,173,Türkiye,R. Madrid,15,15,14,14,17,14,11,16,8,7,16,14,7,18,14,14,13,13,11,14,16,15,12,12,7,16,17,13,14,15,13,6,14,12,11,11,2000077193,LaLiga,R. Madrid
Filip Jörgensen,GK ,23,144,169,"Denmark,Sweden",Chelsea,5,3,3,2,14,6,8,1,1,3,13,1,3,12,5,11,14,9,9,10,11,3,8,1,16,14,8,12,12,17,10,15,15,12,15,16,67283140,Premier League,Chelsea
Cristhian Mosquera,D RC,21,144,166,"Spain,Colombia",Arsenal,5,10,11,8,12,9,13,9,11,15,13,8,17,11,15,15,15,13,13,13,13,10,10,7,13,14,13,15,14,13,13,14,16,16,14,15,2000030816,Premier League,Arsenal
Jordan Henderson,DM/M C,35,144,165,England,Brentford,14,12,11,7,11,13,10,9,9,14,16,11,14,14,14,15,16,14,15,16,19,7,19,13,15,18,15,17,12,11,14,12,17,12,15,12,28005568,Premier League,Brentford
Pierre-Emile Højbjerg,DM/M C,30,144,165,"Denmark,France",Olympique de Marseille,11,12,11,11,15,13,8,13,10,10,15,13,15,15,17,15,15,14,15,13,16,11,17,13,12,16,13,17,11,11,14,12,17,14,16,15,27058392,Ligue 1,Olympique de Marseille
André Onana,GK ,29,144,160,Cameroon,Manchester United,2,1,2,3,13,3,5,1,2,3,14,5,1,12,9,13,13,17,13,13,15,14,14,2,11,14,11,14,10,12,14,16,16,11,13,14,67201634,Premier League,Manchester United
Ian Maatsen,D/WB/M LC,23,144,160,"Netherlands,Suriname",Aston Villa,12,14,13,11,14,13,8,11,12,11,14,11,13,14,14,13,12,14,10,13,14,14,7,11,12,15,13,15,15,15,12,8,14,15,14,9,28121372,Premier League,Aston Villa
Matt O'Riley,M/AM C,24,144,160,"Denmark,England,Norway",Brighton & Hove Albion,14,12,13,13,16,8,11,12,5,8,15,8,12,17,12,14,8,15,12,14,14,13,9,16,11,13,17,12,12,12,14,14,14,12,13,13,29186052,Premier League,Brighton & Hove Albion
Dani Parejo,DM/M/AM C,36,144,159,Spain,Villarreal,12,14,12,12,16,17,8,16,8,9,18,18,13,16,11,16,11,16,12,16,15,13,15,12,14,15,17,16,8,10,12,10,15,8,10,10,67030707,LaLiga,Villarreal
Nicolas Pépé,AM RL,30,144,159,"Ivory Coast,France",Villarreal,12,13,16,14,16,15,8,16,2,6,14,15,5,17,6,16,12,13,8,11,7,18,5,17,8,12,13,11,16,16,12,8,11,15,13,10,85136376,LaLiga,Villarreal
Ruben Loftus-Cheek,M/AM C,29,144,156,"England,Guyana",Casciavit Milano,7,11,13,12,13,8,14,13,11,12,14,12,13,13,10,14,12,14,13,13,14,10,12,14,13,14,12,13,12,13,15,14,10,13,15,17,28068727,Serie A,Milan
Samuele Ricci,DM/M C,23,144,155,Italy,Casciavit Milano,9,11,12,9,14,10,8,12,6,10,16,8,13,15,13,15,15,15,15,15,16,13,11,13,13,16,14,14,13,14,14,11,16,13,15,12,43390774,Serie A,Milan
Alexsandro Ribeiro,D C,25,144,154,Brazil,LOSC Lille,4,5,8,10,13,5,17,7,7,16,14,7,15,10,17,14,15,11,12,12,16,13,17,7,14,15,10,14,14,10,14,15,17,14,14,15,83282675,Ligue 1,LOSC Lille
Billy Gilmour,DM/M C,24,144,154,Scotland,Parthenope,13,12,11,6,16,13,7,11,9,10,16,12,13,16,11,15,13,16,14,13,15,8,11,13,15,15,14,14,14,14,13,7,14,14,14,8,61078265,Serie A,Napoli
Odilon Kossounou,D RC,24,144,154,Ivory Coast,Bergamo,4,11,11,6,12,4,13,6,12,14,14,6,13,13,13,14,15,14,12,13,16,12,10,10,14,15,14,14,14,13,15,16,13,16,14,16,93127195,Serie A,Atalanta
Javi Galán,D/WB L,30,144,152,Spain,A. Madrid,13,15,14,11,11,11,6,7,13,12,13,10,14,13,14,15,14,14,13,13,15,12,10,14,13,15,12,15,15,15,14,7,15,14,16,11,67243881,LaLiga,A. Madrid
Nicolás Domínguez,DM/M C,27,144,152,"Argentina,Italy",Nottingham Forest,5,11,11,8,15,6,13,11,5,9,16,9,17,15,17,13,16,13,13,14,16,11,12,13,14,15,16,16,12,13,11,11,15,12,17,12,14077011,Premier League,Nottingham Forest
Giacomo Raspadori,AM/ST RLC,25,144,151,Italy,A. Madrid,13,11,13,14,15,14,11,12,4,4,13,13,6,15,12,14,11,14,13,13,14,16,11,15,6,14,13,14,14,16,13,7,15,14,12,11,43316850,LaLiga,A. Madrid
Joachim Andersen,D C,29,144,151,Denmark,Fulham,8,12,10,8,13,11,14,8,5,14,16,10,14,14,16,15,13,15,14,13,15,11,13,9,13,14,14,12,13,11,13,17,14,12,13,14,27069975,Premier League,Fulham
Marcos Alonso,D/WB LC,34,144,151,Spain,Vigo,14,12,13,13,13,15,15,14,12,15,15,12,14,13,12,14,11,15,12,14,13,12,9,15,14,14,15,14,12,10,14,14,14,12,13,15,67080310,LaLiga,Celta
Diego Llorente,D C,31,144,150,Spain,Real Hispalis,7,6,10,6,13,7,14,7,7,15,14,9,15,14,13,15,17,14,13,13,13,8,15,9,15,15,13,15,13,13,9,13,14,14,13,13,67011217,LaLiga,Real Betis
"Iván Martín(Girona,Spain,Pays Basque)",DM/M/AM C,26,144,150,"Spain,Pays Basque",Girona,12,14,15,12,14,12,10,10,8,11,14,12,12,15,12,12,13,13,13,15,16,13,11,12,13,13,15,13,13,13,11,9,13,14,13,12,67258832,LaLiga,Girona
Leonardo Balerdi,D C,26,144,150,"Argentina,Italy",Olympique de Marseille,4,6,7,6,13,4,15,10,5,15,16,8,15,12,13,14,12,15,13,14,15,6,15,6,15,14,9,12,13,12,12,15,14,13,12,14,14196664,Ligue 1,Olympique de Marseille
Rolando Mandragora,DM/M C,28,144,150,Italy,ACF Fiorentina,13,12,12,11,14,13,12,13,8,12,15,11,14,14,15,14,14,13,12,13,14,14,11,14,14,15,14,14,13,13,14,12,13,13,14,14,43159580,Serie A,ACF Fiorentina
Lewis Ferguson,DM/M/AM C,25,144,149,Scotland,Bologna FC 1909,5,9,13,12,13,8,15,13,7,13,15,15,14,13,16,13,14,13,13,14,16,10,14,14,15,15,12,17,12,12,14,13,17,12,17,16,61078132,Serie A,Bologna FC 1909
Noa Lang,AM RL,26,144,149,"Netherlands,Suriname",Parthenope,11,14,15,13,16,12,9,14,5,6,14,14,6,15,16,12,16,14,12,12,12,17,9,14,6,13,14,14,15,15,11,10,11,14,14,10,37055842,Serie A,Napoli
Cucho Hernández,AM/ST RLC,26,144,148,"Colombia,Spain",Real Hispalis,7,12,13,15,13,13,13,14,7,4,12,15,5,13,13,14,14,13,14,12,15,14,9,12,5,14,12,15,14,14,15,13,14,14,15,15,76043783,LaLiga,Real Betis
Javi Rodríguez,D RC,22,144,148,Spain,Vigo,8,11,11,8,12,8,13,8,9,13,14,8,16,12,14,14,16,13,16,13,16,8,14,11,16,14,13,15,14,14,14,12,13,14,13,13,2000124157,LaLiga,Celta
Sergi Cardona,D/WB/M L,26,144,148,Spain,Villarreal,10,13,13,9,14,10,9,10,9,14,15,9,14,13,11,15,13,13,12,15,14,12,10,15,13,13,14,13,14,13,12,13,14,16,14,13,67294055,LaLiga,Villarreal
Ryan Sessegnon,D/WB/M/AM L,25,144,147,"England,Ivory Coast",Fulham,9,12,12,12,10,9,7,11,6,12,12,10,12,14,4,13,7,13,12,12,12,14,10,15,12,14,14,15,16,14,13,8,17,16,16,8,29165656,Premier League,Fulham
Christian Nørgaard,DM/M C,31,144,146,Denmark,Arsenal,9,10,12,9,14,9,13,9,9,14,14,8,14,14,14,15,14,14,15,14,15,11,15,12,16,15,15,16,12,11,13,13,14,12,16,12,27039017,Premier League,Arsenal
"Álvaro García(Vallecano,Spain)",M/AM L,32,144,145,Spain,Vallecano,9,11,12,12,12,8,6,9,5,7,10,9,7,12,10,14,12,11,14,15,14,12,11,14,10,14,11,15,17,16,11,5,15,18,12,6,67184140,LaLiga,Rayo Vallecano
Antonio Raíllo,D C,33,144,145,Spain,Mallorca,6,6,7,9,11,6,15,9,9,15,11,10,16,10,17,14,17,13,15,15,15,7,18,9,17,16,10,17,10,10,12,13,12,12,15,14,67148381,LaLiga,Mallorca
Olivier Boscagli,D/DM LC,27,144,145,"France,Monaco",Brighton & Hove Albion,12,13,10,8,14,15,13,12,5,12,14,7,13,13,10,12,15,14,14,13,15,9,14,13,14,16,14,16,13,12,15,12,13,13,16,12,48031641,Premier League,Brighton & Hove Albion
Yoane Wissa,M/AM/ST L,28,144,145,"Democratic Republic of Congo,France",Newcastle United,10,11,13,15,14,10,13,12,8,6,13,13,8,14,13,15,14,15,14,13,14,13,10,16,8,14,12,15,16,14,12,11,14,14,14,12,85140175,Premier League,Newcastle United
Carl Starfelt,D C,30,144,144,Sweden,Vigo,7,10,12,5,12,7,15,6,8,15,14,6,13,13,12,16,17,11,15,13,12,6,16,8,16,15,13,14,12,12,12,13,13,13,13,13,93055760,LaLiga,Celta
Dan Burn,D LC,33,144,144,England,Newcastle United,7,9,9,9,12,4,15,4,13,15,13,5,16,12,15,15,17,13,13,12,16,8,16,9,16,17,10,17,10,8,8,19,12,12,15,17,29061164,Premier League,Newcastle United
Isi Palazón,M/AM RC,30,144,144,Spain,Vallecano,14,14,15,14,16,12,7,15,6,5,15,13,9,16,10,12,12,13,12,13,13,16,16,11,9,12,14,13,15,16,16,10,13,13,14,13,67173045,LaLiga,Rayo Vallecano
Castello Lukeba,D LC,22,143,170,"France,Angola",RB Leipzig,6,7,12,6,13,6,14,7,12,15,15,7,14,13,14,16,14,16,15,13,15,11,12,9,15,14,13,14,13,12,15,13,12,15,13,14,49056273,Bundesliga,RB Leipzig
Pietro Comuzzo,D C,20,143,-85,Italy,ACF Fiorentina,4,10,8,6,10,5,14,8,11,15,11,6,15,10,14,14,15,14,14,14,15,5,10,9,15,14,9,14,14,13,14,14,12,13,14,16,2000096278,Serie A,ACF Fiorentina
Jamie Gittens,M/AM RL,20,143,168,"England,Barbados",Chelsea,11,11,17,11,14,11,6,13,6,7,11,12,7,16,10,12,9,11,10,10,12,16,3,12,7,11,10,11,17,16,12,7,10,17,12,10,2000015300,Premier League,Chelsea
Renato Veiga,D LC,22,143,168,"Portugal,Cape Verde Islands",Villarreal,8,9,12,7,13,12,13,11,16,14,13,12,15,13,16,14,14,14,13,14,13,14,10,12,13,11,12,14,12,12,14,14,14,14,13,14,83320123,LaLiga,Villarreal
Thomas Lemar,M/AM RLC,29,143,165,"France,Guadeloupe",A. Madrid,16,15,15,12,15,15,6,13,2,7,16,14,6,16,9,12,10,13,12,12,14,16,10,14,8,14,16,15,14,15,12,6,11,14,13,10,85093001,LaLiga,A. Madrid
Nahuel Molina,D/WB R,27,143,162,Argentina,A. Madrid,12,14,13,11,13,11,8,12,13,12,14,6,13,14,13,13,14,13,14,12,15,13,11,16,12,13,14,15,15,15,12,8,15,15,14,12,14129337,LaLiga,A. Madrid
Joshua Zirkzee,ST C,24,143,160,"Netherlands,Nigeria",Manchester United,4,9,17,13,15,11,12,12,3,5,16,13,6,18,8,15,9,13,13,14,13,19,9,14,6,18,16,13,12,14,13,13,15,12,15,14,37060922,Premier League,Manchester United
Maximilian Beier,AM/ST RLC,22,143,160,Germany,Borussia Dortmund,8,9,13,14,12,8,13,12,14,7,11,13,8,13,12,14,13,12,10,11,16,13,11,14,7,13,11,16,16,16,11,13,17,17,15,10,91207281,Bundesliga,Borussia Dortmund
Rasmus Højlund,ST ,22,143,160,Denmark,Manchester United,6,11,13,14,13,7,10,11,7,6,12,12,7,12,14,13,11,14,12,11,14,12,7,12,7,14,10,16,15,13,16,15,13,17,15,15,27160181,Premier League,Manchester United
Gerónimo Rulli,GK ,33,143,159,"Argentina,Italy",Olympique de Marseille,3,1,3,3,7,1,5,1,1,2,13,2,2,13,8,13,15,12,13,11,11,2,11,2,13,14,10,11,11,15,9,14,17,10,12,12,14030119,Ligue 1,Olympique de Marseille
Ross Barkley,DM/M C,31,143,159,"England,Nigeria",Aston Villa,13,11,16,12,16,14,12,15,9,6,16,12,8,16,9,14,11,12,12,12,12,15,13,12,12,13,15,14,13,11,14,12,12,13,12,15,28058224,Premier League,Aston Villa
Mikkel Damsgaard,M/AM RLC,25,143,158,Denmark,Brentford,13,13,15,11,14,11,6,11,7,8,16,12,11,16,13,13,13,14,14,14,14,16,8,14,8,14,16,14,13,14,11,7,11,13,13,8,27128917,Premier League,Brentford
Reiss Nelson,M/AM RL,25,143,158,"England,Jamaica",Arsenal,12,12,15,11,14,12,6,13,8,5,13,10,6,15,12,12,11,13,11,12,11,16,5,14,5,11,13,12,17,16,14,7,14,15,13,9,28107919,Premier League,Arsenal
"Aimar(Atlético Pamplona,Spain,Pays Basque)",M/AM LC,23,143,156,"Spain,Pays Basque",Atlético Pamplona,11,13,14,12,15,12,7,11,6,6,15,16,11,16,10,12,13,15,13,15,14,16,13,11,11,15,15,14,13,14,12,8,10,13,14,11,67276375,LaLiga,Osasuna
Alex Iwobi,M/AM RLC,29,143,155,"Nigeria,England",Fulham,9,14,14,13,13,9,8,13,4,8,14,11,11,14,9,13,10,14,13,15,15,15,8,14,14,15,14,15,14,13,15,12,13,13,16,12,28084930,Premier League,Fulham
Eddie Nketiah,AM/ST LC,26,143,155,"England,Ghana",Crystal Palace,6,12,14,14,12,5,14,9,6,7,12,14,7,14,13,13,12,14,11,11,14,15,7,14,9,15,11,13,16,16,15,9,14,15,14,11,28106687,Premier League,Crystal Palace
James Ward-Prowse,DM/M/AM C,30,143,155,England,West Ham United,20,18,10,12,13,19,7,11,6,9,13,13,13,15,15,13,13,14,13,12,17,11,18,12,12,17,13,19,10,11,12,7,19,11,20,12,29076100,Premier League,West Ham United
"Ladislav Krejčí(Girona,Czechia)",D C,26,143,155,Czechia,Girona,7,9,12,11,12,9,15,14,8,14,14,14,14,12,15,14,16,14,15,12,16,11,16,8,12,14,10,17,13,12,15,15,12,13,16,15,25055083,LaLiga,Girona
Matteo Darmian,D/WB/M RLC,35,143,155,Italy,Blu-neri Milano,5,12,10,10,13,5,13,8,12,14,13,4,14,12,13,14,16,16,17,12,18,5,10,13,14,18,11,17,11,12,14,12,18,12,13,13,7990060,Serie A,Inter
Oumar Solet,D C,25,143,155,"France,Central African Republic",Udinese Calcio,4,6,13,6,13,6,13,10,4,15,13,6,14,13,15,15,15,14,12,11,11,12,12,11,16,13,12,14,13,13,15,16,14,13,13,16,49037684,Serie A,Udinese Calcio
Yangel Herrera,DM/M C,27,143,155,"Venezuela,Spain",Real San Sebastián,8,10,11,10,13,9,12,14,8,11,14,11,13,14,16,14,14,12,14,15,14,9,13,13,12,15,13,15,14,14,13,12,13,13,16,13,86047272,LaLiga,Real Sociedad
Carlos Soler,M/AM RC,28,143,154,Spain,Real San Sebastián,14,13,13,13,14,14,12,15,5,11,14,16,11,15,13,13,12,13,13,13,15,14,13,13,13,14,14,14,13,13,14,11,13,13,14,12,67196204,LaLiga,Real Sociedad
Donyell Malen,AM/ST RL,26,143,154,"Netherlands,Suriname",Aston Villa,12,11,15,15,13,11,12,13,6,6,12,13,6,14,11,14,9,13,10,11,11,14,7,13,6,11,12,10,16,16,13,8,12,16,12,12,37055844,Premier League,Aston Villa
Florian Thauvin,AM/ST RC,32,143,154,"France,Spain",RC Lens,14,15,16,15,16,14,11,14,4,5,16,14,6,17,10,13,12,14,13,12,13,16,8,14,6,13,15,12,14,14,13,11,8,12,12,8,85046587,Ligue 1,RC Lens
Santiago Giménez,ST ,24,143,154,"Mexico,Argentina,Italy",Casciavit Milano,8,9,13,16,11,8,15,14,9,7,13,15,8,13,11,16,13,14,15,14,14,13,12,14,7,14,13,14,12,13,16,12,13,13,15,14,51067947,Serie A,Milan
Alexandr Golovin,M/AM LC,29,143,152,Russia,AS Monaco,14,13,15,12,15,13,7,16,3,10,15,13,11,15,13,13,12,12,13,13,15,15,11,13,11,14,16,13,14,14,14,10,14,12,13,10,58104594,Ligue 1,AS Monaco
Đorđe Petrović,GK ,25,143,152,Serbia,AFC Bournemouth,7,1,2,2,11,9,3,1,3,3,11,3,2,10,5,14,13,14,13,13,11,2,12,2,15,13,12,12,11,13,13,16,12,15,13,14,62216198,Premier League,AFC Bournemouth
Logan Costa,D C,24,143,152,"Cape Verde Islands,France",Villarreal,7,10,9,6,12,5,16,8,8,16,12,6,14,11,14,13,14,12,13,12,14,6,8,10,16,14,11,13,12,14,13,15,14,13,14,16,49039003,LaLiga,Villarreal
Reinildo,D/WB LC,31,143,152,Mozambique,Sunderland,8,12,12,8,12,8,13,8,9,15,12,5,15,12,16,14,17,13,16,13,17,8,6,13,14,17,11,17,14,14,11,11,14,14,16,12,13160655,Premier League,Sunderland
Artem Dovbyk,ST ,28,143,150,Ukraine,Associazione Sportiva Roma,5,8,11,16,13,10,16,11,5,6,11,15,8,12,12,14,13,12,14,13,15,12,10,13,8,15,12,15,14,12,16,16,18,15,15,16,71099066,Serie A,Associazione Sportiva Roma
Borja Mayoral,ST ,28,143,150,Spain,Getafe,6,10,13,16,16,8,15,12,4,6,14,17,7,16,16,15,11,17,14,15,16,13,9,16,7,13,12,13,12,14,14,11,7,12,8,11,67211912,LaLiga,Getafe
Evann Guessand,ST R,24,143,150,"Ivory Coast,France",Aston Villa,7,10,13,15,14,6,14,13,4,5,14,12,7,14,12,13,14,12,13,13,15,14,7,14,10,14,13,15,15,14,14,14,15,14,15,15,49041006,Premier League,Aston Villa
Igor,D LC,27,143,150,Brazil,Brighton & Hove Albion,6,11,11,6,13,6,14,9,12,14,14,7,15,13,15,14,15,14,12,13,14,11,8,9,14,14,12,14,14,12,13,14,15,14,15,16,16199713,Premier League,Brighton & Hove Albion
Mats Wieffer,D/DM/M RC,25,143,150,Netherlands,Brighton & Hove Albion,11,7,11,6,13,11,13,12,7,12,13,10,15,13,14,14,15,14,14,14,15,10,16,12,12,16,14,16,13,12,15,15,14,13,15,11,37071145,Premier League,Brighton & Hove Albion
Niclas Füllkrug,ST ,32,143,150,Germany,West Ham United,4,8,12,14,13,12,15,12,6,7,13,19,8,13,15,15,16,15,14,13,16,12,15,14,7,16,13,16,12,11,16,16,12,12,14,16,92018043,Premier League,West Ham United
Igor Paixão,M/AM/ST RL,25,143,148,Brazil,Olympique de Marseille,11,12,14,13,13,10,8,11,8,6,12,13,6,13,11,12,13,13,12,12,13,15,8,14,6,12,9,13,16,14,12,6,15,16,14,7,19383256,Ligue 1,Olympique de Marseille
Julian Ryerson,D/WB RL,27,143,148,"Norway,United States",Borussia Dortmund,14,12,12,8,11,13,12,10,13,13,12,10,14,11,16,12,16,12,15,12,16,11,13,12,13,17,11,18,13,12,15,12,14,13,16,13,53113114,Bundesliga,Borussia Dortmund
Matty Cash,D/WB R,27,143,148,"Poland,England",Aston Villa,10,12,13,12,14,10,12,12,17,9,13,8,13,13,16,15,14,12,11,12,15,11,9,15,12,16,11,16,14,14,13,10,15,14,15,12,29147447,Premier League,Aston Villa
Maximilian Arnold,DM/M C,31,143,148,Germany,VfL Wolfsburg,16,14,11,10,15,17,8,16,6,12,15,13,12,14,17,13,13,15,13,13,16,10,16,10,13,16,14,17,12,11,14,11,17,12,17,12,91100466,Bundesliga,VfL Wolfsburg
Igor Zubeldia,D C,28,143,147,"Spain,Pays Basque",Real San Sebastián,9,11,12,12,12,12,13,12,8,14,14,12,14,14,15,15,13,12,13,14,12,9,11,11,14,16,12,15,12,13,13,11,13,12,15,15,67215898,LaLiga,Real Sociedad
Luca Ranieri,D LC,26,143,146,Italy,ACF Fiorentina,6,12,11,7,11,7,15,7,7,14,12,7,15,12,15,15,15,13,14,14,14,10,14,14,14,16,11,15,14,13,13,14,14,14,14,14,43270506,Serie A,ACF Fiorentina
Vanja Milinković-Savić,GK ,28,143,146,Serbia,Torino,3,1,3,3,11,4,9,2,1,3,10,3,3,8,11,12,13,10,14,13,16,8,14,7,11,10,9,10,13,13,12,17,11,12,13,12,62142830,Serie A,Torino
Frederik Rønnow,GK ,33,143,145,Denmark,1. FC Union Berlin,3,3,2,3,9,6,6,3,3,1,11,4,2,9,13,13,16,13,14,12,13,6,14,1,15,12,11,14,8,16,13,16,15,9,11,13,27014576,Bundesliga,1. FC Union Berlin
Pape Guèye,DM/M C,26,143,145,"Senegal,France",Villarreal,11,8,11,7,13,10,10,14,3,14,14,9,16,13,12,15,12,9,11,12,13,13,12,14,15,16,12,17,15,12,14,10,14,15,15,15,48043484,LaLiga,Villarreal
Rasmus Kristensen,D/WB RC,28,143,145,Denmark,Eintracht Frankfurt,6,13,12,9,11,6,13,12,16,13,11,12,15,11,16,15,17,11,13,13,17,10,14,13,13,16,11,18,13,11,15,16,16,14,15,15,27100968,Bundesliga,Eintracht Frankfurt
Tyrone Mings,D LC,32,143,145,"England,Barbados",Aston Villa,9,10,13,6,12,5,16,9,12,14,15,2,15,13,15,13,16,14,13,12,16,12,18,13,14,15,12,14,15,14,13,15,16,14,14,15,29074544,Premier League,Aston Villa
Ola Aina,D/WB RL,28,143,143,"Nigeria,England",Nottingham Forest,5,12,12,7,11,4,11,6,12,9,11,5,12,12,11,9,9,12,12,13,12,14,7,11,9,13,10,15,18,13,12,11,16,17,14,10,28090452,Premier League,Nottingham Forest
Endrick,ST R,19,142,-10,Brazil,R. Madrid,7,10,14,15,14,11,11,13,4,6,13,11,6,15,16,13,15,14,12,12,13,17,8,14,6,11,13,13,16,14,14,7,18,15,14,15,2000220941,LaLiga,R. Madrid
Leny Yoro,D C,19,142,-95,France,Manchester United,5,5,12,6,14,5,15,9,5,13,13,10,13,13,12,14,13,14,13,13,16,11,10,8,14,13,12,13,16,14,13,15,12,15,14,13,2000182819,Premier League,Manchester United
Mario Götze,M/AM RLC,33,142,171,Germany,Eintracht Frankfurt,13,11,13,10,18,13,8,11,6,9,16,12,11,17,13,13,12,16,12,13,12,14,13,11,11,13,16,13,12,13,12,7,12,11,16,10,35017438,Bundesliga,Eintracht Frankfurt
Malo Gusto,D/WB R,22,142,-85,"France,Portugal,Martinique",Chelsea,6,15,10,6,12,6,10,9,10,12,12,6,13,13,13,12,14,12,9,14,14,12,8,14,11,17,11,17,17,14,12,10,15,16,15,12,49056280,Premier League,Chelsea
Álvaro Morata,ST ,32,142,166,Spain,Casciavit Milano,5,11,13,15,15,9,14,14,7,6,14,15,9,16,14,15,12,14,13,16,15,13,14,14,9,17,13,16,10,11,12,14,13,14,13,15,67117360,Serie A,Milan
Ben Chilwell,D/WB L,28,142,165,"England,New Zealand",RC Strasbourg Alsace,13,14,13,7,15,11,13,7,11,13,13,11,13,13,12,14,13,14,13,14,14,11,12,11,14,14,12,15,14,11,15,11,14,13,14,13,29128536,Ligue 1,RC Strasbourg Alsace
Beraldo,D C,21,142,165,"Brazil,Italy",Paris Saint-Germain,5,9,11,9,13,7,14,5,7,14,14,7,15,12,15,15,15,14,13,13,13,10,12,11,15,13,14,14,13,13,14,13,13,13,14,15,2000094252,Ligue 1,Paris Saint-Germain
César Azpilicueta,D/WB RLC,35,142,165,"Spain,Pays Basque",Sevilla,8,13,11,6,11,7,11,9,11,14,13,8,14,12,14,15,14,15,16,14,18,8,17,11,14,17,11,16,13,11,12,11,15,11,12,12,67033300,LaLiga,Sevilla
Pablo Fornals,M/AM C,29,142,165,Spain,Real Hispalis,13,12,13,11,14,13,8,13,7,12,15,9,13,16,15,14,14,13,12,12,15,15,13,13,13,15,14,17,12,14,12,9,14,12,15,12,67214613,LaLiga,Real Betis
Yves Bissouma,DM/M C,28,142,165,"Mali,Ivory Coast",Tottenham Hotspur,8,11,16,9,14,13,12,13,7,14,14,13,17,15,13,12,14,15,10,10,14,14,11,12,14,15,10,14,16,14,13,12,14,14,16,15,13174979,Premier League,Tottenham Hotspur
Javi Guerra,DM/M/AM RLC,22,142,163,Spain,Valencia,12,12,14,13,14,11,9,14,8,9,13,13,9,16,11,12,11,12,12,12,15,14,12,13,11,13,14,15,13,13,12,13,14,13,14,11,2000034344,LaLiga,Valencia
Santiago Castro,ST ,20,142,163,"Argentina,Italy",Bologna FC 1909,9,13,13,13,13,10,14,16,7,8,14,12,10,14,18,16,16,12,14,13,18,14,12,15,10,14,14,18,14,13,16,14,13,14,14,14,14236223,Serie A,Bologna FC 1909
Johan Bakayoko,M/AM RL,22,142,160,"Belgium,Ivory Coast",RB Leipzig,13,12,17,11,14,14,9,13,8,4,12,13,5,14,8,12,15,12,9,12,12,17,5,13,5,11,11,13,16,15,13,10,14,16,14,11,18111484,Bundesliga,RB Leipzig
"Kevin(Fulham,Brazil)",AM RL,22,142,160,Brazil,Fulham,12,12,16,14,15,11,9,11,5,6,13,12,7,16,10,13,11,13,8,12,14,18,9,15,8,11,12,12,17,16,14,8,12,15,13,11,2000031901,Premier League,Fulham
Lutsharel Geertruida,D/WB/DM RLC,25,142,160,"Netherlands,Curaçao",RB Leipzig,8,11,12,8,13,8,14,9,13,13,14,12,13,13,12,13,14,14,13,12,15,10,14,12,13,16,13,15,13,13,15,13,14,13,14,14,37064720,Bundesliga,RB Leipzig
Victor Boniface,AM/ST C,24,142,160,Nigeria,Bayer 04 Leverkusen,4,8,17,13,15,10,14,13,7,6,13,15,6,16,13,14,13,12,12,13,16,17,10,13,6,11,13,10,12,16,16,15,7,13,11,17,53174131,Bundesliga,Bayer 04 Leverkusen
Kevin Schade,AM/ST RLC,23,142,159,Germany,Brentford,9,12,13,13,13,7,13,11,14,5,12,11,7,14,12,12,11,11,12,12,13,14,6,13,6,11,11,13,16,13,11,15,12,16,13,10,91208050,Premier League,Brentford
Álex Moreno,D/WB L,32,142,156,Spain,Girona,10,14,14,11,13,8,10,9,12,11,13,9,13,13,9,13,12,11,11,11,12,13,9,14,13,14,12,14,16,15,12,9,14,16,15,11,67153373,LaLiga,Girona
Douglas Luiz,DM/M C,27,142,156,Brazil,Juventus,16,13,13,13,14,12,12,13,9,13,14,15,14,15,13,14,12,16,12,13,13,15,13,14,13,14,14,13,12,12,14,11,15,12,13,13,19302456,Serie A,Juventus
Maghnes Akliouche,M/AM RLC,23,142,156,"France,Algeria",AS Monaco,12,13,15,11,16,11,7,10,5,6,15,12,7,16,14,12,12,13,14,13,15,16,10,13,8,13,15,14,14,16,12,8,13,13,14,8,49055037,Ligue 1,AS Monaco
Maxence Lacroix,D C,25,142,156,"France,Guadeloupe",Crystal Palace,3,7,11,7,12,3,15,6,7,15,12,6,14,12,16,15,16,12,12,13,16,12,13,8,14,12,12,14,15,12,14,15,15,17,12,15,49038271,Premier League,Crystal Palace
"David López(Girona,Spain)",D C,35,142,155,Spain,Girona,7,8,10,8,13,9,14,10,9,14,13,9,14,13,13,14,15,14,14,15,11,7,15,10,15,18,12,16,11,11,12,13,12,11,14,13,67155094,LaLiga,Girona
Lorenzo Pellegrini,M/AM C,29,142,155,Italy,Associazione Sportiva Roma,15,13,14,12,15,15,9,13,4,6,15,13,12,16,13,15,13,11,10,12,14,15,13,15,9,14,15,14,13,14,11,10,16,12,13,10,43094100,Serie A,Associazione Sportiva Roma
Nathan Collins,D C,24,142,155,Republic of Ireland,Brentford,4,8,11,7,12,7,15,6,9,14,13,5,15,13,14,14,17,15,14,13,15,7,16,7,14,15,13,15,13,11,14,15,15,14,14,15,28117372,Premier League,Brentford
Nicolò Savona,D/WB RC,22,142,155,Italy,Nottingham Forest,8,13,13,10,14,7,13,11,14,14,13,5,13,13,12,15,13,14,13,13,9,5,9,15,14,15,13,16,14,14,13,13,15,14,14,14,43617691,Premier League,Nottingham Forest
Strahinja Pavlović,D C,24,142,155,Serbia,Casciavit Milano,5,5,9,8,11,7,16,9,13,14,11,8,16,10,16,14,15,12,13,12,16,5,13,9,14,16,9,14,10,11,13,17,15,13,15,17,62220026,Serie A,Milan
Tammy Abraham,ST ,27,142,155,"England,Nigeria",Associazione Sportiva Roma,5,9,13,14,14,10,15,11,7,6,13,14,8,14,14,13,14,12,13,12,16,13,12,15,8,16,12,14,13,13,14,16,13,14,13,15,28097985,Serie A,Associazione Sportiva Roma
Leo Román,GK ,25,142,153,Spain,Mallorca,5,3,1,3,6,7,1,3,2,1,16,2,1,10,6,13,14,12,14,12,9,2,7,2,13,13,12,12,10,15,13,14,13,12,12,12,2000028428,LaLiga,Mallorca
Malick Thiaw,D C,23,142,153,"Germany,Finland,Senegal",Newcastle United,5,8,9,7,12,4,14,7,14,15,12,9,15,12,15,14,12,12,13,13,16,7,12,8,14,14,12,13,11,12,14,16,15,14,14,16,91206164,Premier League,Newcastle United
Mario Hermoso,D LC,30,142,153,Spain,Associazione Sportiva Roma,6,11,12,7,12,7,14,7,14,14,14,7,15,13,16,14,15,13,13,13,15,10,13,11,15,15,13,16,13,12,14,14,13,14,14,14,67196188,Serie A,Associazione Sportiva Roma
Melvin Bard,D/WB LC,24,142,153,France,OGC Nice,7,15,13,12,13,7,12,10,10,14,14,5,15,13,13,14,17,12,13,12,15,14,13,13,14,15,14,15,14,13,13,11,16,14,15,13,49041157,Ligue 1,OGC Nice
"Wesley(Associazione Sportiva Roma,Brazil)",D/WB R,21,142,153,Brazil,Associazione Sportiva Roma,9,14,15,9,14,8,9,9,14,12,13,10,13,14,12,13,13,12,10,12,14,14,9,14,13,14,12,14,15,14,12,9,15,15,16,11,2000083915,Serie A,Associazione Sportiva Roma
Carlos Vicente,M/AM R,26,142,152,Spain,Alavés,13,13,13,11,12,8,10,10,8,8,10,8,10,13,13,13,13,12,12,13,15,13,14,15,9,13,14,15,15,14,12,9,15,15,15,12,67258842,LaLiga,Alavés
Djed Spence,D/WB RL,24,142,152,"England,Kenya,Jamaica",Tottenham Hotspur,6,12,10,11,10,6,7,7,10,13,10,6,15,10,11,15,11,14,14,11,10,13,7,13,12,12,11,12,17,14,12,12,13,15,16,13,29178504,Premier League,Tottenham Hotspur
Jamie Leweling,AM RL,24,142,152,"Germany,Ghana,France",VfB Stuttgart,8,12,15,10,12,8,10,11,8,9,11,12,11,12,13,12,13,11,10,11,14,15,8,13,9,15,12,16,15,12,12,12,14,16,14,14,92103754,Bundesliga,VfB Stuttgart
Lorenzo Lucca,ST ,24,142,151,Italy,Udinese Calcio,4,8,11,15,11,12,18,13,8,6,11,14,7,13,15,15,14,13,12,14,18,12,10,14,7,11,11,12,12,12,16,18,13,14,15,17,43409366,Serie A,Udinese Calcio
Aaron Wan-Bissaka,D R,27,142,150,"Democratic Republic of Congo,England",West Ham United,5,11,13,7,12,4,8,5,8,12,11,5,19,11,15,12,17,12,12,12,10,12,6,12,13,16,6,13,17,18,15,10,15,15,15,13,28100123,Premier League,West Ham United
Amine Gouiri,AM/ST L,25,142,150,"Algeria,France",Olympique de Marseille,8,12,15,15,15,13,11,15,4,4,13,14,4,15,13,14,14,14,13,14,16,16,10,15,8,15,14,14,15,14,14,13,14,14,13,13,48044735,Ligue 1,Olympique de Marseille
Antonio Sivera,GK ,28,142,150,Spain,Alavés,3,2,2,3,4,5,1,1,3,2,14,3,2,8,13,13,13,13,14,14,14,3,14,3,13,13,12,12,11,13,10,12,15,14,13,10,67186869,LaLiga,Alavés
Christoph Baumgartner,M/AM RLC,26,142,150,Austria,RB Leipzig,12,11,14,12,14,12,14,13,12,10,13,14,12,15,16,16,16,13,12,12,17,14,14,16,10,16,12,17,14,15,12,12,15,13,15,11,16184707,Bundesliga,RB Leipzig
David Soria,GK ,32,142,150,Spain,Getafe,6,2,3,3,7,10,4,3,1,3,8,2,1,5,11,15,13,12,14,15,13,9,11,11,15,13,8,14,9,12,13,16,11,9,11,16,67011248,LaLiga,Getafe
Kamil Grabara,GK ,26,142,150,Poland,VfL Wolfsburg,3,2,4,3,8,8,8,2,2,2,8,1,1,8,17,14,17,12,13,13,18,5,15,2,14,12,9,16,8,16,12,17,12,9,11,13,96085886,Bundesliga,VfL Wolfsburg
Kevin Kampl,DM/M C,34,142,150,"Slovenia,Germany",RB Leipzig,12,11,12,8,15,12,6,12,6,12,16,12,12,15,16,14,13,16,14,14,15,13,14,11,13,18,15,16,12,14,12,7,16,11,16,10,91005023,Bundesliga,RB Leipzig
Matthias Ginter,D C,31,142,150,Germany,Sport-Club Freiburg,3,10,10,7,12,8,16,8,13,15,14,12,13,12,12,15,15,16,14,13,13,8,15,10,15,16,13,12,11,10,15,16,16,12,12,15,91107789,Bundesliga,Sport-Club Freiburg
Nordi Mukiele,D/WB RC,27,142,150,"France,Democratic Republic of Congo",Sunderland,6,12,12,7,13,6,13,8,13,14,13,8,15,13,16,15,16,12,12,12,15,10,11,12,13,15,12,16,14,12,15,15,14,15,14,15,48034615,Premier League,Sunderland
Davide Zappacosta,D/WB/M RL,33,142,149,Italy,Bergamo,10,14,12,11,13,7,9,12,11,13,13,7,14,13,11,13,13,13,15,13,15,11,7,13,14,16,11,15,15,11,12,12,15,13,14,11,43061433,Serie A,Atalanta
Aleix García,DM/M C,28,142,148,Spain,Bayer 04 Leverkusen,16,15,13,9,15,16,6,13,6,11,16,12,11,16,13,13,12,14,13,14,14,12,13,12,12,15,16,14,12,13,14,7,14,12,14,11,67190888,Bundesliga,Bayer 04 Leverkusen
Anton Stach,D/DM/M C,26,142,148,Germany,Leeds United,13,11,12,8,12,13,12,11,7,12,13,12,16,12,16,16,16,12,12,12,17,12,13,10,13,16,12,17,12,11,14,16,15,14,16,16,91194540,Premier League,Leeds United
Jaka Bijol,D C,26,142,148,Slovenia,Leeds United,4,7,7,9,12,6,18,9,9,14,11,7,14,11,12,15,13,14,15,14,15,7,14,8,14,15,8,14,12,10,16,16,17,13,13,16,62215974,Premier League,Leeds United
Lucas Perri,GK ,27,142,148,"Brazil,Italy",Leeds United,4,3,5,2,10,8,9,3,2,2,10,2,1,10,13,14,12,12,14,12,14,5,8,10,15,12,12,14,11,13,13,18,16,11,13,15,19226197,Premier League,Leeds United
Timothy Weah,WB/M/AM RL,25,142,148,"United States,France,Liberia",Juventus,9,11,13,13,13,8,12,13,12,9,12,11,10,12,10,11,11,11,11,12,11,14,8,13,10,12,11,13,16,15,13,12,14,15,12,11,48042432,Serie A,Juventus
Caio Henrique,D/WB L,28,142,147,"Brazil,Spain",AS Monaco,16,16,13,10,14,15,8,13,12,11,14,12,14,14,14,14,12,13,12,13,13,14,8,14,11,13,14,13,15,14,11,8,16,15,14,11,19258927,Ligue 1,AS Monaco
Philipp Lienhart,D C,29,142,147,Austria,Sport-Club Freiburg,3,8,11,6,12,4,16,6,17,14,13,7,13,12,12,15,13,15,15,13,13,8,14,9,15,16,11,12,12,11,15,16,12,14,13,14,16130398,Bundesliga,Sport-Club Freiburg
Valentin Rongier,DM/M C,30,142,147,France,Stade Rennais FC,11,10,13,9,14,11,8,9,4,14,15,10,15,13,13,15,15,14,15,14,15,12,14,14,14,16,14,16,12,13,15,8,15,13,15,13,85085142,Ligue 1,Stade Rennais FC
Aritz Elustondo,D RC,31,142,145,"Spain,Pays Basque",Real San Sebastián,4,13,10,11,12,7,15,12,9,14,13,6,15,13,13,14,16,13,15,14,16,4,17,9,14,16,13,15,12,12,12,13,12,14,15,14,67190072,LaLiga,Real Sociedad
Ermedin Demirović,ST L,27,142,145,"Bosnia and Herzegovina,Germany",VfB Stuttgart,6,9,13,15,13,8,14,11,6,8,11,11,9,13,15,13,16,15,13,13,14,15,15,14,8,16,12,16,13,12,13,14,15,14,16,14,91158071,Bundesliga,VfB Stuttgart
Jhon Arias,AM RLC,27,142,145,Colombia,Wolverhampton Wanderers,13,14,15,13,14,13,8,11,11,6,15,17,9,16,6,13,8,13,13,14,12,14,10,15,9,14,15,14,13,13,13,8,15,13,14,11,76053760,Premier League,Wolverhampton Wanderers
Kevin Stöger,M/AM C,31,142,145,Austria,Borussia Mönchengladbach,17,16,12,10,16,16,6,12,6,10,16,17,13,16,16,13,16,16,12,13,15,15,16,12,10,13,16,16,11,13,12,7,16,10,16,10,92012093,Bundesliga,Borussia Mönchengladbach
Mathias Jensen,DM/M C,29,142,145,Denmark,Brentford,13,13,13,10,14,12,9,11,17,9,14,11,13,14,9,14,13,14,14,14,14,14,13,13,12,14,16,15,12,12,12,10,13,12,13,12,27088231,Premier League,Brentford
Vincenzo Grifo,M/AM LC,32,142,145,"Italy,Germany",Sport-Club Freiburg,18,16,13,12,16,18,7,16,7,8,16,16,8,16,11,13,10,16,12,14,11,16,15,12,8,12,16,11,13,14,12,8,18,13,15,11,91105243,Bundesliga,Sport-Club Freiburg
Augusto Batalla,GK ,29,142,142,Argentina,Vallecano,3,2,3,1,12,1,1,2,3,2,14,2,1,9,14,11,14,11,14,12,14,8,16,3,14,15,10,13,10,14,15,11,12,9,13,13,14059327,LaLiga,Rayo Vallecano
Pathé Ciss,DM/M C,31,142,142,Senegal,Vallecano,7,7,13,9,15,7,14,11,7,14,15,8,15,12,14,15,12,14,11,12,10,12,8,7,15,15,14,13,13,14,12,15,18,14,16,16,13181623,LaLiga,Rayo Vallecano
Jorrel Hato,D/WB LC,19,141,-9,"Netherlands,Curaçao,Cape Verde Islands",Chelsea,8,12,10,7,13,10,12,10,12,13,12,7,13,14,8,11,14,12,12,13,14,12,15,11,14,16,11,13,14,15,15,12,15,14,14,13,2000105654,Premier League,Chelsea
Liam Delap,AM/ST R,22,141,175,"England,Republic of Ireland",Chelsea,4,8,14,13,13,8,10,11,10,6,12,15,8,13,17,13,15,13,11,11,16,14,7,14,7,13,9,15,16,14,13,13,14,17,13,16,28126247,Premier League,Chelsea
Aaron Hickey,D/WB RL,23,141,165,Scotland,Brentford,11,13,14,9,12,9,11,13,11,12,12,8,12,13,12,13,15,12,12,12,15,13,8,12,13,15,13,14,14,14,11,11,13,14,13,11,61089387,Premier League,Brentford
Alberto Moleiro,M/AM LC,21,141,165,"Spain,Cuba",Villarreal,12,14,17,14,16,10,7,11,12,7,16,8,6,16,10,11,12,12,12,12,14,16,11,14,7,12,16,13,14,16,12,6,13,13,13,7,2000028320,LaLiga,Villarreal
Harvey Barnes,M/AM RLC,27,141,165,"England,Scotland",Newcastle United,11,14,15,14,14,11,8,14,7,6,11,8,7,14,9,12,11,13,12,12,12,15,7,12,4,12,13,12,15,15,13,10,13,15,13,12,28100207,Premier League,Newcastle United
"Pedro(Capitolini Celesti,Spain)",AM RLC,38,141,165,Spain,Capitolini Celesti,12,12,15,15,16,8,3,14,3,4,13,13,9,16,17,16,14,15,11,15,20,20,13,17,5,13,15,13,14,14,16,6,20,12,7,6,1510305,Serie A,Lazio
Pedro Neto,AM RLC,25,141,164,Portugal,Chelsea,13,14,18,13,13,11,7,13,3,5,13,10,5,16,11,9,11,12,10,12,15,16,7,13,6,11,11,16,16,15,11,7,14,16,12,7,29179717,Premier League,Chelsea
Radu Drăguşin,D RC,23,141,164,Romania,Tottenham Hotspur,6,12,10,6,14,6,16,6,10,15,13,6,15,13,14,13,13,11,12,11,14,10,12,9,15,11,10,12,14,13,14,15,14,14,15,17,57178516,Premier League,Tottenham Hotspur
Ez Abde,M/AM/ST RL,23,141,161,"Morocco,Spain",Real Hispalis,10,12,16,9,14,10,8,13,7,5,11,9,6,15,11,10,12,10,9,11,12,16,9,11,7,10,10,10,16,15,12,8,15,16,13,9,2000054872,LaLiga,Real Betis
Iago Aspas,AM/ST RC,38,141,160,Spain,Vigo,12,12,15,16,15,15,13,15,6,5,15,16,6,16,12,16,16,16,15,16,15,17,19,17,8,18,15,16,11,11,15,11,17,11,8,7,67010455,LaLiga,Celta
Olivier Giroud,ST ,38,141,160,France,LOSC Lille,5,7,11,16,14,11,18,11,8,8,12,17,8,13,14,16,17,16,17,15,20,13,16,16,8,18,13,12,9,12,18,18,16,10,11,16,34000647,Ligue 1,LOSC Lille
Pablo Torre,M/AM LC,22,141,160,Spain,Mallorca,16,16,15,11,16,16,6,12,6,6,16,14,9,16,12,12,13,12,12,14,14,16,10,13,8,13,16,12,12,15,12,6,13,12,13,9,2000040347,LaLiga,Mallorca
Juanlu,D/WB/M/AM RC,21,141,159,Spain,Sevilla,11,13,14,8,13,10,12,10,10,12,13,8,14,12,13,13,12,13,14,13,14,11,12,14,12,14,12,15,13,12,11,13,15,14,14,12,2000027530,LaLiga,Sevilla
James Milner,WB/DM/M RLC,39,141,157,England,Brighton & Hove Albion,13,12,10,11,15,9,9,7,13,13,14,16,13,14,15,13,17,14,14,13,19,9,17,12,13,18,12,17,11,10,13,8,19,10,17,15,5106363,Premier League,Brighton & Hove Albion
Rafa Marín,D C,23,141,157,Spain,Parthenope,6,7,10,9,11,8,16,7,14,15,11,10,15,12,13,14,15,13,13,12,15,4,12,6,15,13,9,14,13,12,12,16,14,14,14,15,2000051886,Serie A,Napoli
Eric Dier,D C,31,141,156,"England,Portugal",AS Monaco,3,9,10,7,13,13,16,10,8,14,13,13,13,13,16,13,17,13,13,13,16,7,16,9,15,17,12,16,10,10,16,16,15,11,13,16,55032265,Ligue 1,AS Monaco
Sepp van den Berg,D RC,23,141,156,Netherlands,Brentford,5,9,10,8,12,5,14,6,12,14,13,6,14,13,15,14,16,14,13,13,16,8,12,9,14,13,13,16,13,12,14,16,12,15,13,14,37074900,Premier League,Brentford
Lazar Samardžić,M/AM C,23,141,155,"Serbia,Germany",Bergamo,15,14,16,14,16,15,6,15,6,6,15,13,8,17,13,11,12,14,10,14,13,16,8,14,8,9,14,11,13,15,14,11,13,12,12,12,91182849,Serie A,Atalanta
Leon Bailey,M/AM RLC,27,141,155,Jamaica,Aston Villa,13,14,14,14,13,10,7,14,9,4,13,12,7,14,13,16,12,10,10,9,15,17,8,13,8,11,13,12,16,16,10,11,14,17,13,9,18083491,Premier League,Aston Villa
Enzo Barrenechea,DM/M C,24,141,154,Argentina,Aston Villa,8,10,12,7,15,8,12,9,5,13,15,12,15,15,14,14,13,17,15,13,14,12,11,10,14,18,14,15,10,13,13,14,14,12,13,13,14217325,Premier League,Aston Villa
Adrien Truffert,D L,23,141,153,France,AFC Bournemouth,8,16,13,12,14,5,9,12,6,13,14,5,15,13,13,13,14,12,13,14,12,13,9,14,14,14,13,14,14,14,15,8,12,15,15,12,49050736,Premier League,AFC Bournemouth
Antonio Blanco,DM/M C,25,141,153,Spain,Alavés,9,10,10,8,13,11,13,10,11,12,14,12,14,14,11,14,12,15,14,15,17,9,15,14,15,16,13,15,13,13,12,8,13,12,14,11,67256515,LaLiga,Alavés
Dango Ouattara,AM RL,23,141,152,Burkina Faso,Brentford,8,12,14,13,11,12,8,10,5,10,13,9,10,14,8,13,8,13,11,11,13,13,7,13,9,14,13,15,15,16,12,9,15,15,13,9,12091814,Premier League,Brentford
Idrissa Gueye,DM/M C,35,141,152,Senegal,Everton,8,9,10,6,13,9,11,11,9,14,11,8,18,13,14,15,17,13,14,13,16,8,12,9,14,17,12,16,13,14,12,8,15,13,16,13,85032335,Premier League,Everton
Keane Lewis-Potter,D/WB/AM RL,24,141,151,England,Brentford,9,14,14,12,13,10,10,12,9,7,13,12,13,13,12,13,13,14,13,14,17,13,9,13,10,13,13,15,14,14,11,10,14,14,14,11,28113414,Premier League,Brentford
Rubén García,AM RLC,32,141,150,Spain,Atlético Pamplona,15,15,14,12,14,15,7,13,4,5,14,13,9,15,12,12,14,14,14,14,15,16,7,15,6,14,15,14,14,14,13,6,12,13,13,10,67155012,LaLiga,Osasuna
Albert Guðmundsson,AM/ST RLC,28,141,149,Iceland,ACF Fiorentina,14,16,17,15,16,15,8,14,4,4,14,16,4,17,11,10,8,13,8,11,14,17,4,12,8,12,15,8,16,15,11,7,14,14,12,10,37050603,Serie A,ACF Fiorentina
Vanderson,D/WB/M R,24,141,148,Brazil,AS Monaco,9,15,14,10,14,12,10,9,8,10,14,9,13,14,13,13,15,14,12,13,15,13,8,15,11,15,14,13,15,15,13,8,16,15,15,11,19409448,Ligue 1,AS Monaco
Jason Steele,GK ,34,141,145,England,Brighton & Hove Albion,2,3,1,3,12,6,2,3,2,3,16,3,2,13,9,11,13,17,12,14,14,3,14,4,13,15,15,14,12,13,10,14,10,12,13,11,5108155,Premier League,Brighton & Hove Albion
Lloyd Kelly,D LC,26,141,145,England,Juventus,5,11,10,8,12,5,14,7,12,13,14,7,14,12,11,14,14,15,14,14,13,6,12,10,13,14,10,14,14,14,14,14,11,14,15,14,29158244,Serie A,Juventus
Marc Bartra,D C,34,141,145,Spain,Real Hispalis,7,8,11,8,12,7,14,12,12,14,11,9,15,13,13,17,15,13,13,14,14,8,14,7,15,14,12,15,12,12,13,12,14,14,13,12,67063004,LaLiga,Real Betis
Matvey Safonov,GK ,26,141,145,Russia,Paris Saint-Germain,6,1,1,2,10,7,1,2,2,2,10,6,2,9,13,13,13,16,14,13,13,8,13,2,14,13,12,12,11,14,12,16,12,12,12,15,58123738,Ligue 1,Paris Saint-Germain
Stole Dimitrievski,GK ,31,141,145,"North Macedonia,Spain",Valencia,6,1,2,1,9,8,2,3,3,2,10,3,1,9,8,14,16,12,14,12,15,1,12,3,14,9,11,12,12,12,12,14,10,11,11,13,47022611,LaLiga,Valencia
Benjamin André,DM/M C,35,141,143,France,LOSC Lille,10,12,11,8,14,9,13,13,8,11,13,8,14,14,13,15,15,14,15,13,15,13,13,11,12,16,14,14,14,14,14,12,14,13,16,13,85028361,Ligue 1,LOSC Lille
Mark Flekken,GK ,32,141,142,Netherlands,Bayer 04 Leverkusen,3,2,2,2,13,1,4,2,2,3,13,4,1,13,11,13,14,14,12,13,16,6,15,7,14,12,12,12,8,14,13,17,13,9,11,15,92056834,Bundesliga,Bayer 04 Leverkusen
Gorka Guruzeta,AM/ST RL,28,141,141,"Spain,Pays Basque",A. Bilbao,7,9,13,16,13,7,16,8,7,8,12,14,8,13,12,13,14,15,12,9,13,10,9,15,16,12,12,15,13,13,7,13,11,13,15,13,67200930,LaLiga,A. Bilbao
Harry Wilson,AM RLC,28,141,141,Wales,Fulham,14,16,16,15,16,15,5,16,3,7,15,14,9,16,11,12,12,13,9,12,15,15,12,12,8,13,15,13,14,14,14,6,12,14,12,8,28094949,Premier League,Fulham
Ethan Nwaneri,M/AM RLC,18,140,-95,"England,Nigeria",Arsenal,12,12,15,13,14,9,7,14,1,5,14,7,8,15,11,13,10,14,10,12,15,16,7,15,7,13,14,13,16,15,13,8,14,14,13,10,2000283271,Premier League,Arsenal
Lucas Bergvall,M/AM C,19,140,181,Sweden,Tottenham Hotspur,16,8,14,8,17,16,10,9,15,10,18,8,7,17,12,11,11,16,12,12,18,13,10,13,7,14,16,14,16,14,7,11,12,13,14,15,2000169739,Premier League,Tottenham Hotspur
Assane Diao,AM/ST RL,19,140,-9,"Senegal,Spain",Como 1907,5,10,14,15,13,6,11,10,4,4,12,9,8,13,12,9,11,15,12,11,14,12,7,16,6,12,10,13,17,15,14,13,15,15,13,12,2000210791,Serie A,Como 1907
Roméo Lavia,DM/M C,21,140,-9,"Belgium,Ghana",Chelsea,5,7,13,8,15,11,7,11,5,10,14,5,14,15,15,14,12,15,12,13,16,14,12,14,11,16,14,16,14,14,15,9,14,15,14,15,18115012,Premier League,Chelsea
Abdukodir Khusanov,D RC,21,140,173,Uzbekistan,Manchester City,5,7,8,7,12,6,12,8,11,13,13,9,15,12,16,13,12,13,14,12,13,7,12,12,14,12,12,14,17,11,14,14,15,16,14,15,2000168014,Premier League,Manchester City
Mateus Fernandes,M/AM C,21,140,172,Portugal,West Ham United,14,11,14,10,15,13,9,10,6,10,15,8,14,16,13,14,11,15,16,14,15,14,11,13,11,16,15,16,12,13,14,8,15,12,14,12,83320124,Premier League,West Ham United
Pierre-Emerick Aubameyang,ST R,36,140,170,"Gabon,France",Olympique de Marseille,5,10,15,16,14,11,14,14,2,6,12,15,7,16,10,15,12,15,12,12,11,17,14,17,8,12,12,9,12,12,14,14,17,12,12,14,43017197,Ligue 1,Olympique de Marseille
Bart Verbruggen,GK ,22,140,165,Netherlands,Brighton & Hove Albion,9,12,11,1,13,11,6,1,1,2,16,5,2,14,13,11,13,15,11,12,14,12,12,1,12,14,14,12,12,14,12,16,9,12,12,10,37076355,Premier League,Brighton & Hove Albion
Brajan Gruda,AM RLC,21,140,165,"Germany,Albania",Brighton & Hove Albion,14,14,17,11,15,13,11,12,16,7,13,13,8,16,13,12,11,12,10,11,16,17,10,11,7,12,13,12,15,16,14,9,12,14,13,10,2000180822,Premier League,Brighton & Hove Albion
Lewis Hall,D/WB L,20,140,165,England,Newcastle United,11,15,13,10,13,13,10,11,10,12,13,15,14,13,10,13,14,15,13,13,15,11,10,11,12,13,13,15,14,13,13,9,13,14,14,12,2000108691,Premier League,Newcastle United
Omar El Hilali,D/WB RC,21,140,165,"Morocco,Spain",Espanyol,7,12,11,8,10,7,10,9,13,14,12,8,14,11,16,15,14,14,15,14,14,10,11,14,14,13,12,13,14,13,14,11,12,13,14,13,2000049425,LaLiga,Espanyol
Santi Cazorla,M/AM RLC,40,140,165,Spain,Oviedo,15,12,15,12,16,15,4,14,4,8,17,16,8,18,9,15,9,15,12,15,15,17,15,14,9,15,17,12,10,12,12,5,14,10,10,8,7456688,LaLiga,Oviedo
"André(Wolverhampton Wanderers,Brazil)",DM/M C,24,140,163,Brazil,Wolverhampton Wanderers,8,9,13,10,14,9,11,11,9,14,14,10,14,13,13,14,13,15,13,14,14,12,13,13,15,14,14,14,13,13,14,8,14,13,14,13,19375640,Premier League,Wolverhampton Wanderers
Guido Rodríguez,DM/M C,31,140,162,"Argentina,Italy",West Ham United,8,9,12,8,15,7,12,10,8,14,13,8,16,12,12,16,13,12,13,13,16,10,12,13,18,17,12,15,11,11,15,12,13,11,14,13,14043255,Premier League,West Ham United
"Koke(A. Madrid,Spain,DM/M C)",DM/M C,33,140,162,Spain,A. Madrid,14,14,13,11,14,14,8,12,6,12,16,10,13,14,13,15,15,16,15,15,16,10,18,11,15,18,15,15,10,10,14,8,14,9,10,11,67047092,LaLiga,A. Madrid
Lucas Paquetá,M/AM LC,27,140,161,"Brazil,Portugal",West Ham United,12,11,15,12,16,12,12,12,6,10,13,15,12,17,13,13,16,13,12,10,13,17,11,13,10,11,14,11,13,14,14,11,13,13,13,13,19226741,Premier League,West Ham United
Arnaut Danjuma,AM RL,28,140,160,"Netherlands,Nigeria",Valencia,11,13,16,12,16,12,10,11,10,6,12,8,7,16,11,12,13,12,13,11,14,16,4,14,6,11,12,11,17,14,13,10,13,16,11,9,37051305,LaLiga,Valencia
Jarell Quansah,D C,22,140,160,"England,Ghana,Scotland",Bayer 04 Leverkusen,3,8,13,7,13,6,15,10,8,14,14,7,15,13,14,14,16,14,12,13,14,8,12,9,14,14,12,15,14,12,15,16,14,14,12,15,28127161,Bundesliga,Bayer 04 Leverkusen
Sander Berge,DM/M/AM C,27,140,160,Norway,Fulham,9,11,13,10,13,9,9,11,6,11,15,12,14,14,12,14,10,13,14,15,14,11,11,13,13,13,14,12,13,13,14,12,14,13,14,13,53101282,Premier League,Fulham
Simon Adingra,AM RL,23,140,160,Ivory Coast,Sunderland,7,14,16,13,14,7,9,10,5,6,14,11,6,14,10,15,12,13,13,10,11,16,8,15,8,13,11,14,16,15,12,8,13,16,14,10,2000018781,Premier League,Sunderland
Crysencio Summerville,AM RL,23,140,156,"Netherlands,Suriname",West Ham United,11,12,16,14,13,10,5,13,2,4,11,11,5,13,7,13,9,13,8,11,13,15,5,12,4,10,11,12,18,17,14,5,11,16,13,5,37065567,Premier League,West Ham United
Kike Salas,D LC,23,140,156,Spain,Sevilla,6,10,10,7,13,6,15,8,7,14,13,5,13,12,12,14,13,14,13,14,14,9,12,9,14,14,11,13,13,13,13,15,16,14,14,14,2000165617,LaLiga,Sevilla
Thierno Barry,AM/ST RL,22,140,156,"France,Guinea",Everton,8,10,12,14,12,8,13,13,6,8,12,13,6,12,11,13,15,13,12,13,12,11,8,15,8,12,13,14,14,14,13,18,15,16,15,15,2000127926,Premier League,Everton
Daley Blind,D LC,35,140,155,Netherlands,Girona,12,12,8,8,15,10,13,8,10,14,16,11,13,14,12,16,14,17,15,15,17,10,16,14,15,17,16,16,11,10,14,11,17,11,13,12,37005632,LaLiga,Girona
Edson Álvarez,D/DM/M C,27,140,155,Mexico,West Ham United,5,7,8,11,14,6,12,8,9,15,13,11,15,13,19,13,16,13,15,12,13,12,14,13,14,16,14,16,12,12,15,15,15,12,16,12,51054011,Premier League,West Ham United
Emiliano Buendía,AM RLC,28,140,155,"Argentina,Spain",Aston Villa,14,13,15,10,15,13,12,12,12,8,15,12,12,16,16,12,16,13,10,13,16,18,12,12,8,13,16,16,13,15,12,10,14,13,13,10,67201783,Premier League,Aston Villa
Jean-Clair Todibo,D C,25,140,155,"France,French Guiana",West Ham United,3,5,12,8,13,4,14,8,7,15,14,5,15,13,14,15,15,14,14,11,15,11,11,7,14,14,12,12,14,12,13,14,17,15,14,16,48044499,Premier League,West Ham United
Nicolas Seiwald,DM/M C,24,140,155,Austria,RB Leipzig,13,11,11,7,12,13,11,12,12,12,13,12,16,12,16,16,16,12,13,12,16,11,14,11,13,17,12,18,12,12,13,12,18,14,16,13,16191724,Bundesliga,RB Leipzig
Ramón Terrats,DM/M/AM C,24,140,155,Spain,Villarreal,14,13,13,11,16,13,10,10,7,9,14,10,11,16,8,13,9,11,12,15,12,13,8,15,11,14,16,14,13,13,11,10,12,13,14,12,2000063225,LaLiga,Villarreal
"Raúl Jiménez(Fulham,Mexico)",ST ,34,140,155,Mexico,Fulham,8,11,13,14,12,12,13,13,6,8,13,18,9,14,16,13,13,17,14,12,16,9,8,14,10,15,11,16,13,12,14,15,13,13,12,13,51013463,Premier League,Fulham
"Yuri(A. Bilbao,Spain,Algeria,Pays Basque)",D/WB L,35,140,155,"Spain,Algeria,Pays Basque",A. Bilbao,12,14,12,8,12,12,13,14,14,14,13,9,15,14,15,13,14,11,14,13,15,10,10,14,15,13,11,14,13,12,15,13,17,13,13,14,67035000,LaLiga,A. Bilbao
Ethan Ampadu,D/DM/M C,24,140,154,"Wales,England,Republic of Ireland",Leeds United,6,9,10,6,12,6,12,5,12,14,13,7,15,11,12,15,16,15,14,14,15,7,15,9,14,15,12,14,13,11,15,13,13,13,13,13,29175064,Premier League,Leeds United
Nicolò Fagioli,DM/M C,24,140,154,Italy,ACF Fiorentina,12,13,13,11,15,12,7,13,5,9,15,12,12,16,15,14,12,12,12,14,13,15,7,13,11,14,15,12,13,16,12,9,15,13,13,12,43372948,Serie A,ACF Fiorentina
Santiago Mouriño,D RC,23,140,154,Uruguay,Villarreal,7,9,10,8,12,7,14,7,11,15,12,6,15,12,15,14,15,12,13,12,14,11,13,10,14,13,10,14,13,13,13,14,12,14,14,15,2000090622,LaLiga,Villarreal
Vitaly Janelt,DM/M C,27,140,153,Germany,Brentford,11,13,13,12,14,10,13,13,13,12,14,9,14,13,16,14,17,14,14,13,16,9,12,12,13,15,13,16,12,12,14,12,16,12,15,14,91143519,Premier League,Brentford
Christantus Uche,M/AM/ST C,22,140,152,Nigeria,Getafe,7,9,11,11,11,6,12,10,11,9,12,13,11,12,16,13,15,13,14,11,16,13,12,12,10,14,12,14,15,14,14,15,16,15,16,15,2000304487,LaLiga,Getafe
Daniel Svensson,D/WB LC,23,140,152,Sweden,Borussia Dortmund,14,13,12,8,13,13,11,10,13,12,13,12,12,13,10,12,12,12,13,12,13,12,8,13,12,16,12,16,13,12,12,11,18,13,18,12,93123163,Bundesliga,Borussia Dortmund
Luis Sinisterra,M/AM RL,26,140,152,Colombia,AFC Bournemouth,11,13,16,13,14,13,11,12,2,5,11,6,4,14,10,13,11,12,10,12,14,17,5,13,5,12,10,13,16,16,14,10,17,16,12,9,76047347,Premier League,AFC Bournemouth
Paul Nebel,M/AM RLC,22,140,152,"Germany,Republic of Ireland",1. FSV Mainz 05,13,13,13,12,14,13,6,12,10,8,13,12,11,15,14,12,12,12,11,12,15,16,10,12,8,13,12,16,13,16,12,6,18,13,17,8,91188358,Bundesliga,1. FSV Mainz 05
Stephan El Shaarawy,M/AM/ST LC,32,140,152,"Italy,Egypt,Venezuela",Associazione Sportiva Roma,12,13,14,13,16,11,6,13,4,6,14,12,8,17,9,14,10,12,14,13,14,15,5,16,10,13,13,13,14,14,11,7,10,14,13,8,43036636,Serie A,Associazione Sportiva Roma
Tiago Santos,D/WB/AM R,23,140,152,Portugal,LOSC Lille,7,14,16,8,14,8,10,13,11,11,14,10,15,15,8,12,8,12,10,13,13,17,12,12,8,14,14,16,16,15,13,7,14,15,13,5,83283239,Ligue 1,LOSC Lille
Julen Agirrezabala,GK ,24,140,151,"Spain,Pays Basque",A. Bilbao,3,2,2,2,13,7,3,3,2,1,12,2,3,12,7,15,12,13,16,14,13,2,6,3,16,13,12,11,13,13,7,15,15,14,6,13,67277830,LaLiga,A. Bilbao
Tyrick Mitchell,D/WB L,25,140,151,"England,Jamaica",Crystal Palace,7,12,12,7,11,7,11,8,11,12,12,7,17,12,15,13,13,13,14,12,13,10,8,13,15,16,13,15,15,15,15,9,16,15,14,13,28111507,Premier League,Crystal Palace
Amadou Haïdara,DM/M RC,27,140,150,Mali,RB Leipzig,11,11,13,8,14,11,11,12,8,12,14,10,15,15,15,14,16,13,12,13,16,14,12,13,12,16,13,16,13,14,13,11,12,12,16,13,16199711,Bundesliga,RB Leipzig
Amine Adli,AM RLC,25,140,150,"Morocco,France",AFC Bournemouth,12,11,15,12,13,12,12,11,6,7,12,12,8,14,13,13,12,12,11,11,14,16,7,13,7,13,12,14,16,16,12,10,12,15,12,10,49037698,Premier League,AFC Bournemouth
Gerard Martín,D/WB LC,23,140,150,Spain,Barcelona,7,13,11,7,13,7,13,12,12,13,12,7,14,12,14,13,14,13,13,13,16,9,8,12,14,14,12,15,14,13,14,13,16,14,16,15,2000101061,LaLiga,Barcelona
James Tarkowski,D C,32,140,150,"England,Poland",Everton,3,6,10,8,13,4,17,6,7,14,14,10,16,12,17,15,17,14,15,12,13,10,17,8,14,16,10,15,12,10,13,14,14,13,13,15,29055569,Premier League,Everton
Jørgen Strand Larsen,ST ,25,140,150,Norway,Wolverhampton Wanderers,5,6,13,14,12,6,14,12,6,8,13,12,5,14,10,14,14,13,14,13,12,14,8,16,8,15,13,15,12,14,15,16,13,14,13,16,53143395,Premier League,Wolverhampton Wanderers
Martin Terrier,M/AM/ST LC,28,140,150,France,Bayer 04 Leverkusen,12,12,13,13,15,12,13,15,6,7,13,13,8,15,11,16,13,13,12,13,15,12,12,16,8,12,13,15,13,13,13,14,10,14,13,13,48042204,Bundesliga,Bayer 04 Leverkusen
Juan Musso,GK ,31,140,149,"Argentina,Italy",A. Madrid,6,1,1,3,8,8,5,2,3,1,8,3,2,7,10,12,12,11,12,12,15,2,12,2,15,12,12,12,13,16,14,14,14,12,12,12,14048328,LaLiga,A. Madrid
Mouctar Diakhaby,D C,28,140,149,"Guinea,France",Valencia,6,12,12,7,11,6,16,6,6,14,13,10,14,10,14,13,15,14,12,13,16,8,13,8,14,14,13,15,13,12,14,16,15,13,16,15,48036643,LaLiga,Valencia
Nicola Zalewski,D/WB/M/AM RL,23,140,149,"Poland,Italy",Bergamo,11,12,14,10,14,9,5,9,4,9,13,10,11,14,12,11,13,11,10,11,14,14,4,14,11,13,12,14,15,14,12,6,13,15,13,8,43426126,Serie A,Atalanta
Alfonso Pedraza,D/WB/M/AM L,29,140,148,Spain,Villarreal,12,15,12,11,12,9,11,12,13,11,12,11,11,12,16,14,12,11,14,13,13,12,9,15,12,14,11,14,15,13,12,11,14,15,15,12,67212046,LaLiga,Villarreal
"João Mário(Juventus,Portugal)",D/WB/M RL,25,140,148,Portugal,Juventus,11,14,14,10,13,7,8,9,11,8,13,8,9,14,11,12,12,13,11,12,13,13,9,13,10,13,13,13,15,15,12,8,14,15,14,8,83174775,Serie A,Juventus
Kaishu Sano,DM/M C,24,140,148,Japan,1. FSV Mainz 05,6,8,13,7,12,6,13,8,10,12,12,10,14,12,15,16,16,12,16,13,17,12,10,11,13,17,12,18,14,13,16,12,18,15,17,14,45116977,Bundesliga,1. FSV Mainz 05
Kevin Trapp,GK ,35,140,148,Germany,Paris FC,3,1,3,3,8,6,7,3,3,1,9,3,1,8,11,13,16,12,14,13,15,6,16,1,16,12,8,12,8,15,12,16,15,10,11,14,35018013,Ligue 1,Paris FC
Nathan Tella,AM RLC,26,140,148,"Nigeria,England",Bayer 04 Leverkusen,7,11,13,12,13,7,10,11,8,8,11,12,9,13,11,12,11,12,11,12,13,12,6,13,8,12,11,15,16,15,11,8,14,16,13,8,28106683,Bundesliga,Bayer 04 Leverkusen
Hicham Boudaoui,DM/M C,25,140,147,Algeria,OGC Nice,7,11,13,14,14,7,8,10,4,13,14,8,14,15,8,12,15,14,13,13,15,16,11,14,14,16,14,16,13,14,13,8,18,13,16,11,13227048,Ligue 1,OGC Nice
Marcos Senesi,D C,28,140,147,"Argentina,Italy",AFC Bournemouth,6,10,10,8,13,7,15,7,6,15,15,6,14,14,10,14,14,13,12,14,13,11,12,10,14,15,14,15,14,11,14,15,14,12,15,12,14080605,Premier League,AFC Bournemouth
Pablo Maffeo,D/WB R,28,140,147,"Argentina,Spain,Italy",Mallorca,6,13,13,7,11,7,9,11,12,13,12,8,15,12,15,12,16,11,13,11,17,13,10,13,12,14,10,17,16,15,15,7,15,14,15,12,28095341,LaLiga,Mallorca
Alejandro Catena,D C,30,140,146,Spain,Atlético Pamplona,7,6,11,8,11,7,16,8,10,15,12,8,14,12,12,13,14,14,14,14,11,8,14,8,14,14,10,15,12,12,9,16,14,12,14,15,67210735,LaLiga,Osasuna
Ellyes Skhiri,DM/M C,30,140,146,"Tunisia,France",Eintracht Frankfurt,6,8,11,11,12,6,13,12,8,13,13,10,16,12,15,16,16,12,14,13,17,10,14,11,13,16,12,17,12,12,16,13,16,12,18,12,85126092,Bundesliga,Eintracht Frankfurt
Juan Jesus,D C,34,140,146,"Brazil,Italy",Parthenope,4,8,11,6,11,4,14,6,7,15,13,7,17,11,16,13,17,12,13,12,17,7,14,8,13,15,10,17,14,12,17,13,17,14,15,17,19042304,Serie A,Napoli
Lovro Majer,M/AM RC,27,140,146,Croatia,VfL Wolfsburg,15,15,15,11,16,15,7,12,6,8,16,17,11,17,12,12,11,13,11,13,13,16,10,11,9,12,16,15,13,16,11,7,12,12,17,8,24053458,Bundesliga,VfL Wolfsburg
Samuel Chukwueze,M/AM RL,26,140,146,Nigeria,Casciavit Milano,9,13,14,11,13,9,11,11,7,6,12,11,8,12,11,13,12,12,11,12,14,14,10,14,9,13,11,12,16,15,13,9,12,16,16,11,67269484,Serie A,Milan
"Ben Davies(Tottenham Hotspur,Wales)",D LC,32,140,145,Wales,Tottenham Hotspur,11,12,12,8,13,13,15,7,11,13,14,10,15,13,13,15,18,13,11,14,15,9,12,13,13,15,12,16,12,13,13,12,14,13,16,14,28049754,Premier League,Tottenham Hotspur
Beñat Prados,DM/M C,24,140,145,"Spain,Pays Basque",A. Bilbao,8,11,12,8,14,9,12,10,7,13,15,8,13,15,11,13,13,12,14,13,13,10,10,12,15,15,14,16,14,13,10,10,13,14,13,14,67277835,LaLiga,A. Bilbao
Corentin Tolisso,DM/M/AM C,31,140,145,"France,Togo",Olympique Lyonnais,12,12,10,12,13,10,15,14,6,12,15,13,12,14,14,15,12,13,13,13,17,12,15,16,13,15,14,13,11,11,12,13,12,11,12,13,29114971,Ligue 1,Olympique Lyonnais
Danilho Doekhi,D C,27,140,145,"Netherlands,Suriname",1. FC Union Berlin,4,8,10,6,11,4,16,6,8,14,12,6,14,12,13,14,16,12,14,13,16,9,15,9,15,14,12,14,11,11,15,17,15,12,12,16,37051440,Bundesliga,1. FC Union Berlin
Dominik Greif,GK ,28,140,145,Slovakia,Olympique Lyonnais,4,3,3,3,10,7,9,1,2,2,11,3,2,10,11,14,13,12,13,13,15,1,10,3,14,13,10,13,12,13,14,17,9,11,11,14,63029157,Ligue 1,Olympique Lyonnais
Finn Dahmen,GK ,27,140,145,"Germany,England",FC Augsburg,1,3,2,3,12,3,6,3,1,3,12,3,3,12,11,15,14,13,14,13,13,8,13,3,16,12,12,12,9,15,12,15,12,8,11,12,92071481,Bundesliga,FC Augsburg
Isaac Romero,ST ,25,140,145,Spain,Sevilla,7,11,12,14,13,8,14,12,7,5,13,12,9,13,14,14,15,14,14,13,16,12,12,15,7,15,12,17,14,13,14,14,16,14,14,14,67295600,LaLiga,Sevilla
Ismaïla Sarr,M/AM/ST RLC,27,140,145,Senegal,Crystal Palace,10,11,14,12,13,10,9,12,6,6,12,13,7,9,9,13,12,11,10,9,12,14,6,14,7,12,12,14,15,13,14,14,15,17,14,13,48042766,Premier League,Crystal Palace
Marcus Tavernier,M/AM RLC,26,140,145,England,AFC Bournemouth,13,11,14,10,13,11,6,11,6,10,12,10,8,15,10,13,11,10,10,11,12,14,10,15,10,16,11,15,15,13,13,10,10,14,15,10,29162667,Premier League,AFC Bournemouth
Ridle Baku,D/WB R,27,140,145,"Germany,Democratic Republic of Congo",RB Leipzig,11,12,13,11,12,11,8,12,12,9,12,10,12,12,14,13,13,11,10,11,16,13,7,16,10,13,12,16,15,14,12,8,18,15,16,11,92079338,Bundesliga,RB Leipzig
Hugo Álvarez,WB L,22,140,144,Spain,Vigo,13,13,15,13,13,11,10,11,9,11,12,11,13,14,12,13,12,14,14,13,14,15,11,13,12,13,14,15,14,15,12,10,12,13,13,11,2000052525,LaLiga,Celta
Lukás Hrádecký,GK ,35,140,144,"Finland,Slovakia",AS Monaco,5,3,2,2,8,7,7,3,1,3,10,3,1,8,15,14,15,12,14,13,15,6,16,3,14,13,10,14,8,14,13,17,18,9,10,13,33001438,Ligue 1,AS Monaco
Youssouf Ndayishimiye,D/DM C,26,140,144,Burundi,OGC Nice,8,9,11,6,12,7,13,13,8,13,14,8,14,12,14,13,16,13,14,13,15,13,16,13,14,14,14,15,12,12,15,14,17,12,16,17,70138807,Ligue 1,OGC Nice
Brice Samba,GK ,31,140,143,"France,Congo",Stade Rennais FC,4,1,2,6,11,7,1,11,1,3,14,8,1,10,8,12,13,13,13,11,14,6,14,2,13,13,11,8,10,14,15,15,15,10,14,15,85073883,Ligue 1,Stade Rennais FC
Jens Stage,DM/M C,28,140,142,Denmark,SV Werder Bremen,6,11,11,13,12,6,16,12,8,12,12,12,13,12,16,15,16,12,15,13,16,8,16,16,13,18,12,18,12,11,15,16,14,13,16,15,27104982,Bundesliga,SV Werder Bremen
Johan Mojica,D/WB L,32,140,142,"Colombia,Spain",Mallorca,12,13,14,9,12,13,10,10,12,12,13,6,12,13,14,12,12,10,12,12,14,13,8,14,12,11,12,14,16,14,14,10,17,16,16,13,76020280,LaLiga,Mallorca
Lucas Torró,DM/M C,31,140,142,Spain,Atlético Pamplona,6,8,11,10,13,6,16,11,10,12,13,9,16,12,11,16,17,14,16,13,15,6,13,8,16,17,12,13,10,13,12,15,15,10,14,15,67158501,LaLiga,Osasuna
Jacob Murphy,M/AM RL,30,140,140,England,Newcastle United,12,15,15,11,14,13,4,12,5,10,12,5,10,13,9,13,11,12,11,12,15,13,6,13,10,13,12,18,15,14,13,7,13,16,11,11,29079830,Premier League,Newcastle United
Kenny Tete,D/WB R,29,140,140,"Netherlands,Ghana,Mozambique",Fulham,7,14,10,7,12,7,11,10,12,16,13,7,16,12,11,14,14,12,11,14,14,9,8,11,14,15,10,16,15,11,14,12,14,14,15,14,37039829,Premier League,Fulham
Luis Rioja,M/AM RL,31,140,140,Spain,Valencia,14,12,14,12,12,15,6,8,6,8,12,13,10,13,13,13,15,12,12,13,15,12,12,14,12,15,12,17,15,14,10,7,16,17,14,9,67196000,LaLiga,Valencia
Evan Ferguson,ST ,20,139,-9,"Republic of Ireland,England",Brighton & Hove Albion,6,7,11,14,14,7,14,14,8,7,13,14,7,14,12,12,14,12,14,13,12,10,8,14,7,14,12,14,14,10,13,15,13,16,14,14,2000120742,Premier League,Brighton & Hove Albion
Raheem Sterling,M/AM RL,30,139,180,"England,Jamaica",Chelsea,8,13,15,12,14,10,12,12,5,7,13,12,8,13,12,15,11,12,13,13,12,14,12,17,9,14,13,15,15,15,14,8,16,14,14,12,28054109,Premier League,Chelsea
Héctor Bellerín,D/WB R,30,139,162,Spain,Real Hispalis,7,12,13,9,13,8,8,10,11,11,13,8,12,14,11,14,14,12,11,13,12,12,12,13,12,14,10,15,16,14,15,8,13,16,14,11,28066082,LaLiga,Real Betis
Julio Enciso,AM RLC,21,139,162,Paraguay,RC Strasbourg Alsace,7,12,16,14,14,9,8,17,6,6,13,12,7,16,7,9,14,12,10,9,14,16,6,14,8,10,12,17,15,15,14,7,14,14,14,12,79034187,Ligue 1,RC Strasbourg Alsace
Dante,D C,41,139,160,"Brazil,Belgium",OGC Nice,4,5,12,6,13,4,16,5,8,15,14,5,16,13,13,17,17,15,17,17,18,18,20,14,16,14,16,17,6,6,13,14,13,6,13,14,316742,Ligue 1,OGC Nice
Cheick Doucouré,DM/M C,25,139,158,Mali,Crystal Palace,8,9,12,9,14,8,12,11,10,14,15,10,15,14,14,15,14,13,13,13,15,10,10,12,14,14,15,14,12,13,12,10,10,13,13,12,13194021,Premier League,Crystal Palace
Patrick Dorgu,D/WB/M RL,20,139,158,"Denmark,Nigeria",Manchester United,7,12,13,11,13,9,10,5,7,8,11,10,12,13,14,14,10,10,13,8,15,11,7,15,10,13,10,15,16,15,11,12,13,16,15,13,27164470,Premier League,Manchester United
Hákon Arnar Haraldsson,M/AM LC,22,139,157,Iceland,LOSC Lille,16,12,13,13,15,12,10,13,3,4,15,12,6,14,12,13,15,12,13,13,16,17,6,15,6,15,15,16,14,14,13,10,15,13,16,7,39060464,Ligue 1,LOSC Lille
Carlos Alcaraz,M/AM C,22,139,155,Argentina,Everton,12,11,13,13,14,14,9,12,9,12,15,11,11,15,14,13,11,14,13,14,14,12,10,14,15,15,14,14,13,13,13,14,12,13,13,12,14238164,Premier League,Everton
Domenico Berardi,AM R,31,139,155,Italy,U.S. Sassuolo Calcio,11,14,14,16,14,14,9,15,4,4,15,18,7,15,15,14,13,15,13,14,18,16,15,16,10,13,15,14,13,13,12,9,14,13,13,10,43094553,Serie A,Sassuolo
Joe Willock,M C,25,139,155,"England,Montserrat",Newcastle United,7,11,14,12,13,10,7,11,4,8,13,9,10,14,10,14,13,14,14,12,13,15,4,16,9,16,14,16,17,17,13,8,14,14,15,12,28106684,Premier League,Newcastle United
Nick Pope,GK ,33,139,155,England,Newcastle United,2,1,2,2,6,1,3,2,2,2,8,1,3,7,8,15,14,9,12,12,14,4,8,2,15,15,6,15,9,14,12,18,10,9,10,13,29083750,Premier League,Newcastle United
Rodrigo Riquelme,M/AM RLC,25,139,154,Spain,Real Hispalis,11,11,14,12,14,13,7,13,7,10,14,13,10,15,11,12,12,13,12,12,14,15,9,12,11,12,14,12,14,13,12,7,12,13,12,10,67259880,LaLiga,Real Betis
Walter Benítez,GK ,32,139,154,"Argentina,France",Crystal Palace,2,2,2,3,6,2,5,2,1,3,11,3,1,8,5,14,15,14,14,13,15,15,14,12,15,14,10,13,8,13,15,15,16,8,13,14,14035968,Premier League,Crystal Palace
Natan,D C,24,139,153,Brazil,Real Hispalis,7,10,10,7,13,7,14,8,12,14,13,8,15,13,13,15,16,13,12,12,12,8,11,9,15,14,11,14,13,13,15,14,14,13,15,15,19351985,LaLiga,Real Betis
Gonçalo Guedes,M/AM/ST RLC,28,139,152,Portugal,Real San Sebastián,10,13,14,13,12,12,8,13,12,7,13,13,7,14,12,13,13,10,11,9,13,14,7,14,7,12,13,13,15,13,12,10,15,15,12,12,55041710,LaLiga,Real Sociedad
Luiz Júnior,GK ,24,139,152,"Brazil,Portugal",Villarreal,5,2,3,1,10,9,1,2,1,2,12,1,2,10,12,13,14,9,15,12,13,13,7,3,14,14,10,13,12,12,14,16,13,13,11,14,19362984,LaLiga,Villarreal
Pepelu,DM/M C,26,139,152,Spain,Valencia,13,12,11,8,14,13,11,11,7,13,15,16,12,13,14,12,14,14,15,15,15,10,14,11,15,15,14,16,11,12,12,10,14,12,14,12,67207683,LaLiga,Valencia
Timothy Castagne,D/WB/M RL,29,139,152,Belgium,Fulham,8,14,12,10,12,6,9,8,8,11,13,5,12,13,12,12,11,12,12,12,14,11,9,13,12,15,11,15,14,13,13,13,12,14,15,11,18074558,Premier League,Fulham
Chris Richards,D RLC,25,139,150,United States,Crystal Palace,4,9,10,6,12,4,15,6,15,13,11,6,14,12,14,13,16,10,15,12,15,9,10,11,14,14,11,14,14,12,13,15,13,15,14,15,72051563,Premier League,Crystal Palace
Daichi Kamada,DM/M/AM RLC,28,139,150,Japan,Crystal Palace,14,12,13,12,14,13,7,13,4,10,13,14,12,14,12,12,11,12,12,12,12,13,7,13,12,14,13,13,12,14,13,11,14,13,13,10,45092714,Premier League,Crystal Palace
Fábio Vieira,DM/M/AM RC,25,139,150,Portugal,Arsenal,14,14,15,11,16,14,6,13,5,8,16,17,9,17,13,13,12,15,12,13,12,16,10,12,9,12,15,12,13,14,12,6,12,13,12,8,83174759,Premier League,Arsenal
Gustav Isaksen,M/AM R,24,139,150,Denmark,Capitolini Celesti,12,14,14,14,13,12,8,16,4,6,13,7,5,14,14,15,10,12,12,12,16,14,7,15,7,15,12,14,16,15,12,10,13,15,12,10,27129146,Serie A,Lazio
Juan David Cabal,D/WB LC,24,139,150,Colombia,Juventus,4,13,12,5,12,8,14,7,10,13,13,8,14,13,14,15,13,11,13,14,12,6,10,12,14,12,11,14,13,13,14,14,12,14,13,14,76064373,Serie A,Juventus
Mattia Perin,GK ,32,139,150,Italy,Juventus,5,5,5,5,7,5,5,5,5,5,7,3,1,7,10,14,13,13,13,13,15,3,14,2,15,12,7,11,12,16,12,14,8,11,11,11,43044345,Serie A,Juventus
Saša Lukić,DM/M/AM C,28,139,150,Serbia,Fulham,14,11,13,12,13,7,11,13,4,10,15,14,15,13,13,13,12,14,13,13,14,14,10,13,13,13,12,14,13,13,14,11,14,13,14,13,62124117,Premier League,Fulham
Yunus Musah,DM/M C,22,139,150,"United States,England,Italy",Casciavit Milano,10,12,13,8,13,9,10,11,10,13,13,10,14,12,15,13,11,12,13,12,16,8,11,14,15,16,12,15,14,14,16,9,16,15,17,14,28129089,Serie A,Milan
Angel Gomes,DM/M/AM C,24,139,147,"England,Portugal,Angola",Olympique de Marseille,14,14,15,13,15,12,6,13,4,10,15,14,10,15,8,15,6,13,15,13,14,12,11,12,11,13,15,14,13,14,13,6,10,13,12,6,28109888,Ligue 1,Olympique de Marseille
Iliman N'Diaye,AM/ST RLC,25,139,146,"Senegal,France,England",Everton,8,11,17,15,14,9,12,12,5,5,12,10,10,15,6,11,11,13,13,10,15,16,9,13,8,12,13,15,14,16,13,8,12,14,12,12,89063107,Premier League,Everton
Adam Webster,D C,30,139,145,England,Brighton & Hove Albion,5,6,13,6,13,5,14,7,6,14,13,7,16,13,12,13,14,14,13,14,14,7,15,8,14,13,13,14,11,10,10,15,13,14,14,13,29080394,Premier League,Brighton & Hove Albion
Álvaro Valles,GK ,28,139,145,Spain,Real Hispalis,3,1,1,2,13,7,1,2,2,2,12,3,3,12,10,12,12,13,15,13,14,2,12,1,14,11,12,12,11,13,11,15,13,10,13,13,89051923,LaLiga,Real Betis
Anthony Elanga,M/AM RL,23,139,145,"Sweden,Cameroon,England",Newcastle United,10,10,14,13,12,11,7,11,2,1,11,10,6,14,12,11,9,10,10,8,14,16,4,12,10,14,8,14,18,14,11,10,15,18,15,13,28121568,Premier League,Newcastle United
Danilo Cataldi,DM/M C,30,139,145,Italy,Capitolini Celesti,14,7,11,12,14,15,6,15,5,13,14,14,14,14,14,15,13,12,12,13,16,13,16,13,14,15,13,14,12,12,12,10,15,13,13,11,43093936,Serie A,Lazio
Eljif Elmas,M/AM RLC,25,139,145,North Macedonia,RB Leipzig,12,11,15,12,16,12,11,12,5,8,14,13,9,16,14,13,11,12,10,12,13,15,11,12,9,14,13,13,14,14,12,11,12,13,13,11,47064795,Bundesliga,RB Leipzig
Marc Roca,DM/M LC,28,139,145,Spain,Real Hispalis,11,11,12,8,14,12,13,12,7,12,14,10,13,14,13,14,14,15,13,14,13,11,12,12,14,15,14,15,12,12,14,11,14,11,14,13,67211094,LaLiga,Real Betis
Nikola Krstović,ST ,25,139,145,"Montenegro,Serbia",Bergamo,4,7,14,14,13,9,16,14,4,5,14,14,12,13,14,14,12,11,14,12,16,11,10,13,8,14,12,15,14,14,14,13,15,13,14,14,62195758,Serie A,Atalanta
Nikola Vlašić,AM RLC,27,139,145,Croatia,Torino,12,12,15,13,15,13,9,14,4,7,15,14,8,15,14,14,11,14,12,15,17,14,13,14,6,11,13,11,14,14,15,10,17,13,12,12,24039948,Serie A,Torino
Pau López,GK ,30,139,145,Spain,Real Hispalis,4,2,3,1,11,7,8,1,6,1,12,3,2,14,6,13,15,13,15,13,10,5,8,5,15,14,8,12,13,14,13,13,13,13,12,11,67178152,LaLiga,Real Betis
Ludovic Blas,M/AM RC,27,139,144,"France,Martinique",Stade Rennais FC,12,12,16,12,16,13,8,14,4,8,16,15,9,16,11,13,12,13,13,13,15,16,11,13,9,13,15,13,13,13,13,10,14,12,14,11,85142865,Ligue 1,Stade Rennais FC
Martin Valjent,D RC,29,139,142,Slovakia,Mallorca,6,8,7,7,12,6,15,6,7,15,12,5,15,10,13,13,13,14,15,14,10,11,10,9,14,15,11,15,12,12,13,13,14,13,14,15,43143925,LaLiga,Mallorca
Sergio Herrera,GK ,32,139,142,"Spain,Pays Basque",Atlético Pamplona,6,2,2,1,10,9,1,1,2,3,9,3,2,9,10,13,14,12,15,12,16,5,16,3,11,13,9,12,11,14,10,15,13,11,14,14,67181753,LaLiga,Osasuna
Ruben Aguilar,D/WB R,32,139,141,"France,Spain",RC Lens,8,15,13,8,14,8,9,8,12,13,13,8,13,13,14,14,15,14,13,13,16,10,8,14,13,16,12,15,12,13,14,7,16,13,16,13,85046582,Ligue 1,RC Lens
Pep Chavarría,D/WB/M L,27,139,139,Spain,Vallecano,11,14,11,9,14,8,8,7,9,12,14,7,13,14,12,13,13,13,12,14,14,9,10,13,11,15,11,15,15,15,12,11,14,14,16,11,67277695,LaLiga,Rayo Vallecano
Malick Fofana,AM RL,20,138,-9,"Belgium,Guinea",Olympique Lyonnais,8,12,15,14,14,7,6,8,4,6,12,8,6,15,12,9,12,12,10,12,15,13,6,15,10,12,12,10,16,16,10,8,14,16,11,10,2000107079,Ligue 1,Olympique Lyonnais
Antonio Nusa,AM RL,20,138,-85,"Norway,Nigeria",RB Leipzig,11,12,16,10,14,11,6,12,8,8,12,12,9,15,8,11,12,10,10,10,13,16,4,12,8,13,11,13,16,15,12,10,10,16,13,10,2000090211,Bundesliga,RB Leipzig
Mykhaylo Mudryk,AM RLC,24,138,170,Ukraine,Chelsea,11,13,14,9,12,11,5,10,5,7,14,13,5,11,6,9,12,11,11,10,11,16,8,11,11,11,11,12,17,16,12,6,10,18,12,15,71101331,Premier League,Chelsea
Tom Bischof,DM/M C,20,138,168,Germany,FC Bayern München,15,15,13,10,14,15,6,16,6,10,14,12,16,14,16,13,16,12,13,13,16,13,12,12,11,16,14,17,12,13,12,8,16,10,16,10,2000147056,Bundesliga,FC Bayern München
Ilias Akhomach,M/AM RC,21,138,165,"Morocco,Spain",Villarreal,12,14,16,11,15,12,6,13,6,5,14,11,6,17,11,9,12,12,10,14,14,17,8,13,7,11,15,8,15,17,12,8,14,15,11,10,2000056415,LaLiga,Villarreal
Kiernan Dewsbury-Hall,M/AM C,26,138,165,England,Everton,13,12,13,14,14,14,10,11,5,9,15,10,12,13,13,12,12,14,12,13,15,13,11,14,12,15,15,16,12,15,12,10,18,11,16,12,28106342,Premier League,Everton
Alex Scott,DM/M/AM RC,21,138,164,"England,Northern Ireland",AFC Bournemouth,5,12,16,11,14,6,8,9,4,8,14,7,12,14,13,14,12,15,12,13,18,15,9,15,13,14,15,14,13,16,15,8,12,14,14,9,95079228,Premier League,AFC Bournemouth
João Gomes,DM/M C,24,138,163,Brazil,Wolverhampton Wanderers,10,10,14,11,14,7,10,12,11,14,14,10,16,13,16,13,16,14,13,13,16,15,8,14,15,16,12,16,13,14,12,11,15,13,13,14,19371031,Premier League,Wolverhampton Wanderers
Diego Moreira,WB/M/AM RL,20,138,161,"Belgium,Portugal,Guinea-Bissau",RC Strasbourg Alsace,10,12,15,10,12,7,5,9,4,8,12,8,7,14,11,10,11,10,10,9,12,15,6,13,7,10,12,14,16,14,10,7,14,17,16,10,2000027719,Ligue 1,RC Strasbourg Alsace
José Gayà,D/WB L,30,138,160,Spain,Valencia,11,14,14,8,14,11,5,10,8,12,14,13,14,14,12,13,13,14,13,13,17,14,16,15,13,15,14,15,14,15,13,7,14,15,13,11,67178177,LaLiga,Valencia
Noah Atubolu,GK ,23,138,160,"Germany,Nigeria",Sport-Club Freiburg,2,1,2,3,12,7,7,2,9,3,12,4,1,12,13,13,16,12,12,12,16,8,12,4,13,12,12,16,10,14,12,16,12,12,11,16,91188349,Bundesliga,Sport-Club Freiburg
Oscar Bobb,M/AM RLC,22,138,160,"Norway,The Gambia",Manchester City,12,9,15,11,13,10,6,11,4,7,13,10,6,14,12,13,11,14,13,13,13,15,7,13,12,14,13,14,15,15,12,8,14,14,13,8,28126241,Premier League,Manchester City
Petar Sučić,DM/M C,21,138,160,"Croatia,Bosnia and Herzegovina",Blu-neri Milano,11,11,13,13,14,9,11,10,4,10,15,8,12,15,11,14,12,16,14,12,17,16,7,14,11,14,13,16,11,12,12,12,18,11,18,11,2000162930,Serie A,Inter
Yan Couto,D/WB R,23,138,160,"Brazil,Portugal",Borussia Dortmund,12,15,16,8,15,10,6,10,12,9,14,8,11,15,13,13,12,12,10,13,12,15,8,15,10,12,14,13,15,16,12,6,12,15,14,9,19383257,Bundesliga,Borussia Dortmund
Yoan Bonny,ST C,21,138,158,France,Blu-neri Milano,4,9,14,13,14,6,13,10,4,5,13,14,9,14,13,13,13,12,11,13,13,12,10,14,9,15,14,13,14,14,15,13,15,15,15,16,49061476,Serie A,Inter
Arnau Martínez,D/WB RC,22,138,156,Spain,Girona,9,12,11,8,11,8,11,9,12,13,12,8,15,13,13,15,14,14,15,13,15,9,12,13,14,14,12,15,13,12,12,11,12,13,14,13,2000062512,LaLiga,Girona
Fran Beltrán,DM/M C,26,138,156,Spain,Vigo,9,10,12,8,14,8,7,13,13,12,15,8,13,14,12,15,12,14,14,14,12,11,9,14,13,18,13,17,13,14,15,7,13,11,13,10,67232115,LaLiga,Celta
James McAtee,M/AM RC,22,138,156,England,Nottingham Forest,8,12,16,13,14,12,9,12,3,9,14,10,7,16,8,12,12,14,13,13,13,16,7,12,6,13,14,13,15,16,14,10,14,14,13,9,28126249,Premier League,Nottingham Forest
Alexander Nübel,GK ,28,138,155,Germany,FC Bayern München,5,2,3,2,12,7,7,3,1,1,13,2,2,12,16,12,14,14,12,13,14,8,14,1,12,12,13,13,8,14,12,17,15,8,11,13,92071707,Bundesliga,FC Bayern München
Duván Zapata,ST ,34,138,155,Colombia,Torino,5,9,12,16,13,4,16,10,4,4,13,14,7,13,13,15,14,15,13,13,15,12,14,13,7,17,13,13,12,10,16,14,10,13,12,18,76014012,Serie A,Torino
Geoffrey Kondogbia,D/DM/M C,32,138,155,"Central African Republic,France",Olympique de Marseille,8,10,14,8,14,8,14,13,7,14,13,9,14,12,16,14,15,12,11,13,13,14,14,13,14,14,12,14,13,13,16,14,15,13,15,16,85033422,Ligue 1,Olympique de Marseille
Luís Henrique,WB/M/AM RL,23,138,155,Brazil,Blu-neri Milano,7,15,14,11,13,9,10,12,6,7,13,10,7,14,12,10,12,12,12,11,12,15,10,11,8,13,12,12,15,13,11,8,13,15,13,11,19403484,Serie A,Inter
Rayan Aït-Nouri,D/WB L,24,138,153,"Algeria,France",Manchester City,11,14,17,10,15,7,11,9,8,12,13,8,15,15,11,13,13,15,12,13,15,18,7,14,14,12,13,13,14,13,13,10,12,15,13,11,49047581,Premier League,Manchester City
Abel Bretones,D/WB/M/AM L,24,138,152,Spain,Atlético Pamplona,9,14,13,11,12,12,10,11,10,12,13,7,13,12,10,12,12,11,13,12,14,8,8,13,12,13,12,13,14,12,13,13,11,17,14,14,67288450,LaLiga,Osasuna
Devyne Rensch,D/WB RLC,22,138,152,"Netherlands,Suriname",Associazione Sportiva Roma,4,10,12,7,13,7,9,5,8,13,13,7,14,13,6,12,12,12,12,12,16,14,11,14,14,15,12,15,14,13,12,10,11,14,14,12,37073313,Serie A,Associazione Sportiva Roma
Elia Caprile,GK ,23,138,152,Italy,Cagliari Calcio,3,1,2,1,6,2,6,1,1,1,10,2,1,6,12,12,12,11,12,14,14,7,8,4,14,12,11,12,13,14,13,14,14,12,15,12,43391659,Serie A,Cagliari Calcio
Fisnik Asllani,AM/ST C,22,138,152,"Kosovo,Germany",TSG 1899 Hoffenheim,6,8,15,14,15,12,13,13,5,6,13,12,7,16,13,13,12,14,12,13,13,16,13,13,7,13,14,13,12,13,16,14,12,12,15,13,91205129,Bundesliga,TSG 1899 Hoffenheim
"Jonas Hofmann(Bayer 04 Leverkusen,Germany)",AM RC,33,138,152,Germany,Bayer 04 Leverkusen,14,14,12,12,13,13,6,12,12,9,15,13,10,13,11,16,11,13,13,13,14,13,13,16,9,15,15,13,13,12,12,7,14,13,16,11,92027981,Bundesliga,Bayer 04 Leverkusen
Rocco Reitz,DM/M C,23,138,152,Germany,Borussia Mönchengladbach,14,13,13,11,13,12,8,12,6,10,13,12,15,13,16,16,17,12,12,12,17,13,14,13,11,16,12,18,13,13,12,8,14,13,16,12,91206105,Bundesliga,Borussia Mönchengladbach
Yeray,D C,30,138,152,"Spain,Pays Basque",A. Bilbao,7,12,9,7,11,8,14,9,8,15,13,6,15,11,13,14,16,14,15,13,14,8,13,7,13,15,11,14,13,13,12,13,12,13,13,14,67192475,LaLiga,A. Bilbao
Bafodé Diakité,D RC,24,138,151,"France,Guinea",AFC Bournemouth,5,13,10,12,12,4,15,8,13,15,14,9,14,12,12,14,13,15,12,12,15,13,14,13,13,13,9,13,13,13,14,14,14,13,14,15,49038967,Premier League,AFC Bournemouth
Kristoffer Ajer,D RC,27,138,151,Norway,Brentford,6,8,12,10,12,7,15,8,10,14,13,11,14,13,16,14,15,14,14,12,18,7,15,11,13,14,13,15,13,11,13,16,15,13,14,14,53110135,Premier League,Brentford
Morten Frendrup,DM/M C,24,138,151,Denmark,Genoa Cricket and Football Club,6,10,9,10,14,7,13,10,4,15,13,7,16,12,15,14,13,13,13,14,12,7,13,15,14,14,13,17,13,13,11,9,13,14,15,11,27132198,Serie A,Genoa Cricket and Football Club
Diant Ramaj,GK ,23,138,150,"Germany,Kosovo,Albania",Borussia Dortmund,2,3,1,1,15,1,5,1,1,2,16,3,3,15,16,11,16,15,11,12,16,10,12,1,14,12,14,14,9,14,12,15,12,9,11,12,91183532,Bundesliga,Borussia Dortmund
Djéné Dakonam,D/DM C,33,138,150,"Togo,Benin",Getafe,8,9,9,5,9,7,12,8,12,15,9,8,15,10,18,14,17,14,15,13,16,8,9,11,14,17,10,17,14,14,13,10,19,14,16,15,211232,LaLiga,Getafe
Hugo Duro,AM/ST LC,25,138,150,Spain,Valencia,11,12,13,14,12,11,13,12,9,7,13,15,9,12,15,14,17,15,14,13,15,12,14,15,9,17,13,18,14,13,11,11,13,14,14,13,67274349,LaLiga,Valencia
Iñaki Peña,GK ,26,138,150,Spain,Barcelona,3,1,2,2,12,7,8,1,3,2,14,7,2,12,9,13,13,15,14,14,14,8,11,2,13,13,11,10,12,13,12,12,13,11,12,12,67221484,LaLiga,Barcelona
Jonas Wind,AM/ST C,26,138,150,Denmark,VfL Wolfsburg,6,8,12,14,15,12,15,11,6,7,14,16,7,16,11,16,13,15,13,13,15,14,12,12,7,13,14,12,11,12,15,16,12,10,13,16,27122565,Bundesliga,VfL Wolfsburg
Manu Morlanes,M/AM C,26,138,150,Spain,Mallorca,11,13,13,11,15,11,10,11,8,10,15,10,13,15,11,12,13,13,14,14,14,14,12,13,12,13,15,14,12,13,11,9,12,12,14,11,67228802,LaLiga,Mallorca
Manuel Lazzari,D/WB R,31,138,150,Italy,Capitolini Celesti,7,12,13,11,13,7,8,10,6,12,13,7,13,13,14,16,15,11,10,10,16,13,10,16,12,15,12,14,17,17,10,7,18,16,12,9,43096538,Serie A,Lazio
Marco Brescianini,DM/M/AM C,25,138,150,Italy,Bergamo,4,7,12,13,15,13,11,14,6,12,13,12,13,14,10,12,14,12,14,13,15,10,12,15,14,14,13,14,14,13,14,14,16,14,14,14,43318320,Serie A,Atalanta
Patrick Wimmer,AM RLC,24,138,150,Austria,VfL Wolfsburg,13,11,15,10,12,13,10,11,12,8,12,12,11,13,16,11,16,10,10,10,16,15,6,12,8,16,12,16,15,14,11,12,12,15,13,11,16253898,Bundesliga,VfL Wolfsburg
Quilindschy Hartman,D/WB L,23,138,150,"Netherlands,Curaçao",Burnley,13,14,11,7,12,13,8,11,12,13,12,12,14,12,16,12,16,13,11,10,16,11,12,12,13,16,12,17,15,13,11,11,12,15,16,9,37071180,Premier League,Burnley
Takumi Minamino,AM RLC,30,138,150,Japan,AS Monaco,10,12,14,12,14,10,7,12,5,8,14,10,7,15,12,14,14,12,14,10,15,14,7,13,8,14,14,14,15,16,15,8,14,13,14,8,45064891,Ligue 1,AS Monaco
Victor Lindelöf,D C,31,138,150,Sweden,Aston Villa,3,10,12,7,14,6,13,4,10,15,13,12,14,14,8,14,8,13,13,13,12,7,10,6,15,14,12,13,13,13,13,14,16,13,16,12,93023425,Premier League,Aston Villa
Koni De Winter,D C,23,138,149,Belgium,Casciavit Milano,7,12,13,8,12,8,15,9,12,15,12,7,14,11,9,14,12,13,12,12,15,11,11,8,14,13,11,12,13,12,14,15,16,14,13,14,18108550,Serie A,Milan
Lucien Agoumé,DM/M C,23,138,149,"France,Cameroon",Sevilla,10,8,12,7,13,10,13,11,6,12,13,8,14,12,13,14,15,13,14,14,14,11,10,12,13,15,12,16,13,13,14,12,16,14,16,14,49048461,LaLiga,Sevilla
Jefferson Lerma,D/DM/M C,30,138,148,Colombia,Crystal Palace,9,9,11,8,12,9,15,12,14,13,12,9,14,12,15,14,16,12,14,12,15,9,9,11,13,13,11,15,13,14,14,14,15,12,14,14,76038475,Premier League,Crystal Palace
Kristjan Asllani,DM/M C,23,138,148,"Albania,Italy",Blu-neri Milano,13,14,12,10,15,13,8,12,10,10,16,11,10,14,10,14,12,14,11,12,9,10,8,12,12,15,14,11,13,14,13,9,13,13,16,10,43424567,Serie A,Inter
Neil El Aynaoui,DM/M C,24,138,148,"Morocco,France",Associazione Sportiva Roma,13,10,14,8,15,12,7,9,5,13,13,14,12,15,12,12,13,14,13,14,14,13,12,13,13,14,14,15,12,15,13,13,13,13,14,13,49045412,Serie A,Associazione Sportiva Roma
Noah Okafor,AM/ST RL,25,138,147,"Switzerland,Nigeria",Leeds United,4,11,14,14,13,5,9,12,8,5,12,10,7,14,12,14,12,13,12,12,12,13,8,14,6,13,11,12,15,13,13,12,12,15,11,13,98040226,Premier League,Leeds United
Moussa Niakhaté,D C,29,138,146,"Senegal,France",Olympique Lyonnais,5,8,10,6,12,5,15,6,18,13,14,15,14,12,16,13,16,12,11,13,16,12,16,10,12,13,12,13,13,12,15,16,16,13,14,15,48037362,Ligue 1,Olympique Lyonnais
Ainsley Maitland-Niles,D/WB/DM/M RLC,27,138,145,"England,Barbados",Olympique Lyonnais,11,12,13,7,13,9,6,10,10,12,14,18,11,14,10,13,8,17,7,12,10,12,7,16,10,13,11,9,15,13,12,8,13,15,13,11,28095584,Ligue 1,Olympique Lyonnais
Ander Guevara,DM/M C,28,138,145,"Spain,Pays Basque",Alavés,9,8,12,10,12,8,11,14,11,14,14,8,13,14,15,14,15,13,14,12,14,8,10,9,13,16,14,16,12,14,13,10,14,11,16,13,67246381,LaLiga,Alavés
Diogo Leite,D C,26,138,145,Portugal,1. FC Union Berlin,3,8,11,6,12,6,13,7,11,15,13,6,16,12,15,15,16,13,13,13,13,7,13,9,15,14,12,15,12,11,14,15,15,12,15,14,83111536,Bundesliga,1. FC Union Berlin
Edu Expósito,DM/M C,29,138,145,Spain,Espanyol,9,10,12,12,14,12,9,14,7,12,14,12,13,13,11,15,14,14,15,15,14,9,13,10,14,13,11,13,13,12,12,8,11,13,12,11,67224139,LaLiga,Espanyol
Lukas Klostermann,D RLC,29,138,145,Germany,RB Leipzig,3,11,11,7,12,3,13,7,15,14,12,7,13,12,12,14,16,12,13,13,15,10,13,11,13,16,12,15,13,10,15,15,8,15,14,14,91134708,Bundesliga,RB Leipzig
Nemanja Gudelj,D/DM C,33,138,145,"Serbia,Netherlands,Bosnia and Herzegovina",Sevilla,6,10,9,10,14,12,14,13,11,13,12,12,14,11,16,13,15,12,14,13,16,11,14,10,13,15,11,17,12,13,13,14,14,14,13,15,62013805,LaLiga,Sevilla
Romano Schmid,M/AM RLC,25,138,145,Austria,SV Werder Bremen,13,12,15,8,15,13,10,11,8,9,14,12,10,16,15,13,12,12,12,12,14,15,11,11,9,15,15,14,14,16,12,7,16,14,14,10,16184737,Bundesliga,SV Werder Bremen
Tajon Buchanan,D/WB/M/AM R,26,138,145,"Canada,Jamaica",Villarreal,10,13,14,13,12,10,11,11,10,10,13,9,12,13,12,12,14,13,12,11,13,14,6,14,12,12,11,14,15,12,12,10,13,15,12,9,72052880,LaLiga,Villarreal
Joakim Mæhle,D/WB RL,28,138,144,Denmark,VfL Wolfsburg,10,12,13,9,13,8,9,12,13,10,12,10,12,13,15,13,12,11,11,11,15,12,10,14,10,15,12,16,14,13,12,11,16,14,17,12,27097478,Bundesliga,VfL Wolfsburg
César Tárrega,D/DM C,23,138,143,Spain,Valencia,9,11,11,9,12,9,15,9,11,14,12,9,14,11,10,15,13,13,13,13,13,10,14,6,14,13,12,16,10,11,14,16,15,11,14,15,67295021,LaLiga,Valencia
Íñigo Ruiz de Galarreta,DM/M C,31,138,143,"Spain,Pays Basque",A. Bilbao,11,11,13,8,15,11,9,12,7,11,14,11,12,16,11,14,10,14,14,14,12,9,10,9,14,16,15,15,13,13,15,7,11,12,12,12,67088157,LaLiga,A. Bilbao
Diego Rico,D/WB LC,32,138,142,Spain,Getafe,13,17,11,7,12,12,12,13,15,11,12,8,11,12,13,14,12,12,13,13,16,13,10,12,13,14,12,16,13,12,11,10,16,13,16,14,67149986,LaLiga,Getafe
Juan Miranda,D/WB L,25,138,142,Spain,Bologna FC 1909,14,17,13,10,13,15,10,13,15,10,15,15,12,14,13,13,14,12,13,11,13,12,10,14,11,14,14,14,13,13,12,12,15,14,14,13,67258411,Serie A,Bologna FC 1909
Sheraldo Becker,M/AM/ST RL,30,138,142,"Suriname,Netherlands",Atlético Pamplona,10,13,12,12,12,11,7,12,6,4,11,10,4,13,14,12,9,11,10,11,12,14,10,15,4,10,11,10,18,13,12,9,12,18,11,11,37027194,LaLiga,Osasuna
Pierre Lees-Melou,DM/M C,32,138,141,France,Paris FC,12,14,14,10,15,12,8,14,5,13,15,11,13,14,12,12,13,13,13,13,16,14,14,12,13,13,15,15,12,12,13,8,15,12,16,12,48034511,Ligue 1,Paris FC
Anthony Caci,D/WB RLC,28,138,140,France,1. FSV Mainz 05,13,15,12,7,12,11,12,8,16,12,12,8,14,12,13,13,14,12,12,12,13,12,10,12,12,15,12,13,13,12,12,12,14,13,14,12,49034179,Bundesliga,1. FSV Mainz 05
"Bernardo(TSG 1899 Hoffenheim,Brazil)",D LC,30,138,140,Brazil,TSG 1899 Hoffenheim,6,11,11,6,11,6,14,7,15,13,11,7,16,11,17,15,18,11,12,12,17,10,13,11,13,16,11,18,13,12,14,16,12,14,13,15,19270959,Bundesliga,TSG 1899 Hoffenheim
Emmanuel Agbadou,D RC,28,138,140,Ivory Coast,Wolverhampton Wanderers,7,10,10,8,13,7,15,10,12,14,12,9,14,12,16,14,13,13,13,12,14,11,10,12,13,14,11,14,13,11,16,15,12,14,13,16,12078577,Premier League,Wolverhampton Wanderers
Franck Honorat,WB/M/AM R,28,138,140,France,Borussia Mönchengladbach,17,16,12,11,13,14,7,12,13,8,12,11,10,13,8,12,11,12,11,12,13,14,8,15,9,12,13,14,15,13,12,9,14,15,14,10,48036785,Bundesliga,Borussia Mönchengladbach
Jeff Chabot,D C,27,138,140,"Germany,France",VfB Stuttgart,2,7,9,6,11,4,14,6,12,15,11,10,15,11,17,15,17,11,14,13,17,7,15,8,15,13,11,16,11,9,16,17,12,12,12,17,91177332,Bundesliga,VfB Stuttgart
Marco Friedl,D LC,27,138,140,Austria,SV Werder Bremen,11,12,11,7,12,13,13,7,15,13,13,11,16,13,17,14,16,12,13,12,16,10,15,11,13,16,12,16,12,11,14,14,12,14,15,14,91143703,Bundesliga,SV Werder Bremen
Marvin Schwäbe,GK ,30,138,140,Germany,1. FC Köln,3,4,3,3,10,6,7,1,1,3,12,6,1,11,10,13,15,14,13,13,13,6,16,1,14,13,11,13,9,14,12,16,16,11,10,13,91108114,Bundesliga,1. FC Köln
Maximilian Eggestein,DM/M C,28,138,140,Germany,Sport-Club Freiburg,8,10,11,8,14,8,11,11,6,12,14,13,12,14,12,13,13,14,16,14,13,10,15,11,13,18,13,16,11,12,14,11,18,12,17,12,91126294,Bundesliga,Sport-Club Freiburg
Mitchell Weiser,D/WB/M R,31,138,140,"Algeria,Germany",SV Werder Bremen,12,14,15,9,14,11,11,10,15,9,13,11,12,15,16,13,13,12,10,11,12,15,12,15,10,12,13,13,15,14,12,8,12,14,14,10,92016244,Bundesliga,SV Werder Bremen
Tosin Adarabioyo,D C,27,138,140,"England,Nigeria",Chelsea,8,8,12,9,13,6,14,9,11,13,13,10,14,13,9,13,12,13,13,12,14,13,10,8,13,12,13,13,14,13,14,17,15,14,14,13,28100239,Premier League,Chelsea
Marco Bizot,GK ,34,138,139,Netherlands,Aston Villa,6,1,6,2,11,8,8,2,3,3,11,2,3,10,15,12,15,13,13,12,14,10,14,8,14,12,10,14,11,13,14,15,13,11,12,14,37005659,Premier League,Aston Villa
Wladimiro Falcone,GK ,30,138,139,Italy,Unione Sportiva Lecce,5,3,1,2,10,7,8,1,1,2,11,2,2,9,12,13,12,11,12,12,16,13,13,6,15,12,11,12,13,13,12,16,13,11,13,15,43094480,Serie A,Unione Sportiva Lecce
Chris Wood,ST ,33,138,138,"New Zealand,England",Nottingham Forest,3,9,11,13,13,10,15,11,3,7,13,15,9,13,14,14,16,13,13,14,15,10,14,13,11,16,11,15,12,11,16,16,14,11,15,15,5108293,Premier League,Nottingham Forest
Matz Sels,GK ,33,138,138,Belgium,Nottingham Forest,4,3,2,1,11,5,9,1,1,2,11,2,1,10,10,13,14,13,14,12,15,1,10,2,13,12,8,10,12,12,15,15,7,13,15,14,18018791,Premier League,Nottingham Forest
Francesco Pio Esposito,ST ,20,137,-9,Italy,Blu-neri Milano,4,5,14,15,14,12,15,11,4,4,13,14,6,15,17,14,12,13,12,13,13,14,10,15,8,14,11,13,14,13,15,15,14,13,12,14,2000146883,Serie A,Inter
Geovany Quenda,M/AM RL,18,137,-9,"Portugal,Guinea-Bissau",Chelsea,13,13,16,8,14,12,8,13,10,8,13,6,7,15,11,8,8,11,10,11,12,18,6,14,6,10,15,8,16,17,12,8,15,15,13,9,2000274379,Premier League,Chelsea
Willy Kambwala,D C,20,137,173,"France,Democratic Republic of Congo",Villarreal,2,5,8,5,12,3,13,3,8,15,10,4,16,13,13,14,13,11,10,10,10,8,6,6,15,12,7,13,16,13,14,15,14,17,15,16,2000006158,LaLiga,Villarreal
Archie Gray,DM/M RC,19,137,170,"England,Scotland",Tottenham Hotspur,8,9,13,9,13,6,5,10,5,11,14,10,12,15,13,14,12,15,13,14,15,13,10,12,14,15,13,14,13,12,14,11,13,14,15,12,2000182795,Premier League,Tottenham Hotspur
Mads Hermansen,GK ,25,137,165,Denmark,West Ham United,6,2,2,3,12,7,8,1,1,3,12,3,2,13,6,13,12,14,13,12,12,11,11,1,13,15,12,12,12,14,12,14,18,11,12,12,27120988,Premier League,West Ham United
Omari Hutchinson,AM RLC,21,137,165,"England,Jamaica",Nottingham Forest,13,13,16,13,16,12,5,13,1,7,13,8,10,16,12,12,13,14,12,11,14,16,4,13,11,12,12,16,15,16,14,4,12,14,10,9,2000047221,Premier League,Nottingham Forest
Mathys Tel,AM/ST RL,20,137,164,"France,Guadeloupe",Tottenham Hotspur,11,11,14,13,13,12,12,12,6,7,12,14,7,14,10,13,11,11,10,10,16,15,12,12,7,13,11,14,15,14,11,12,15,15,13,13,2000104850,Premier League,Tottenham Hotspur
Dominic Calvert-Lewin,ST ,28,137,163,England,Leeds United,9,11,11,11,16,7,17,9,2,6,11,13,5,13,13,12,14,13,14,13,14,12,5,13,6,14,10,14,15,14,13,16,12,16,14,15,29123128,Premier League,Leeds United
Michael Kayode,D/WB R,21,137,162,"Italy,Nigeria",Brentford,5,13,13,9,12,6,13,7,19,12,13,6,14,13,12,12,12,11,12,13,15,7,8,10,13,14,11,15,15,14,15,12,16,15,14,13,2000023588,Premier League,Brentford
Jack Hinshelwood,D/WB/DM/M RC,20,137,160,England,Brighton & Hove Albion,11,9,9,11,14,7,12,7,7,11,13,6,14,13,13,14,14,14,14,14,14,7,11,12,13,14,13,14,14,11,11,12,13,13,15,12,2000124287,Premier League,Brighton & Hove Albion
James Garner,DM/M C,24,137,160,England,Everton,14,13,10,11,14,12,8,13,2,8,15,10,14,14,12,13,12,14,14,13,16,9,11,13,14,16,14,15,12,13,13,12,15,13,16,11,28115831,Premier League,Everton
Tyler Morton,DM/M C,22,137,160,England,Olympique Lyonnais,13,11,13,8,15,13,8,11,5,12,15,11,12,15,12,14,11,15,13,14,14,12,12,13,12,15,16,14,13,13,13,9,12,14,13,9,28127164,Ligue 1,Olympique Lyonnais
Thierry Rendall Correia,D/WB RL,26,137,156,"Portugal,Cape Verde Islands",Valencia,8,12,12,6,12,5,8,8,12,10,11,10,11,13,13,13,13,11,11,10,13,16,12,12,10,12,11,13,15,16,15,14,14,16,16,17,83111501,LaLiga,Valencia
Borja Iglesias,ST ,32,137,155,Spain,Vigo,7,9,13,14,13,10,14,10,7,8,13,17,9,13,13,15,15,13,13,13,10,12,13,14,8,14,12,16,12,12,13,14,13,13,12,16,67173048,LaLiga,Celta
Callum Wilson,ST ,33,137,155,England,West Ham United,6,8,11,15,11,6,12,10,4,4,13,17,7,13,10,15,15,17,13,15,15,11,14,17,8,15,12,17,13,14,14,11,12,11,13,15,28030268,Premier League,West Ham United
Yerry Mina,D C,30,137,155,Colombia,Cagliari Calcio,4,5,11,7,11,5,15,8,9,15,11,9,15,11,16,14,13,13,13,13,15,9,16,8,15,14,8,13,10,11,11,16,11,11,12,18,76037151,Serie A,Cagliari Calcio
"Adama Traoré(Fulham,Spain,Mali)",M/AM RL,29,137,154,"Spain,Mali",Fulham,6,12,18,11,10,8,11,11,7,7,11,9,7,12,12,9,11,10,8,6,14,18,5,9,10,9,8,9,19,15,15,14,12,19,10,17,67174729,Premier League,Fulham
Emanuel Emegha,ST ,22,137,153,"Netherlands,Nigeria,Togo",RC Strasbourg Alsace,6,8,14,13,12,8,16,11,5,5,12,13,5,12,10,11,13,10,11,10,14,13,7,16,7,9,8,11,15,11,11,17,14,16,14,14,37088234,Ligue 1,RC Strasbourg Alsace
Arnaud Kalimuendo,ST ,23,137,151,"France,Democratic Republic of Congo",Nottingham Forest,7,8,14,16,13,7,11,13,6,7,12,12,7,14,10,13,13,14,13,14,15,14,8,15,6,13,13,14,15,15,16,13,13,14,13,13,49048445,Premier League,Nottingham Forest
Daniele Rugani,D C,31,137,151,Italy,Juventus,6,7,7,7,13,5,15,6,6,15,12,6,15,13,7,13,13,13,16,12,12,10,8,6,14,18,12,15,12,12,15,15,16,14,15,14,43083931,Serie A,Juventus
Abdul Mumin,D C,27,137,150,"Ghana,Nigeria",Vallecano,5,5,13,6,14,5,14,6,10,15,14,6,16,14,12,14,11,16,10,12,13,15,4,8,14,13,12,12,15,14,13,15,11,15,13,14,27128916,LaLiga,Rayo Vallecano
"Beto(Everton,Guinea-Bissau,Portugal)",ST ,27,137,150,"Guinea-Bissau,Portugal",Everton,5,7,12,12,12,6,15,11,6,6,12,11,6,12,15,13,12,14,13,13,16,11,8,15,8,13,10,16,16,13,14,16,14,16,13,16,83228124,Premier League,Everton
Kyle Walker-Peters,D/WB RL,28,137,150,"England,Antigua and Barbuda",West Ham United,8,13,15,10,14,6,8,8,5,11,12,7,14,13,12,12,12,13,11,12,14,11,8,14,13,15,12,15,14,14,14,6,18,14,16,10,29126231,Premier League,West Ham United
"André Almeida(Valencia,Portugal)",M/AM C,25,137,149,Portugal,Valencia,12,14,15,11,14,12,5,14,5,9,15,12,10,16,11,12,13,13,12,14,14,13,8,13,11,15,14,13,13,13,15,6,12,13,13,10,83152928,LaLiga,Valencia
Júnior Firpo,D/WB L,28,137,149,"Dominican Republic,Spain",Real Hispalis,9,14,13,12,13,6,10,11,10,9,13,8,12,14,12,13,13,13,10,11,13,14,11,14,10,14,14,14,15,14,13,13,13,15,15,13,67222900,LaLiga,Real Betis
Ricardo Rodríguez,D LC,32,137,149,"Switzerland,Spain,Chile",Real Hispalis,13,14,10,8,13,14,14,12,16,13,13,13,14,13,11,15,14,14,14,14,13,10,12,11,14,14,12,12,12,13,14,12,15,11,12,12,98003635,LaLiga,Real Betis
Diego López,M/AM/ST RL,23,137,148,Spain,Valencia,9,12,13,14,14,8,12,12,6,5,12,10,6,14,14,13,13,11,13,13,17,14,6,15,5,13,12,14,13,13,12,9,17,15,13,11,2000055904,LaLiga,Valencia
Folarin Balogun,ST ,24,137,148,"United States,England,Nigeria",AS Monaco,5,9,13,15,13,8,12,10,4,6,11,11,5,13,10,12,12,12,12,11,13,14,8,14,8,13,12,13,16,15,13,12,12,15,13,12,28116305,Ligue 1,AS Monaco
Osame Sahraoui,M/AM RLC,24,137,148,"Morocco,Norway",LOSC Lille,6,10,17,14,15,9,4,11,4,6,14,5,5,14,8,13,7,13,13,13,15,18,5,14,5,13,15,14,15,18,17,4,9,13,12,7,53170352,Ligue 1,LOSC Lille
Giovanni Simeone,ST ,30,137,147,"Argentina,Spain",Parthenope,4,6,12,15,13,8,16,13,3,3,11,14,7,13,13,15,14,12,15,12,18,11,10,15,7,15,11,18,14,12,14,16,14,14,13,13,14031138,Serie A,Napoli
Zeki Çelik,D/WB RLC,28,137,147,Türkiye,Associazione Sportiva Roma,10,12,11,7,12,6,12,9,13,13,12,5,14,12,9,14,15,13,12,13,14,10,11,14,14,15,8,16,14,12,12,12,14,14,14,13,70097248,Serie A,Associazione Sportiva Roma
Aitor Ruibal,D/AM/ST R,29,137,146,Spain,Real Hispalis,9,11,13,9,10,9,8,12,13,8,11,13,12,12,14,13,16,10,10,10,16,13,13,11,10,13,9,17,14,12,10,10,17,13,15,13,67220941,LaLiga,Real Betis
Arnau Tenas,GK ,24,137,146,Spain,Villarreal,4,1,1,3,14,7,7,1,2,1,15,7,3,11,12,12,14,11,12,13,14,10,13,2,13,7,12,7,12,14,14,13,14,12,11,13,67265794,LaLiga,Villarreal
Breel Embolo,AM/ST RC,28,137,146,"Switzerland,Cameroon",Stade Rennais FC,6,8,13,12,12,7,14,11,6,7,14,12,8,14,16,13,16,11,12,11,15,15,6,14,7,15,13,16,14,13,16,15,14,14,14,17,98029385,Ligue 1,Stade Rennais FC
Manor Solomon,AM RLC,26,137,146,"Israel,Portugal",Tottenham Hotspur,10,14,16,13,14,14,8,14,10,8,14,2,8,15,7,13,11,15,12,12,15,11,9,13,8,10,12,10,15,13,13,5,13,14,14,10,42077304,Premier League,Tottenham Hotspur
"Pedro Díaz(Vallecano,Spain)",M/AM C,27,137,146,Spain,Vallecano,12,11,14,10,15,13,9,15,7,11,15,12,10,15,13,11,13,11,11,11,12,12,9,11,11,15,15,15,13,14,13,10,13,13,15,14,67220203,LaLiga,Rayo Vallecano
Chidera Ejuke,M/AM RL,27,137,145,Nigeria,Sevilla,10,11,16,11,14,8,7,12,6,5,13,10,7,12,8,10,12,12,12,12,13,15,6,14,9,12,12,11,17,16,14,8,13,16,13,11,13182752,LaLiga,Sevilla
Dwight McNeil,M/AM RL,25,137,145,England,Everton,13,14,13,12,14,9,7,14,6,10,14,9,12,15,8,13,14,13,12,13,16,14,6,14,11,15,13,15,12,14,10,11,16,13,14,10,28110488,Premier League,Everton
José Sá,GK ,32,137,145,Portugal,Wolverhampton Wanderers,1,3,2,2,9,2,8,2,3,1,9,1,2,8,13,15,16,12,12,13,15,5,11,3,14,16,10,10,9,14,12,13,13,9,13,12,55038655,Premier League,Wolverhampton Wanderers
Josep Martínez,GK ,27,137,145,Spain,Blu-neri Milano,3,2,3,1,13,1,4,2,3,1,11,4,1,10,12,11,11,12,13,11,12,11,9,2,15,14,13,12,11,15,10,14,13,12,13,10,67245412,Serie A,Inter
Emil Holm,D/WB/M R,25,137,144,Sweden,Bologna FC 1909,6,13,13,8,12,8,13,9,9,11,13,6,14,13,15,13,14,12,12,11,12,8,8,14,12,13,11,12,15,13,15,16,10,16,14,16,93085044,Serie A,Bologna FC 1909
Jens Odgaard,AM RLC,26,137,143,Denmark,Bologna FC 1909,11,12,13,13,13,13,13,15,5,6,13,12,7,14,13,14,14,14,13,13,14,14,6,13,8,14,13,17,14,13,13,13,15,13,13,13,27119480,Serie A,Bologna FC 1909
Tasos Douvikas,ST ,26,137,143,Greece,Como 1907,8,11,11,15,13,11,14,10,4,7,11,14,9,13,13,15,16,13,14,13,14,13,8,14,7,14,12,16,13,12,14,14,15,13,15,14,36137588,Serie A,Como 1907
Che Adams,AM/ST C,29,137,142,"Scotland,England,Antigua and Barbuda",Torino,4,10,13,15,14,5,13,14,4,5,13,11,7,14,16,14,13,14,10,12,14,11,7,14,7,15,14,16,14,14,13,11,16,15,14,13,90055302,Serie A,Torino
Enzo Le Fée,M/AM LC,25,137,142,France,Sunderland,15,13,14,9,16,14,6,12,5,11,15,12,9,15,7,13,11,13,12,14,14,15,11,13,10,15,15,14,14,15,15,5,13,13,14,7,49040114,Premier League,Sunderland
Pascal Struijk,D LC,25,137,142,"Netherlands,Belgium,Indonesia",Leeds United,3,10,11,8,12,3,17,6,8,14,15,14,14,13,13,13,14,14,12,12,13,8,12,11,13,14,13,13,12,11,13,16,14,13,13,14,37059452,Premier League,Leeds United
Marc Oliver Kempf,D C,30,137,141,Germany,Como 1907,4,8,11,6,12,4,16,6,8,13,12,8,13,11,16,14,15,12,12,12,16,8,14,8,14,14,11,15,12,11,15,16,14,15,15,16,92027023,Serie A,Como 1907
Unai López,DM/M C,29,137,141,"Spain,Pays Basque",Vallecano,15,13,14,12,15,13,7,14,8,7,15,13,8,16,14,15,11,14,11,10,12,16,12,12,12,15,15,13,13,15,16,8,12,12,15,11,67145056,LaLiga,Rayo Vallecano
Christian Günter,D/WB L,32,137,140,Germany,Sport-Club Freiburg,16,16,11,8,12,14,8,11,17,12,11,10,12,12,14,12,12,12,12,12,16,10,17,14,12,16,11,16,14,12,13,11,19,16,15,13,91105585,Bundesliga,Sport-Club Freiburg
Ethan Pinnock,D C,32,137,140,"Jamaica,England",Brentford,5,7,9,9,12,7,15,6,14,13,13,5,14,12,12,14,15,15,14,14,16,6,13,8,14,13,12,14,11,11,15,17,14,12,13,15,89040516,Premier League,Brentford
Ludovic Ajorque,ST ,31,137,140,"France,Réunion",Stade Brestois 29,4,8,11,13,13,6,16,9,6,7,12,13,8,12,15,14,16,13,13,13,16,12,13,16,10,14,12,16,11,11,16,18,13,12,14,17,85103818,Ligue 1,Stade Brestois 29
Moses Simon,AM L,30,137,140,Nigeria,Paris FC,11,13,14,12,15,10,6,11,4,5,13,11,6,15,8,11,12,12,12,11,12,15,9,12,10,12,14,12,16,15,11,5,12,15,14,11,13139098,Ligue 1,Paris FC
Abdelkabir Abqar,D C,26,137,138,Morocco,Getafe,7,7,10,8,10,7,12,7,11,14,10,7,14,10,16,14,17,12,14,12,12,6,10,5,15,15,8,15,12,11,11,15,12,14,15,16,67257704,LaLiga,Getafe
Deiver Machado,D/WB L,31,137,137,Colombia,RC Lens,8,15,13,12,13,7,8,11,13,12,13,10,12,13,9,12,12,12,12,13,13,11,11,13,12,15,12,18,15,14,12,8,14,14,14,13,76038733,Ligue 1,RC Lens
Stefan Ortega,GK ,32,137,137,"Germany,Spain",Manchester City,5,2,2,2,13,8,7,3,1,3,15,3,3,12,10,12,12,13,12,13,14,5,13,5,11,12,13,13,11,12,13,14,14,10,12,13,91100272,Premier League,Manchester City
Can Uzun,M/AM LC,19,136,-9,"Türkiye,Germany",Eintracht Frankfurt,12,12,16,15,17,12,10,16,6,7,14,13,8,17,13,13,10,13,12,13,13,17,7,13,7,12,14,11,12,15,12,10,12,10,15,8,2000103330,Bundesliga,Eintracht Frankfurt
Tyler Dibling,AM RC,19,136,-9,England,Everton,13,13,17,10,15,9,7,13,9,7,14,7,7,15,7,11,10,14,11,12,12,15,7,13,9,10,14,10,14,14,16,10,11,15,12,14,2000198043,Premier League,Everton
El Hadji Malick Diouf,D/WB LC,20,136,-85,Senegal,West Ham United,7,16,13,11,13,2,12,9,12,13,13,2,14,13,16,14,15,11,11,11,14,13,5,11,11,13,12,14,16,13,13,12,17,15,14,14,2000262615,Premier League,West Ham United
Yehor Yarmoliuk,DM/M/AM C,21,136,-85,Ukraine,Brentford,10,12,12,10,13,9,12,9,8,12,13,10,13,13,13,13,14,13,14,13,16,12,8,12,12,14,13,18,13,13,12,11,15,13,14,12,71110357,Premier League,Brentford
Ciro Immobile,ST ,35,136,165,Italy,Bologna FC 1909,4,4,12,17,13,4,14,12,4,4,12,18,6,12,14,17,15,14,14,11,20,12,15,18,6,16,12,17,12,12,12,11,14,10,11,12,43010773,Serie A,Bologna FC 1909
Nico O'Reilly,D/M/AM LC,20,136,165,"England,Jamaica",Manchester City,12,9,13,11,12,12,10,7,3,11,13,10,10,15,8,13,11,14,13,13,14,16,7,13,12,13,14,14,16,15,13,15,16,13,15,9,2000101285,Premier League,Manchester City
David Brooks,M/AM RC,28,136,164,"Wales,England",AFC Bournemouth,9,13,15,13,14,10,8,8,4,7,15,8,10,16,6,14,6,15,10,14,14,16,5,15,8,13,16,15,14,16,15,6,9,15,11,7,28095352,Premier League,AFC Bournemouth
Hugo Larsson,DM/M C,21,136,164,Sweden,Eintracht Frankfurt,11,11,12,11,14,11,11,12,8,10,14,11,11,14,13,14,14,12,13,13,16,13,12,13,11,16,12,17,14,14,12,12,16,14,17,12,2000019708,Bundesliga,Eintracht Frankfurt
Diego Coppola,D C,21,136,162,"Italy,Netherlands",Brighton & Hove Albion,7,9,10,5,11,4,14,6,11,14,11,6,14,12,15,16,14,13,14,13,13,4,8,5,13,11,11,14,13,12,13,16,11,14,14,14,43500130,Premier League,Brighton & Hove Albion
Karl Etta Eyong,ST C,21,136,162,Cameroon,Levante,6,8,11,14,14,5,13,9,5,6,12,9,7,11,10,13,13,11,10,11,14,12,7,13,8,15,11,15,17,12,12,13,14,16,16,14,2000190386,LaLiga,Levante
Lamine Camara,DM/M C,21,136,162,Senegal,AS Monaco,11,13,12,11,13,12,9,13,9,11,14,12,13,13,14,14,15,11,12,13,15,12,12,14,13,15,14,16,13,14,13,7,14,12,15,12,12093439,Ligue 1,AS Monaco
Raúl Albiol,D C,39,136,161,Spain,Pisa Sporting Club,4,10,8,9,12,6,15,9,9,16,12,9,16,12,11,14,17,14,14,16,16,6,14,9,16,17,12,16,6,9,16,15,13,7,10,14,7452450,Serie A,Pisa Sporting Club
Carney Chukwuemeka,M/AM C,21,136,160,"England,Nigeria,Austria",Borussia Dortmund,10,9,15,10,16,10,11,12,6,9,13,12,11,17,8,12,12,13,10,12,12,17,10,12,10,11,13,12,15,15,12,13,6,14,13,12,28127875,Bundesliga,Borussia Dortmund
Nathaniel Brown,D/WB L,22,136,160,"Germany,United States",Eintracht Frankfurt,14,14,13,8,14,12,7,10,13,10,13,8,15,14,12,13,15,13,12,12,14,13,4,13,11,15,13,15,14,15,12,8,15,16,15,9,2000068585,Bundesliga,Eintracht Frankfurt
Rodrigo Gomes,WB/M/AM RL,22,136,-8,Portugal,Wolverhampton Wanderers,9,10,14,11,13,10,8,8,10,8,11,6,9,13,13,12,16,8,15,10,17,14,8,13,7,13,14,15,16,15,9,7,12,15,13,8,83333463,Premier League,Wolverhampton Wanderers
Williot Swedberg,AM RLC,21,136,159,Sweden,Vigo,8,12,12,14,13,9,14,12,6,9,12,11,8,13,8,15,12,15,15,14,14,12,8,15,12,12,12,12,12,12,10,12,12,14,11,8,2000008568,LaLiga,Celta
Ansu Fati,AM/ST LC,22,136,158,"Spain,Guinea-Bissau",Barcelona,7,13,15,16,15,7,12,14,6,4,14,12,5,16,8,13,10,12,11,12,12,15,9,16,5,12,14,10,14,14,12,9,10,14,12,10,67276122,LaLiga,Barcelona
Habib Diarra,M/AM C,21,136,157,"Senegal,France",Sunderland,6,10,13,9,14,9,9,14,6,12,14,13,12,14,10,13,12,11,13,13,16,13,12,12,12,14,11,16,13,13,14,10,14,15,15,15,2000025485,Premier League,Sunderland
Chrislain Matsima,D RC,23,136,156,"France,Democratic Republic of Congo",FC Augsburg,3,8,11,6,12,3,14,7,10,14,12,7,13,12,13,15,15,12,14,12,13,8,13,9,14,13,11,14,14,12,14,16,14,16,12,15,49048468,Bundesliga,FC Augsburg
Fábio Silva,AM/ST C,23,136,156,Portugal,Borussia Dortmund,8,9,14,14,14,8,14,11,7,5,12,14,6,14,13,13,12,14,13,12,15,14,8,15,6,11,12,13,13,14,13,13,12,14,13,13,83228802,Bundesliga,Borussia Dortmund
Sergio Gómez,D/WB/M/AM RL,24,136,156,Spain,Real San Sebastián,15,16,13,10,15,13,6,11,9,9,15,13,9,15,7,10,14,13,13,11,12,16,8,12,12,14,14,14,14,13,10,6,12,14,13,8,67258414,LaLiga,Real Sociedad
Tommaso Baldanzi,AM/ST C,22,136,154,Italy,Associazione Sportiva Roma,12,11,15,13,15,12,9,14,4,5,14,12,7,15,10,14,12,13,13,13,14,15,7,15,5,13,14,14,14,16,14,6,10,13,14,8,43591641,Serie A,Associazione Sportiva Roma
Wilson Odobert,M/AM RL,20,136,154,"France,Martinique",Tottenham Hotspur,7,13,17,12,15,9,10,12,5,6,13,9,6,15,9,12,12,13,12,13,14,13,7,13,7,12,13,12,15,15,13,11,13,15,13,6,2000102722,Premier League,Tottenham Hotspur
Raúl Asencio,D C,22,136,153,Spain,R. Madrid,7,8,10,7,12,7,13,6,13,14,13,8,14,13,16,13,16,13,14,12,15,8,10,8,13,15,9,16,14,13,10,13,15,14,14,14,2000126407,LaLiga,R. Madrid
Tariq Lamptey,D/WB RL,24,136,153,"Ghana,England",ACF Fiorentina,6,12,14,9,12,6,7,9,6,7,12,9,11,12,10,13,14,13,13,12,14,11,8,11,9,12,11,14,18,16,15,2,8,16,12,6,28112993,Serie A,ACF Fiorentina
Equi Fernández,DM/M C,23,136,152,"Argentina,Paraguay",Bayer 04 Leverkusen,8,8,12,7,14,8,8,10,6,12,15,8,14,15,16,14,16,15,12,13,16,12,10,11,13,16,15,16,12,12,13,10,14,11,16,12,14247304,Bundesliga,Bayer 04 Leverkusen
Federico Bernardeschi,M/AM RC,31,136,152,Italy,Bologna FC 1909,15,15,14,13,16,14,10,14,6,5,14,14,8,15,12,9,8,11,10,10,15,15,11,14,9,13,14,12,14,14,12,10,13,13,13,12,43093476,Serie A,Bologna FC 1909
Maxime Estève,D C,23,136,152,France,Burnley,5,5,6,4,11,4,14,8,5,14,12,8,15,12,12,14,13,14,14,14,13,5,10,10,14,13,10,13,15,12,12,13,12,16,12,15,49060933,Premier League,Burnley
Máximo Perrone,DM/M C,22,136,152,"Argentina,Spain",Como 1907,8,8,12,9,14,11,9,13,10,13,15,11,12,15,11,13,13,14,14,14,12,13,13,12,16,14,15,13,13,14,13,9,13,13,13,12,14227360,Serie A,Como 1907
Abel Ruiz,AM/ST C,25,136,150,Spain,Girona,8,10,14,13,14,9,12,13,3,4,14,15,7,15,11,11,12,13,11,13,13,13,11,14,7,14,14,13,14,13,15,11,15,14,15,14,67245418,LaLiga,Girona
Adrià Pedrosa,D/WB L,27,136,150,Spain,Sevilla,10,14,14,10,14,8,11,10,9,12,13,9,13,12,14,13,12,13,13,13,13,11,10,13,13,13,13,13,15,14,13,10,14,14,15,10,95035991,LaLiga,Sevilla
Carlos Romero,D/WB L,23,136,150,Spain,Villarreal,9,14,13,10,13,8,7,10,11,12,13,8,13,13,11,14,12,14,14,13,14,10,10,15,13,13,14,13,14,15,12,7,14,15,14,12,2000019413,LaLiga,Villarreal
Diego Conde,GK ,26,136,150,Spain,Villarreal,4,2,3,1,8,5,5,3,2,1,9,3,3,10,4,14,13,14,13,14,12,4,6,11,14,11,12,12,10,15,6,12,11,10,14,10,67216538,LaLiga,Villarreal
Dilane Bakwa,AM RL,22,136,150,France,Nottingham Forest,7,14,16,10,16,8,8,8,6,5,13,8,5,15,8,13,13,14,12,11,13,17,8,15,7,13,11,13,16,15,11,9,12,15,12,11,49048348,Premier League,Nottingham Forest
Éric Bailly,D C,31,136,150,Ivory Coast,Oviedo,5,4,10,5,12,5,14,5,9,15,12,5,17,12,16,16,18,10,9,10,13,8,7,8,15,13,7,12,13,14,16,14,11,14,15,16,67191910,LaLiga,Oviedo
Lucas Beltrán,AM/ST C,24,136,150,"Argentina,Italy",ACF Fiorentina,7,10,14,12,14,7,14,12,7,5,13,16,9,14,15,14,13,13,13,12,13,14,9,14,8,16,13,16,14,14,15,12,14,13,15,13,14217414,Serie A,ACF Fiorentina
"Rômulo(RB Leipzig,Brazil)",ST ,23,136,150,Brazil,RB Leipzig,8,9,14,13,14,15,13,12,10,6,12,16,8,13,13,12,13,12,12,12,16,14,8,12,7,12,12,15,13,12,14,15,12,15,15,15,19380090,Bundesliga,RB Leipzig
Adrián Bernabé,DM/M C,24,136,149,Spain,Parma Calcio 1913,12,14,14,12,15,14,9,13,6,7,14,10,12,15,12,11,13,13,13,13,14,14,12,14,14,13,15,12,14,14,14,7,12,14,14,11,67271025,Serie A,Parma Calcio 1913
Daniel Maldini,AM/ST RLC,23,136,149,"Italy,Venezuela",Bergamo,14,13,15,12,14,15,13,14,4,5,13,11,6,15,9,14,12,13,11,12,14,14,6,14,4,14,14,12,14,15,12,13,8,13,12,12,43371896,Serie A,Atalanta
Aihen Muñoz,D L,27,136,147,"Spain,Pays Basque",Real San Sebastián,8,12,13,9,12,10,10,12,12,14,13,9,15,14,15,13,13,13,14,14,13,7,11,12,15,14,13,16,14,13,14,8,13,13,14,12,67246383,LaLiga,Real Sociedad
José Luis Morales,M/AM/ST RL,38,136,147,Spain,Levante,7,12,15,14,13,8,8,13,6,6,13,14,8,14,11,12,10,14,13,13,16,15,17,14,9,13,13,13,13,14,9,9,15,13,13,9,67030120,LaLiga,Levante
Tani Oluwaseyi,AM/ST LC,25,136,147,"Canada,Nigeria,United States",Villarreal,8,8,12,15,12,6,11,11,4,5,8,10,5,11,12,13,12,12,10,11,14,12,5,15,10,14,12,15,16,11,12,14,13,18,11,12,2000158854,LaLiga,Villarreal
Carlos Domínguez,D C,24,136,146,Spain,Vigo,10,10,8,8,11,8,13,8,10,14,10,8,15,10,16,15,15,14,16,14,12,11,12,8,15,11,10,13,13,14,13,13,13,12,13,12,67279603,LaLiga,Celta
Jens Cajuste,DM/M C,25,136,146,"Sweden,United States,Haiti",Parthenope,10,10,12,8,12,11,12,11,15,13,14,8,14,13,16,12,12,14,12,13,14,13,8,13,12,15,12,17,13,12,15,14,12,14,13,15,93069729,Serie A,Napoli
Jérémie Boga,AM LC,28,136,146,"Ivory Coast,France",OGC Nice,8,12,17,12,16,10,6,15,4,4,12,10,5,17,11,12,10,12,6,12,15,16,7,14,9,10,12,12,15,17,14,8,12,14,12,12,28084880,Ligue 1,OGC Nice
Thilo Kehrer,D RC,28,136,146,"Germany,Burundi",AS Monaco,6,10,10,6,13,4,13,7,10,14,13,6,15,13,14,14,14,14,13,12,11,9,13,7,13,13,12,13,13,13,12,14,16,14,14,13,91126230,Ligue 1,AS Monaco
Atakan Karazor,DM/M C,28,136,145,"Türkiye,Germany",VfB Stuttgart,3,7,11,6,12,4,13,7,8,13,14,10,15,13,17,14,16,14,15,15,16,8,16,11,15,18,12,16,11,10,16,16,16,12,16,15,92074021,Bundesliga,VfB Stuttgart
Enrico Delprato,D/WB RC,25,136,145,Italy,Parma Calcio 1913,5,10,9,11,11,5,15,8,12,13,13,9,13,12,13,13,14,13,14,13,15,10,14,12,15,13,10,14,13,14,13,12,15,14,13,13,43252473,Serie A,Parma Calcio 1913
Lilian Brassier,D LC,25,136,145,"France,Guadeloupe",Stade Rennais FC,10,13,12,7,13,6,15,12,6,15,13,7,14,12,11,12,13,12,12,13,13,10,10,10,13,13,13,12,13,13,12,15,13,14,14,15,48044279,Ligue 1,Stade Rennais FC
"Roberto Fernández(Espanyol,Spain)",AM/ST RL,23,136,145,Spain,Espanyol,6,12,13,14,14,8,14,13,7,7,11,10,7,14,12,13,13,13,11,14,13,12,8,13,6,14,12,14,14,12,11,13,12,14,13,13,2000101543,LaLiga,Espanyol
Rodrigo Muniz,ST ,24,136,145,Brazil,Fulham,8,9,11,16,13,6,15,11,10,7,9,11,7,13,11,15,14,14,11,13,13,15,8,15,7,11,12,14,14,14,13,15,12,14,13,12,19352610,Premier League,Fulham
Denis Vavro,D C,29,136,144,Slovakia,VfL Wolfsburg,4,8,8,8,10,15,14,14,10,13,12,13,13,10,16,15,17,11,14,12,16,6,14,8,15,12,11,16,12,10,16,16,14,15,12,16,63025710,Bundesliga,VfL Wolfsburg
Jordan Teze,D/WB RC,25,136,144,"Netherlands,Congo",AS Monaco,8,11,11,7,13,6,12,7,12,13,15,6,13,12,13,12,12,13,13,13,16,12,12,12,14,14,11,14,14,15,14,13,15,14,15,13,37058008,Ligue 1,AS Monaco
Marash Kumbulla,D C,25,136,144,"Albania,Italy",Associazione Sportiva Roma,5,7,8,9,10,5,16,5,13,16,12,6,15,11,17,13,15,12,12,13,11,7,9,6,13,14,9,15,11,10,12,16,15,12,14,15,43296495,Serie A,Associazione Sportiva Roma
Nayef Aguerd,D C,29,136,144,Morocco,Olympique de Marseille,3,9,10,12,12,4,13,7,11,14,13,9,15,13,11,14,14,14,14,14,12,5,11,9,15,12,13,13,13,12,13,15,12,14,14,13,13199286,Ligue 1,Olympique de Marseille
Pasquale Mazzocchi,D/WB/M RL,30,136,144,Italy,Parthenope,12,13,12,7,12,12,5,11,10,9,12,7,13,13,13,12,13,12,11,10,16,13,12,13,12,11,9,16,15,14,10,7,13,14,16,12,43124221,Serie A,Napoli
Lucas Da Cunha,DM/M/AM LC,24,136,143,"France,Portugal",Como 1907,12,12,12,10,14,14,7,10,4,10,15,9,12,14,10,13,12,12,12,13,13,15,7,13,13,14,13,14,13,14,13,6,13,13,13,10,49038940,Serie A,Como 1907
Alexis Claude-Maurice,AM LC,27,136,142,"France,Guadeloupe",FC Augsburg,12,11,16,13,14,12,6,13,6,8,15,13,11,16,11,13,13,13,12,12,12,16,8,13,8,12,13,13,14,16,12,7,12,14,13,11,48036267,Bundesliga,FC Augsburg
Andreas Skov Olsen,M/AM RLC,25,136,142,Denmark,VfL Wolfsburg,14,12,13,13,14,13,7,13,8,8,13,14,8,15,8,12,11,12,10,12,8,14,7,13,8,12,13,11,14,12,12,12,8,15,13,12,27128912,Bundesliga,VfL Wolfsburg
Benedict Hollerbach,AM/ST RLC,24,136,142,Germany,1. FSV Mainz 05,8,9,13,12,10,8,10,12,6,8,10,13,9,11,16,13,16,11,9,10,17,13,8,13,8,13,10,18,16,13,12,11,16,15,17,11,91187678,Bundesliga,1. FSV Mainz 05
Grischa Prömel,DM/M C,30,136,142,Germany,TSG 1899 Hoffenheim,6,8,12,10,12,6,14,12,7,12,12,10,12,12,16,13,17,13,16,13,17,10,16,13,13,19,12,18,12,12,16,12,14,12,17,14,91144397,Bundesliga,TSG 1899 Hoffenheim
Jayden Bogle,D/WB R,25,136,142,England,Leeds United,9,14,14,11,13,8,10,5,11,12,15,7,9,15,11,12,11,11,12,12,14,14,8,13,12,16,13,15,15,14,14,9,15,14,16,11,29179807,Premier League,Leeds United
Jota Silva,AM/ST RL,26,136,142,Portugal,Nottingham Forest,8,8,13,12,12,8,12,10,9,7,10,10,8,13,15,14,16,10,13,10,18,15,7,10,6,12,11,16,16,15,9,7,13,16,14,10,83192919,Premier League,Nottingham Forest
Sean Longstaff,DM/M C,27,136,142,England,Leeds United,14,11,12,12,13,11,11,11,4,11,12,11,14,13,13,14,18,13,14,12,15,10,11,15,15,17,12,17,11,11,13,11,15,12,18,12,28100360,Premier League,Leeds United
Andrea Pinamonti,ST ,26,136,141,Italy,U.S. Sassuolo Calcio,4,4,12,14,13,5,14,12,4,4,12,15,5,14,10,14,13,13,11,13,14,12,12,15,6,13,11,13,14,14,15,14,14,14,14,14,43252773,Serie A,Sassuolo
Cyril Ngonge,AM/ST RC,25,136,141,"Belgium,Democratic Republic of Congo",Parthenope,13,13,15,14,14,7,14,13,7,5,11,13,5,14,13,13,13,12,11,10,8,14,10,14,5,12,11,11,16,14,12,10,8,14,13,12,18101760,Serie A,Napoli
Michael Folorunsho,DM/M LC,27,136,141,"Italy,Nigeria",Parthenope,6,12,13,10,12,11,10,13,8,11,12,8,14,14,16,13,16,14,13,13,15,12,11,13,13,15,12,16,12,12,14,14,14,14,15,15,43207763,Serie A,Napoli
Ao Tanaka,DM/M C,26,136,140,Japan,Leeds United,12,10,12,11,15,12,8,12,6,12,15,11,12,15,13,13,14,15,12,14,15,12,12,12,12,16,15,15,12,14,12,10,14,13,15,10,45104245,Premier League,Leeds United
Jesper Karlström,DM/M C,30,136,140,Sweden,Udinese Calcio,10,10,10,8,13,9,10,10,9,11,14,11,15,13,14,13,16,12,13,14,15,9,15,11,13,16,12,16,12,13,13,11,16,12,15,15,93052050,Serie A,Udinese Calcio
Johan Felipe Vásquez,D LC,26,136,140,Mexico,Genoa Cricket and Football Club,4,10,11,9,11,5,15,10,11,14,12,9,15,12,17,15,15,13,14,14,13,8,10,11,14,12,10,14,14,13,14,13,15,12,14,13,51067636,Serie A,Genoa Cricket and Football Club
Tommaso Pobega,DM/M C,26,136,140,Italy,Casciavit Milano,7,11,11,11,13,7,13,15,11,13,12,11,14,12,14,13,13,12,12,13,13,8,10,15,13,16,12,13,12,13,14,14,13,13,14,15,43269242,Serie A,Milan
Romain Del Castillo,AM RL,29,136,139,France,Stade Brestois 29,12,15,15,12,15,11,9,12,8,5,15,12,5,14,8,12,12,12,12,12,14,15,12,13,8,13,14,13,13,16,15,9,14,13,12,10,48036653,Ligue 1,Stade Brestois 29
Brendan Chardonnet,D C,30,136,138,France,Stade Brestois 29,4,7,10,6,13,6,15,8,6,15,11,10,14,12,15,13,14,14,13,13,13,8,16,9,14,14,10,14,11,11,15,15,14,12,15,16,85139266,Ligue 1,Stade Brestois 29
Dominik Kohr,D/DM/M C,31,136,138,Germany,1. FSV Mainz 05,6,8,11,7,11,6,13,8,8,13,12,8,16,11,18,16,18,11,13,12,17,8,15,9,13,16,11,18,12,11,15,13,16,15,14,15,91108278,Bundesliga,1. FSV Mainz 05
Hamari Traoré,D R,33,136,138,Mali,Paris FC,10,13,11,7,12,8,12,7,15,13,12,5,12,12,15,13,13,11,12,13,12,12,9,13,13,14,11,16,15,13,12,10,16,15,17,12,30035411,Ligue 1,Paris FC
Kristijan Jakić,DM/M RC,28,136,138,Croatia,FC Augsburg,8,10,10,8,11,8,13,11,13,13,12,10,15,11,16,15,17,11,13,12,17,8,15,11,15,17,11,18,12,11,15,14,14,12,16,15,24051635,Bundesliga,FC Augsburg
Lorenzo Montipò,GK ,29,136,138,Italy,Hellas Verona FC,2,2,2,1,10,1,4,3,1,3,7,3,3,6,12,14,14,14,13,13,14,8,10,9,15,10,9,10,11,14,11,15,13,10,13,12,43124226,Serie A,Hellas Verona FC
Nikola Vasilj,GK ,29,136,138,"Bosnia and Herzegovina,Croatia",FC St. Pauli,1,3,2,2,8,1,6,2,2,1,11,3,2,9,15,13,16,12,14,12,16,6,15,1,14,12,11,13,8,14,12,16,14,9,11,14,21024436,Bundesliga,FC St. Pauli
Sebastiano Luperto,D C,28,136,137,Italy,Cagliari Calcio,5,8,7,5,10,7,15,6,10,14,12,9,13,10,14,14,14,14,15,13,15,5,15,7,15,14,11,14,12,11,13,16,16,12,15,15,43095145,Serie A,Cagliari Calcio
Adam Smith,D/WB RL,34,136,136,England,AFC Bournemouth,6,12,12,7,13,6,7,9,3,12,13,4,14,13,10,14,13,13,12,14,14,9,12,13,15,16,9,16,14,13,11,7,16,14,17,9,28011401,Premier League,AFC Bournemouth
Adrien Thomasson,M/AM C,31,136,136,"France,Croatia",RC Lens,12,12,13,10,14,10,12,12,4,12,13,11,11,14,14,12,14,12,12,13,14,12,13,14,13,16,15,16,13,13,13,9,15,13,14,13,85128018,Ligue 1,RC Lens
Joe Rodon,D C,27,136,136,Wales,Leeds United,4,7,11,2,11,3,15,3,10,12,11,5,14,12,14,14,16,12,11,13,15,9,14,8,14,14,8,14,13,13,10,16,12,15,13,16,28100477,Premier League,Leeds United
Kike García,ST ,35,136,136,Spain,Espanyol,7,9,12,13,12,8,13,10,7,6,12,10,10,13,14,14,16,15,15,14,12,12,15,14,9,17,10,17,12,11,14,13,15,13,15,16,67065538,LaLiga,Espanyol
Paul Pogba,M LC,32,135,176,"France,Guinea",AS Monaco,10,13,12,14,17,15,14,14,4,6,17,15,11,18,12,15,10,13,10,11,13,18,12,14,7,12,16,8,10,11,14,12,7,13,11,13,85028014,Ligue 1,AS Monaco
Edin Džeko,ST ,39,135,168,Bosnia and Herzegovina,ACF Fiorentina,7,11,13,14,16,10,15,10,11,10,14,13,6,15,6,17,13,13,11,16,19,11,18,18,12,20,15,14,5,6,12,15,20,9,11,15,8502440,Serie A,ACF Fiorentina
Niccolò Pisilli,M/AM C,20,135,168,Italy,Associazione Sportiva Roma,10,12,13,13,14,8,10,12,7,8,14,9,12,15,13,12,13,13,13,13,13,10,9,13,11,14,13,14,14,14,14,10,13,14,14,12,2000097929,Serie A,Associazione Sportiva Roma
Andrey Santos,DM/M C,21,135,167,Brazil,Chelsea,8,9,13,11,13,9,14,12,9,14,14,9,14,14,13,13,13,12,13,13,13,15,10,12,13,15,13,14,13,14,13,12,14,13,14,13,2000007415,Premier League,Chelsea
Nemanja Matić,DM/M C,37,135,165,"Serbia,Slovakia",U.S. Sassuolo Calcio,10,10,13,5,15,10,16,11,5,13,15,11,16,15,13,15,13,16,12,14,16,4,15,6,16,16,14,13,8,9,16,16,10,9,11,17,62000307,Serie A,Sassuolo
Yaser Asprilla,AM RLC,21,135,165,Colombia,Girona,12,13,15,11,14,13,8,12,4,5,14,11,7,16,13,11,12,11,10,12,13,14,8,13,8,11,14,13,14,15,12,12,14,13,12,10,2000053239,LaLiga,Girona
Axel Witsel,D/DM C,36,135,160,"Belgium,Martinique",Girona,8,9,13,9,15,8,13,11,9,13,15,14,13,15,11,18,13,18,17,14,13,8,13,11,12,17,13,13,9,9,16,14,16,9,12,14,8169215,LaLiga,Girona
Yasin Ayari,DM/M C,21,135,160,"Sweden,Tunisia,Morocco",Brighton & Hove Albion,12,12,13,12,13,11,8,13,5,9,14,12,14,14,14,13,14,13,14,13,17,13,11,13,12,16,13,15,15,13,12,8,12,13,14,11,93142470,Premier League,Brighton & Hove Albion
"Emerson(Olympique de Marseille,Italy,Brazil)",D/WB L,31,135,158,"Italy,Brazil",Olympique de Marseille,12,14,14,7,15,12,9,14,10,12,12,4,13,14,11,14,12,14,12,12,14,14,8,15,12,13,12,13,14,15,15,9,13,15,14,13,19158043,Ligue 1,Olympique de Marseille
Valentín Barco,D/WB/M LC,21,135,158,"Argentina,Italy",RC Strasbourg Alsace,16,15,15,8,15,14,3,13,11,10,13,14,12,15,14,11,14,14,12,12,13,16,10,14,12,14,16,13,13,15,13,7,16,13,10,6,2000033291,Ligue 1,RC Strasbourg Alsace
Albert Sambi Lokonga,DM/M C,25,135,155,"Belgium,Democratic Republic of Congo",Hamburger Sport-Verein,11,10,13,8,15,11,12,12,10,11,16,11,12,15,14,13,12,16,13,13,14,13,13,8,12,16,14,12,12,13,12,12,10,12,15,12,18097160,Bundesliga,Hamburger Sport-Verein
Merlin Röhl,DM/M/AM C,23,135,155,Germany,Sport-Club Freiburg,6,10,15,8,14,6,12,10,7,10,13,10,12,15,13,12,12,11,12,11,15,15,11,12,10,15,12,15,13,14,12,14,10,15,15,11,91204520,Bundesliga,Sport-Club Freiburg
Nicolás Tagliafico,D/WB/M L,32,135,155,"Argentina,Italy",Olympique Lyonnais,8,12,11,7,13,11,15,9,13,15,13,6,16,12,19,14,18,12,13,12,15,12,16,13,14,16,12,17,11,13,14,13,13,11,14,13,14008030,Ligue 1,Olympique Lyonnais
Tomáš Souček,DM/M C,30,135,155,Czechia,West Ham United,2,8,10,14,9,2,18,12,2,14,9,13,15,10,15,14,17,15,15,15,16,5,12,14,15,17,10,18,11,9,15,17,18,11,19,16,25041687,Premier League,West Ham United
"Arthur(Juventus,Brazil)",DM/M C,28,135,154,Brazil,Juventus,12,12,14,8,15,12,7,11,5,10,16,11,12,15,10,14,12,14,15,14,13,14,9,8,14,14,14,12,12,14,15,7,9,12,13,11,19259600,Serie A,Juventus
Matt Doherty,D/WB RC,33,135,152,Republic of Ireland,Wolverhampton Wanderers,7,12,14,12,13,10,14,10,13,13,13,8,13,13,11,13,13,13,13,14,14,12,12,16,14,14,13,13,12,11,13,13,15,12,13,14,52032335,Premier League,Wolverhampton Wanderers
Zion Suzuki,GK ,22,135,152,"Japan,United States",Parma Calcio 1913,3,7,8,3,13,8,5,9,11,8,13,7,10,12,10,10,13,11,12,12,12,7,11,4,13,11,11,11,11,14,15,15,11,12,13,15,45112276,Serie A,Parma Calcio 1913
Mika Biereth,ST ,22,135,151,"Denmark,England,Bosnia and Herzegovina",AS Monaco,5,11,12,15,13,8,13,11,7,6,14,12,7,13,14,13,13,15,14,13,15,12,10,14,7,14,12,16,15,12,14,14,14,13,14,14,29233148,Ligue 1,AS Monaco
Thomas Kristensen,D C,23,135,151,Denmark,Udinese Calcio,5,9,9,8,10,7,15,7,7,14,11,6,14,11,12,13,15,13,13,12,13,7,9,9,15,12,11,14,11,10,14,18,13,13,13,15,2000005988,Serie A,Udinese Calcio
Carlos Álvarez,M/AM RC,21,135,150,Spain,Levante,12,12,15,12,16,13,7,13,5,6,15,12,7,16,10,13,12,13,11,13,14,15,6,13,8,12,15,13,15,15,12,5,13,13,13,7,67291985,LaLiga,Levante
Cédric Bakambu,ST ,34,135,150,"Democratic Republic of Congo,France",Real Hispalis,7,10,13,14,13,8,13,12,7,7,13,14,8,13,12,15,13,12,10,12,12,12,10,16,7,13,10,14,14,15,15,11,13,13,12,13,34009930,LaLiga,Real Betis
Enes Ünal,ST ,28,135,150,Türkiye,AFC Bournemouth,6,9,13,14,14,15,13,13,6,6,10,14,6,15,11,12,13,13,11,12,15,14,9,14,7,12,11,13,12,14,13,13,12,12,14,14,70087488,Premier League,AFC Bournemouth
Hamed Traoré,M/AM C,25,135,150,Ivory Coast,AFC Bournemouth,12,12,15,13,15,11,4,13,4,6,14,11,8,15,12,12,10,12,10,12,12,16,8,15,7,14,13,13,13,16,15,4,14,13,12,10,43317933,Premier League,AFC Bournemouth
Jorge Cuenca,D C,25,135,150,Spain,Fulham,7,7,8,7,14,6,13,8,9,14,12,6,15,12,12,14,13,13,14,13,14,7,9,7,14,13,11,13,15,11,12,14,14,15,12,15,67248170,Premier League,Fulham
Matías Vecino,DM/M C,33,135,150,"Uruguay,Italy",Capitolini Celesti,5,7,8,15,13,7,17,13,4,13,14,13,13,14,15,18,14,14,13,13,18,14,13,18,14,16,13,14,10,10,15,14,17,10,12,16,78040720,Serie A,Lazio
Max Kilman,D C,28,135,150,"England,Russia,Ukraine",West Ham United,4,11,13,6,13,10,16,7,7,14,14,2,14,15,7,13,12,13,12,12,15,11,6,11,14,12,13,12,13,13,13,15,11,14,13,13,29142052,Premier League,West Ham United
Neco Williams,D/WB RL,24,135,150,"Wales,England",Nottingham Forest,8,14,14,11,14,13,11,12,10,11,12,14,13,13,13,10,12,11,10,11,14,11,9,12,12,14,12,15,14,13,13,11,15,14,14,11,28115792,Premier League,Nottingham Forest
Christos Mandas,GK ,23,135,149,Greece,Capitolini Celesti,5,1,1,2,10,9,1,1,2,2,9,2,3,7,9,13,12,12,12,13,16,2,11,2,15,12,13,13,13,13,12,13,12,12,11,12,36137769,Serie A,Lazio
Carles Aleñá,M/AM C,27,135,148,Spain,Alavés,14,13,14,12,17,13,6,12,8,5,15,14,7,17,12,13,12,14,12,14,13,16,11,13,9,12,16,11,12,12,12,10,14,13,12,11,67213011,LaLiga,Alavés
Fisayo Dele-Bashiru,M/AM C,24,135,148,"Nigeria,England",Capitolini Celesti,4,9,15,13,13,5,6,14,4,8,14,7,13,13,9,14,12,12,8,12,14,14,6,15,8,12,12,13,16,14,13,9,13,16,13,14,28115798,Serie A,Lazio
Maxime Lopez,DM/M C,27,135,148,"France,Algeria",Paris FC,9,9,12,7,16,10,5,8,5,12,15,8,14,15,16,14,15,15,13,13,16,14,9,14,14,16,15,14,14,15,15,4,15,14,14,7,85140254,Ligue 1,Paris FC
Jon Moncayola,DM/M C,27,135,147,"Spain,Pays Basque",Atlético Pamplona,11,10,9,10,12,9,11,14,6,9,14,12,13,13,14,15,16,11,15,11,14,10,13,12,14,16,14,14,14,12,13,10,15,13,15,14,67267210,LaLiga,Osasuna
Simon Sohm,DM/M/AM C,24,135,147,"Switzerland,Nigeria",ACF Fiorentina,8,11,12,11,13,7,13,12,8,13,14,9,14,13,16,14,12,14,12,12,12,10,7,13,14,15,13,13,12,12,15,13,16,13,15,15,84151691,Serie A,ACF Fiorentina
Andoni Gorosabel,D/WB R,29,135,146,"Spain,Pays Basque",A. Bilbao,7,15,13,9,12,8,9,10,8,14,12,11,13,13,14,13,13,13,11,13,13,8,9,16,12,14,12,16,14,13,14,8,13,14,14,15,67202652,LaLiga,A. Bilbao
Mattias Svanberg,M C,26,135,146,Sweden,VfL Wolfsburg,13,12,12,11,14,13,11,14,6,11,13,11,12,14,15,12,13,13,13,13,14,13,10,13,12,12,14,14,13,12,14,11,13,15,15,12,93065023,Bundesliga,VfL Wolfsburg
Djibril Sow,DM/M C,28,135,145,"Switzerland,Senegal",Sevilla,11,9,12,8,14,10,9,12,6,12,14,10,12,14,16,13,12,13,12,13,13,13,12,12,12,12,13,14,13,13,15,11,13,15,17,12,98034373,LaLiga,Sevilla
Jackson Tchatchoua,D/WB/M RL,23,135,145,"Cameroon,Belgium",Wolverhampton Wanderers,11,12,13,7,13,5,7,8,10,9,11,5,12,12,12,13,10,12,11,11,12,14,6,12,10,13,10,12,15,12,14,10,15,18,14,12,18115949,Premier League,Wolverhampton Wanderers
Nadir Zortea,D/WB/M R,26,135,145,Italy,Bologna FC 1909,6,15,13,12,12,5,10,13,13,10,12,6,12,13,14,13,10,11,12,12,13,8,12,14,12,14,13,13,14,13,12,10,14,14,14,13,43252462,Serie A,Bologna FC 1909
Ørjan Nyland,GK ,34,135,145,Norway,Sevilla,3,8,5,3,11,3,5,5,7,3,13,5,7,11,14,13,13,13,14,13,15,9,12,2,13,13,10,12,11,12,13,16,14,12,10,14,53004955,LaLiga,Sevilla
Paulo Gazzaniga,GK ,33,135,145,"Argentina,Italy",Girona,3,2,3,1,8,8,6,3,1,2,10,3,8,13,9,12,14,10,14,12,13,6,11,4,14,11,14,12,10,15,11,17,11,9,12,13,67136579,LaLiga,Girona
Portu,AM RLC,33,135,145,Spain,Girona,10,11,13,12,12,12,6,11,8,9,12,9,10,13,16,12,15,12,12,11,17,12,13,14,10,15,12,16,15,12,14,10,14,15,13,14,67115581,LaLiga,Girona
Roberto Piccoli,AM/ST C,24,135,145,Italy,ACF Fiorentina,5,8,13,13,13,7,15,10,6,5,11,13,6,14,13,14,13,13,14,13,16,8,9,14,8,15,9,14,13,13,14,16,16,14,14,15,43372280,Serie A,ACF Fiorentina
Sacha Boey,D/WB R,24,135,145,"France,Cameroon,Belgium",FC Bayern München,8,11,13,7,12,7,8,8,13,13,12,10,15,12,16,13,16,11,12,11,15,12,8,12,13,13,11,17,15,14,16,12,8,14,16,14,49038965,Bundesliga,FC Bayern München
Sergi Altimira,DM/M C,23,135,145,Spain,Real Hispalis,8,9,13,7,14,8,12,15,7,12,14,9,14,14,12,13,14,12,12,11,14,12,12,10,14,14,12,15,12,13,14,14,15,11,17,14,2000116169,LaLiga,Real Betis
Sofiane Diop,M/AM RLC,25,135,145,"Morocco,France,Senegal",OGC Nice,16,12,15,13,14,15,5,13,2,6,14,10,8,15,12,13,13,12,13,13,16,15,11,13,12,12,13,13,13,14,15,12,12,14,14,11,49037827,Ligue 1,OGC Nice
Taiwo Awoniyi,ST ,27,135,145,Nigeria,Nottingham Forest,7,9,15,16,14,8,14,11,5,4,11,12,4,14,14,13,13,9,11,9,13,13,5,15,5,11,11,13,16,15,16,11,13,15,13,16,13136629,Premier League,Nottingham Forest
Tiago Tomás,AM/ST RL,23,135,145,"Portugal,Angola",VfB Stuttgart,12,10,14,10,12,12,11,12,7,7,10,12,8,13,15,11,15,10,9,10,15,17,7,12,7,12,10,15,15,15,12,11,13,16,13,11,83261927,Bundesliga,VfB Stuttgart
"Igor Jesus(Nottingham Forest,Brazil,United Arab Emirates)",ST ,24,135,144,"Brazil,United Arab Emirates",Nottingham Forest,6,11,13,15,13,8,13,12,7,6,12,13,7,14,11,14,14,14,13,12,13,11,12,15,7,14,12,14,14,13,15,12,13,13,13,14,19377081,Premier League,Nottingham Forest
Tanner Tessmann,DM/M C,23,135,144,United States,Olympique Lyonnais,12,12,11,9,12,13,11,14,8,14,14,11,13,14,12,15,11,13,14,12,15,11,11,10,15,14,13,12,11,11,14,13,12,11,15,15,2000015818,Ligue 1,Olympique Lyonnais
Stefan Posch,D RC,28,135,143,Austria,Bologna FC 1909,4,12,12,9,11,5,14,10,12,13,14,9,15,13,13,14,12,15,13,13,12,5,10,12,14,16,11,11,12,12,17,14,14,14,15,15,16147386,Serie A,Bologna FC 1909
Maxim De Cuyper,D/WB/M L,24,135,142,Belgium,Brighton & Hove Albion,13,14,11,11,13,8,11,12,10,11,14,13,14,14,12,11,15,14,12,13,13,13,11,13,11,16,14,13,14,14,11,12,13,14,13,10,18110473,Premier League,Brighton & Hove Albion
Moïse Bombito,D C,25,135,142,"Canada,United States",OGC Nice,5,7,9,7,10,7,15,5,6,13,13,5,14,9,15,14,13,12,12,12,15,11,10,12,13,13,12,14,17,11,12,16,13,16,14,15,2000239167,Ligue 1,OGC Nice
Odysseas Vlachodimos,GK ,31,135,142,"Greece,Germany",Newcastle United,3,2,2,2,7,2,8,1,3,3,9,3,1,8,11,11,11,11,13,12,13,4,10,3,14,13,10,13,13,16,12,14,14,12,13,12,92017506,Premier League,Newcastle United
Patrick Osterhage,DM/M C,25,135,142,Germany,Sport-Club Freiburg,11,9,12,8,12,12,12,12,6,12,13,11,12,12,15,13,15,13,16,13,15,12,12,12,13,18,12,17,13,12,13,12,13,15,17,13,91187649,Bundesliga,Sport-Club Freiburg
Pavel Šulc,AM LC,24,135,142,Czechia,Olympique Lyonnais,12,13,14,14,13,10,11,8,5,7,12,16,8,13,8,13,7,14,9,15,14,14,11,17,12,12,11,13,16,15,9,7,13,15,11,8,25059064,Ligue 1,Olympique Lyonnais
Saúl Coco,D C,26,135,142,"Equatorial Guinea,Nigeria,Spain",Torino,4,9,10,10,12,12,15,14,13,14,11,12,14,13,13,13,13,12,13,13,14,12,11,10,13,13,11,12,13,13,13,14,14,14,14,14,67245434,Serie A,Torino
Lucas Boyé,AM/ST RLC,29,135,141,"Argentina,Italy",Alavés,9,10,16,13,13,11,14,12,6,7,10,12,7,14,11,11,10,11,10,9,11,15,7,12,6,15,11,18,15,13,15,12,12,15,13,16,14110829,LaLiga,Alavés
Marin Pongračić,D C,27,135,141,"Croatia,Germany",ACF Fiorentina,4,7,12,6,13,5,15,6,8,14,13,7,14,12,17,14,16,13,13,12,14,11,7,9,14,11,12,9,14,12,15,14,12,14,13,16,91175664,Serie A,ACF Fiorentina
David Carmo,D C,26,135,140,"Angola,Portugal",Nottingham Forest,6,10,10,8,12,7,15,7,10,14,13,8,12,13,16,14,16,13,13,13,12,7,12,8,15,16,12,13,10,8,9,17,13,15,14,15,83111598,Premier League,Nottingham Forest
Lee Jae-Sung,M/AM C,32,135,140,South Korea,1. FSV Mainz 05,11,11,13,12,14,11,15,10,6,10,13,11,12,14,15,14,14,13,12,13,15,13,10,13,11,16,13,15,13,15,10,12,16,12,15,9,66032157,Bundesliga,1. FSV Mainz 05
Nico Elvedi,D RLC,28,135,140,Switzerland,Borussia Mönchengladbach,4,8,8,6,12,4,14,6,8,14,14,7,13,12,13,13,14,12,14,13,12,7,13,9,14,16,12,13,13,11,15,15,13,14,14,13,98033057,Bundesliga,Borussia Mönchengladbach
Niklas Beste,WB/M/AM RL,26,135,140,Germany,Sport-Club Freiburg,19,16,12,10,12,18,6,13,13,9,12,14,12,12,15,11,13,11,10,11,14,12,8,11,9,13,13,16,14,14,11,7,12,14,13,9,91151058,Bundesliga,Sport-Club Freiburg
Rani Khedira,DM/M C,31,135,140,"Germany,Tunisia",1. FC Union Berlin,6,8,8,6,11,6,12,8,8,14,12,10,16,11,16,16,16,12,17,14,16,8,16,8,16,18,11,16,10,11,16,14,16,12,16,15,92017509,Bundesliga,1. FC Union Berlin
Romain Faivre,M/AM RC,27,135,140,France,AFC Bournemouth,13,12,15,12,15,14,8,11,5,6,15,14,6,16,8,12,8,14,12,12,11,13,7,11,8,12,13,11,14,14,13,10,13,14,14,10,49040542,Premier League,AFC Bournemouth
Javi Muñoz,M RC,30,135,139,Spain,Getafe,13,13,13,10,14,14,5,11,8,8,14,12,8,14,11,14,12,14,15,15,15,12,11,13,13,15,14,14,14,11,12,8,12,12,14,10,67199309,LaLiga,Getafe
Jean Butez,GK ,30,135,139,France,Como 1907,3,1,2,1,9,5,1,1,2,1,12,5,3,10,9,12,9,14,13,12,15,11,8,3,11,13,12,12,12,13,13,14,14,13,13,13,48030298,Serie A,Como 1907
Mërgim Vojvoda,D/WB RLC,30,135,139,"Kosovo,Albania,Belgium",Como 1907,5,13,12,8,13,6,12,9,12,13,12,6,13,14,14,12,13,13,12,11,14,13,10,10,13,14,11,13,13,12,12,13,12,13,14,13,18086509,Serie A,Como 1907
Federico Baschirotto,D C,28,135,138,Italy,U.S. Cremonese,5,10,8,13,11,7,16,9,12,14,11,9,14,9,15,14,14,9,13,13,15,7,14,10,13,14,10,14,13,12,12,14,15,13,13,17,43155683,Serie A,Cremonese
Hugo Magnetti,DM/M C,27,135,138,France,Stade Brestois 29,11,11,13,10,14,10,10,10,8,13,14,11,13,13,16,13,15,13,13,12,13,12,14,12,13,15,12,15,12,13,15,10,13,12,16,15,48044237,Ligue 1,Stade Brestois 29
Keven Schlotterbeck,D C,28,135,138,Germany,FC Augsburg,3,6,10,7,11,4,16,7,8,14,12,13,15,11,16,13,17,12,13,12,16,8,14,9,14,13,12,16,10,10,15,17,12,13,12,16,90087316,Bundesliga,FC Augsburg
Michael Zetterer,GK ,30,135,138,Germany,Eintracht Frankfurt,5,3,6,1,13,9,6,3,3,3,13,3,2,13,12,14,14,15,12,12,13,8,14,3,13,13,13,12,8,14,12,15,12,11,11,12,92065694,Bundesliga,Eintracht Frankfurt
Moritz Nicolas,GK ,27,135,138,Germany,Borussia Mönchengladbach,1,2,2,3,9,1,7,2,2,1,10,2,2,9,13,13,15,11,13,12,14,5,12,2,15,12,10,13,9,14,12,17,12,11,11,13,91144903,Bundesliga,Borussia Mönchengladbach
Omar Mascarell,DM/M C,32,135,138,"Equatorial Guinea,Spain",Mallorca,12,11,11,8,13,10,6,10,8,12,14,13,13,15,10,15,15,15,12,15,17,9,15,10,14,16,12,14,9,13,15,9,12,11,16,13,67153634,LaLiga,Mallorca
Ryan Yates,DM/M C,27,135,138,England,Nottingham Forest,7,10,10,11,12,10,15,9,4,12,13,4,14,14,12,12,15,13,13,13,16,6,15,13,14,15,13,16,11,13,12,14,15,13,16,14,29136230,Premier League,Nottingham Forest
Mahdi Camara,M C,27,135,137,"France,The Gambia",Stade Rennais FC,9,9,12,11,13,8,7,10,5,12,14,8,13,13,12,14,13,14,12,13,13,13,12,13,13,14,12,14,13,16,15,10,13,13,15,14,85145396,Ligue 1,Stade Rennais FC
Marius Bülter,AM/ST LC,32,135,136,Germany,1. FC Köln,8,12,13,13,11,8,13,12,12,8,11,16,9,12,15,15,14,12,11,11,16,12,14,15,8,13,11,16,13,12,12,13,15,15,13,13,91143947,Bundesliga,1. FC Köln
Nabil Bentaleb,DM/M C,30,135,136,"Algeria,France",LOSC Lille,9,11,13,10,14,10,8,13,9,13,15,17,15,15,14,13,15,13,11,11,12,13,12,13,14,12,13,14,12,12,15,14,14,11,14,12,28085752,Ligue 1,LOSC Lille
Patrick Mainka,D C,30,135,136,Germany,1. FC Heidenheim 1846,2,6,8,6,10,3,16,6,8,14,11,10,15,10,15,16,17,12,16,12,18,7,18,8,14,16,10,15,10,9,16,17,19,12,13,16,92065574,Bundesliga,1. FC Heidenheim 1846
Robin Zentner,GK ,30,135,136,Germany,1. FSV Mainz 05,4,3,1,1,7,7,7,1,2,1,8,4,1,8,13,12,16,11,12,12,16,5,15,3,12,12,8,16,8,14,12,17,13,11,11,16,91105813,Bundesliga,1. FSV Mainz 05
Pere Milla,AM/ST RLC,32,135,135,Spain,Espanyol,11,12,13,12,13,13,11,11,10,6,12,12,7,13,10,12,12,13,12,13,15,12,16,15,7,18,12,18,12,12,12,10,12,12,14,11,67170824,LaLiga,Espanyol
Jesús Rodríguez,AM RL,19,134,-85,Spain,Como 1907,7,11,15,12,13,7,9,12,7,9,12,10,9,15,12,11,10,13,13,13,13,14,7,12,8,11,12,14,15,14,13,12,16,14,13,13,2000312673,Serie A,Como 1907
Matias Fernandez-Pardo,AM/ST RL,20,134,-85,"Spain,Belgium,Italy",LOSC Lille,13,11,14,15,12,12,8,12,7,7,12,12,5,13,9,14,8,10,13,12,14,15,9,11,4,11,13,14,17,12,12,7,14,18,12,11,2000107089,Ligue 1,LOSC Lille
Jamie Vardy,ST ,38,134,163,England,U.S. Cremonese,7,12,12,15,14,7,13,11,5,3,13,16,11,14,15,14,14,15,15,13,17,12,14,14,5,16,14,14,14,12,12,11,13,13,11,12,90008752,Serie A,Cremonese
Antonín Kinský,GK ,22,134,162,Czechia,Tottenham Hotspur,3,3,4,3,11,7,5,1,3,6,15,2,6,8,5,12,13,13,13,13,15,13,11,2,13,12,10,7,10,12,12,14,8,9,8,14,2000039995,Premier League,Tottenham Hotspur
Armando Broja,AM/ST RL,23,134,160,"Albania,England",Burnley,7,8,15,14,13,7,12,8,7,5,7,12,8,13,14,13,11,14,8,12,12,13,11,14,6,11,9,13,15,12,15,14,10,15,13,15,28121369,Premier League,Burnley
Fábio Carvalho,AM RLC,22,134,159,"Portugal,England,Angola",Brentford,12,11,15,12,14,11,7,11,5,7,13,12,8,15,12,13,11,13,11,12,13,15,7,12,8,12,14,12,15,16,11,7,13,14,11,7,28122195,Premier League,Brentford
Umar Sadiq,ST ,28,134,159,Nigeria,Real San Sebastián,6,6,14,12,11,8,13,13,7,6,11,11,5,12,16,14,12,12,9,11,14,16,11,15,5,10,12,12,16,10,9,16,16,16,14,14,43195181,LaLiga,Real Sociedad
Martin Vitík,D C,22,134,157,Czechia,Bologna FC 1909,7,9,11,10,11,5,15,5,8,14,13,8,14,11,13,13,13,13,12,11,15,14,12,13,13,13,12,14,14,12,13,15,13,14,13,16,2000014205,Serie A,Bologna FC 1909
Ardon Jashari,DM/M C,23,134,156,"Switzerland,North Macedonia",Casciavit Milano,11,14,14,12,14,10,5,12,4,9,14,9,10,13,13,13,8,14,14,14,16,14,14,13,12,14,14,15,13,13,16,10,13,13,14,16,84161856,Serie A,Milan
Ernest Poku,AM/ST RL,21,134,155,"Netherlands,Ghana,Germany",Bayer 04 Leverkusen,8,10,13,8,11,8,7,8,6,6,10,11,7,11,9,11,11,9,10,8,14,13,4,12,7,12,9,12,17,12,12,8,17,17,13,9,2000014559,Bundesliga,Bayer 04 Leverkusen
Largie Ramazani,AM/ST RL,24,134,155,"Belgium,Burundi",Leeds United,4,11,15,14,13,8,4,6,4,4,12,13,4,14,9,8,8,11,9,10,14,14,3,13,4,14,9,14,18,14,8,5,13,17,12,6,28116558,Premier League,Leeds United
Vini Souza,DM/M C,26,134,155,Brazil,VfL Wolfsburg,4,7,10,7,13,6,12,10,8,13,13,8,17,12,17,15,17,12,13,12,17,8,15,8,14,16,12,18,12,12,16,13,13,12,15,16,19354886,Bundesliga,VfL Wolfsburg
Moi Gómez,AM LC,31,134,154,Spain,Atlético Pamplona,13,14,12,12,15,12,8,13,8,7,15,12,9,16,8,12,9,12,12,13,14,15,8,14,9,13,15,13,11,14,14,8,13,12,13,11,67142544,LaLiga,Osasuna
Giovanni Fabbian,M/AM C,22,134,152,Italy,Bologna FC 1909,7,8,13,13,12,7,16,9,9,11,13,9,13,12,14,16,15,13,12,13,13,11,10,16,12,13,13,15,12,12,15,15,15,12,15,16,43500245,Serie A,Bologna FC 1909
Jon Aramburu,D/WB RL,23,134,152,"Venezuela,Spain,Pays Basque",Real San Sebastián,6,13,9,5,11,7,12,6,8,15,13,5,15,12,14,14,14,12,16,14,15,8,13,8,14,14,9,18,14,14,13,8,14,13,15,12,86080170,LaLiga,Real Sociedad
Peque,AM/ST LC,22,134,152,Spain,Sevilla,10,12,15,11,15,8,10,11,5,5,15,15,10,14,12,12,14,13,9,14,13,15,11,14,5,14,13,14,14,16,15,7,14,13,12,9,67295757,LaLiga,Sevilla
Tyrell Malacia,D L,25,134,150,"Netherlands,Curaçao",Manchester United,7,13,12,7,13,9,9,8,12,14,12,7,13,13,15,12,15,13,11,14,16,10,9,13,12,15,9,16,15,17,13,8,16,15,15,7,37058363,Premier League,Manchester United
Vitaliy Mykolenko,D/WB L,26,134,150,Ukraine,Everton,8,13,10,9,12,5,13,9,10,14,13,4,14,11,12,14,15,13,11,12,16,7,8,13,13,13,11,16,15,13,11,13,14,15,15,13,71104595,Premier League,Everton
Álvaro Fernández,GK ,27,134,145,"Spain,Pays Basque",Sevilla,4,1,1,1,11,7,1,2,2,2,12,3,1,10,12,13,13,12,13,14,15,7,8,8,13,12,11,13,12,13,11,13,15,12,12,12,67246951,LaLiga,Sevilla
Ansgar Knauff,AM RLC,23,134,145,"Germany,Ghana",Eintracht Frankfurt,11,11,13,10,11,8,10,10,14,9,10,11,12,12,13,11,13,10,9,9,13,13,6,12,9,13,10,15,16,13,10,11,13,17,13,10,91203087,Bundesliga,Eintracht Frankfurt
Brian Brobbey,ST ,23,134,145,"Netherlands,Ghana",Sunderland,7,6,11,13,13,12,7,12,4,5,11,10,4,14,6,13,17,12,12,15,14,15,8,14,5,14,11,17,14,14,16,12,14,14,14,18,37065620,Premier League,Sunderland
Isak Jansson,AM/ST RLC,23,134,145,Sweden,OGC Nice,8,12,13,11,12,7,6,11,12,6,12,8,5,12,10,12,14,13,12,11,13,12,6,15,13,13,12,13,17,13,9,7,13,16,12,7,93122415,Ligue 1,OGC Nice
Jesper Lindstrøm,AM RLC,25,134,145,Denmark,Parthenope,13,11,13,11,12,13,7,12,6,8,12,12,10,13,13,13,12,11,10,11,11,13,7,15,9,12,12,16,16,15,10,9,12,15,13,8,27143432,Serie A,Napoli
Jonas Omlin,GK ,31,134,145,Switzerland,Borussia Mönchengladbach,3,3,3,2,10,6,7,3,2,2,12,4,3,11,12,12,14,12,13,12,13,6,14,3,15,12,12,12,8,14,13,16,7,10,10,13,98033113,Bundesliga,Borussia Mönchengladbach
Marius Wolf,D/WB R,30,134,145,Germany,FC Augsburg,12,12,13,8,12,12,8,11,14,9,11,11,12,12,16,12,16,11,10,10,17,13,10,15,9,15,11,17,14,12,12,12,12,15,16,12,91124151,Bundesliga,FC Augsburg
Fabiano Parisi,D/WB L,24,134,144,Italy,ACF Fiorentina,10,12,15,9,12,11,7,12,8,12,13,6,12,13,13,13,13,12,11,13,14,5,10,13,12,14,13,14,16,14,14,8,15,15,14,10,43429372,Serie A,ACF Fiorentina
Íñigo Lekue,D/WB RL,32,134,144,"Spain,Pays Basque",A. Bilbao,11,15,13,7,14,7,9,7,9,13,14,9,13,14,10,13,13,10,12,13,12,11,8,13,13,14,13,15,13,13,13,10,13,12,13,12,67184347,LaLiga,A. Bilbao
Maxence Caqueret,DM/M C,25,134,144,France,Como 1907,11,10,14,10,14,11,6,8,5,14,14,9,15,14,15,15,14,13,12,12,15,13,14,14,15,15,14,16,12,14,12,7,14,12,15,9,48044737,Serie A,Como 1907
Mikel Vesga,DM/M C,32,134,144,"Spain,Pays Basque",A. Bilbao,7,7,8,8,14,10,14,14,9,14,13,8,14,14,13,14,13,14,14,13,13,7,8,12,14,15,13,15,13,13,10,15,12,12,12,13,67195855,LaLiga,A. Bilbao
Antonino Gallo,D/WB L,25,134,142,Italy,Unione Sportiva Lecce,9,16,13,7,14,9,9,9,12,13,13,7,14,13,13,13,13,11,13,12,15,12,13,14,14,14,11,14,15,13,12,10,14,14,14,11,43297394,Serie A,Unione Sportiva Lecce
Josip Juranović,D/WB RL,29,134,142,Croatia,1. FC Union Berlin,15,15,11,8,12,15,8,10,16,10,12,14,11,13,14,13,12,12,11,12,16,12,12,13,11,13,12,13,15,13,12,8,12,15,14,11,24047634,Bundesliga,1. FC Union Berlin
Félix Correia,M/AM RL,24,134,141,"Portugal,São Tomé and Príncipe,Cape Verde Islands",LOSC Lille,8,12,15,13,13,7,4,11,8,5,13,4,9,14,12,12,12,11,9,12,13,17,6,13,6,9,13,12,15,16,13,8,13,15,12,8,83228739,Ligue 1,LOSC Lille
Jake O'Brien,D RC,24,134,141,Republic of Ireland,Everton,4,8,6,6,10,6,16,4,7,13,11,4,14,9,14,12,15,13,12,12,14,3,15,11,14,12,7,14,16,9,14,17,10,16,14,15,52101552,Premier League,Everton
Kiko Femenía,D/WB R,34,134,141,Spain,Getafe,10,13,12,9,13,9,9,9,14,11,13,11,14,14,9,9,13,12,13,13,12,13,9,14,14,14,12,14,14,11,12,8,14,14,14,10,67063051,LaLiga,Getafe
Nicolò Cambiaghi,AM RL,24,134,141,Italy,Bologna FC 1909,7,14,14,11,12,7,9,12,8,7,11,9,10,13,13,11,12,11,13,11,15,14,7,12,10,13,11,15,16,12,12,10,16,15,14,11,43295822,Serie A,Bologna FC 1909
Alberto Dossena,D C,26,134,140,Italy,Como 1907,5,8,7,9,9,4,14,6,8,14,8,7,14,12,13,15,12,13,14,14,14,8,11,6,14,14,10,14,12,13,15,16,15,12,13,14,43202417,Serie A,Como 1907
Armand Laurienté,AM RL,26,134,140,"France,Guadeloupe",U.S. Sassuolo Calcio,12,11,16,13,14,15,6,12,4,4,14,13,4,15,6,12,7,12,10,11,15,13,5,13,4,9,14,13,16,15,11,7,14,15,13,11,85145172,Serie A,Sassuolo
Clinton Mata,D/WB RC,32,134,140,"Angola,Belgium,Democratic Republic of Congo",Olympique Lyonnais,8,14,9,6,11,12,12,10,12,14,13,12,13,12,14,15,16,14,15,12,15,14,14,12,14,15,11,14,14,12,13,11,15,14,14,12,18070768,Ligue 1,Olympique Lyonnais
Guillermo Maripán,D C,31,134,140,Chile,Torino,6,6,7,7,10,6,15,8,11,14,11,6,15,10,14,14,15,12,12,12,14,5,11,7,15,14,9,13,12,12,14,16,15,12,16,15,75030680,Serie A,Torino
Hwang Hee-Chan,AM/ST RL,29,134,140,South Korea,Wolverhampton Wanderers,8,10,14,15,10,8,11,10,2,6,11,12,8,13,16,12,13,13,12,11,15,13,8,14,9,14,12,14,15,14,13,11,13,14,13,11,66014588,Premier League,Wolverhampton Wanderers
Leo Østigård,D C,25,134,140,Norway,Stade Rennais FC,4,7,8,6,11,4,16,7,12,14,11,8,14,10,17,14,18,10,12,12,18,7,14,8,14,13,11,18,12,11,14,16,14,12,13,16,53122155,Ligue 1,Stade Rennais FC
Lorenz Assignon,D/WB R,25,134,140,"France,Togo",VfB Stuttgart,10,13,13,6,12,8,8,7,13,13,12,8,13,12,15,12,15,12,12,11,14,12,10,12,12,13,12,14,15,13,13,12,15,16,15,13,49053443,Bundesliga,VfB Stuttgart
Robin Hack,AM RLC,26,134,140,Germany,Borussia Mönchengladbach,13,12,14,13,13,13,8,13,6,6,12,14,6,13,13,13,9,12,11,11,12,14,7,14,6,12,12,12,15,15,12,9,12,15,15,10,91144396,Bundesliga,Borussia Mönchengladbach
Salih Özcan,DM/M C,27,134,140,"Türkiye,Germany",Borussia Dortmund,12,11,12,8,13,12,13,9,8,13,13,12,14,13,16,15,16,12,14,12,16,12,13,11,13,16,12,16,12,12,14,12,14,13,15,13,91139869,Bundesliga,Borussia Dortmund
Sam Johnstone,GK ,32,134,140,England,Wolverhampton Wanderers,3,2,1,3,10,1,7,1,3,2,9,2,2,9,9,12,14,9,13,12,15,4,10,8,14,13,8,10,10,15,10,17,12,8,10,12,28037204,Premier League,Wolverhampton Wanderers
Sandi Lovrić,DM/M/AM C,27,134,140,"Slovenia,Austria",Udinese Calcio,11,12,13,9,14,12,11,14,8,10,14,12,12,14,12,13,11,12,11,12,12,11,9,14,12,14,13,13,13,14,12,13,13,12,14,12,16135875,Serie A,Udinese Calcio
Vladimír Coufal,D/WB R,32,134,140,Czechia,TSG 1899 Hoffenheim,11,13,11,6,11,12,13,8,17,14,11,8,14,11,15,12,17,11,13,13,17,8,14,12,13,15,10,16,13,12,16,10,16,14,16,13,25038517,Bundesliga,TSG 1899 Hoffenheim
Aarón,D/WB L,28,134,139,Spain,Genoa Cricket and Football Club,14,16,13,7,15,16,10,8,14,11,14,11,14,15,12,12,13,15,11,12,13,13,8,13,12,12,13,12,13,13,15,9,15,13,15,12,67196209,Serie A,Genoa Cricket and Football Club
Torbjørn Heggem,D C,26,134,139,Norway,Bologna FC 1909,5,9,8,5,12,5,14,7,11,14,10,6,13,12,10,14,14,13,13,12,13,6,12,7,15,13,10,14,14,12,14,15,13,12,13,13,53138523,Serie A,Bologna FC 1909
Koki Machida,D C,27,134,138,Japan,TSG 1899 Hoffenheim,3,8,11,6,10,4,14,7,10,14,12,7,14,11,13,12,16,12,14,13,13,8,13,9,14,13,12,15,13,12,14,16,12,15,12,15,45100974,Bundesliga,TSG 1899 Hoffenheim
Michel Aebischer,DM/M C,28,134,138,Switzerland,Bologna FC 1909,11,11,12,10,13,11,8,11,7,8,15,10,11,14,11,16,12,14,14,15,11,11,10,14,12,16,12,13,12,12,13,9,12,13,15,12,98040986,Serie A,Bologna FC 1909
Patrick Cutrone,ST ,27,134,137,Italy,Como 1907,4,8,12,15,13,7,14,11,6,5,12,12,6,13,15,15,14,14,12,14,14,11,10,15,6,14,9,15,14,13,13,13,13,14,13,13,43167351,Serie A,Como 1907
Kenny Lala,D/WB R,33,134,136,"France,Martinique",Stade Brestois 29,11,14,13,7,13,14,11,8,12,13,13,12,13,12,14,13,13,13,12,12,12,10,12,12,12,14,12,13,14,12,12,11,15,14,15,13,85051366,Ligue 1,Stade Brestois 29
Cyle Larin,AM/ST RL,30,134,135,"Canada,United States,Jamaica",Mallorca,3,7,12,14,13,3,15,10,5,8,11,12,8,12,14,14,15,13,12,12,10,10,5,15,6,14,8,15,12,12,14,15,15,13,15,14,72044151,LaLiga,Mallorca
Jeffrey Gouweleeuw,D C,34,134,135,Netherlands,FC Augsburg,4,8,11,7,12,7,13,8,8,14,13,13,13,12,17,13,15,14,15,13,13,10,16,8,14,16,12,13,12,11,15,15,12,13,12,14,37004721,Bundesliga,FC Augsburg
Lukas Kübler,D/WB RLC,32,134,135,Germany,Sport-Club Freiburg,5,11,10,7,11,6,13,8,16,13,11,8,14,11,14,16,16,12,13,12,15,8,13,11,13,17,11,15,13,11,13,13,13,15,15,13,91101321,Bundesliga,Sport-Club Freiburg
Tom Cairney,DM/M C,34,134,135,"Scotland,England",Fulham,12,15,14,13,16,14,7,15,6,7,15,13,10,16,13,15,9,16,14,16,11,15,17,15,13,16,15,14,10,13,13,10,14,9,10,9,28025033,Premier League,Fulham
Emil Krafth,D RC,31,134,134,Sweden,Newcastle United,8,13,11,7,11,9,13,10,10,14,12,7,14,13,11,13,15,12,13,13,13,8,10,12,13,13,14,15,14,13,15,13,12,15,14,13,93031462,Premier League,Newcastle United
Jonathan Gradit,D RC,32,134,134,France,RC Lens,5,13,15,7,14,6,12,6,13,13,15,6,14,13,15,13,14,14,13,13,14,7,12,12,13,15,14,17,12,13,13,13,15,13,15,14,85052254,Ligue 1,RC Lens
Orel Mangala,DM/M C,27,134,134,"Belgium,Democratic Republic of Congo",Olympique Lyonnais,8,10,15,9,14,8,10,10,8,12,15,10,13,15,12,12,15,14,13,12,13,12,9,12,13,12,14,12,13,14,16,10,16,13,13,15,18087973,Ligue 1,Olympique Lyonnais
Ben Gannon Doak,AM RL,19,133,-9,Scotland,AFC Bournemouth,10,13,17,11,14,6,5,8,3,7,13,7,6,14,15,11,13,13,11,12,18,15,8,13,5,11,13,13,16,15,14,6,12,14,10,10,2000164850,Premier League,AFC Bournemouth
Facundo Buonanotte,AM RLC,20,133,-9,"Argentina,Italy",Brighton & Hove Albion,13,12,15,13,14,12,9,14,8,9,14,13,11,14,13,11,13,12,13,11,13,14,10,14,8,13,14,14,14,14,16,7,13,12,13,10,2000051578,Premier League,Brighton & Hove Albion
Antoni Milambo,M/AM C,20,133,-85,"Netherlands,Democratic Republic of Congo",Brentford,12,11,13,11,15,12,11,14,6,7,13,10,8,14,8,13,13,13,13,13,13,13,8,12,7,16,14,14,13,15,13,10,14,13,14,11,2000054475,Premier League,Brentford
Ibrahim Osman,AM/ST RL,20,133,-8,Ghana,Brighton & Hove Albion,8,10,16,11,15,8,9,9,6,4,12,11,3,16,10,13,9,8,13,9,11,14,4,15,5,12,9,12,17,16,11,9,14,16,11,9,2000250907,Premier League,Brighton & Hove Albion
James Trafford,GK ,22,133,158,England,Manchester City,2,1,5,1,9,5,5,3,1,3,11,1,2,13,11,11,13,11,13,11,12,10,12,2,15,12,12,12,13,12,15,15,15,13,13,13,28126242,Premier League,Manchester City
Kalvin Phillips,DM/M C,29,133,156,"England,Jamaica,Republic of Ireland",Manchester City,13,12,11,9,12,13,11,11,5,13,15,10,14,13,16,12,14,12,13,12,16,10,10,11,13,15,13,16,12,13,13,11,15,12,17,12,29113879,Premier League,Manchester City
Wilfried Gnonto,AM/ST RLC,21,133,156,"Italy,Ivory Coast",Leeds United,6,11,13,13,14,5,8,9,2,3,11,10,5,15,14,12,12,11,13,8,15,15,5,14,8,14,10,12,16,16,18,5,17,14,11,14,43500350,Premier League,Leeds United
Mohamed Abdelmonem,D C,26,133,155,Egypt,OGC Nice,4,9,11,5,13,4,15,5,6,14,13,10,15,13,12,13,12,13,13,12,15,6,11,12,15,14,13,14,12,12,13,14,13,14,13,13,2000067300,Ligue 1,OGC Nice
Will Hughes,DM/M C,30,133,155,England,Crystal Palace,14,11,12,9,13,12,11,10,6,14,14,11,14,14,16,15,15,14,13,14,15,11,14,13,14,15,14,16,9,11,12,13,12,11,14,13,29086005,Premier League,Crystal Palace
Anthony Lopes,GK ,34,133,154,"Portugal,France",FC Nantes,6,1,2,2,10,8,6,3,2,3,10,2,2,10,14,14,18,11,12,11,15,9,17,5,13,10,8,10,13,14,14,13,14,13,14,14,85003956,Ligue 1,FC Nantes
Fabio Miretti,M/AM LC,22,133,154,Italy,Juventus,15,13,12,10,13,12,7,12,4,8,14,12,11,14,8,13,10,11,13,11,16,15,8,15,12,15,12,15,13,14,12,9,14,12,14,11,43500510,Serie A,Juventus
El Bilal Touré,AM/ST L,23,133,153,"Mali,Ivory Coast",Bergamo,6,9,13,12,12,10,14,13,7,7,11,13,9,13,13,12,16,12,10,11,16,13,8,12,7,12,10,16,16,14,13,15,10,15,12,13,12081007,Serie A,Atalanta
Arthur Atta,DM/M C,22,133,152,"France,Benin",Udinese Calcio,10,9,15,11,13,7,13,10,6,9,14,9,13,14,11,13,12,13,12,13,15,14,9,16,13,14,13,13,13,14,15,15,13,14,14,13,2000024341,Serie A,Udinese Calcio
Jonathan Rowe,AM/ST L,22,133,152,"England,Jamaica",Bologna FC 1909,9,12,14,12,14,11,10,14,4,4,12,8,4,14,10,12,12,12,8,9,16,14,5,11,4,12,10,12,17,15,14,12,13,16,11,7,28127273,Serie A,Bologna FC 1909
Robert Navarro,M/AM RLC,23,133,152,"Spain,Pays Basque",A. Bilbao,12,11,15,9,15,12,6,11,3,6,13,11,7,15,8,12,7,10,10,12,11,15,9,14,6,12,14,11,15,15,14,8,11,14,12,11,49052213,LaLiga,A. Bilbao
Donny van de Beek,DM/M/AM C,28,133,150,Netherlands,Girona,11,12,12,12,15,13,11,12,7,10,14,11,10,15,11,12,12,14,11,12,13,13,10,16,8,16,13,17,11,12,13,13,12,12,15,10,37048153,LaLiga,Girona
Martin Dúbravka,GK ,36,133,150,Slovakia,Burnley,1,1,1,1,11,2,3,2,5,5,12,3,3,10,9,15,14,12,10,11,15,10,13,3,15,12,12,10,13,14,13,15,14,9,10,12,63002306,Premier League,Burnley
Séko Fofana,DM/M C,30,133,150,"Ivory Coast,France",Stade Rennais FC,6,9,12,11,12,10,11,14,5,11,13,12,12,13,15,13,15,12,12,11,14,10,10,13,12,15,13,16,14,12,14,11,15,13,16,16,85094652,Ligue 1,Stade Rennais FC
Ivan Ilić,DM/M C,24,133,149,Serbia,Torino,13,14,13,10,14,14,7,13,4,9,14,10,12,15,11,13,12,13,11,12,14,14,9,14,13,16,14,13,13,12,13,12,14,14,12,12,62201068,Serie A,Torino
Kamaldeen Sulemana,AM RLC,23,133,148,Ghana,Bergamo,8,10,15,10,12,6,5,10,4,3,14,10,6,14,9,12,11,11,9,10,13,17,3,14,5,9,12,11,18,15,8,8,12,18,10,7,29244869,Serie A,Atalanta
Toni Martínez,ST ,28,133,148,Spain,Alavés,7,9,11,15,13,9,16,12,8,6,11,10,7,12,16,14,16,13,10,11,16,13,10,14,7,13,12,14,13,13,15,14,16,13,12,13,67216151,LaLiga,Alavés
Bradley Locko,D/WB L,23,133,145,"France,Congo",Stade Brestois 29,7,15,13,7,14,6,12,9,6,14,12,7,13,13,12,13,14,12,12,12,13,11,8,13,13,13,12,13,14,14,13,13,15,15,14,13,49059205,Ligue 1,Stade Brestois 29
Chancel Mbemba,D RC,30,133,145,"Democratic Republic of Congo,Belgium",LOSC Lille,4,9,11,6,12,4,15,10,4,15,14,9,14,12,11,14,15,11,12,12,15,10,13,11,12,15,11,15,12,13,14,13,14,13,13,14,18057323,Ligue 1,LOSC Lille
Leandro Cabrera,D C,34,133,145,"Uruguay,Spain",Espanyol,4,8,6,4,8,7,13,8,18,15,8,5,15,8,16,12,18,11,16,12,18,6,14,8,15,18,9,18,10,10,9,15,9,13,14,16,78027200,LaLiga,Espanyol
Luca Pellegrini,D/WB/M L,26,133,145,Italy,Capitolini Celesti,10,15,13,7,13,14,11,9,11,12,13,6,14,13,17,14,14,11,11,11,16,13,8,15,12,15,12,16,14,13,15,10,14,14,12,13,43252226,Serie A,Lazio
Mark Travers,GK ,26,133,145,Republic of Ireland,Everton,6,1,1,3,9,8,2,1,1,1,10,2,2,10,8,14,12,10,13,12,12,6,8,2,14,11,12,12,11,13,10,13,14,11,15,11,52080573,Premier League,Everton
Pablo Marí,D C,31,133,145,Spain,ACF Fiorentina,4,9,7,5,13,4,15,8,4,14,13,7,15,13,15,14,15,13,13,12,12,7,13,7,13,14,13,14,12,12,13,16,11,12,13,16,67157583,Serie A,ACF Fiorentina
"Patric(Capitolini Celesti,Spain)",D C,32,133,145,Spain,Capitolini Celesti,4,4,11,5,13,3,15,3,4,14,13,6,15,14,17,16,16,14,12,12,16,13,15,7,13,16,13,16,14,12,13,12,14,13,12,14,67100019,Serie A,Lazio
"Morato(Nottingham Forest,Brazil)",D C,24,133,144,Brazil,Nottingham Forest,6,9,8,8,9,6,14,8,10,14,13,10,14,10,14,13,15,13,11,12,13,8,13,11,13,14,12,14,12,10,15,16,15,13,14,16,19347264,Premier League,Nottingham Forest
Marcos Antonio,DM/M C,25,133,143,Brazil,Capitolini Celesti,8,10,13,12,14,8,4,11,4,10,14,12,12,15,15,16,11,12,13,15,13,14,6,12,13,14,14,15,13,15,12,6,12,15,12,7,19337942,Serie A,Lazio
Marcus Edwards,AM RLC,26,133,143,"England,Cyprus",Burnley,13,13,18,14,15,13,11,12,5,6,15,14,6,17,8,13,8,12,11,11,5,18,5,15,7,8,14,7,15,16,15,7,14,14,12,6,28106878,Premier League,Burnley
Franco Israel,GK ,25,133,142,"Uruguay,Italy",Torino,3,2,2,2,12,2,7,2,1,2,12,2,2,11,9,10,16,12,12,12,13,3,10,2,10,14,11,13,12,15,12,13,13,13,15,14,78091927,Serie A,Torino
Nicolò Casale,D C,27,133,142,Italy,Bologna FC 1909,4,7,4,6,12,5,15,5,5,15,13,5,14,12,13,15,13,12,11,12,13,8,11,8,15,14,11,13,12,11,14,14,10,12,14,16,43206174,Serie A,Bologna FC 1909
"Otávio(Paris FC,Brazil)",D C,23,133,142,Brazil,Paris FC,5,9,12,8,12,6,15,5,10,15,13,8,13,12,13,13,17,12,9,11,13,5,11,9,14,14,13,15,13,13,15,14,15,14,13,16,95081385,Ligue 1,Paris FC
Pedro Bigas,D/DM LC,35,133,142,Spain,Elche,6,7,9,9,10,8,14,8,10,14,10,9,14,11,12,13,14,13,14,13,14,10,14,11,14,14,10,15,12,12,12,12,14,13,14,14,67122014,LaLiga,Elche
Maduka Okoye,GK ,25,133,141,"Nigeria,Germany",Udinese Calcio,2,1,2,2,7,1,6,2,2,2,7,3,3,8,8,11,13,13,15,10,14,10,6,1,13,8,6,6,11,14,15,16,9,10,13,17,91184334,Serie A,Udinese Calcio
Abner Vinicius,D/WB L,25,133,140,Brazil,Olympique Lyonnais,13,11,14,7,12,9,9,10,11,11,12,11,12,13,11,13,13,11,12,11,12,11,10,14,10,13,12,14,15,14,11,10,14,15,15,12,19386116,Ligue 1,Olympique Lyonnais
Alfon,M/AM RL,26,133,140,Spain,Sevilla,10,12,15,13,13,10,5,11,7,8,12,11,8,13,10,12,11,13,12,12,12,13,8,14,7,13,13,11,16,15,13,7,12,14,12,11,67255218,LaLiga,Sevilla
Amir Murillo,D/WB RC,29,133,140,"Panama,United States",Olympique de Marseille,5,14,11,11,13,8,13,10,13,13,14,8,13,12,12,13,15,11,13,12,10,13,8,13,13,14,12,14,14,13,12,13,14,15,14,13,80028885,Ligue 1,Olympique de Marseille
Ardian Ismajli,D C,28,133,140,"Albania,Kosovo",Torino,5,8,8,8,10,7,15,8,4,15,11,6,15,9,14,14,15,12,14,13,13,7,14,9,14,14,11,14,12,12,14,14,16,13,13,14,24052869,Serie A,Torino
Cédric Zesiger,D LC,27,133,140,Switzerland,FC Augsburg,3,8,8,6,11,4,14,7,10,15,12,7,13,11,16,14,16,11,14,12,16,6,13,9,14,13,11,14,12,10,15,16,12,14,13,16,98035093,Bundesliga,FC Augsburg
"Christian Kouamé(ACF Fiorentina,Ivory Coast,Italy)",AM/ST RL,27,133,140,"Ivory Coast,Italy",ACF Fiorentina,7,10,15,11,13,10,13,10,7,4,11,12,4,13,12,13,13,12,11,12,12,14,7,13,10,13,11,13,14,14,10,13,14,15,14,12,43201838,Serie A,ACF Fiorentina
"Marcão(Sevilla,Brazil)",D C,29,133,140,Brazil,Sevilla,8,8,10,7,12,8,14,7,8,14,12,7,14,11,17,14,16,14,14,14,16,9,14,8,14,15,11,15,11,11,15,13,12,13,10,15,19190440,LaLiga,Sevilla
Riccardo Sottil,AM RL,26,133,140,Italy,ACF Fiorentina,9,12,14,10,13,12,10,13,9,6,13,12,7,14,10,12,12,12,11,11,13,12,9,13,7,11,12,11,15,14,12,11,17,15,13,12,43270713,Serie A,ACF Fiorentina
Emanuele Valeri,D/WB/M L,26,133,139,Italy,Parma Calcio 1913,8,14,12,10,12,12,7,13,12,11,13,11,14,13,15,14,14,13,12,13,18,12,8,15,12,13,12,12,14,14,11,8,14,14,15,13,43315140,Serie A,Parma Calcio 1913
Jeremy Toljan,D/WB R,30,133,139,"Germany,Croatia,United States",Levante,4,12,13,4,13,4,9,5,13,11,13,5,13,14,13,13,12,13,13,12,13,9,6,14,13,13,12,13,15,15,11,9,15,15,14,10,92029806,LaLiga,Levante
Juan Iglesias,D/WB R,27,133,139,Spain,Getafe,9,12,11,7,10,6,11,9,14,15,10,12,13,9,14,13,14,12,15,13,14,9,12,10,14,16,11,16,13,12,11,13,12,15,16,13,67235978,LaLiga,Getafe
Thijs Dallinga,ST ,25,133,139,Netherlands,Bologna FC 1909,8,7,12,15,13,8,15,12,6,5,12,13,6,14,9,15,9,12,12,12,9,13,7,15,7,13,12,11,13,13,14,15,13,13,14,12,37070210,Serie A,Bologna FC 1909
Valentino Lazaro,D/WB/M RL,29,133,139,"Austria,Angola,Greece",Torino,13,14,12,8,14,12,8,10,9,10,13,8,11,14,13,12,8,11,9,11,12,15,7,12,9,11,12,12,15,15,11,8,14,15,13,11,16067510,Serie A,Torino
Ilan Kebbal,AM RC,27,133,138,"Algeria,France",Paris FC,13,13,15,12,14,13,8,12,5,7,14,13,8,15,11,13,14,14,13,12,14,14,11,10,7,13,14,14,14,15,11,6,13,14,13,7,48042314,Ligue 1,Paris FC
Nelson Deossa,M C,25,133,138,Colombia,Real Hispalis,11,11,12,14,15,11,12,17,11,11,13,8,11,16,11,12,12,11,11,11,11,12,10,12,10,12,13,11,13,13,13,12,12,13,14,14,2000078824,LaLiga,Real Betis
Nahuel Tenaglia,D/WB RC,29,133,137,"Argentina,Italy",Alavés,8,11,11,9,12,6,12,7,15,15,11,9,15,11,15,13,15,11,12,13,11,7,10,14,14,14,11,15,14,13,13,11,13,14,14,13,14153906,LaLiga,Alavés
Robert Skov,WB/AM RL,29,133,137,"Denmark,Spain",1. FC Union Berlin,14,13,13,10,13,16,8,16,13,10,13,16,11,14,11,13,11,12,12,11,12,14,11,13,11,12,13,13,12,12,12,11,10,14,13,11,27094768,Bundesliga,1. FC Union Berlin
Kialonda Gaspar,D C,27,133,136,Angola,Unione Sportiva Lecce,4,7,9,10,11,4,16,8,4,15,10,8,15,11,16,13,16,9,12,10,15,6,16,8,12,13,13,14,12,12,14,17,15,13,13,15,95080787,Serie A,Unione Sportiva Lecce
Senne Lynen,DM/M C,26,133,136,Belgium,SV Werder Bremen,12,11,10,6,12,12,11,8,8,13,13,10,16,12,16,16,16,13,14,12,15,8,14,9,15,16,12,16,11,11,13,12,14,13,16,13,18096574,Bundesliga,SV Werder Bremen
Aron Dønnum,AM RL,27,133,135,Norway,Toulouse FC,13,12,15,11,13,12,5,12,6,7,13,12,7,14,13,11,10,13,11,12,14,16,11,12,8,13,13,14,15,14,13,10,11,14,14,12,53131647,Ligue 1,Toulouse FC
Eldor Shomurodov,ST L,30,133,135,Uzbekistan,Associazione Sportiva Roma,6,9,14,13,15,7,13,9,5,5,14,11,8,14,12,12,7,13,13,13,14,13,4,15,8,16,13,17,13,13,14,12,16,13,14,13,59061760,Serie A,Associazione Sportiva Roma
Gabriel Suazo,D L,27,133,135,Chile,Sevilla,10,14,12,7,13,9,10,9,13,12,14,9,12,12,15,13,14,13,13,13,13,10,14,12,13,15,12,13,14,13,13,10,16,14,15,12,75037990,LaLiga,Sevilla
Jon Guridi,DM/M C,30,133,135,"Spain,Pays Basque",Alavés,7,12,11,11,14,8,10,12,7,12,13,10,13,14,14,13,16,12,12,12,15,9,12,13,14,16,13,16,12,13,10,10,15,13,15,14,67157535,LaLiga,Alavés
Matthieu Udol,D/WB LC,29,133,135,"France,Guadeloupe",RC Lens,7,13,12,8,11,6,12,9,8,14,12,7,13,10,13,13,15,13,12,13,14,8,14,13,13,14,14,14,14,12,14,8,15,13,15,14,85138174,Ligue 1,RC Lens
Romain Perraud,D/WB L,27,133,135,France,LOSC Lille,10,15,13,8,12,11,8,14,11,10,13,10,13,13,13,13,15,12,12,12,15,15,9,12,13,14,15,16,15,14,15,7,13,13,13,9,48036809,Ligue 1,LOSC Lille
Takuma Asano,AM RLC,30,133,135,Japan,Mallorca,8,10,13,11,12,6,10,9,6,7,11,13,7,13,8,12,12,10,9,9,12,12,6,14,7,12,11,13,16,16,11,9,11,16,12,11,45078327,LaLiga,Mallorca
Estêvão,AM RC,18,132,-10,Brazil,Chelsea,12,13,16,13,14,11,8,10,3,5,14,11,5,15,8,14,8,11,10,10,12,16,4,13,5,9,14,11,16,17,15,7,15,15,11,6,2000263999,Premier League,Chelsea
Alexis Sánchez,AM/ST RL,36,132,175,Chile,Sevilla,11,12,15,13,16,12,11,13,4,4,15,13,5,16,13,13,15,14,13,14,15,14,14,13,5,14,14,14,13,14,15,6,13,12,12,7,75000261,LaLiga,Sevilla
El Chadaille Bitshiabu,D LC,20,132,-85,"France,Democratic Republic of Congo",RB Leipzig,3,8,11,6,13,3,13,7,12,14,14,8,15,13,13,13,15,14,12,12,16,10,13,9,13,12,13,13,12,10,15,16,12,15,12,16,2000100253,Bundesliga,RB Leipzig
Noah Sadiki,DM/M C,20,132,-85,"Democratic Republic of Congo,Belgium",Sunderland,8,13,14,9,12,8,10,10,7,14,13,11,14,13,13,12,14,12,13,12,14,12,11,13,14,15,12,14,14,14,13,12,14,13,15,14,2000045005,Premier League,Sunderland
Juan Guillermo Cuadrado,D/WB/M/AM R,37,132,163,"Colombia,Italy",Pisa Sporting Club,13,15,15,10,15,10,4,12,12,12,15,8,14,16,16,11,14,12,13,12,19,16,12,15,13,14,13,15,13,12,12,7,12,13,8,8,76010707,Serie A,Pisa Sporting Club
Timo Werner,AM/ST L,29,132,161,Germany,RB Leipzig,8,11,12,11,11,8,12,12,6,6,11,15,7,12,14,14,12,10,9,10,13,12,8,14,6,12,11,13,16,13,12,11,12,16,14,11,92051583,Bundesliga,RB Leipzig
Kauã Santos,GK ,22,132,160,Brazil,Eintracht Frankfurt,3,1,1,2,12,2,8,2,3,1,12,3,1,12,11,12,15,11,10,10,14,8,8,1,13,12,12,13,10,16,12,17,12,12,11,12,2000112357,Bundesliga,Eintracht Frankfurt
Kostas Koulierakis,D C,21,132,160,Greece,VfL Wolfsburg,6,8,10,8,11,8,15,13,10,14,13,11,14,12,13,13,16,11,13,12,16,8,12,8,13,13,11,13,13,12,14,15,15,13,12,15,36159445,Bundesliga,VfL Wolfsburg
Diego Gómez,M/AM LC,22,132,155,Paraguay,Brighton & Hove Albion,13,9,12,12,13,15,11,13,10,11,14,13,13,13,12,12,14,13,13,13,12,12,9,13,12,14,13,16,13,12,13,12,13,13,13,14,2000036372,Premier League,Brighton & Hove Albion
Francis Coquelin,DM/M RC,34,132,155,"France,Réunion",FC Nantes,4,9,13,7,14,4,13,11,8,13,14,8,15,13,16,15,17,13,16,13,17,8,12,11,13,15,12,15,11,11,15,10,15,11,14,14,34012022,Ligue 1,FC Nantes
Samuel Mbangula,M/AM RLC,21,132,155,"Belgium,Democratic Republic of Congo",SV Werder Bremen,11,12,15,12,14,11,7,14,6,7,13,12,8,15,7,13,13,12,12,11,13,15,7,13,7,12,12,13,15,15,12,10,12,15,12,11,18115008,Bundesliga,SV Werder Bremen
Sergi Roberto,D/WB/DM/M RC,33,132,155,Spain,Como 1907,7,12,12,10,14,6,7,9,5,10,15,12,11,14,11,12,13,13,14,15,16,11,15,13,13,17,15,15,12,11,13,9,11,11,12,11,67063007,Serie A,Como 1907
Alphonse Areola,GK ,32,132,154,"France,Philippines",West Ham United,3,1,2,2,10,5,2,12,2,1,10,3,3,10,8,14,13,15,14,12,14,8,10,8,13,15,9,13,12,13,16,15,15,12,15,13,85027976,Premier League,West Ham United
Cesare Casadei,DM/M C,22,132,154,Italy,Torino,7,7,13,13,14,12,15,15,7,7,13,13,9,13,9,14,13,14,11,13,14,12,9,15,10,10,14,13,13,12,13,15,13,13,13,15,43500064,Serie A,Torino
Rafa Mir,ST ,28,132,154,Spain,Sevilla,5,10,12,15,13,8,14,12,7,6,13,15,6,13,13,13,14,13,10,12,11,13,10,13,8,12,11,9,13,12,13,14,11,14,13,15,67221051,LaLiga,Sevilla
Marc Pubill,D/WB R,22,132,153,Spain,A. Madrid,8,12,11,8,11,8,11,10,11,12,12,7,13,12,13,13,13,12,12,12,14,11,8,14,12,14,9,15,14,13,12,15,15,16,14,15,2000101248,LaLiga,A. Madrid
Unai Gómez,M/AM C,22,132,153,"Spain,Pays Basque",A. Bilbao,8,10,12,12,11,8,8,14,9,10,13,9,9,14,16,11,17,9,9,11,16,11,13,17,11,14,14,18,13,13,7,11,10,13,15,18,2000065899,LaLiga,A. Bilbao
Beñat Turrientes,DM/M C,23,132,152,"Spain,Pays Basque",Real San Sebastián,8,12,12,11,13,12,12,13,9,11,14,7,13,13,15,12,14,12,11,12,18,5,13,15,12,15,14,15,13,14,13,11,7,14,12,11,67276474,LaLiga,Real Sociedad
Unai Núñez,D C,28,132,152,"Spain,Pays Basque",Vigo,7,7,7,8,11,8,14,10,10,16,12,9,14,12,13,14,14,11,13,12,13,7,11,8,14,14,13,14,12,12,11,14,14,12,12,13,67214595,LaLiga,Celta
Álex Valle,D/WB L,21,132,150,Spain,Como 1907,10,14,12,7,13,6,9,9,11,11,13,7,15,13,14,14,14,12,12,12,14,11,9,12,12,12,12,12,15,14,13,10,16,14,15,11,2000082098,Serie A,Como 1907
Cristiano Biraghi,D/WB LC,32,132,150,Italy,Torino,15,15,12,9,13,16,11,13,13,12,13,14,13,14,13,11,13,13,12,12,13,10,14,12,12,14,13,14,13,11,13,12,12,13,13,13,43029905,Serie A,Torino
Eric Martel,DM/M C,23,132,150,Germany,1. FC Köln,3,7,10,7,12,4,13,9,12,13,12,8,15,12,16,16,17,12,14,12,17,8,15,9,15,16,11,17,11,10,16,15,15,12,16,16,91205203,Bundesliga,1. FC Köln
Ernest Nuamah,AM RL,21,132,150,Ghana,Olympique Lyonnais,12,13,16,12,14,10,9,11,4,4,13,10,4,15,12,14,12,12,12,10,15,14,6,15,9,13,11,12,16,15,9,10,15,16,12,10,2000156783,Ligue 1,Olympique Lyonnais
Hamza Igamane,ST ,22,132,150,Morocco,LOSC Lille,12,12,14,16,13,12,11,14,8,10,13,11,10,12,14,12,11,11,10,10,14,16,5,13,8,6,14,9,14,13,13,12,16,14,13,15,2000120348,Ligue 1,LOSC Lille
Jofre Carreras,WB/M/AM RL,24,132,150,Spain,Espanyol,13,13,13,12,12,12,7,10,9,9,12,9,11,13,11,12,11,11,12,12,14,13,8,13,10,11,12,11,14,13,12,8,12,14,12,10,67277677,LaLiga,Espanyol
Loum Tchaouna,AM RLC,21,132,150,"France,Chad",Burnley,12,13,14,13,14,12,8,15,6,7,13,11,6,14,8,12,9,12,10,10,12,14,5,13,5,8,11,11,16,16,13,9,14,14,13,11,2000006108,Premier League,Burnley
Mohamed-Ali Cho,AM/ST RL,21,132,150,"France,England,Morocco",OGC Nice,8,10,15,12,13,9,11,11,4,5,12,10,6,13,11,10,11,12,11,11,15,13,8,11,10,11,12,11,16,14,11,8,13,16,13,11,2000006280,Ligue 1,OGC Nice
Tanguy Ndombele,DM/M C,28,132,150,"France,Democratic Republic of Congo",OGC Nice,8,13,16,14,14,6,13,13,5,12,16,8,12,17,10,12,13,14,13,12,14,15,12,13,12,12,15,13,10,11,13,11,8,11,13,13,85128159,Ligue 1,OGC Nice
Valentin Gendrey,D/WB R,25,132,150,"France,Guadeloupe",TSG 1899 Hoffenheim,7,12,12,6,13,6,12,6,15,12,12,8,14,13,15,14,14,12,14,11,15,10,8,12,13,15,12,15,15,14,12,12,12,14,14,13,49047752,Bundesliga,TSG 1899 Hoffenheim
Adam Hložek,AM/ST RLC,23,132,148,Czechia,TSG 1899 Hoffenheim,12,11,13,12,12,13,12,12,8,7,12,12,8,13,13,13,13,12,10,11,12,14,8,13,7,12,12,14,14,12,14,14,10,14,15,14,31041522,Bundesliga,TSG 1899 Hoffenheim
Andy Diouf,DM/M C,22,132,148,France,Blu-neri Milano,7,8,14,8,14,8,11,11,8,12,13,11,11,15,13,13,13,12,11,11,12,12,7,13,12,14,13,16,13,15,16,14,16,14,15,13,49062699,Serie A,Inter
Anthony Rouault,D RC,24,132,148,France,Stade Rennais FC,3,8,11,6,12,4,14,6,10,14,14,6,14,12,13,15,15,15,14,13,14,8,12,9,14,15,13,13,12,12,13,14,12,12,13,13,49047179,Ligue 1,Stade Rennais FC
Conrad Harder,ST L,20,132,148,Denmark,RB Leipzig,8,11,12,14,12,10,12,13,8,8,11,12,8,13,15,14,16,12,12,11,17,17,8,13,8,13,11,16,14,12,15,14,14,15,14,15,2000026180,Bundesliga,RB Leipzig
Hákon Rafn Valdimarsson,GK ,23,132,148,Iceland,Brentford,2,3,2,2,11,7,9,2,2,3,11,1,1,9,10,13,15,14,14,13,15,4,8,7,13,12,12,13,10,12,12,14,12,10,11,12,39053746,Premier League,Brentford
Joaquín Panichelli,ST C,22,132,148,Argentina,RC Strasbourg Alsace,7,8,12,15,10,8,15,10,6,7,12,11,7,13,11,13,13,14,13,13,17,11,8,14,8,12,12,14,13,13,13,14,14,13,14,14,2000096364,Ligue 1,RC Strasbourg Alsace
Raúl García,ST ,24,132,148,Spain,Atlético Pamplona,7,10,13,16,12,7,14,10,7,5,12,16,7,13,12,12,12,14,12,12,13,10,10,15,10,12,11,13,13,14,12,15,14,13,13,13,67257319,LaLiga,Osasuna
Axel Tuanzebe,D RC,27,132,147,"Democratic Republic of Congo,England",Burnley,4,6,12,5,13,5,12,4,7,14,13,9,14,12,14,15,13,12,12,11,14,7,12,6,15,11,8,13,15,15,13,13,12,16,12,14,28100269,Premier League,Burnley
Chris Führich,AM RL,27,132,146,Germany,VfB Stuttgart,13,12,15,11,14,13,7,13,6,8,13,12,8,15,11,12,11,12,11,12,12,16,8,13,8,12,12,12,15,15,12,9,14,14,13,9,91178612,Bundesliga,VfB Stuttgart
Fabian Rieder,M/AM RC,23,132,146,Switzerland,FC Augsburg,16,13,13,10,13,18,7,14,6,9,13,15,11,13,13,12,13,12,12,12,13,13,11,12,9,12,13,16,14,13,12,8,12,14,16,10,84152512,Bundesliga,FC Augsburg
Farès Chaïbi,DM/M/AM LC,22,132,146,"Algeria,France",Eintracht Frankfurt,15,12,13,8,15,14,8,11,6,8,14,12,10,16,11,12,12,12,10,12,13,15,6,12,9,13,15,13,13,14,12,10,12,13,15,11,49060523,Bundesliga,Eintracht Frankfurt
Matteo Cancellieri,M/AM RL,23,132,146,Italy,Capitolini Celesti,11,12,13,12,13,12,11,13,4,4,11,11,5,13,13,12,11,11,10,12,16,13,7,15,4,12,12,13,16,14,13,10,12,15,12,10,43424754,Serie A,Lazio
Bertrand Traoré,M/AM/ST RL,29,132,145,Burkina Faso,Sunderland,13,12,14,11,15,14,12,13,4,6,12,10,5,14,8,11,10,8,9,11,13,17,7,13,5,8,11,14,15,16,10,10,12,15,13,12,13112706,Premier League,Sunderland
David Møller Wolfe,D/WB/M L,23,132,145,Norway,Wolverhampton Wanderers,8,13,13,8,12,6,9,8,12,12,12,7,12,12,12,12,12,12,12,13,14,11,8,14,12,17,11,17,13,12,12,12,15,14,16,11,29240378,Premier League,Wolverhampton Wanderers
Josha Vagnoman,D/WB RL,24,132,145,"Germany,Ivory Coast",VfB Stuttgart,4,11,13,8,11,4,12,11,15,11,11,8,12,11,13,11,14,11,11,11,12,12,10,12,12,12,10,16,13,11,14,15,12,16,15,15,91184445,Bundesliga,VfB Stuttgart
Morgan Sanson,M C,30,132,145,France,OGC Nice,11,13,14,15,15,15,8,14,5,12,16,10,12,14,13,14,12,14,12,13,15,14,10,13,12,15,15,14,9,12,15,10,11,10,14,14,85046988,Ligue 1,OGC Nice
Yehvann Diouf,GK ,25,132,145,"Senegal,France",OGC Nice,2,2,3,1,10,1,12,3,3,4,8,4,10,10,9,12,13,14,13,11,15,8,13,9,13,13,12,13,11,12,12,14,15,13,13,13,48043638,Ligue 1,OGC Nice
Alidu Seidu,D/WB RLC,25,132,144,Ghana,Stade Rennais FC,10,11,10,6,11,8,11,9,12,13,10,9,14,11,12,12,15,12,13,12,14,11,10,10,12,12,11,13,14,12,15,11,15,15,14,15,49063222,Ligue 1,Stade Rennais FC
Duje Ćaleta-Car,D C,28,132,144,Croatia,Olympique Lyonnais,5,5,8,6,13,8,17,9,8,14,11,8,14,10,17,15,15,11,11,11,15,8,11,6,15,14,11,14,11,10,15,15,14,11,14,16,24039427,Ligue 1,Olympique Lyonnais
Montassar Talbi,D C,27,132,144,"Tunisia,France",FC Lorient,6,8,11,8,12,7,14,8,9,13,13,7,14,12,13,14,16,14,13,11,14,7,12,8,15,14,12,13,12,12,15,15,14,13,15,13,13198535,Ligue 1,FC Lorient
Quentin Merlin,D/WB/M L,23,132,144,France,Stade Rennais FC,15,15,13,11,14,11,8,13,6,12,13,11,12,13,11,12,12,13,12,11,15,12,10,11,11,13,14,13,13,12,14,8,11,13,14,11,49048372,Ligue 1,Stade Rennais FC
Florian Neuhaus,M/AM C,28,132,143,Germany,Borussia Mönchengladbach,12,11,13,8,15,12,7,13,6,9,15,12,11,15,13,12,12,14,12,12,11,13,12,11,10,13,15,11,11,12,13,10,12,14,15,11,91167376,Bundesliga,Borussia Mönchengladbach
Haissem Hassan,AM RL,23,132,143,"France,Egypt,Tunisia",Oviedo,9,12,17,10,15,8,7,9,7,7,12,11,7,15,5,9,7,9,9,9,13,16,9,12,10,9,11,10,16,14,13,9,14,16,13,10,49053388,LaLiga,Oviedo
Baptiste Santamaria,DM/M C,30,132,142,France,Valencia,11,11,13,10,14,10,12,10,5,12,15,9,13,13,15,14,13,12,13,13,15,14,13,14,12,15,15,15,10,12,13,11,15,10,15,13,211515,LaLiga,Valencia
Frank Onyeka,DM/M C,27,132,142,Nigeria,Brentford,6,9,13,8,11,6,12,10,8,12,12,8,15,11,16,15,16,12,13,12,17,12,10,12,12,16,11,17,13,13,16,12,14,16,15,15,27129125,Premier League,Brentford
Junior Dina Ebimbe,WB/DM/M RC,24,132,142,"France,Cameroon",Eintracht Frankfurt,8,11,14,11,12,8,12,11,13,10,12,13,13,12,14,13,14,12,10,11,15,13,8,13,10,16,12,16,15,13,12,12,12,15,14,12,49039272,Bundesliga,Eintracht Frankfurt
Wouter Burger,DM/M C,24,132,142,Netherlands,TSG 1899 Hoffenheim,8,8,11,8,13,8,12,12,8,11,13,11,15,13,17,13,16,13,13,12,16,12,14,12,12,16,13,17,12,11,14,15,14,12,16,15,37060938,Bundesliga,TSG 1899 Hoffenheim
Jean-Ricner Bellegarde,M/AM RLC,27,132,141,"Haiti,France",Wolverhampton Wanderers,9,13,15,9,14,10,8,12,6,8,13,12,9,15,10,13,11,12,11,12,14,13,7,12,8,13,11,14,14,14,12,7,13,15,14,15,48036558,Premier League,Wolverhampton Wanderers
Jonathan Ikoné,AM RL,27,132,141,"France,Democratic Republic of Congo",Paris FC,11,13,16,9,14,13,7,12,7,7,13,12,5,15,8,11,6,10,10,9,11,15,9,12,7,11,12,11,16,16,15,9,14,16,12,10,85145148,Ligue 1,Paris FC
Alfonso Espino,D L,33,132,140,"Uruguay,Spain",Vallecano,7,12,10,6,10,6,8,10,14,12,11,7,15,11,16,15,16,12,12,13,15,9,15,13,15,14,11,19,13,13,14,6,16,13,16,14,78066692,LaLiga,Rayo Vallecano
Gabriele Zappa,D/WB/M RC,25,132,140,Italy,Cagliari Calcio,7,13,11,10,11,7,10,12,7,12,12,7,13,11,11,12,12,12,12,12,13,10,9,12,13,14,11,14,14,14,13,13,13,14,14,14,43272248,Serie A,Cagliari Calcio
"Luiz Felipe(Vallecano,Italy,Brazil)",D C,28,132,140,"Italy,Brazil",Vallecano,4,4,9,5,12,3,14,3,7,14,12,6,15,12,18,15,20,10,10,13,15,9,11,9,14,16,11,14,12,11,14,14,10,13,13,15,19225765,LaLiga,Rayo Vallecano
Malang Sarr,D C,26,132,140,"France,Senegal",RC Lens,5,11,12,7,13,6,13,7,8,13,13,8,14,13,12,13,15,13,11,13,15,12,10,10,13,14,12,14,13,14,15,13,16,13,15,14,48036830,Ligue 1,RC Lens
Matthew Targett,D/WB L,29,132,140,"England,Scotland",Newcastle United,12,12,12,10,12,10,12,6,10,12,13,7,13,12,12,13,12,13,13,13,14,10,9,14,13,14,13,14,13,13,14,12,13,13,14,14,28084863,Premier League,Newcastle United
Michel Ndary Adopo,DM/M C,25,132,140,France,Cagliari Calcio,7,8,10,10,13,8,7,9,4,13,12,10,13,13,15,14,13,12,12,12,15,10,10,13,14,14,14,14,14,14,14,12,14,14,14,17,43459075,Serie A,Cagliari Calcio
Moritz Jenz,D C,26,132,140,"Germany,Nigeria",VfL Wolfsburg,3,7,8,6,11,3,14,6,10,14,11,7,15,11,16,14,16,11,13,12,16,7,14,8,14,12,10,15,12,10,15,16,10,14,12,16,29162924,Bundesliga,VfL Wolfsburg
Nicolas Höfler,DM/M C,35,132,140,Germany,Sport-Club Freiburg,6,8,12,7,13,6,13,8,7,13,14,11,14,13,17,15,16,16,17,13,16,10,15,8,14,19,12,15,10,11,15,12,19,11,16,13,35017386,Bundesliga,Sport-Club Freiburg
Samuel Gigot,D C,31,132,140,France,Capitolini Celesti,4,4,11,7,12,10,16,13,4,15,12,6,15,12,15,15,16,13,12,10,16,14,15,7,14,14,10,12,11,11,13,15,15,12,12,16,48031358,Serie A,Lazio
Sebastiaan Bornauw,D C,26,132,140,Belgium,Leeds United,3,8,8,7,11,4,16,8,10,14,12,8,13,11,16,14,16,11,13,11,16,7,14,8,14,13,11,16,12,9,15,16,12,15,12,16,18087987,Premier League,Leeds United
Woo-Yeong Jeong,AM RLC,25,132,140,South Korea,1. FC Union Berlin,11,11,13,9,14,11,12,9,6,7,12,11,8,14,8,11,12,10,10,9,13,14,4,11,7,15,12,16,14,16,12,12,16,14,16,8,91187682,Bundesliga,1. FC Union Berlin
Yannick Gerhardt,DM/M LC,31,132,140,Germany,VfL Wolfsburg,11,11,11,10,12,8,12,9,8,12,12,10,13,12,13,13,14,12,12,12,13,10,12,12,12,17,12,16,12,12,13,12,16,13,16,13,91105029,Bundesliga,VfL Wolfsburg
Andreas Hanche-Olsen,D RC,28,132,138,Norway,1. FSV Mainz 05,3,8,8,6,9,3,15,6,10,15,10,11,15,9,17,13,18,10,13,11,18,7,15,8,14,13,9,16,12,11,14,16,12,15,13,16,53102029,Bundesliga,1. FSV Mainz 05
Christopher Trimmel,D/WB R,38,132,138,Austria,1. FC Union Berlin,18,16,11,8,12,15,13,9,16,12,12,11,12,12,16,12,15,13,13,12,16,10,17,14,12,16,12,16,12,10,14,14,20,14,14,13,16008969,Bundesliga,1. FC Union Berlin
Gabriel Gudmundsson,D/WB/M/AM L,26,132,138,Sweden,Leeds United,9,13,15,10,12,7,9,12,5,8,13,6,10,13,9,11,10,10,10,11,12,13,8,13,10,14,8,14,16,14,11,10,11,15,14,9,93065006,Premier League,Leeds United
Niklas Dorsch,DM/M C,27,132,138,Germany,1. FC Heidenheim 1846,13,11,12,8,14,13,8,12,6,12,15,12,15,14,16,12,16,13,13,13,16,12,14,11,12,15,13,16,12,12,13,10,10,12,14,12,91144312,Bundesliga,1. FC Heidenheim 1846
Niklas Stark,D C,30,132,138,Germany,SV Werder Bremen,4,8,9,7,12,10,14,8,13,13,12,8,16,11,16,13,16,13,12,12,13,8,15,8,13,16,11,15,12,11,15,15,10,15,13,15,91109615,Bundesliga,SV Werder Bremen
Saša Kalajdžić,ST ,28,132,138,"Austria,Serbia",Wolverhampton Wanderers,3,8,12,13,14,8,17,9,8,7,14,13,7,14,12,13,12,14,13,14,15,13,12,14,7,14,14,12,10,10,16,19,7,10,12,15,16197824,Premier League,Wolverhampton Wanderers
Tijjani Noslin,AM/ST RLC,26,132,138,Netherlands,Capitolini Celesti,11,13,14,15,14,7,15,8,4,5,13,8,5,15,10,14,12,13,10,13,14,14,5,15,4,13,12,9,14,13,12,11,13,14,12,14,37071153,Serie A,Lazio
Kingsley Ehizibue,D/WB/M R,30,132,136,"Nigeria,Netherlands,Germany",Udinese Calcio,8,12,10,9,8,7,11,7,14,12,11,8,15,9,10,9,12,9,10,11,12,9,9,12,13,12,11,15,15,13,14,15,16,18,16,13,37053569,Serie A,Udinese Calcio
Nicola Leali,GK ,32,132,136,Italy,Genoa Cricket and Football Club,5,3,1,3,8,6,6,3,1,3,8,2,1,8,8,12,12,10,12,12,15,3,14,8,14,14,12,13,12,15,11,16,16,12,14,13,43067875,Serie A,Genoa Cricket and Football Club
Philipp Sander,DM/M C,27,132,136,Germany,Borussia Mönchengladbach,14,11,12,8,13,11,11,11,15,12,14,10,12,13,15,14,13,14,13,13,14,11,15,11,13,16,13,14,12,12,13,12,13,13,16,12,2000020405,Bundesliga,Borussia Mönchengladbach
Robin Fellhauer,D/DM/M RC,27,132,136,Germany,FC Augsburg,6,12,12,8,12,6,12,13,15,12,12,11,14,12,16,13,16,12,13,12,16,10,15,11,13,18,12,16,12,11,12,12,15,15,15,13,91143881,Bundesliga,FC Augsburg
Abdallah Sima,AM RL,24,132,135,Senegal,RC Lens,4,7,14,15,11,8,15,13,9,6,8,8,5,12,10,11,11,13,9,12,12,13,10,13,7,13,10,10,17,13,14,16,7,17,13,13,2000052135,Ligue 1,RC Lens
Cristian Cásseres,DM/M/AM C,25,132,135,"Venezuela,United States",Toulouse FC,11,9,12,8,13,10,11,10,8,13,13,10,14,12,15,12,13,12,13,12,13,11,10,11,12,14,13,14,14,14,14,11,12,13,15,13,86055764,Ligue 1,Toulouse FC
Daniel Heuer Fernandes,GK ,32,132,135,"Portugal,Germany",Hamburger Sport-Verein,1,4,5,4,12,6,7,6,12,4,13,6,6,12,12,12,15,15,12,12,15,10,14,7,13,13,12,12,8,14,12,15,16,10,11,13,91013663,Bundesliga,Hamburger Sport-Verein
Eric Smith,D/DM C,28,132,135,Sweden,FC St. Pauli,13,11,11,6,13,15,12,13,7,12,16,12,12,13,15,16,12,16,12,13,15,12,15,8,13,16,16,12,12,10,15,14,12,14,14,14,93053901,Bundesliga,FC St. Pauli
John Victor,GK ,29,132,135,"Brazil,Portugal",Nottingham Forest,5,1,2,3,11,8,1,2,3,1,11,3,3,11,6,12,13,13,12,13,13,1,12,1,13,12,12,14,12,13,10,14,12,12,12,13,19202603,Premier League,Nottingham Forest
Kevin Diks,D RLC,28,132,135,"Indonesia,Netherlands",Borussia Mönchengladbach,3,10,12,11,12,3,14,10,15,12,13,17,12,13,16,12,14,12,12,12,15,13,14,12,12,14,13,15,15,12,13,14,13,14,13,13,37046467,Bundesliga,Borussia Mönchengladbach
Marius Müller,GK ,32,132,135,Germany,VfL Wolfsburg,2,3,3,3,8,6,7,3,2,1,8,3,3,8,16,13,15,12,13,12,16,5,15,2,14,12,8,14,8,14,12,17,13,10,11,15,92018446,Bundesliga,VfL Wolfsburg
Mathias Pereira Lage,AM/ST L,28,132,135,"Portugal,France",FC St. Pauli,13,11,12,8,12,13,12,12,8,8,11,12,11,12,13,11,13,10,9,9,14,14,8,12,8,13,11,15,14,13,11,12,14,17,15,10,48039548,Bundesliga,FC St. Pauli
Miro Muheim,D/WB LC,27,132,135,Switzerland,Hamburger Sport-Verein,18,15,12,8,12,16,12,16,13,12,13,13,13,13,16,12,13,13,12,12,13,12,13,12,12,16,13,13,13,12,12,12,13,13,14,12,28100045,Bundesliga,Hamburger Sport-Verein
Alexander Meyer,GK ,34,132,134,Germany,Borussia Dortmund,5,1,3,3,12,7,8,3,3,1,13,6,3,12,12,12,13,15,13,12,13,7,15,3,13,16,13,12,8,13,12,17,15,9,11,15,91018450,Bundesliga,Borussia Dortmund
Dimitris Giannoulis,D/WB L,29,132,134,Greece,FC Augsburg,12,14,13,7,13,10,11,8,13,12,12,8,13,13,15,13,13,12,12,12,14,12,11,13,12,13,11,16,15,13,12,11,14,16,14,12,36078574,Bundesliga,FC Augsburg
Stefan Bell,D C,33,132,134,Germany,1. FSV Mainz 05,2,6,8,6,10,3,14,6,6,15,11,6,13,10,16,16,16,12,16,13,13,7,14,8,16,16,10,12,9,9,16,17,15,10,11,15,91004660,Bundesliga,1. FSV Mainz 05
Wesley Saïd,AM/ST C,30,132,134,"France,Comoros,Mauritius",RC Lens,6,10,15,14,14,8,9,10,5,6,11,13,6,15,7,14,6,14,12,14,10,16,10,14,7,12,10,12,15,15,14,6,12,14,12,12,85104577,Ligue 1,RC Lens
Álex Sancris,AM RLC,28,132,132,Spain,Getafe,13,14,13,13,13,13,8,11,7,8,13,12,8,13,10,9,11,13,12,13,13,14,8,12,10,13,14,11,14,12,8,10,12,14,11,10,67231126,LaLiga,Getafe
Philipp Mwene,D/WB RL,31,132,132,"Austria,Kenya",1. FSV Mainz 05,11,13,12,7,11,8,7,10,15,10,10,8,12,12,14,11,13,10,12,10,15,11,11,12,10,13,10,16,15,14,12,6,15,14,15,10,16045742,Bundesliga,1. FSV Mainz 05
Álex Jiménez,D/WB RL,20,131,-85,Spain,Casciavit Milano,6,12,14,8,12,4,6,12,6,9,11,7,10,13,16,14,15,9,11,10,15,10,10,14,10,12,11,13,16,15,13,7,14,14,14,9,2000211997,Serie A,Milan
Lewis Miley,M C,19,131,-85,England,Newcastle United,9,10,12,11,13,10,12,12,8,12,13,10,12,13,13,14,14,13,13,13,14,12,8,13,13,15,13,16,14,11,13,13,15,12,12,12,2000189871,Premier League,Newcastle United
Pau Navarro,D C,20,131,-85,Spain,Villarreal,9,11,8,8,14,6,14,8,11,15,12,7,15,11,11,14,12,13,13,12,14,8,8,10,15,14,10,15,11,11,10,12,14,12,14,13,2000395112,LaLiga,Villarreal
Stanis Idumbo,M/AM RLC,20,131,-85,"Belgium,Democratic Republic of Congo",AS Monaco,11,12,16,9,15,8,4,10,5,5,13,10,5,14,6,9,16,12,12,12,14,14,7,13,7,7,12,10,16,15,13,8,14,15,13,8,2000016527,Ligue 1,AS Monaco
Gonzalo,M/AM/ST RL,21,131,160,Spain,R. Madrid,7,8,13,14,12,10,13,9,7,5,11,13,6,13,11,13,12,13,13,12,16,13,12,13,7,12,14,13,14,12,13,12,13,13,12,11,2000143029,LaLiga,R. Madrid
Mario Martín,DM/M C,21,131,158,Spain,R. Madrid,7,9,10,10,14,9,10,13,12,12,12,6,16,14,17,14,15,11,14,13,16,8,14,8,14,14,11,15,12,11,11,7,14,13,15,13,2000163504,LaLiga,R. Madrid
Nathan Patterson,D/WB R,23,131,157,Scotland,Everton,12,14,12,11,11,6,8,11,10,10,11,5,13,11,12,11,12,13,14,7,15,7,4,13,11,13,14,14,15,13,11,11,14,15,17,12,61083649,Premier League,Everton
Alessandro Circati,D C,21,131,155,"Australia,Italy",Parma Calcio 1913,6,9,9,7,11,5,15,8,14,14,12,7,14,10,14,14,13,14,13,13,13,11,12,12,14,11,10,13,13,12,13,14,14,13,14,14,2000017415,Serie A,Parma Calcio 1913
Brooke Norton-Cuffy,D/WB R,21,131,155,"England,Dominica",Genoa Cricket and Football Club,9,13,13,7,12,5,10,8,4,11,13,6,13,12,14,12,13,11,11,10,13,13,8,11,9,15,10,15,16,15,12,12,10,15,13,14,2000047226,Serie A,Genoa Cricket and Football Club
CJ Egan-Riley,D/DM RC,22,131,154,"England,Republic of Ireland",Olympique de Marseille,9,13,9,10,8,12,14,10,7,13,12,6,13,10,12,14,14,13,15,12,14,8,7,12,13,13,10,13,14,11,9,14,14,13,12,14,28126245,Ligue 1,Olympique de Marseille
Łukasz Fabiański,GK ,40,131,154,Poland,West Ham United,4,1,2,3,8,8,11,1,2,7,11,3,13,7,10,13,12,16,17,12,15,5,8,4,15,14,10,13,7,14,12,14,13,8,10,13,718272,Premier League,West Ham United
Aleix Febas,DM/M C,29,131,153,Spain,Elche,11,11,10,10,14,11,7,12,5,9,13,11,13,14,14,14,14,15,12,12,13,16,14,12,12,15,15,14,12,15,13,5,13,13,15,7,67179156,LaLiga,Elche
Sergio Carreira,D/WB R,24,131,153,Spain,Vigo,7,13,13,7,12,7,9,8,12,13,13,7,12,14,15,13,15,13,13,12,14,5,8,12,12,14,12,13,14,13,15,6,14,14,14,12,67263766,LaLiga,Celta
David Affengruber,D C,24,131,152,Austria,Elche,4,6,8,5,14,8,14,8,7,14,12,7,13,13,11,13,15,13,14,10,15,4,7,6,16,13,12,14,12,11,15,14,13,14,14,14,16202375,LaLiga,Elche
Nicolò Bertola,D C,22,131,152,Italy,Udinese Calcio,4,9,10,9,13,5,15,5,12,14,10,6,14,12,10,15,12,13,14,12,13,7,11,9,13,14,10,13,14,13,12,15,12,13,14,13,43617061,Serie A,Udinese Calcio
Guéla Doué,D RC,22,131,149,"Ivory Coast,France",RC Strasbourg Alsace,8,13,11,7,12,7,13,10,6,14,11,7,14,12,14,13,13,12,13,12,16,10,9,11,14,13,10,14,13,13,14,15,12,14,14,15,73201428,Ligue 1,RC Strasbourg Alsace
Hans Hateboer,D/WB/M R,31,131,149,Netherlands,Stade Rennais FC,8,13,9,10,10,7,13,7,12,13,11,8,14,12,16,12,15,13,14,11,16,8,13,13,13,16,8,15,14,12,14,14,16,14,14,16,37046941,Ligue 1,Stade Rennais FC
Josh Doig,D/WB L,23,131,148,Scotland,U.S. Sassuolo Calcio,6,13,13,10,13,4,10,12,4,10,12,6,12,13,12,13,13,11,10,12,15,12,4,13,13,15,12,14,15,14,12,15,14,16,13,13,61093823,Serie A,Sassuolo
Salomón Rondón,ST ,35,131,148,Venezuela,Oviedo,5,9,10,14,13,13,15,13,7,6,11,11,6,13,14,14,15,12,14,14,10,11,11,13,8,14,12,10,10,10,15,13,12,11,12,17,67063933,LaLiga,Oviedo
Mattia Viti,D C,23,131,147,Italy,OGC Nice,4,8,10,6,12,4,14,6,8,14,14,6,14,13,11,14,13,12,13,14,14,9,10,8,14,14,11,14,12,12,13,14,13,13,14,13,43426109,Ligue 1,OGC Nice
Ignace Van Der Brempt,D/WB R,23,131,146,Belgium,Como 1907,11,13,13,8,12,8,12,8,14,12,13,10,14,13,13,12,15,12,12,12,15,13,8,13,12,14,12,15,14,13,13,13,13,14,14,12,18110809,Serie A,Como 1907
Jordan Beyer,D/WB RC,25,131,146,Germany,Burnley,4,8,12,6,11,4,13,6,12,14,13,7,14,12,13,14,16,14,14,12,13,11,8,11,14,14,12,12,12,12,15,13,8,13,13,14,91172542,Premier League,Burnley
Aitor Fernández,GK ,34,131,145,"Spain,Pays Basque",Atlético Pamplona,5,3,1,3,10,7,9,2,2,1,11,2,2,10,12,14,12,12,13,13,14,2,9,2,14,14,9,12,10,13,12,11,14,10,12,10,67054783,LaLiga,Osasuna
Jesús Vázquez,D/WB L,22,131,145,Spain,Valencia,12,13,13,11,13,8,7,8,9,12,13,12,11,14,12,12,13,12,13,13,12,11,11,13,12,13,13,14,14,13,13,11,12,14,13,12,95078288,LaLiga,Valencia
Luca De La Torre,M/AM RLC,27,131,145,"United States,Spain",Vigo,9,11,13,9,12,11,7,9,4,7,14,11,10,15,9,14,12,11,14,13,11,13,8,16,8,14,13,15,12,13,13,7,15,13,14,10,29141175,LaLiga,Celta
Sebastiano Esposito,AM/ST C,23,131,145,Italy,Blu-neri Milano,12,11,14,13,15,13,12,13,4,4,14,14,4,15,10,13,11,13,11,12,13,15,10,14,6,13,14,13,13,14,13,13,16,13,13,11,43425069,Serie A,Inter
Terem Moffi,ST ,26,131,145,Nigeria,OGC Nice,7,8,13,14,13,9,12,12,7,7,11,13,7,14,11,12,14,12,12,11,12,14,7,13,7,13,14,13,15,12,16,15,11,15,13,16,47079007,Ligue 1,OGC Nice
Mathew Ryan,GK ,33,131,144,"Australia,England,Scotland",Levante,5,1,2,2,11,8,6,3,12,3,12,4,2,13,13,13,14,13,13,13,16,8,16,2,15,14,13,14,9,13,10,12,13,10,12,12,15016604,LaLiga,Levante
Damián,DM/M C,22,131,142,Spain,Vigo,8,12,12,10,15,8,9,11,8,9,16,8,11,14,9,15,12,14,14,15,14,12,12,12,11,15,16,13,12,13,13,10,12,12,13,11,2000052483,LaLiga,Celta
"Thiago(Brentford,Brazil)",ST ,24,131,142,Brazil,Brentford,7,10,12,14,12,8,16,11,9,7,12,12,8,12,13,14,14,13,13,12,11,8,11,14,8,13,11,14,13,11,13,16,14,13,13,16,19409389,Premier League,Brentford
Charles Vanhoutte,DM/M C,26,131,140,Belgium,OGC Nice,8,12,11,9,12,9,12,12,10,14,13,12,13,12,12,12,16,12,13,12,12,10,12,13,13,16,13,14,13,11,14,13,15,13,15,15,18103350,Ligue 1,OGC Nice
Filip Ugrinić,M/AM C,26,131,139,"Switzerland,Serbia",Valencia,13,12,12,8,13,13,8,13,5,8,13,11,7,14,9,14,10,13,13,13,13,13,8,13,9,13,14,13,12,12,14,12,14,12,15,16,98041219,LaLiga,Valencia
Himad Abdelli,M/AM C,25,131,138,"Algeria,France",Angers SCO,12,13,15,9,14,12,12,10,6,11,15,8,11,14,14,12,12,13,12,12,12,15,13,12,12,13,14,14,12,12,14,12,13,12,15,14,48043489,Ligue 1,Angers SCO
Iliya Gruev,DM/M C,25,131,138,"Bulgaria,Germany",Leeds United,14,11,12,7,14,14,11,12,6,14,15,11,14,15,14,15,15,14,13,13,16,10,11,13,15,16,14,15,11,12,13,14,13,12,15,12,92086318,Premier League,Leeds United
Domagoj Bradarić,D/WB L,25,131,137,Croatia,Hellas Verona FC,12,13,13,7,12,11,8,10,13,11,12,8,13,12,12,13,12,11,12,12,12,11,10,13,12,14,10,15,14,14,11,9,14,14,16,9,24054803,Serie A,Hellas Verona FC
Jordan Zemura,D/WB/M L,25,131,137,"Zimbabwe,England",Udinese Calcio,7,12,14,9,12,14,8,7,10,9,12,6,13,14,9,12,11,12,11,10,15,12,8,13,11,13,11,15,16,16,13,7,16,14,15,11,29164969,Serie A,Udinese Calcio
Kristian Thorstvedt,M/AM C,26,131,137,Norway,U.S. Sassuolo Calcio,5,6,13,14,14,11,14,12,4,8,14,12,10,14,13,12,13,14,13,13,14,13,14,14,12,14,13,13,12,12,15,14,14,12,13,15,53126110,Serie A,Sassuolo
Akor Adams,ST ,25,131,135,Nigeria,Sevilla,4,7,11,13,12,8,14,11,5,6,11,12,7,11,13,13,13,13,11,13,15,12,10,14,7,12,11,13,14,9,14,15,15,16,14,16,53167062,LaLiga,Sevilla
Pablo Durán,AM/ST RLC,24,131,135,Spain,Vigo,8,8,13,16,14,8,10,13,9,7,12,12,9,14,14,13,15,14,15,12,13,13,12,15,8,13,13,16,13,13,13,8,12,13,11,9,2000106795,LaLiga,Celta
Julien Le Cardinal,D RC,28,131,134,France,Stade Brestois 29,7,12,10,8,12,10,12,10,10,14,12,11,14,11,15,13,14,13,12,12,4,10,11,10,14,14,10,14,12,13,15,12,13,13,14,14,50044045,Ligue 1,Stade Brestois 29
Nikola Moro,DM/M C,27,131,134,Croatia,Bologna FC 1909,10,14,12,10,14,10,12,13,4,8,16,10,13,13,12,12,11,13,13,12,12,11,9,13,11,15,15,12,11,12,12,13,11,12,13,11,24046418,Serie A,Bologna FC 1909
"Dani Rodríguez(Mallorca,Spain)",M/AM RLC,37,131,131,Spain,Mallorca,10,12,14,13,14,11,6,16,3,5,13,10,6,13,13,12,14,14,14,15,14,13,16,14,8,15,15,15,11,12,12,9,15,12,13,10,1509441,LaLiga,Mallorca
Ayyoub Bouaddi,DM/M C,17,130,-10,"France,Morocco",LOSC Lille,5,13,13,8,14,4,10,7,5,15,15,11,14,15,11,14,12,12,14,13,16,12,7,7,14,14,14,14,12,12,11,11,14,12,14,14,2000381365,Ligue 1,LOSC Lille
Arthur Vermeeren,DM/M C,20,130,-85,Belgium,RB Leipzig,11,9,12,8,13,11,8,9,8,12,14,12,12,14,14,13,13,14,13,13,12,12,11,9,12,15,13,16,12,12,12,8,16,12,17,11,2000127465,Bundesliga,RB Leipzig
Badredine Bouanani,M/AM RC,20,130,-85,"Algeria,France",VfB Stuttgart,12,12,15,10,14,13,5,13,6,6,12,12,6,15,8,12,12,13,12,12,15,17,6,13,7,12,13,12,15,16,12,7,14,14,12,10,2000100062,Bundesliga,VfB Stuttgart
Eliesse Ben Seghir,AM LC,20,130,-85,"Morocco,France",Bayer 04 Leverkusen,12,11,15,10,15,12,6,13,6,7,14,13,7,16,13,12,12,13,12,12,15,17,8,12,7,12,13,13,14,15,12,7,13,13,12,10,2000104892,Bundesliga,Bayer 04 Leverkusen
Guillaume Restes,GK ,20,130,-85,"France,Ivory Coast",Toulouse FC,7,2,1,2,12,9,3,3,3,2,12,3,1,11,11,13,15,12,13,12,16,8,12,1,13,13,12,12,15,14,12,13,14,13,12,11,2000094715,Ligue 1,Toulouse FC
Chema Andrés,DM/M C,20,130,165,Spain,VfB Stuttgart,6,7,11,7,14,8,14,12,8,13,15,8,14,14,16,14,16,15,14,13,16,8,13,8,14,16,13,16,10,10,15,16,14,11,16,14,2000220048,Bundesliga,VfB Stuttgart
Rodrigo Mendoza,M/AM C,20,130,162,Spain,Elche,12,13,13,11,15,10,9,12,8,9,15,11,11,15,11,14,10,12,13,14,12,15,11,12,9,12,15,13,13,12,11,10,12,12,13,12,2000126534,LaLiga,Elche
Elye Wahi,ST ,22,130,160,"France,Ivory Coast",Eintracht Frankfurt,8,9,13,14,13,12,13,12,6,6,11,13,6,14,16,14,11,12,12,12,11,13,6,14,6,11,10,12,15,15,13,12,10,16,12,12,49061868,Bundesliga,Eintracht Frankfurt
Mamadou Sarr,D C,19,130,-8,France,Chelsea,6,7,8,6,12,5,14,8,5,14,13,5,14,12,11,13,12,12,12,12,15,12,9,9,14,13,11,12,13,11,14,16,14,12,12,15,2000107103,Premier League,Chelsea
Michy Batshuayi,ST ,31,130,160,"Belgium,Democratic Republic of Congo",Eintracht Frankfurt,6,8,12,13,12,8,14,12,6,5,12,14,6,14,12,15,12,12,11,12,11,12,12,14,5,11,11,12,13,12,15,13,12,12,11,15,18053710,Bundesliga,Eintracht Frankfurt
Samson Baidoo,D/DM C,21,130,160,Austria,RC Lens,6,5,9,6,11,8,14,9,8,14,8,8,13,8,9,12,15,13,11,10,14,5,8,9,15,14,13,16,13,11,15,16,13,15,13,15,16337073,Ligue 1,RC Lens
Luka Sučić,M/AM C,22,130,159,"Croatia,Bosnia and Herzegovina,Austria",Real San Sebastián,8,10,15,11,12,12,11,14,4,5,13,7,8,15,4,13,13,11,11,12,15,12,9,14,6,13,13,13,15,13,13,13,12,15,13,12,16254093,LaLiga,Real Sociedad
Jean-Mattéo Bahoya,M/AM RLC,20,130,158,"France,Cameroon",Eintracht Frankfurt,12,12,15,10,12,10,8,11,6,7,11,12,8,13,11,10,11,10,9,10,13,16,5,11,7,11,10,11,16,14,12,11,13,18,12,9,2000113245,Bundesliga,Eintracht Frankfurt
Odsonne Édouard,AM/ST L,27,130,158,"Haiti,French Guiana,France",RC Lens,6,10,13,15,13,11,11,11,4,8,11,15,8,13,9,12,12,13,12,12,12,12,6,13,8,11,12,11,12,12,13,14,14,14,14,13,48036880,Ligue 1,RC Lens
Giovanni Reyna,M/AM RLC,22,130,156,"United States,Portugal,England",Borussia Mönchengladbach,13,11,15,12,16,14,7,13,6,7,13,13,8,16,11,13,9,12,10,12,11,14,4,13,7,11,13,10,14,15,12,11,8,13,13,10,72051281,Bundesliga,Borussia Mönchengladbach
Alejandro Francés,D RLC,23,130,155,Spain,Girona,7,10,9,8,11,6,12,9,10,14,11,4,15,11,12,15,13,13,13,12,15,9,12,10,13,13,12,14,13,12,12,13,13,13,13,12,67281886,LaLiga,Girona
"Álvaro Rodríguez(Elche,Uruguay,Spain)",AM/ST L,21,130,155,"Uruguay,Spain",Elche,6,10,13,15,12,7,16,11,12,5,12,9,11,13,16,12,14,13,13,12,17,8,6,12,7,15,9,15,12,9,10,16,9,13,15,15,2000218258,LaLiga,Elche
Filip Kostić,WB/M L,32,130,155,Serbia,Juventus,14,16,14,8,13,11,9,11,10,11,12,10,10,15,13,12,14,14,12,13,12,13,12,13,8,13,12,14,13,13,13,11,16,14,13,12,62070416,Serie A,Juventus
Hugo Sotelo,M RC,21,130,155,Spain,Vigo,13,13,13,7,13,10,8,10,8,12,15,8,14,15,11,15,11,14,13,13,13,13,10,13,13,15,16,13,12,12,14,12,12,12,12,12,2000052526,LaLiga,Celta
Ismaël Doukouré,D/DM C,22,130,155,"France,Ivory Coast",RC Strasbourg Alsace,5,8,12,7,12,6,14,10,9,14,14,6,14,13,13,12,13,13,12,11,14,8,9,12,14,13,13,14,13,13,15,13,15,13,13,15,2000016808,Ligue 1,RC Strasbourg Alsace
James Justin,D/WB RLC,27,130,155,"England,Saint Lucia",Leeds United,9,12,13,5,12,9,12,8,11,13,12,6,13,12,12,13,12,12,11,12,16,7,11,10,12,14,11,14,14,13,11,10,12,13,14,12,29140167,Premier League,Leeds United
Leon Avdullahu,DM/M C,21,130,155,"Kosovo,Switzerland",TSG 1899 Hoffenheim,11,10,11,8,14,13,10,12,6,12,15,12,12,14,16,13,13,15,13,13,15,10,12,10,12,15,13,15,12,12,12,12,14,12,15,11,2000028607,Bundesliga,TSG 1899 Hoffenheim
"André Silva(Elche,Portugal)",ST ,29,130,154,Portugal,Elche,4,8,12,13,13,10,16,11,6,6,12,15,6,14,13,15,12,12,12,12,12,14,11,16,6,11,12,12,12,12,14,14,12,13,12,13,55041694,LaLiga,Elche
Valentín Gómez,D C,22,130,154,"Argentina,Spain",Real Hispalis,6,8,11,5,11,6,13,8,10,14,12,10,14,12,15,15,16,13,13,14,15,12,13,10,13,15,12,15,13,12,13,12,13,13,14,13,2000077331,LaLiga,Real Betis
Warren Bondo,M C,21,130,154,"France,Democratic Republic of Congo",Casciavit Milano,6,9,13,9,13,11,12,13,8,12,14,8,13,13,15,13,12,12,11,12,14,8,8,13,14,14,12,14,14,14,13,12,12,14,15,13,2000006107,Serie A,Milan
David Costas,D C,30,130,153,Spain,Oviedo,8,9,11,5,12,9,14,10,10,14,14,7,14,12,15,14,12,13,13,14,11,9,13,12,14,12,12,13,13,12,10,11,13,12,12,12,67191439,LaLiga,Oviedo
Domingos Duarte,D C,30,130,153,Portugal,Getafe,4,6,9,9,11,6,12,6,9,15,11,11,15,11,14,12,14,13,15,15,10,7,11,8,16,15,8,14,9,10,13,13,10,11,12,13,55063355,LaLiga,Getafe
Félix Lemaréchal,M/AM C,21,130,153,"France,Ivory Coast",RC Strasbourg Alsace,12,13,14,11,14,9,11,14,5,9,14,12,9,14,12,11,12,13,11,12,6,15,9,11,9,13,14,13,13,14,12,11,12,13,14,12,49056376,Ligue 1,RC Strasbourg Alsace
Daniele Ghilardi,D C,22,130,152,Italy,Hellas Verona FC,5,11,8,6,11,5,13,11,11,13,10,10,14,11,12,14,14,13,13,13,14,10,10,12,14,14,11,14,11,14,13,14,12,13,13,13,43500332,Serie A,Hellas Verona FC
Nnamdi Collins,D/WB RC,21,130,152,"Germany,Nigeria,Poland",Eintracht Frankfurt,3,10,11,6,11,3,13,10,17,13,11,8,14,12,14,12,16,10,10,11,13,11,11,10,12,13,11,14,16,11,14,16,12,16,13,15,2000045854,Bundesliga,Eintracht Frankfurt
Martin Baturina,M/AM C,22,130,151,Croatia,Como 1907,13,13,16,11,15,13,7,13,6,8,14,12,9,15,6,12,11,13,11,9,12,13,9,12,12,13,14,10,13,14,17,7,12,13,13,11,24065108,Serie A,Como 1907
Cristhian Stuani,ST ,38,130,150,"Uruguay,Italy",Girona,7,11,12,16,11,8,15,12,6,6,12,16,7,12,11,14,15,15,14,15,15,10,16,15,8,13,11,14,10,10,14,13,12,10,11,13,78000806,LaLiga,Girona
Datro Fofana,AM/ST RL,22,130,150,Ivory Coast,Chelsea,9,12,15,13,13,9,12,11,6,6,12,13,6,13,13,11,9,10,8,10,13,16,7,12,9,10,12,11,15,14,14,13,13,15,12,13,12092528,Premier League,Chelsea
Hugo Rincón,D/WB R,22,130,150,"Spain,Pays Basque",A. Bilbao,9,11,10,9,11,8,8,9,11,11,12,8,13,11,15,13,15,10,12,11,15,9,12,13,11,14,10,15,15,14,12,11,14,15,14,14,2000065892,LaLiga,A. Bilbao
Jacobo Ramón,D C,20,130,150,Spain,Como 1907,4,7,11,7,12,6,14,10,11,13,14,10,14,13,10,14,12,15,14,13,13,7,8,10,14,12,13,14,13,11,13,15,12,12,14,13,2000214886,Serie A,Como 1907
Kamory Doumbia,M/AM C,22,130,150,Mali,Stade Brestois 29,10,10,14,12,14,7,10,13,6,11,14,11,11,13,11,12,14,13,12,12,13,14,9,14,11,13,13,12,14,15,13,10,13,13,13,11,12088460,Ligue 1,Stade Brestois 29
Willy Boly,D C,34,130,150,"Ivory Coast,France",Nottingham Forest,2,4,12,9,11,3,15,9,5,13,13,5,14,13,17,15,14,13,11,12,13,13,12,9,15,13,11,13,11,11,16,16,10,10,11,17,85009974,Premier League,Nottingham Forest
Fran Pérez,M/AM RL,22,130,149,Spain,Vallecano,13,13,15,11,14,8,7,11,9,7,11,11,6,14,12,11,12,11,11,9,14,13,9,14,7,10,12,12,15,14,10,10,12,16,11,10,95078306,LaLiga,Rayo Vallecano
Jacopo Fazzini,M/AM C,22,130,149,Italy,ACF Fiorentina,11,11,14,10,13,8,8,11,4,12,13,9,14,14,13,14,14,13,13,13,14,7,8,14,13,14,14,15,14,14,14,7,10,13,14,11,43591640,Serie A,ACF Fiorentina
Filippo Terracciano,D/WB RLC,22,130,148,Italy,Casciavit Milano,6,13,12,7,11,6,12,10,12,12,13,6,13,13,9,11,10,9,13,11,13,8,8,13,12,14,10,12,13,13,12,13,13,13,15,12,43500821,Serie A,Milan
Ísak Jóhannesson,DM/M/AM C,22,130,148,"Iceland,England",1. FC Köln,14,13,12,11,15,13,8,12,6,9,14,16,9,15,13,12,11,12,12,12,16,13,13,12,9,12,14,12,13,13,12,9,15,13,16,10,39057654,Bundesliga,1. FC Köln
Jack Harrison,M/AM RLC,28,130,148,"England,United States",Leeds United,13,12,11,11,16,10,5,11,5,4,11,9,6,12,11,11,11,11,10,8,17,14,7,12,10,13,11,14,14,12,14,7,17,14,17,9,72045910,Premier League,Leeds United
Julián Araujo,D/WB R,23,130,148,"Mexico,United States",AFC Bournemouth,8,12,12,6,12,8,10,8,10,12,12,6,13,12,15,11,16,11,13,12,14,8,8,12,12,14,10,15,14,13,14,9,14,15,15,11,72053642,Premier League,AFC Bournemouth
Karl Hein,GK ,23,130,148,Estonia,Arsenal,3,3,3,2,9,1,6,3,3,1,10,2,3,9,10,12,13,12,13,12,16,6,13,3,13,12,9,13,9,14,12,16,13,10,10,13,28121290,Premier League,Arsenal
Konstantinos Mavropanos,D RC,27,130,148,Greece,West Ham United,2,8,12,7,11,2,15,11,16,13,13,6,15,12,16,13,18,12,10,10,18,12,12,10,12,12,12,17,13,11,15,16,13,15,12,16,36116501,Premier League,West Ham United
Ozan Kabak,D C,25,130,148,Türkiye,TSG 1899 Hoffenheim,3,6,12,7,12,3,16,7,7,14,12,6,15,12,16,13,16,12,12,12,15,10,11,8,14,12,11,13,11,11,13,16,10,13,12,15,70110530,Bundesliga,TSG 1899 Hoffenheim
Mikael Egill Ellertsson,M/AM RLC,23,130,147,Iceland,Genoa Cricket and Football Club,9,9,14,12,14,8,10,9,5,12,13,8,12,13,9,13,13,13,13,12,14,12,10,14,13,14,12,12,13,13,13,10,17,13,14,12,39056943,Serie A,Genoa Cricket and Football Club
Benjamín Domínguez,AM RL,21,130,146,Argentina,Bologna FC 1909,11,12,16,12,14,10,8,12,6,4,12,11,6,16,14,12,12,13,12,11,12,15,9,11,6,12,12,12,16,15,14,8,12,13,13,7,2000110081,Serie A,Bologna FC 1909
Charlie Cresswell,D C,22,130,146,England,Toulouse FC,6,7,9,6,11,5,15,8,6,14,11,6,13,11,16,12,16,13,12,12,13,8,12,8,14,13,8,13,11,11,13,16,13,12,14,16,29217875,Ligue 1,Toulouse FC
Lorenzo Colombo,ST ,23,130,146,Italy,Casciavit Milano,5,7,12,13,14,9,14,13,7,6,13,13,6,13,13,14,13,13,13,13,15,8,8,14,7,14,12,14,13,12,13,12,14,14,14,14,43424893,Serie A,Milan
Matthis Abline,ST ,22,130,146,France,FC Nantes,10,12,13,13,13,11,9,11,5,7,13,13,7,14,10,13,13,13,12,12,13,13,10,13,9,13,13,13,16,14,12,9,13,16,13,12,49056366,Ligue 1,FC Nantes
Vítězslav Jaroš,GK ,24,130,146,Czechia,Liverpool,4,2,1,1,6,5,6,2,2,2,11,3,1,4,11,13,14,11,13,13,13,8,7,2,13,12,8,12,11,14,14,13,15,9,12,13,28116414,Premier League,Liverpool
Carles Pérez,AM RLC,27,130,145,Spain,Vigo,13,12,15,10,16,9,8,13,6,6,11,9,7,15,8,13,7,14,7,8,13,15,5,14,5,13,10,12,16,17,11,6,11,15,12,10,67215283,LaLiga,Celta
Dan Ballard,D C,25,130,145,"Northern Ireland,England",Sunderland,3,4,8,6,13,5,16,8,6,15,12,7,14,11,16,13,16,14,14,11,15,9,14,7,13,16,9,15,12,10,11,14,12,14,15,15,28110835,Premier League,Sunderland
Eren Dinkçi,AM RC,23,130,145,"Türkiye,Germany",Sport-Club Freiburg,11,11,13,11,12,10,11,12,6,6,11,12,7,13,13,12,11,10,9,10,12,12,5,13,6,12,10,13,15,13,11,13,11,17,14,9,91204663,Bundesliga,Sport-Club Freiburg
Harrison Reed,DM/M C,30,130,145,England,Fulham,11,12,11,8,12,11,12,10,8,14,14,8,13,11,14,13,15,13,14,13,15,9,13,14,13,17,11,16,13,13,14,8,14,11,15,11,29076104,Premier League,Fulham
Mahmoud Dahoud,DM/M C,29,130,145,"Germany,Syria",Eintracht Frankfurt,12,10,15,8,16,11,6,12,6,10,16,10,12,16,14,11,12,13,10,12,12,13,7,10,11,12,15,14,13,15,12,7,10,12,14,10,92063787,Bundesliga,Eintracht Frankfurt
Marko Dmitrović,GK ,33,130,145,Serbia,Espanyol,3,7,8,5,8,7,9,10,10,8,10,10,7,7,9,13,14,12,13,12,12,7,11,9,14,12,9,12,10,13,13,13,11,12,13,13,62038612,LaLiga,Espanyol
Mitchel Bakker,D/WB LC,25,130,145,Netherlands,Bergamo,11,11,12,9,12,12,12,10,13,12,12,8,13,11,15,13,13,12,10,10,12,10,8,14,12,12,11,14,14,12,15,12,15,16,14,14,37063645,Serie A,Atalanta
Neal Maupay,ST ,28,130,145,"France,Argentina",Olympique de Marseille,6,11,12,13,13,8,13,13,5,6,13,13,9,14,17,15,15,14,14,12,15,13,12,14,9,15,14,15,11,14,15,9,15,11,15,14,85120748,Ligue 1,Olympique de Marseille
Pol Lozano,DM/M C,25,130,145,Spain,Espanyol,10,10,12,9,14,12,8,12,8,11,14,11,12,15,10,14,10,13,12,13,12,12,12,13,12,13,14,13,12,13,11,8,12,13,13,11,67246431,LaLiga,Espanyol
Renato Sanches,DM/M C,27,130,145,"Portugal,Cape Verde Islands,São Tomé and Príncipe",Paris Saint-Germain,9,11,15,11,14,9,9,14,14,10,14,11,11,14,16,11,15,13,12,12,18,13,9,13,10,12,13,13,13,13,15,10,6,13,11,14,55070298,Ligue 1,Paris Saint-Germain
Thomas Meunier,D/WB R,33,130,145,Belgium,LOSC Lille,8,14,11,9,12,7,12,10,15,10,12,11,13,12,14,13,15,12,10,12,16,10,12,16,11,14,12,16,12,11,15,14,14,13,15,16,18043393,Ligue 1,LOSC Lille
Urko González,DM/M C,24,130,145,"Spain,Pays Basque",Espanyol,8,10,8,10,12,9,11,12,7,11,15,7,12,13,11,14,13,14,15,13,14,8,11,10,16,15,14,13,12,11,12,11,12,13,15,14,2000058330,LaLiga,Espanyol
Yussuf Poulsen,ST ,31,130,145,"Denmark,Tanzania",Hamburger Sport-Verein,5,9,11,11,12,6,13,10,8,8,11,12,11,12,17,13,17,12,15,12,17,12,15,14,9,18,11,18,12,11,15,17,10,13,13,16,27051813,Bundesliga,Hamburger Sport-Verein
Ezequiel Ávila,AM/ST RLC,31,130,144,"Argentina,Spain",Real Hispalis,9,15,12,13,13,12,10,14,7,7,12,15,6,13,17,14,18,10,10,10,13,14,12,14,7,14,12,16,13,14,12,8,12,13,10,13,14027117,LaLiga,Real Betis
Joris Chotard,DM/M C,23,130,144,France,Stade Brestois 29,8,8,12,6,13,9,10,10,5,11,15,6,14,14,13,14,14,13,14,14,13,9,9,11,13,15,11,15,13,14,13,11,14,13,15,14,49048599,Ligue 1,Stade Brestois 29
Mamadou Sangaré,M C,23,130,144,Mali,RC Lens,7,7,12,7,14,12,11,9,6,11,13,10,14,13,13,14,16,13,11,11,14,9,9,12,11,13,11,16,14,14,13,12,16,14,16,14,2000032708,Ligue 1,RC Lens
Alexander Prass,D/WB LC,24,130,142,Austria,TSG 1899 Hoffenheim,12,12,13,8,11,12,8,11,13,10,12,12,12,11,15,11,13,11,12,11,16,12,11,12,10,16,12,16,14,12,12,9,15,14,16,12,16191722,Bundesliga,TSG 1899 Hoffenheim
Amine Harit,AM RLC,28,130,142,"Morocco,France",Olympique de Marseille,13,12,14,11,15,14,7,11,3,8,14,12,8,15,12,12,10,13,11,11,12,17,9,13,8,12,15,12,15,15,12,8,13,14,12,7,85137101,Ligue 1,Olympique de Marseille
Dan-Axel Zagadou,D C,26,130,142,"France,Ivory Coast",VfB Stuttgart,3,7,10,6,12,4,13,6,12,14,14,6,12,13,12,12,15,15,12,12,12,8,14,8,15,13,14,12,10,9,16,17,4,12,12,17,48043086,Bundesliga,VfB Stuttgart
Jakub Piotrowski,DM/M C,27,130,142,Poland,Udinese Calcio,8,8,9,12,11,8,14,14,11,12,13,13,13,9,8,14,11,15,14,15,13,8,15,14,14,16,14,14,11,8,13,14,13,12,15,14,96088216,Serie A,Udinese Calcio
José Copete,D C,25,130,142,Spain,Valencia,7,7,8,7,9,7,13,7,8,14,11,5,14,8,13,14,13,12,13,13,14,6,8,7,14,14,8,14,11,12,12,15,9,13,14,15,67257035,LaLiga,Valencia
Lukas Nmecha,ST RL,26,130,142,"Germany,England,Nigeria",Leeds United,6,8,13,14,13,12,13,10,6,5,11,17,6,14,12,13,11,13,12,12,12,15,10,14,6,12,11,11,14,13,14,13,7,14,11,13,28106360,Premier League,Leeds United
Nicolas Kühn,AM RL,25,130,142,Germany,Como 1907,12,13,16,13,13,11,6,12,4,5,15,12,7,15,13,11,8,12,8,11,11,15,4,13,5,12,15,12,15,14,12,9,12,16,12,7,91172582,Serie A,Como 1907
Tim Lemperle,ST R,23,130,142,Germany,TSG 1899 Hoffenheim,11,11,13,12,13,13,12,13,8,8,12,12,9,13,13,14,15,12,12,12,13,13,7,15,8,16,12,16,14,13,13,13,12,14,14,13,91190494,Bundesliga,TSG 1899 Hoffenheim
Maximilian Wöber,D LC,27,130,141,Austria,Leeds United,6,11,11,6,12,13,13,8,12,13,13,12,14,12,16,13,16,13,12,12,16,8,14,10,14,16,12,16,12,11,14,14,8,13,13,14,16147700,Premier League,Leeds United
Santiago Pierotti,M/AM RC,24,130,141,"Argentina,Italy",Unione Sportiva Lecce,7,11,14,10,13,9,9,11,6,7,11,9,11,14,13,12,12,11,11,12,14,13,9,14,12,13,12,14,13,13,12,14,13,14,13,14,14230113,Serie A,Unione Sportiva Lecce
Álvaro Djaló,AM RL,25,130,140,"Guinea-Bissau,Spain,Pays Basque",A. Bilbao,12,12,16,12,13,13,10,11,7,7,10,12,8,14,13,11,10,10,12,11,13,18,7,14,7,10,12,13,16,16,12,7,16,14,12,8,83227951,LaLiga,A. Bilbao
Antonio Sanabria,ST ,29,130,140,"Paraguay,Spain",U.S. Cremonese,4,8,12,14,15,11,16,11,4,5,12,13,6,14,13,13,12,11,10,11,13,13,9,15,8,13,12,11,14,15,13,13,13,13,13,12,67181404,Serie A,Cremonese
Arthur Chaves,D RC,24,130,140,"Brazil,Italy",TSG 1899 Hoffenheim,3,7,8,6,11,3,14,7,8,14,12,7,15,11,16,15,16,11,12,12,16,6,11,8,13,13,10,16,13,11,14,15,12,15,13,14,19335705,Bundesliga,TSG 1899 Hoffenheim
Fernando Calero,D C,29,130,140,Spain,Espanyol,7,6,5,5,13,9,13,11,10,14,12,9,14,12,12,14,14,11,12,12,12,9,12,9,15,15,11,14,13,12,12,11,12,14,13,13,67211739,LaLiga,Espanyol
Justin Njinmah,AM/ST RLC,24,130,140,"Germany,Nigeria",SV Werder Bremen,7,9,14,11,11,8,10,12,6,4,10,12,4,12,12,12,8,11,9,9,13,16,4,12,4,11,10,12,17,14,11,11,10,16,12,9,91205613,Bundesliga,SV Werder Bremen
Miguel Rubio,D C,27,130,140,Spain,Espanyol,7,8,7,7,11,7,15,8,10,13,11,7,14,10,11,13,13,13,15,12,12,8,10,7,14,15,9,14,12,12,11,15,12,13,14,14,67282688,LaLiga,Espanyol
Philipp Treu,D/WB RL,24,130,140,Germany,Sport-Club Freiburg,10,12,11,6,12,8,7,8,15,12,11,8,12,12,14,11,14,11,12,11,16,12,13,12,12,16,10,16,14,13,12,7,15,15,15,11,91208079,Bundesliga,Sport-Club Freiburg
Saud Abdulhamid,D/WB R,26,130,140,Saudi Arabia,Associazione Sportiva Roma,10,14,13,7,12,9,10,11,14,9,13,7,12,12,12,12,12,12,11,11,15,11,8,13,10,12,13,15,15,14,12,7,17,15,15,10,2000042460,Serie A,Associazione Sportiva Roma
Silvan Widmer,D/WB R,32,130,140,Switzerland,1. FSV Mainz 05,6,12,11,8,12,6,13,9,17,12,11,8,13,12,13,13,14,12,13,12,16,11,15,13,12,16,11,17,13,12,13,12,13,15,15,12,98010781,Bundesliga,1. FSV Mainz 05
Yuito Suzuki,AM C,23,130,140,Japan,Sport-Club Freiburg,12,9,12,12,13,11,7,13,6,7,12,11,7,14,14,12,9,12,11,11,16,12,6,13,7,12,12,12,15,15,12,7,12,15,12,8,2000064338,Bundesliga,Sport-Club Freiburg
Abdón Prats,ST ,32,130,139,Spain,Mallorca,7,10,11,13,11,9,13,12,11,6,11,12,7,12,12,13,14,13,14,14,14,11,14,15,7,15,13,16,13,13,12,11,15,14,14,12,67142194,LaLiga,Mallorca
Jay Idzes,D C,25,130,139,"Indonesia,Netherlands",U.S. Sassuolo Calcio,4,4,11,7,12,10,15,8,12,14,13,8,14,11,16,13,15,13,14,12,14,6,12,9,14,14,11,15,12,12,13,14,13,12,14,14,37073855,Serie A,Sassuolo
Lucas Tousart,DM/M C,28,130,139,France,Stade Brestois 29,4,7,11,8,12,5,13,9,6,13,12,8,14,12,16,15,16,11,14,12,15,8,15,11,13,16,11,18,12,11,15,13,16,13,17,15,48034210,Ligue 1,Stade Brestois 29
Simone Canestrelli,D C,24,130,139,Italy,Pisa Sporting Club,4,3,7,6,10,3,14,4,7,14,11,4,14,10,14,14,14,13,14,14,14,2,12,8,14,14,11,14,12,12,13,16,15,12,14,14,43317665,Serie A,Pisa Sporting Club
Amos Pieper,D C,27,130,138,Germany,SV Werder Bremen,4,8,10,6,11,4,14,7,8,13,12,8,15,11,16,13,15,12,14,12,13,7,13,9,14,16,11,15,12,11,14,15,8,13,14,14,91173279,Bundesliga,SV Werder Bremen
Derrick Köhn,D/WB L,26,130,138,"Germany,Ghana",1. FC Union Berlin,13,14,13,9,12,13,7,13,14,9,11,11,11,13,14,13,12,11,10,11,16,14,7,14,9,12,11,14,16,14,12,10,17,16,14,12,91181667,Bundesliga,1. FC Union Berlin
Jacob Bruun Larsen,AM RL,26,130,138,Denmark,Burnley,12,11,14,11,12,14,11,11,8,8,11,12,8,13,8,12,11,11,10,11,13,12,8,14,8,15,10,13,15,13,12,11,12,15,12,11,27112672,Premier League,Burnley
Janik Haberer,DM/M C,31,130,138,Germany,1. FC Union Berlin,8,11,11,8,12,8,11,12,13,12,12,13,12,12,16,13,15,12,15,12,16,10,13,13,12,18,11,16,12,12,12,12,16,12,16,12,92056736,Bundesliga,1. FC Union Berlin
Mateu Morey,D/WB R,25,130,138,Spain,Mallorca,11,14,13,7,16,11,6,7,12,11,15,10,12,15,10,14,12,13,13,14,12,14,8,13,11,14,13,13,13,13,12,7,5,13,14,10,67258408,LaLiga,Mallorca
Mattéo Tramoni,M/AM RLC,25,130,138,"France,Italy",Pisa Sporting Club,11,13,14,14,13,10,8,13,9,7,14,10,9,14,14,12,10,12,12,12,12,14,9,15,13,14,13,12,15,13,11,6,13,14,13,9,49038338,Serie A,Pisa Sporting Club
Óscar Valentín,DM/M C,30,130,138,Spain,Vallecano,8,8,10,8,11,8,10,9,7,13,13,7,14,11,15,15,16,13,14,15,19,9,16,11,16,17,11,16,11,13,13,8,16,11,16,11,67213714,LaLiga,Rayo Vallecano
Toti,D LC,26,130,138,"Portugal,Guinea-Bissau",Wolverhampton Wanderers,10,12,11,6,9,10,15,4,10,13,11,5,14,11,13,12,13,12,12,12,12,10,8,11,14,14,10,12,14,11,13,14,14,14,14,15,83228401,Premier League,Wolverhampton Wanderers
Ylber Ramadani,DM/M C,29,130,138,"Albania,Kosovo,Germany",Unione Sportiva Lecce,4,8,12,8,12,4,12,13,6,13,13,6,15,11,14,14,14,13,13,13,15,7,18,11,14,14,11,16,13,12,11,12,13,13,16,15,11027837,Serie A,Unione Sportiva Lecce
Zakaria Aboukhlal,AM/ST RLC,25,130,138,"Morocco,Netherlands,Libya",Torino,7,8,13,14,13,8,8,11,5,5,11,11,5,12,12,14,12,11,11,11,14,14,5,13,9,9,11,13,15,13,14,11,12,14,14,13,37065498,Serie A,Torino
Zeki Amdouni,AM/ST LC,24,130,138,"Switzerland,Türkiye,Tunisia",Burnley,7,8,14,12,13,9,12,12,4,5,12,14,6,15,6,13,6,14,11,13,8,14,7,14,6,11,13,10,12,13,14,14,13,13,13,12,84154064,Premier League,Burnley
András Schäfer,DM/M C,26,130,136,Hungary,1. FC Union Berlin,12,11,13,9,13,12,12,12,7,12,13,11,13,13,13,13,16,12,14,12,16,12,12,12,12,16,13,16,12,13,12,11,10,13,16,11,38045397,Bundesliga,1. FC Union Berlin
Arnaud Nordin,AM RLC,27,130,136,"France,Martinique",1. FSV Mainz 05,13,11,14,11,12,12,12,13,6,8,10,12,8,13,13,12,12,11,9,11,12,13,7,12,8,11,9,12,15,14,12,7,12,14,12,9,85145157,Bundesliga,1. FSV Mainz 05
Hassane Kamara,D/WB/M L,31,130,136,"Ivory Coast,France",Udinese Calcio,7,15,14,9,10,6,12,10,6,12,13,11,14,12,14,14,13,12,12,9,11,13,7,12,12,14,10,14,16,15,12,10,14,14,14,12,85057778,Serie A,Udinese Calcio
Lucas Höler,ST RLC,31,130,136,Germany,Sport-Club Freiburg,6,8,11,11,11,6,14,9,6,10,12,12,12,11,16,12,18,11,15,12,18,10,13,12,11,18,12,18,12,11,14,14,16,13,16,15,91137228,Bundesliga,Sport-Club Freiburg
Marvin Friedrich,D C,29,130,136,Germany,Borussia Mönchengladbach,3,7,8,6,10,3,16,7,10,14,11,7,13,10,15,13,16,11,13,12,14,7,13,8,15,12,10,15,11,9,15,16,12,13,12,16,92067018,Bundesliga,Borussia Mönchengladbach
Musa Al-Tamari,AM RL,28,130,136,Jordan,Stade Rennais FC,6,9,16,12,13,6,7,12,6,6,10,6,5,13,7,12,10,11,11,10,12,13,5,12,6,15,10,15,16,15,9,7,12,17,15,8,26038808,Ligue 1,Stade Rennais FC
Timo Hübers,D C,29,130,136,Germany,1. FC Köln,3,6,8,6,10,6,14,7,7,14,12,6,14,10,16,15,16,11,12,13,16,7,14,8,14,13,11,15,12,10,14,15,12,14,12,15,91153061,Bundesliga,1. FC Köln
Yann Gboho,AM LC,24,130,136,"France,Ivory Coast",Toulouse FC,12,12,15,13,15,9,9,10,5,8,14,11,8,14,11,13,13,12,12,12,13,13,11,12,8,13,14,12,14,15,13,9,12,14,11,9,49038961,Ligue 1,Toulouse FC
Adrian Šemper,GK ,27,130,135,Croatia,Pisa Sporting Club,1,2,1,2,10,1,5,2,1,2,10,2,1,10,10,12,12,12,13,12,13,3,9,5,14,9,8,9,12,12,11,14,13,10,13,13,24046412,Serie A,Pisa Sporting Club
Alessandro Vogliacco,D C,26,130,135,Italy,Genoa Cricket and Football Club,8,9,11,9,11,8,15,7,11,14,11,9,14,13,12,14,13,12,13,13,13,8,10,11,13,12,10,12,14,12,10,13,12,13,14,14,43204399,Serie A,Genoa Cricket and Football Club
Anthony Jung,D/WB LC,33,130,135,"Germany,Spain",Sport-Club Freiburg,12,12,11,7,12,13,13,8,14,13,12,10,13,12,15,12,15,13,12,12,15,8,15,12,13,16,12,16,12,11,14,14,16,12,14,14,92021650,Bundesliga,Sport-Club Freiburg
Dani Raba,AM/ST RC,29,130,135,Spain,Valencia,13,12,15,12,14,8,8,9,4,7,15,13,13,15,8,11,13,12,10,13,15,13,10,12,13,13,15,12,14,13,11,8,13,14,12,12,67216778,LaLiga,Valencia
Felix Agu,D/WB RL,25,130,135,"Nigeria,Germany",SV Werder Bremen,8,12,12,8,12,7,11,10,14,12,11,8,13,12,11,12,14,10,11,11,12,12,4,12,12,13,10,15,14,14,12,11,10,16,13,10,92098106,Bundesliga,SV Werder Bremen
Lassana Coulibaly,DM/M C,29,130,135,Mali,Unione Sportiva Lecce,6,9,12,9,12,6,11,11,6,12,12,6,15,13,16,14,14,12,14,12,15,8,9,12,13,14,9,16,14,13,15,12,18,13,16,15,48036752,Serie A,Unione Sportiva Lecce
Mark McKenzie,D C,26,130,135,United States,Toulouse FC,6,8,8,6,11,7,14,6,10,14,10,6,13,10,11,13,13,12,12,12,12,6,10,9,13,12,9,14,14,12,13,14,12,14,13,14,20041987,Ligue 1,Toulouse FC
Suat Serdar,DM/M C,28,130,135,"Germany,Türkiye",Hellas Verona FC,10,11,15,12,14,10,12,13,8,11,13,10,13,14,16,13,15,12,12,12,11,15,8,13,13,13,13,12,13,13,13,13,11,13,15,14,91137136,Serie A,Hellas Verona FC
Abdoulaye Touré,DM/M C,31,130,134,"Guinea,France",Havre AC,7,8,14,10,12,10,13,16,6,13,14,17,13,13,13,13,16,13,13,12,16,10,12,11,13,14,11,14,12,13,14,14,15,12,14,15,85075621,Ligue 1,Le Havre
Edoardo Goldaniga,D RC,31,130,134,Italy,Como 1907,5,8,7,7,11,6,15,7,11,14,12,6,14,12,14,13,13,11,13,13,13,7,12,7,15,12,10,14,11,12,13,15,14,12,14,14,43080121,Serie A,Como 1907
Marco Grüll,AM RLC,27,130,134,Austria,SV Werder Bremen,14,11,13,12,12,16,11,12,6,6,11,18,7,12,16,13,12,12,11,12,15,12,13,13,7,12,12,16,14,12,12,11,15,14,14,12,16195163,Bundesliga,SV Werder Bremen
Rasmus Nicolaisen,D C,28,130,134,Denmark,Toulouse FC,5,8,9,7,11,8,15,7,6,13,12,9,15,11,15,13,13,13,13,12,14,9,11,11,14,13,11,12,12,11,13,15,12,11,13,16,27100972,Ligue 1,Toulouse FC
Charalampos Lykogiannis,D/WB LC,31,130,133,Greece,Bologna FC 1909,13,17,12,8,11,14,14,15,14,12,11,10,12,13,12,13,11,13,12,13,12,10,9,13,13,14,11,14,12,12,15,14,14,13,13,15,36045542,Serie A,Bologna FC 1909
"Alemão(Vallecano,Brazil,Poland)",ST ,27,130,132,"Brazil,Poland",Vallecano,6,7,11,12,13,10,15,10,9,7,11,13,9,13,12,15,13,12,12,11,14,13,11,14,6,12,12,15,14,13,13,13,13,14,14,15,19333258,LaLiga,Rayo Vallecano
Brandon Austin,GK ,26,130,132,"England,United States,US Virgin Islands",Tottenham Hotspur,4,3,3,2,11,6,2,3,1,1,11,3,1,6,9,12,14,11,14,11,11,3,11,13,15,12,9,12,11,12,11,14,5,12,13,13,28106884,Premier League,Tottenham Hotspur
Danny da Costa,D/WB RC,32,130,132,"Germany,Angola",1. FSV Mainz 05,4,12,11,6,10,4,13,7,16,13,10,8,15,10,13,12,16,10,13,11,15,10,12,12,12,15,11,16,13,12,14,14,12,15,14,15,92028423,Bundesliga,1. FSV Mainz 05
Haris Belkebla,DM/M C,31,130,132,"Algeria,France",Angers SCO,11,11,13,10,14,9,8,10,7,11,14,10,14,13,15,14,15,13,14,13,14,13,13,12,12,14,14,16,12,11,14,8,15,11,16,11,85099581,Ligue 1,Angers SCO
Aarón Escandell,GK ,29,130,131,Spain,Oviedo,4,2,1,2,12,7,5,2,3,2,13,3,3,12,11,15,11,14,13,13,13,2,12,3,14,11,12,12,10,13,10,13,12,8,11,12,67192427,LaLiga,Oviedo
Laurent Abergel,DM/M C,32,130,131,France,FC Lorient,7,10,10,8,12,7,8,13,11,13,14,8,16,13,14,13,15,13,13,12,15,8,15,13,14,14,12,15,12,14,13,6,14,13,16,11,85057862,Ligue 1,FC Lorient
Antonio Caracciolo,D RC,35,130,130,Italy,Pisa Sporting Club,4,10,10,7,10,6,14,7,11,14,11,7,14,11,14,13,13,13,12,14,8,7,15,12,15,13,10,13,11,12,12,13,13,12,13,13,43020293,Serie A,Pisa Sporting Club
Héctor Fort,D/WB RLC,19,129,-85,Spain,Barcelona,6,12,12,7,13,6,10,7,11,11,13,7,13,14,16,12,12,9,10,12,18,11,8,11,11,11,11,13,14,13,14,12,16,14,13,13,2000227977,LaLiga,Barcelona
Valentín Carboni,AM/ST RC,20,129,-85,"Argentina,Italy",Blu-neri Milano,10,11,14,12,14,8,6,13,4,6,15,11,7,15,7,12,11,13,10,14,16,16,6,14,7,12,14,12,14,14,12,13,15,14,11,11,2000097988,Serie A,Inter
Chadi Riad,D C,22,129,169,"Morocco,Spain",Crystal Palace,5,7,12,6,12,5,14,7,9,13,12,7,13,13,14,13,14,10,12,13,14,7,10,8,14,15,11,14,13,12,14,15,14,14,13,13,2000058232,Premier League,Crystal Palace
Rubén Blanco,GK ,30,129,156,Spain,Olympique de Marseille,3,3,3,3,11,6,1,1,3,1,12,2,2,7,9,13,12,15,11,11,5,7,8,2,15,13,7,11,13,14,11,14,10,10,13,11,67156610,Ligue 1,Olympique de Marseille
Ruslan Malinovskyi,M/AM C,32,129,155,Ukraine,Genoa Cricket and Football Club,16,13,14,12,14,15,4,17,4,6,14,14,10,16,15,13,12,13,12,13,14,16,8,13,7,12,14,15,12,11,15,9,14,11,11,13,71048716,Serie A,Genoa Cricket and Football Club
Senne Lammens,GK ,23,129,155,Belgium,Manchester United,1,2,2,2,14,1,12,1,2,7,14,2,13,12,5,13,12,12,12,13,18,2,12,12,13,12,11,13,11,13,10,14,12,11,12,11,18107436,Premier League,Manchester United
Dan Neil,DM/M/AM C,23,129,153,England,Sunderland,8,12,13,10,14,9,8,12,2,12,15,9,14,14,8,11,12,14,11,11,16,12,13,11,13,14,12,14,11,12,15,6,12,10,15,11,29218480,Premier League,Sunderland
Seamus Coleman,D/WB/M R,36,129,153,Republic of Ireland,Everton,5,11,11,12,12,8,14,13,12,12,12,7,15,12,15,14,15,13,14,14,18,11,17,13,14,15,9,15,12,11,14,10,9,12,12,13,56001681,Premier League,Everton
Juanmi,AM/ST L,32,129,150,Spain,Getafe,7,10,14,14,15,11,11,11,6,6,13,11,9,15,13,15,12,13,11,12,15,14,9,16,9,13,12,15,13,14,13,7,11,12,12,10,67106568,LaLiga,Getafe
Yerson Mosquera,D C,24,129,150,Colombia,Wolverhampton Wanderers,4,5,9,8,11,9,15,6,9,12,12,6,14,12,10,13,12,11,13,12,12,11,8,10,14,11,10,11,13,12,10,15,13,15,13,14,76065062,Premier League,Wolverhampton Wanderers
Jamaal Lascelles,D C,31,129,148,England,Newcastle United,3,4,8,5,11,3,15,3,3,15,10,3,15,10,15,13,15,11,11,13,14,4,17,8,12,15,4,15,11,10,11,15,16,13,14,16,28059634,Premier League,Newcastle United
Javi López,D/WB L,23,129,147,"Spain,Pays Basque",Real San Sebastián,12,12,12,8,11,8,7,10,10,11,12,5,11,12,11,12,13,12,13,12,13,13,1,14,12,12,12,13,14,14,12,11,14,15,15,13,67293674,LaLiga,Real Sociedad
Brenden Aaronson,M/AM RLC,24,129,146,United States,Leeds United,12,10,13,11,13,10,8,9,6,9,12,12,13,14,13,12,16,9,10,9,12,13,8,17,9,16,11,17,15,15,10,8,18,14,18,5,20046423,Premier League,Leeds United
Alieu Fadera,M/AM L,23,129,145,The Gambia,Como 1907,10,12,14,13,13,8,10,10,8,10,12,10,9,12,16,12,13,12,10,13,13,13,6,13,12,14,11,14,14,14,13,13,12,14,14,13,13227290,Serie A,Como 1907
Aster Vranckx,DM/M/AM C,22,129,145,"Belgium,Democratic Republic of Congo",VfL Wolfsburg,11,11,13,8,13,11,10,10,6,11,14,11,13,13,13,13,14,13,12,13,15,10,12,13,12,15,12,14,12,13,13,11,12,11,16,13,18113140,Bundesliga,VfL Wolfsburg
Sergio Camello,ST ,24,129,145,Spain,Vallecano,7,8,13,13,14,7,10,9,7,8,14,15,9,15,5,14,9,13,15,13,12,13,10,16,14,16,14,16,12,13,11,9,14,12,16,9,67272502,LaLiga,Rayo Vallecano
Tanguy Nianzou,D C,23,129,145,"France,Ivory Coast",Sevilla,4,7,10,7,12,4,15,7,5,13,12,6,14,12,16,13,14,13,13,12,13,10,11,10,13,12,9,12,12,11,13,16,10,13,12,16,49048365,LaLiga,Sevilla
Cuiabano,D/WB/M L,22,129,144,Brazil,Nottingham Forest,8,13,13,11,13,11,9,12,9,11,12,9,10,13,12,12,14,13,12,12,13,12,10,14,11,13,12,14,14,13,13,9,15,13,14,14,2000064082,Premier League,Nottingham Forest
Joël Piroe,AM/ST C,26,129,144,"Netherlands,Suriname",Leeds United,7,10,12,16,15,12,10,15,4,5,13,15,6,15,8,14,11,16,11,15,12,14,6,15,5,13,13,12,8,8,14,12,10,11,12,14,37054408,Premier League,Leeds United
Mateo Pellegrino,ST ,23,129,143,"Argentina,Spain",Parma Calcio 1913,7,7,11,13,14,9,16,12,8,7,11,14,7,11,14,16,12,15,12,13,14,13,8,14,12,13,11,14,10,12,15,15,13,12,14,15,14217538,Serie A,Parma Calcio 1913
Berke Özer,GK ,25,129,140,Türkiye,LOSC Lille,4,3,2,3,11,6,8,2,2,1,13,3,2,12,12,12,14,12,12,12,15,3,10,3,12,11,12,12,9,16,14,13,12,6,7,12,70104047,Ligue 1,LOSC Lille
Joseph Aidoo,D C,29,129,140,Ghana,Vigo,7,7,8,4,11,8,14,7,9,14,10,6,15,11,15,12,17,11,12,12,14,7,11,8,13,12,9,14,13,13,15,13,18,14,14,17,13158416,LaLiga,Celta
Kike Barja,M/AM RL,28,129,140,"Spain,Portugal,Pays Basque",Atlético Pamplona,13,13,14,12,13,8,8,11,6,6,13,13,7,14,11,10,12,10,12,13,15,14,11,13,12,14,12,13,14,13,11,9,11,14,13,11,67196202,LaLiga,Osasuna
Marco Sportiello,GK ,33,129,140,Italy,Bergamo,1,1,4,1,8,1,5,8,6,1,8,4,9,10,10,14,12,14,13,12,13,3,13,1,13,13,10,12,8,13,14,15,13,11,14,12,43058979,Serie A,Atalanta
Nicolae Stanciu,AM LC,32,129,140,Romania,Genoa Cricket and Football Club,14,11,13,14,15,15,6,15,5,7,16,13,7,16,9,14,10,16,13,14,12,13,12,13,10,14,15,12,10,13,14,7,15,10,11,10,57050464,Serie A,Genoa Cricket and Football Club
Perr Schuurs,D C,25,129,140,Netherlands,Torino,7,9,7,7,11,14,14,15,5,14,13,10,13,12,12,14,12,13,13,12,16,9,12,8,14,13,13,13,12,11,13,15,13,12,12,14,37062161,Serie A,Torino
Zian Flemming,AM/ST RLC,27,129,140,Netherlands,Burnley,8,11,12,14,12,14,12,13,17,8,12,12,9,14,11,13,10,14,12,10,16,12,11,13,8,12,14,11,11,11,13,14,10,11,10,12,37055848,Premier League,Burnley
Jorge Herrando,D C,24,129,139,"Spain,Pays Basque",Atlético Pamplona,6,8,8,10,10,4,16,10,9,15,11,10,14,10,13,15,14,11,14,12,13,8,11,8,15,14,10,12,10,11,13,15,13,10,13,14,67267209,LaLiga,Osasuna
Dimitri Foulquier,D RLC,32,129,138,"Guadeloupe,France",Valencia,9,11,12,9,11,6,9,9,11,14,10,7,11,10,11,12,14,13,13,12,14,10,7,13,13,13,10,16,15,13,14,11,15,15,14,14,85045661,LaLiga,Valencia
Nacho Vidal,D/WB R,30,129,138,Spain,Oviedo,8,13,13,8,12,7,9,8,13,11,11,10,13,12,11,13,13,12,14,11,10,12,11,14,13,14,10,14,14,13,11,10,13,14,15,11,67184889,LaLiga,Oviedo
Sebastian Walukiewicz,D C,25,129,138,Poland,Torino,4,8,9,7,12,4,15,6,12,13,11,8,14,11,13,14,15,13,13,12,15,10,8,10,13,14,10,14,12,11,15,15,14,13,15,15,96105337,Serie A,Torino
Martín Payero,M/AM C,26,129,137,"Argentina,Italy",Udinese Calcio,12,10,14,10,14,12,9,14,6,9,13,11,13,14,16,13,13,13,12,12,12,12,10,12,12,13,12,14,13,12,15,10,11,13,13,15,14196681,Serie A,Udinese Calcio
Patrizio Masini,DM/M C,24,129,137,Italy,Genoa Cricket and Football Club,9,8,9,11,15,11,12,13,10,12,15,8,13,12,14,12,13,12,13,12,15,10,10,12,14,13,12,14,12,13,12,13,10,12,15,12,43390579,Serie A,Genoa Cricket and Football Club
"Antonio Sánchez(Mallorca,Spain)",DM/M RC,27,129,136,Spain,Mallorca,6,8,10,9,10,11,9,12,6,12,12,9,12,11,13,13,14,14,13,13,13,8,13,12,14,15,10,16,13,13,11,9,16,13,15,13,67272744,LaLiga,Mallorca
Daniel Boloca,DM/M C,26,129,135,"Italy,Romania",U.S. Sassuolo Calcio,10,10,13,9,13,9,11,13,4,12,14,9,14,15,14,15,14,13,13,13,13,6,9,13,13,15,13,13,13,13,13,11,14,13,15,13,43192537,Serie A,Sassuolo
Idrissa Touré,WB/M RC,27,129,135,"Germany,Guinea",Pisa Sporting Club,10,13,12,11,12,10,14,10,11,10,12,10,14,13,16,13,14,12,13,14,15,11,11,14,14,13,12,13,13,11,14,14,17,14,13,15,91167629,Serie A,Pisa Sporting Club
Marshall Munetsi,AM C,29,129,135,Zimbabwe,Wolverhampton Wanderers,6,8,12,11,14,8,12,13,8,10,14,10,12,14,12,12,15,13,12,12,13,11,11,12,12,15,12,15,13,12,12,13,14,12,15,15,13167102,Premier League,Wolverhampton Wanderers
Mostafa Mohamed,ST ,27,129,135,Egypt,FC Nantes,6,8,11,13,12,11,16,12,8,6,11,13,6,11,13,13,15,13,12,10,13,10,7,15,8,12,10,12,12,12,15,16,15,12,14,16,13231887,Ligue 1,FC Nantes
Alessio Zerbin,WB/M/AM RL,26,129,134,Italy,Parthenope,8,13,12,11,13,5,8,12,7,8,12,10,10,12,10,13,10,12,12,12,14,15,7,13,9,14,12,13,14,14,13,10,15,13,14,10,43280475,Serie A,Napoli
Giuseppe Pezzella,D/WB/M L,27,129,134,Italy,U.S. Cremonese,9,13,11,7,12,8,11,7,7,13,12,6,14,13,14,13,12,12,12,13,17,8,11,13,12,14,10,14,14,13,14,12,11,13,14,14,43161921,Serie A,Cremonese
Randy Nteka,AM/ST C,27,129,134,"Angola,France,Democratic Republic of Congo",Vallecano,7,8,12,12,11,9,12,11,10,9,11,12,12,12,14,12,15,12,15,14,15,14,11,13,11,16,12,17,15,11,9,15,14,15,11,16,67277397,LaLiga,Rayo Vallecano
Gideon Mensah,D L,27,129,133,Ghana,AJ Auxerre,9,13,13,6,12,9,11,8,7,12,12,8,14,12,13,12,13,12,12,11,12,13,8,10,10,13,12,14,16,15,12,11,12,16,14,12,16199712,Ligue 1,AJ Auxerre
Mihailo Ristić,D/WB LC,29,129,132,"Serbia,Bosnia and Herzegovina",Vigo,13,16,14,8,13,13,9,15,9,12,14,14,12,14,14,12,13,14,12,12,14,13,12,13,10,13,12,12,13,13,13,10,12,14,13,10,62137429,LaLiga,Celta
Stefano Moreo,AM/ST C,32,129,132,Italy,Pisa Sporting Club,5,7,11,14,12,7,15,10,4,4,10,12,9,12,13,13,13,12,13,13,16,11,12,13,11,13,11,14,13,14,15,15,16,14,14,15,43105212,Serie A,Pisa Sporting Club
Gautier Lloris,D C,30,129,131,France,Havre AC,5,6,6,7,10,6,16,6,7,13,10,5,14,10,10,15,12,12,14,13,11,6,8,6,15,14,8,12,12,10,15,16,12,12,12,16,85095988,Ligue 1,Le Havre
Ferran Jutglà,AM/ST L,26,129,130,Spain,Vigo,10,12,12,13,13,9,12,12,8,9,13,16,9,13,14,12,16,12,11,13,13,14,12,16,10,12,10,16,14,15,13,10,14,14,12,12,67272136,LaLiga,Celta
Ulisses Garcia,D/WB L,29,129,130,"Switzerland,Cape Verde Islands",Olympique de Marseille,8,13,12,7,12,7,10,11,14,12,12,8,13,12,15,13,14,12,12,13,14,13,11,13,12,14,12,14,13,11,15,12,16,14,16,13,98030499,Ligue 1,Olympique de Marseille
Aarón Anselmino,D C,20,128,-85,Argentina,Chelsea,4,7,10,5,12,4,13,7,8,14,13,8,15,12,15,13,15,13,12,13,16,8,8,8,13,13,12,15,14,13,13,13,8,14,12,13,2000122572,Premier League,Chelsea
Bazoumana Touré,M/AM RLC,19,128,-85,Ivory Coast,TSG 1899 Hoffenheim,11,13,15,8,11,11,11,11,8,8,10,12,9,13,11,10,12,10,9,9,15,15,3,11,8,11,9,12,16,16,11,11,13,17,13,8,12095040,Bundesliga,TSG 1899 Hoffenheim
Johan Manzambi,DM/M/AM C,19,128,-85,"Switzerland,Angola",Sport-Club Freiburg,11,10,15,10,14,11,13,12,6,9,13,12,12,15,15,12,15,11,12,11,16,15,6,12,10,13,12,16,13,14,13,13,15,13,14,13,2000245263,Bundesliga,Sport-Club Freiburg
"Josh King(Fulham,England)",DM/M/AM C,18,128,-85,England,Fulham,9,12,14,12,14,7,6,9,6,9,13,10,11,13,8,12,13,14,12,13,15,13,8,14,12,13,14,15,15,13,12,8,14,12,13,7,2000276594,Premier League,Fulham
Kévin Danois,M/AM C,21,128,160,"France,Guadeloupe",AJ Auxerre,12,10,14,7,14,7,12,11,5,13,14,11,12,13,13,13,12,12,12,12,14,14,10,12,11,14,13,15,12,14,13,12,14,12,15,12,2000011415,Ligue 1,AJ Auxerre
Vasilije Adžić,M/AM LC,19,128,-8,Montenegro,Juventus,14,12,14,12,14,14,11,14,5,4,13,12,7,16,12,13,13,12,12,13,14,13,12,13,10,10,13,10,12,13,13,12,11,14,12,13,2000241044,Serie A,Juventus
Denis Suárez,M/AM LC,31,128,156,Spain,Alavés,13,14,15,12,16,13,7,13,9,7,16,12,9,16,9,16,9,14,12,13,12,15,8,14,9,14,17,12,9,12,13,10,10,10,10,9,67107819,LaLiga,Alavés
Adnan Januzaj,M/AM RL,30,128,155,"Belgium,Albania,Kosovo",Sevilla,16,13,17,10,16,15,5,12,3,6,15,13,6,16,10,11,8,13,9,13,10,17,7,12,8,7,15,11,14,14,14,9,5,12,10,9,18054092,LaLiga,Sevilla
Leopold Querfeld,D C,21,128,155,Austria,1. FC Union Berlin,3,7,8,7,11,11,14,12,10,14,12,10,13,11,16,12,16,12,14,12,16,7,13,8,14,13,11,15,10,10,15,16,14,11,14,15,16337125,Bundesliga,1. FC Union Berlin
Maarten Vandevoordt,GK ,23,128,155,Belgium,RB Leipzig,1,1,3,2,11,1,7,3,1,1,12,3,3,12,13,12,13,12,12,12,14,10,12,2,13,12,12,13,8,14,12,16,14,8,10,13,18107187,Bundesliga,RB Leipzig
Arouna Sanganté,D C,23,128,153,"Senegal,France,Guinea-Bissau",Havre AC,5,8,6,6,12,6,13,5,8,15,11,6,14,8,16,14,14,13,12,12,13,6,15,9,14,12,7,14,13,13,13,13,14,13,13,14,49062287,Ligue 1,Le Havre
Luca Jaquez,D C,22,128,153,"Switzerland,Dominican Republic",VfB Stuttgart,4,7,11,6,12,6,14,6,8,14,12,7,13,12,14,13,15,12,12,12,13,7,10,9,12,13,11,13,14,13,13,15,12,16,12,14,2000039991,Bundesliga,VfB Stuttgart
Mateo Joseph,ST ,21,128,153,"Spain,England,Antigua and Barbuda",Leeds United,4,9,12,13,13,7,14,11,3,3,10,13,4,13,12,12,12,11,10,11,13,13,8,14,7,11,8,13,14,14,15,14,13,14,13,15,2000108513,Premier League,Leeds United
Ron-Robert Zieler,GK ,36,128,153,Germany,1. FC Köln,5,1,1,1,8,7,7,1,3,2,9,3,2,8,13,14,14,12,13,12,13,6,16,3,16,12,9,12,8,14,12,15,18,8,11,13,5127684,Bundesliga,1. FC Köln
William Bøving,AM/ST LC,22,128,153,Denmark,1. FSV Mainz 05,13,11,12,12,12,11,8,14,6,7,12,13,8,13,8,12,11,11,10,10,13,13,6,13,7,12,12,13,13,13,12,7,16,15,16,8,27161397,Bundesliga,1. FSV Mainz 05
Johann Lepenant,DM/M C,22,128,151,France,FC Nantes,8,9,12,7,14,8,9,8,7,14,14,8,14,13,13,13,14,13,12,12,11,13,9,11,13,15,12,15,13,14,12,9,13,13,16,11,49056191,Ligue 1,FC Nantes
Tarik Muharemović,D C,22,128,151,"Bosnia and Herzegovina,Slovenia",U.S. Sassuolo Calcio,3,4,6,6,11,4,15,4,11,14,11,6,14,8,14,14,15,13,14,13,16,6,12,9,14,11,7,11,12,12,13,15,11,12,15,13,16337326,Serie A,Sassuolo
Yassine Kechta,M/AM C,23,128,151,"Morocco,France",Havre AC,9,7,16,8,15,8,5,9,5,10,14,9,11,14,14,12,13,10,9,15,14,15,7,13,12,15,15,16,14,15,13,5,15,13,15,8,49053187,Ligue 1,Le Havre
Alberto Moreno,D/WB L,33,128,150,Spain,Como 1907,8,14,13,5,14,9,8,12,9,13,14,9,15,14,14,13,15,14,11,12,14,12,7,14,12,15,14,17,12,14,14,9,14,13,14,12,67150301,Serie A,Como 1907
Andrés García,D/WB R,22,128,150,Spain,Aston Villa,8,13,13,9,13,9,9,12,9,10,13,8,12,13,12,13,10,12,10,10,13,14,6,13,10,14,11,14,14,14,11,10,13,15,13,12,2000241724,Premier League,Aston Villa
Daniel Peretz,GK ,25,128,150,"Israel,Germany",FC Bayern München,2,1,2,3,11,1,8,3,1,3,12,13,3,11,13,12,14,12,12,12,15,8,12,1,13,12,11,15,8,14,12,16,10,10,10,13,42083355,Bundesliga,FC Bayern München
Max Rosenfelder,D RC,22,128,150,Germany,Sport-Club Freiburg,3,10,13,6,12,4,13,8,13,13,13,8,14,13,13,12,15,12,13,12,13,12,11,10,13,16,12,13,14,12,13,13,7,16,12,13,2000068498,Bundesliga,Sport-Club Freiburg
Daniel James,AM RL,27,128,149,"Wales,England",Leeds United,10,13,11,12,11,7,4,9,2,4,7,8,9,8,13,9,15,9,6,8,14,12,5,13,10,14,7,17,19,16,13,6,16,18,16,8,28094856,Premier League,Leeds United
Andrés Gómez,AM RL,22,128,148,Colombia,Stade Rennais FC,10,13,14,12,12,11,7,12,11,6,12,7,7,13,8,12,9,12,12,12,14,13,10,12,7,11,11,12,15,13,12,8,13,15,12,10,2000148761,Ligue 1,Stade Rennais FC
Gvidas Gineitis,DM/M C,21,128,146,Lithuania,Torino,11,12,12,10,14,12,11,13,10,10,14,12,12,12,14,14,13,13,11,12,13,10,10,14,13,13,13,13,13,14,14,14,14,14,14,13,47102498,Serie A,Torino
Michael Keane,D C,32,128,146,"England,Republic of Ireland",Everton,5,8,8,9,12,5,16,6,12,14,12,5,16,14,11,13,13,11,13,12,17,5,10,10,14,15,10,13,10,9,12,15,14,12,13,15,28047558,Premier League,Everton
Sebastian Nanasi,M/AM RLC,23,128,146,"Sweden,Hungary",RC Strasbourg Alsace,14,14,14,12,14,11,8,12,6,7,14,12,7,14,8,13,11,14,14,14,14,14,8,14,9,13,14,11,12,14,12,8,12,12,12,9,93121623,Ligue 1,RC Strasbourg Alsace
Amir Richardson,DM/M C,23,128,145,"Morocco,France,United States",ACF Fiorentina,5,4,14,11,14,7,14,9,3,11,14,8,12,14,15,13,14,12,13,14,15,11,10,12,12,14,14,14,12,13,14,17,13,14,13,13,2000108547,Serie A,ACF Fiorentina
Antoniu Roca,M/AM RL,22,128,145,Spain,Espanyol,10,13,14,11,13,8,8,11,9,8,12,8,10,14,10,11,12,11,11,12,14,14,8,13,8,12,11,12,14,13,13,9,14,14,13,11,2000126360,LaLiga,Espanyol
Elseid Hysaj,D/WB RL,31,128,145,Albania,Capitolini Celesti,6,12,10,9,13,8,12,8,3,14,12,8,14,13,13,15,15,11,11,12,13,8,12,15,15,15,12,14,13,12,14,11,16,13,12,13,43083951,Serie A,Lazio
James Hill,D RC,23,128,145,England,AFC Bournemouth,7,9,10,7,12,7,13,9,16,13,12,7,12,13,11,13,12,12,12,13,13,8,13,12,13,14,11,13,14,12,13,14,14,13,14,13,29217706,Premier League,AFC Bournemouth
Robin Roefs,GK ,22,128,145,Netherlands,Sunderland,5,3,2,2,7,8,5,3,2,1,7,1,2,13,14,13,11,14,12,12,15,11,9,1,13,12,8,12,12,12,12,15,5,16,7,9,37084637,Premier League,Sunderland
Pablo Marín,M C,22,128,144,"Spain,Pays Basque",Real San Sebastián,7,9,11,9,13,7,9,11,12,13,13,9,13,14,11,14,14,13,14,11,5,7,11,10,14,15,13,14,14,13,14,8,12,13,14,11,2000131318,LaLiga,Real Sociedad
Nicolás Capaldo,DM/M RC,26,128,143,"Argentina,Italy",Hamburger Sport-Verein,12,11,12,8,11,11,13,8,8,12,11,10,16,11,17,14,17,11,12,11,17,12,15,12,12,16,11,18,13,12,13,11,15,14,15,12,14183076,Bundesliga,Hamburger Sport-Verein
Pietro Terracciano,GK ,35,128,143,Italy,Casciavit Milano,3,1,3,3,9,7,10,3,3,1,11,3,2,8,4,13,13,14,15,9,13,8,12,7,15,14,9,12,11,11,15,17,13,9,13,13,43017977,Serie A,Milan
Santiago Bueno,D C,26,128,143,"Uruguay,Italy",Wolverhampton Wanderers,4,9,8,7,12,5,14,9,8,14,12,8,14,10,14,14,13,12,14,13,13,7,6,6,14,14,9,13,12,11,12,14,11,13,14,13,78076996,Premier League,Wolverhampton Wanderers
Anass Salah-Eddine,D/WB/DM/M L,23,128,142,"Netherlands,Morocco",Associazione Sportiva Roma,9,11,13,4,13,12,9,4,8,10,13,7,10,14,12,11,14,12,11,10,13,12,9,12,10,15,11,15,14,14,12,10,13,14,15,10,37077855,Serie A,Associazione Sportiva Roma
Arne Maier,DM/M C,26,128,142,Germany,FC Augsburg,14,12,12,8,15,15,8,11,8,10,15,12,11,15,10,13,11,14,12,12,12,13,13,12,10,16,13,12,12,12,13,12,10,13,14,13,91151073,Bundesliga,FC Augsburg
Jakub Kamiński,M/AM RLC,23,128,142,Poland,VfL Wolfsburg,12,11,13,8,12,12,8,10,8,9,11,11,11,13,11,11,15,10,9,9,14,14,10,11,9,15,11,16,15,15,10,8,16,15,14,8,96121228,Bundesliga,VfL Wolfsburg
Matěj Kovář,GK ,25,128,142,Czechia,Bayer 04 Leverkusen,4,3,10,2,6,7,3,2,3,2,13,5,1,12,12,12,14,12,12,11,13,12,9,6,13,12,12,12,8,15,12,17,15,8,10,13,28118905,Bundesliga,Bayer 04 Leverkusen
Yannik Engelhardt,DM/M C,24,128,142,Germany,Como 1907,8,8,12,8,13,8,13,9,8,12,14,11,14,13,16,13,15,13,14,13,16,10,13,9,14,16,12,15,11,11,14,13,16,12,16,13,91194484,Serie A,Como 1907
Benjamin Lecomte,GK ,34,128,141,France,Fulham,4,3,1,2,11,7,10,1,3,1,10,4,1,10,8,12,14,11,13,11,14,6,11,10,14,13,11,12,10,13,15,14,14,10,13,14,85041077,Premier League,Fulham
"Adrián(Real Hispalis,Spain)",GK ,38,128,140,Spain,Real Hispalis,2,2,3,1,12,6,3,3,2,2,12,3,3,10,12,13,14,12,14,13,15,1,14,2,12,9,9,9,10,12,13,14,14,9,11,12,67006173,LaLiga,Real Betis
Albert Grønbæk,AM RLC,24,128,140,Denmark,Stade Rennais FC,14,12,14,12,13,14,10,14,7,8,12,15,6,15,13,13,13,13,11,13,10,15,7,13,8,13,12,13,14,14,13,11,14,13,13,8,27139574,Ligue 1,Stade Rennais FC
Alex Král,DM/M C,27,128,140,"Czechia,Slovakia",1. FC Union Berlin,10,8,12,7,13,8,13,9,7,12,13,11,13,13,12,15,15,13,13,12,14,10,13,11,12,16,12,15,12,12,14,13,18,13,16,14,25045644,Bundesliga,1. FC Union Berlin
Eray Cömert,D C,27,128,140,"Switzerland,Türkiye",Valencia,5,7,11,6,13,12,13,13,7,14,13,11,14,13,14,14,14,13,12,13,13,8,12,8,12,14,11,13,11,12,13,12,13,12,15,13,98033710,LaLiga,Valencia
Franco Vázquez,AM/ST C,36,128,140,"Argentina,Italy",U.S. Cremonese,14,12,16,13,16,12,12,13,8,7,16,14,11,18,11,14,10,14,14,15,16,18,12,15,8,12,15,12,8,10,16,13,14,10,12,14,14007359,Serie A,Cremonese
Han-Noah Massengo,DM/M C,24,128,140,"France,Congo",FC Augsburg,10,10,15,6,14,10,10,8,6,12,14,11,12,14,13,13,13,15,12,12,13,15,8,10,12,13,13,15,13,15,13,8,16,13,15,13,49047253,Bundesliga,FC Augsburg
Juan Berrocal,D C,26,128,140,Spain,Getafe,7,7,7,8,10,11,13,9,8,15,11,7,13,10,15,13,14,12,14,11,13,7,8,7,13,15,9,13,12,11,9,14,13,13,15,16,67248397,LaLiga,Getafe
M'Bala Nzola,ST ,28,128,140,"Angola,France",ACF Fiorentina,6,12,11,12,11,8,13,11,7,5,12,15,7,14,18,13,12,12,11,12,16,9,8,14,7,14,11,11,13,13,15,13,17,14,15,17,83103196,Serie A,ACF Fiorentina
Mohammed Salisu,D C,26,128,140,Ghana,AS Monaco,7,9,10,6,11,6,16,8,14,13,10,6,15,11,13,14,14,11,11,11,14,9,10,9,13,15,12,14,13,12,11,15,13,14,15,15,67270690,Ligue 1,AS Monaco
Ramon Hendriks,D LC,24,128,140,Netherlands,VfB Stuttgart,3,10,11,6,11,3,13,7,16,13,11,8,13,11,15,13,16,11,12,12,16,10,11,10,12,13,10,16,13,11,15,15,12,16,14,16,37065561,Bundesliga,VfB Stuttgart
Silas,M/AM RL,26,128,140,Democratic Republic of Congo,VfB Stuttgart,8,11,16,11,12,8,10,11,8,8,10,15,8,13,12,12,10,10,9,9,12,17,4,13,8,8,9,10,16,15,12,13,10,17,12,12,49054676,Bundesliga,VfB Stuttgart
Tyrhys Dolan,AM RLC,23,128,140,England,Espanyol,12,11,14,10,13,12,6,9,5,6,12,14,7,14,13,11,13,10,10,11,12,15,7,12,12,17,12,17,15,15,12,6,17,11,14,11,29218322,LaLiga,Espanyol
Vladyslav Vanat,ST ,23,128,140,Ukraine,Girona,7,9,13,17,12,10,10,7,6,4,11,11,6,12,15,13,14,13,9,12,17,13,9,13,6,12,10,13,13,14,13,11,14,15,13,12,71113671,LaLiga,Girona
Adam Masina,D LC,31,128,139,"Morocco,Italy",Torino,4,11,11,8,11,8,14,9,13,13,12,7,13,11,14,13,14,12,12,13,14,12,13,13,12,15,11,13,12,13,14,15,14,13,13,14,43111412,Serie A,Torino
Jurgen Ekkelenkamp,M/AM C,25,128,138,Netherlands,Udinese Calcio,8,10,11,15,15,9,14,11,10,8,13,10,7,13,10,14,12,15,15,12,15,10,8,17,8,14,13,14,12,12,15,13,12,12,14,12,37064578,Serie A,Udinese Calcio
Kilian Fischer,D/WB RL,24,128,138,Germany,VfL Wolfsburg,8,12,11,6,12,8,11,7,13,12,12,8,14,12,14,12,15,11,12,11,14,12,12,11,12,16,11,16,14,12,12,11,12,15,14,12,91207901,Bundesliga,VfL Wolfsburg
Lyle Foster,AM/ST L,24,128,138,South Africa,Burnley,6,7,13,12,13,8,12,11,5,6,11,12,6,13,11,13,11,14,13,12,13,13,10,14,6,12,12,13,14,13,13,14,12,13,12,15,65039540,Premier League,Burnley
Nediljko Labrović,GK ,25,128,138,Croatia,FC Augsburg,2,2,3,1,7,2,4,1,3,1,8,3,2,8,12,14,15,10,13,12,12,4,16,2,13,14,8,13,8,14,12,16,13,9,10,15,24060250,Bundesliga,FC Augsburg
Robin Hranáč,D C,25,128,138,Czechia,TSG 1899 Hoffenheim,4,6,8,6,11,5,14,6,8,14,10,7,13,11,13,13,15,10,13,12,13,6,12,8,14,12,8,15,13,11,15,15,13,15,12,16,2000061565,Bundesliga,TSG 1899 Hoffenheim
Rogério,D/WB L,27,128,138,Brazil,VfL Wolfsburg,11,12,13,6,13,11,8,9,13,11,13,8,12,13,15,13,13,12,12,12,13,14,11,13,12,13,12,14,15,15,12,10,7,14,13,11,19284576,Bundesliga,VfL Wolfsburg
"Vitinha(Genoa Cricket and Football Club,Portugal)",AM/ST LC,25,128,137,Portugal,Genoa Cricket and Football Club,5,10,14,12,14,6,13,13,4,5,11,13,6,14,10,12,16,12,13,12,14,12,7,14,6,14,12,14,14,12,14,11,15,14,13,13,83227945,Serie A,Genoa Cricket and Football Club
Elias Saad,AM RLC,25,128,136,"Tunisia,Germany",FC Augsburg,11,9,16,11,13,12,6,10,6,7,12,12,10,16,12,12,12,11,10,11,15,16,4,11,8,12,12,15,15,16,12,9,12,13,16,7,2000106505,Bundesliga,FC Augsburg
Elvis Rexhbeçaj,DM/M C,27,128,136,"Kosovo,Germany,Albania",FC Augsburg,12,11,11,8,12,12,11,12,12,12,12,12,12,11,16,13,16,12,12,12,15,10,12,12,12,18,12,17,12,12,13,11,16,12,16,12,91177383,Bundesliga,FC Augsburg
Iván Balliu,D/WB R,33,128,136,"Albania,Spain",Vallecano,8,14,12,7,13,8,9,9,14,12,13,7,14,13,12,13,14,13,14,13,12,6,14,13,13,15,12,15,13,14,10,6,14,12,14,10,67053461,LaLiga,Rayo Vallecano
Nicolai Remberg,DM/M C,25,128,136,Germany,Hamburger Sport-Verein,6,8,11,8,11,6,14,10,8,12,12,11,15,11,17,12,17,11,12,12,18,10,13,11,13,16,11,18,12,11,15,16,16,13,16,16,2000036575,Bundesliga,Hamburger Sport-Verein
Pablo Ibañez,D/DM/M C,26,128,136,"Spain,Pays Basque",Alavés,8,12,11,12,12,7,13,12,6,12,13,10,13,12,14,15,15,11,14,12,17,11,12,14,14,15,12,15,12,12,12,10,14,11,14,12,2000033089,LaLiga,Alavés
Habib Diallo,ST ,30,128,135,Senegal,FC Metz,8,8,11,15,14,9,15,10,8,6,12,14,7,13,7,13,14,13,12,12,11,12,12,14,9,13,13,13,12,11,13,14,14,14,14,14,36515158,Ligue 1,FC Metz
Issa Diop,D C,28,128,135,"France,Senegal,Morocco",Fulham,3,3,12,6,11,5,15,9,8,12,9,4,15,12,14,13,12,12,12,12,15,3,14,11,12,13,9,14,14,13,14,17,16,14,13,16,85140415,Premier League,Fulham
Issa Soumaré,AM/ST RL,24,128,135,Senegal,Havre AC,6,13,14,11,14,10,14,10,8,8,11,4,7,14,9,12,7,13,11,10,14,10,8,12,12,13,11,12,16,12,11,19,15,13,11,14,12078293,Ligue 1,Le Havre
Janis Blaswich,GK ,34,128,135,Germany,Bayer 04 Leverkusen,3,3,2,2,9,1,7,1,2,3,12,2,3,10,12,13,14,13,12,13,13,4,16,6,13,16,11,12,8,14,12,17,12,8,10,14,91017776,Bundesliga,Bayer 04 Leverkusen
"Juan Carlos(Girona,Spain)",GK ,37,128,135,Spain,Girona,5,2,2,2,12,8,9,2,1,1,13,8,2,9,2,12,9,12,14,11,14,5,5,5,12,12,9,11,12,13,13,13,13,11,11,13,67039108,LaLiga,Girona
Keinan Davis,ST ,27,128,135,England,Udinese Calcio,7,7,12,11,15,7,14,10,5,5,12,9,10,13,13,13,15,13,11,9,12,10,7,12,7,15,12,16,13,13,16,13,9,14,12,16,28107730,Serie A,Udinese Calcio
Linton Maina,AM RLC,26,128,135,"Germany,Kenya",1. FC Köln,13,12,13,8,12,12,5,8,6,7,11,11,7,12,8,11,8,10,9,9,10,15,11,12,8,11,12,10,16,15,11,6,10,17,11,9,91151069,Bundesliga,1. FC Köln
Samuel Essende,ST ,27,128,135,"Democratic Republic of Congo,France",FC Augsburg,6,8,12,13,10,8,16,10,8,6,10,13,6,11,17,14,16,12,10,11,15,12,10,13,6,12,9,15,14,11,16,16,12,15,12,16,48044555,Bundesliga,FC Augsburg
Sebastian Sebulonsen,D/WB R,25,128,135,Norway,1. FC Köln,8,13,11,8,11,8,12,12,15,12,11,10,12,11,13,11,15,11,12,11,14,8,10,12,12,13,11,16,14,11,14,13,15,15,15,14,53167821,Bundesliga,1. FC Köln
Haris Tabaković,ST ,31,128,134,"Bosnia and Herzegovina,Switzerland",TSG 1899 Hoffenheim,3,7,10,15,12,8,15,10,7,6,11,15,6,11,13,14,16,12,12,12,16,10,14,12,6,12,11,13,11,11,16,17,14,13,13,16,98029083,Bundesliga,TSG 1899 Hoffenheim
Mama Baldé,AM/ST RL,29,128,134,"Guinea-Bissau,Portugal",Stade Brestois 29,7,9,11,11,11,5,11,11,7,7,11,12,7,11,14,10,12,11,12,10,14,13,6,15,8,12,10,12,16,13,11,12,16,17,13,12,55070279,Ligue 1,Stade Brestois 29
Marcus Holmgren Pedersen,D/WB RL,25,128,134,Norway,Torino,6,12,13,7,12,5,7,8,11,10,13,6,13,13,14,10,12,9,8,10,13,12,7,11,10,15,10,15,16,14,10,10,15,17,15,9,53161610,Serie A,Torino
Phillip Tietz,ST ,28,128,134,Germany,FC Augsburg,3,8,11,12,10,13,16,12,8,8,11,17,9,11,16,13,18,12,13,12,17,11,14,12,8,16,11,18,12,11,16,16,16,13,14,16,91182877,Bundesliga,FC Augsburg
Andy Irving,M C,25,128,133,Scotland,West Ham United,15,13,12,10,14,13,14,14,6,10,14,9,9,15,8,13,12,14,13,13,12,12,5,13,10,14,14,13,11,12,12,14,11,13,13,15,61078171,Premier League,West Ham United
Andrej Ilić,ST ,25,128,132,Serbia,1. FC Union Berlin,5,8,10,13,10,8,16,11,7,7,11,15,8,11,13,15,16,12,13,12,16,10,8,13,8,13,11,15,12,11,16,16,10,14,14,16,62219054,Bundesliga,1. FC Union Berlin
Connor Roberts,D/WB R,29,128,132,Wales,Burnley,13,13,8,10,11,11,10,9,18,12,11,5,12,11,14,12,12,11,12,11,18,11,10,14,12,15,11,14,12,13,11,9,19,13,18,9,28087373,Premier League,Burnley
Daniel Elfadli,D/DM C,28,128,132,"Libya,Germany",Hamburger Sport-Verein,3,6,11,7,11,3,12,7,6,12,12,6,15,11,17,16,18,11,12,11,18,8,12,8,13,16,11,18,13,12,13,15,13,13,15,14,2000115295,Bundesliga,Hamburger Sport-Verein
Ragnar Ache,ST ,27,128,132,"Germany,Ghana,Netherlands",1. FC Köln,3,7,11,13,10,6,17,12,6,4,10,12,5,11,8,13,16,11,10,11,14,12,6,12,5,11,9,13,14,12,13,17,8,16,11,16,37063419,Bundesliga,1. FC Köln
Shuto Machino,AM/ST C,25,128,132,Japan,Borussia Mönchengladbach,11,10,12,13,14,13,12,12,17,7,12,16,7,14,12,13,13,11,11,11,14,12,6,12,7,15,12,15,13,12,12,12,16,16,14,11,45109947,Bundesliga,Borussia Mönchengladbach
Yvan Neyou,DM/M C,28,128,132,"Cameroon,France",Getafe,7,8,11,7,12,6,11,7,6,11,13,6,13,10,14,15,16,13,14,13,13,9,13,15,12,15,12,15,14,14,14,12,14,15,16,14,85134218,LaLiga,Getafe
"Zé Pedro(Cagliari Calcio,Portugal)",D C,28,128,132,Portugal,Cagliari Calcio,6,7,7,7,10,12,13,8,4,14,12,8,12,12,14,14,15,12,15,13,15,9,11,6,13,15,8,14,12,12,13,14,13,13,14,13,83115694,Serie A,Cagliari Calcio
Donovan Léon,GK ,32,128,131,"French Guiana,France",AJ Auxerre,4,3,1,2,11,8,8,1,2,2,10,2,1,8,7,12,15,12,12,11,12,7,13,1,11,13,11,11,12,14,15,13,15,12,13,15,85049252,Ligue 1,AJ Auxerre
Alberto Reina,DM/M/AM RC,27,128,130,Spain,Oviedo,10,11,13,10,14,9,8,12,8,11,14,9,11,14,13,13,13,12,11,13,12,12,14,12,12,14,12,15,13,13,16,9,11,13,14,11,67245796,LaLiga,Oviedo
Ali Abdi,D/WB/M L,31,128,130,Tunisia,OGC Nice,8,14,11,14,13,5,10,12,11,12,13,7,14,12,13,13,15,12,11,12,14,12,12,8,13,14,14,15,13,13,12,13,13,13,15,13,12055780,Ligue 1,OGC Nice
Jackson Irvine,DM/M C,32,128,130,"Australia,Scotland",FC St. Pauli,4,8,11,10,11,6,16,10,8,12,12,11,13,11,16,15,16,13,14,12,18,10,17,13,12,18,12,16,11,10,14,16,16,12,17,13,61041668,Bundesliga,FC St. Pauli
Jean-Luc Dompé,M/AM RLC,29,128,130,"France,Mali",Hamburger Sport-Verein,13,15,16,10,14,16,6,12,6,6,12,12,6,15,13,12,8,11,9,11,11,16,3,11,6,10,13,9,16,16,12,6,10,15,11,8,85144028,Bundesliga,Hamburger Sport-Verein
Maroan Sannadi,ST ,24,128,130,"Morocco,Spain,Pays Basque",A. Bilbao,7,7,11,13,11,7,14,11,8,7,10,12,8,12,13,13,15,12,13,12,13,11,10,14,9,13,11,14,13,13,11,15,15,13,15,15,2000212020,LaLiga,A. Bilbao
Franco Mastantuono,AM RC,17,127,-95,"Argentina,Italy",R. Madrid,13,13,17,12,14,16,7,13,11,5,13,13,7,16,13,13,10,12,12,10,14,18,10,13,11,10,14,12,13,14,13,9,7,14,12,8,2000183231,LaLiga,R. Madrid
Rio Ngumoha,AM RL,16,127,-9,"England,Nigeria",Liverpool,8,14,18,10,16,5,5,11,3,3,13,7,5,15,8,11,3,11,9,10,14,17,3,11,4,11,12,12,16,17,16,5,12,14,8,8,2000399897,Premier League,Liverpool
Chemsdine Talbi,AM R,20,127,-85,"Morocco,Belgium",Sunderland,8,15,13,12,14,11,9,12,11,9,13,7,8,14,13,12,14,11,9,11,10,15,1,13,12,12,14,13,14,12,10,9,13,13,12,12,2000103798,Premier League,Sunderland
Dário Essugo,DM/M C,20,127,-85,"Portugal,Angola",Chelsea,6,9,12,8,12,8,8,11,8,12,13,8,14,13,15,13,15,10,12,10,15,11,8,12,13,15,12,16,13,14,15,9,16,13,15,13,2000087400,Premier League,Chelsea
Jérémy Jacquet,D C,20,127,-85,"France,Guadeloupe",Stade Rennais FC,6,6,9,8,13,7,14,10,6,13,13,7,15,12,13,12,14,12,11,12,14,10,11,11,12,13,11,13,13,13,12,16,12,13,13,14,2000094886,Ligue 1,Stade Rennais FC
Jon Martín,D C,19,127,-85,"Spain,Pays Basque",Real San Sebastián,6,7,10,10,12,5,17,10,11,13,12,6,14,14,10,14,12,12,14,14,8,8,13,8,11,12,10,12,11,11,12,14,13,12,13,15,2000229718,LaLiga,Real Sociedad
Fer López,M/AM RC,21,127,156,Spain,Wolverhampton Wanderers,11,11,14,12,14,11,11,14,8,6,16,12,8,15,8,15,8,13,12,14,5,13,12,15,12,15,16,15,12,12,14,11,12,12,12,13,2000300956,Premier League,Wolverhampton Wanderers
Samuele Angori,D/WB L,21,127,155,Italy,Pisa Sporting Club,10,14,12,7,13,9,10,10,10,11,12,10,13,13,12,14,12,13,13,13,13,9,11,11,14,13,13,13,13,14,12,11,14,14,14,11,2000026318,Serie A,Pisa Sporting Club
Andrew Omobamidele,D C,23,127,150,"Republic of Ireland,Nigeria",RC Strasbourg Alsace,2,4,8,4,10,4,14,4,3,14,12,4,14,12,11,14,14,16,13,11,15,3,13,6,14,13,11,12,15,13,13,14,10,15,13,12,29218111,Ligue 1,RC Strasbourg Alsace
Samuel Iling-Junior,M/AM RL,21,127,150,"England,Democratic Republic of Congo",Aston Villa,12,14,15,12,13,8,10,12,8,6,12,11,9,14,10,12,10,13,9,9,10,14,8,12,8,9,10,9,15,11,13,9,14,15,12,12,2000034525,Premier League,Aston Villa
Víctor Muñoz,AM RLC,22,127,150,Spain,Atlético Pamplona,9,13,14,13,12,8,7,6,8,4,11,5,6,12,11,11,14,12,10,11,16,15,9,13,6,11,9,12,16,14,12,7,14,15,13,9,2000126470,LaLiga,Osasuna
Alejo Veliz,ST ,21,127,149,Argentina,Tottenham Hotspur,8,10,11,12,13,9,15,12,7,8,11,13,8,12,11,14,13,13,13,12,13,11,9,14,7,13,11,14,13,12,13,14,14,12,13,14,2000096330,Premier League,Tottenham Hotspur
"Manu Sánchez(Vigo,Spain)",D/WB L,24,127,149,Spain,Vigo,8,14,12,8,12,7,7,9,12,12,14,11,13,14,11,13,13,12,12,13,13,13,9,13,11,13,13,14,14,13,14,8,11,14,15,11,67284340,LaLiga,Celta
Gift Orban,ST ,23,127,148,"Nigeria,Togo",TSG 1899 Hoffenheim,11,9,13,13,13,13,13,12,6,4,10,13,6,14,12,14,12,12,9,12,12,15,3,14,5,11,10,13,15,14,13,12,12,15,13,13,2000183736,Bundesliga,TSG 1899 Hoffenheim
Jordan James,DM/M C,21,127,148,"Wales,England",Stade Rennais FC,7,8,12,12,12,8,10,13,7,10,14,5,12,13,12,13,13,13,13,14,12,9,11,14,12,13,13,16,12,11,13,10,12,13,13,12,2000045039,Ligue 1,Stade Rennais FC
Iker Bravo,AM/ST C,20,127,147,Spain,Udinese Calcio,10,12,13,14,13,11,11,10,5,5,14,12,6,13,12,15,13,13,13,12,12,15,8,13,6,13,13,13,14,14,12,12,13,13,13,10,2000130473,Serie A,Udinese Calcio
Jaidon Anthony,AM L,25,127,146,England,Burnley,11,13,14,11,13,6,7,8,2,7,12,10,6,13,10,12,8,12,12,12,14,12,6,14,8,14,12,14,15,14,12,8,14,15,14,8,28112512,Premier League,Burnley
Mandela Keita,DM/M C,23,127,146,"Belgium,Guinea",Parma Calcio 1913,5,9,12,8,11,10,12,11,8,13,14,8,14,12,15,13,14,13,13,12,14,13,11,13,14,14,12,14,13,12,13,13,14,13,14,14,18116036,Serie A,Parma Calcio 1913
Botond Balogh,D C,23,127,143,Hungary,Parma Calcio 1913,3,8,8,7,12,4,14,7,8,13,13,5,13,11,12,14,15,12,12,12,13,9,10,8,14,14,11,14,13,12,14,14,10,13,15,15,38059041,Serie A,Parma Calcio 1913
Trai Hume,D/WB RLC,23,127,143,Northern Ireland,Sunderland,14,11,11,6,14,13,14,9,11,15,14,6,15,9,14,10,14,14,12,13,14,5,12,13,11,11,12,13,12,11,13,11,14,12,13,12,52094225,Premier League,Sunderland
Dani Cárdenas,GK ,28,127,142,Spain,Vallecano,2,3,2,3,12,1,8,2,3,3,14,2,3,15,12,13,12,12,13,13,11,7,7,1,12,11,7,12,10,14,10,13,13,11,12,11,67225564,LaLiga,Rayo Vallecano
Jon Pacheco,D C,24,127,142,"Spain,Pays Basque",Real San Sebastián,8,9,11,8,12,9,15,10,11,13,12,10,13,13,14,13,13,12,13,11,12,12,11,8,13,15,14,14,12,13,11,11,13,12,14,13,67269422,LaLiga,Real Sociedad
Zito Luvumbo,AM/ST RL,23,127,141,Angola,Cagliari Calcio,12,13,16,10,11,10,9,13,4,4,12,11,3,13,10,12,9,12,8,7,13,16,5,11,3,8,12,8,16,15,13,7,15,17,11,11,95071289,Serie A,Cagliari Calcio
Josh Cullen,DM/M C,29,127,140,"Republic of Ireland,England",Burnley,10,11,12,6,13,11,8,7,6,14,14,7,14,12,8,13,15,14,13,13,14,9,13,13,14,16,13,17,12,12,13,9,15,11,16,10,28087685,Premier League,Burnley
Pol Lirola,D/WB/M R,27,127,140,Spain,Olympique de Marseille,7,14,13,6,13,10,10,10,9,11,13,6,12,13,12,12,13,12,12,11,13,12,9,12,12,11,11,12,14,14,13,10,12,14,13,12,67211095,Ligue 1,Olympique de Marseille
Tom Krauß,DM/M C,24,127,140,Germany,1. FSV Mainz 05,8,9,12,8,11,10,11,12,8,12,12,12,16,11,17,12,17,11,12,11,17,12,11,11,12,16,11,18,12,12,12,11,16,13,15,12,91177336,Bundesliga,1. FSV Mainz 05
Valentin Rosier,D R,28,127,140,"France,Guadeloupe",Atlético Pamplona,6,14,14,8,14,5,9,7,12,12,14,6,12,12,15,13,15,12,12,12,12,14,7,14,10,14,13,14,14,14,13,9,12,15,14,13,50047466,LaLiga,Osasuna
Adrien Tamèze,DM/M C,31,127,139,"France,Cameroon",Torino,4,7,12,10,12,4,11,11,4,12,13,9,14,13,14,14,14,13,12,12,15,10,8,13,13,15,12,17,13,13,15,10,16,13,12,13,85065498,Serie A,Torino
Benjamin Stambouli,DM/M C,34,127,139,"France,Algeria",FC Metz,5,8,8,8,13,7,11,9,9,12,14,8,13,14,14,15,16,14,15,14,15,8,17,10,13,16,14,16,10,10,14,11,12,10,12,13,34008684,Ligue 1,FC Metz
Clément Akpa,D LC,23,127,139,"Ivory Coast,France",AJ Auxerre,11,14,13,8,13,7,13,9,8,13,14,7,13,12,13,13,14,12,13,12,13,12,11,13,13,14,13,14,13,14,13,13,12,13,13,11,49055780,Ligue 1,AJ Auxerre
Jari Vandeputte,M/AM LC,29,127,139,Belgium,U.S. Cremonese,15,14,14,12,14,13,4,13,3,8,14,11,11,14,12,13,11,11,12,11,14,15,10,12,10,12,15,11,14,15,12,5,17,13,13,9,18081218,Serie A,Cremonese
Adrià Altimira,D/WB/M/AM R,24,127,138,Spain,Villarreal,7,12,11,7,12,7,8,7,10,11,11,7,12,13,13,11,12,10,10,12,12,9,7,11,10,11,10,14,15,15,11,6,15,15,14,10,67295760,LaLiga,Villarreal
Devis Vásquez,GK ,27,127,138,Colombia,Associazione Sportiva Roma,1,3,6,1,11,1,8,2,7,3,11,4,4,8,13,12,12,9,11,11,13,4,9,4,11,12,9,10,11,13,14,16,15,12,15,14,76053799,Serie A,Associazione Sportiva Roma
Germán Valera,M/AM RL,23,127,138,"Spain,Lithuania",Elche,11,12,14,12,14,10,7,11,5,3,10,12,4,14,9,11,12,10,10,10,13,15,9,11,5,7,13,8,15,16,12,7,11,16,11,8,67278144,LaLiga,Elche
László Bénes,M C,27,127,138,Slovakia,1. FC Union Berlin,14,13,12,12,16,16,7,16,6,8,15,14,8,16,13,12,9,12,11,12,12,16,11,12,8,11,16,10,12,13,12,8,12,12,15,10,38039792,Bundesliga,1. FC Union Berlin
Martín Satriano,ST ,24,127,137,"Uruguay,Italy",RC Lens,7,8,12,13,12,8,15,11,5,5,12,12,7,13,13,14,14,11,13,12,15,13,11,13,10,12,11,13,13,13,14,15,14,12,15,13,78097218,Ligue 1,RC Lens
Willem Geubbels,ST ,23,127,137,"France,Netherlands",Paris FC,9,10,14,14,13,8,13,12,4,5,13,13,5,13,9,11,12,13,12,13,11,15,11,13,8,12,13,14,14,13,12,12,15,14,13,11,49038936,Ligue 1,Paris FC
Wilson Isidor,AM/ST RL,24,127,137,"France,Haiti",Sunderland,10,10,12,15,13,10,12,13,6,5,11,12,9,14,9,13,9,12,12,11,10,13,9,14,9,9,13,12,15,12,12,12,9,15,14,11,49039033,Premier League,Sunderland
Ruben Kluivert,D C,24,127,136,"Netherlands,Suriname,Curaçao",Olympique Lyonnais,5,8,9,5,11,5,15,6,10,13,12,5,14,12,12,10,15,11,10,13,15,5,13,8,13,14,9,13,15,12,12,14,16,16,13,14,37076459,Ligue 1,Olympique Lyonnais
Borna Sosa,D/WB/M L,27,127,135,"Croatia,Germany",Crystal Palace,15,16,13,6,14,14,8,11,14,10,14,11,12,14,13,11,11,11,10,10,13,14,10,15,11,14,14,10,13,12,14,12,11,13,13,11,24048099,Premier League,Crystal Palace
Florent Muslija,AM RLC,27,127,135,"Kosovo,Germany",Sport-Club Freiburg,14,12,15,12,14,16,6,16,6,8,14,16,8,15,14,12,11,12,11,12,12,15,10,12,8,12,15,11,14,15,12,6,16,13,12,9,92088303,Bundesliga,Sport-Club Freiburg
Frédéric Guilbert,D/WB R,30,127,135,France,Unione Sportiva Lecce,5,13,11,11,12,9,11,9,17,12,13,8,13,12,13,13,13,12,14,12,15,13,12,13,12,14,12,15,13,13,13,11,14,13,13,12,85096693,Serie A,Unione Sportiva Lecce
Gauthier Hein,M/AM RLC,28,127,135,France,FC Metz,12,12,14,12,14,13,6,13,6,7,13,14,7,15,10,10,14,14,11,13,13,14,12,13,6,14,13,13,14,16,13,7,13,13,13,7,85138173,Ligue 1,FC Metz
Krépin Diatta,M/AM RL,26,127,135,Senegal,AS Monaco,5,11,13,10,13,8,9,11,3,10,13,9,11,14,9,12,15,13,13,11,12,13,9,10,8,11,12,13,14,14,12,9,12,14,11,10,13191636,Ligue 1,AS Monaco
Leonardo Bittencourt,DM/M C,31,127,135,"Germany,Brazil",SV Werder Bremen,13,12,12,8,13,13,8,10,6,10,13,12,14,13,17,11,16,12,11,11,16,12,13,12,11,14,12,16,13,15,11,7,12,13,14,9,92014331,Bundesliga,SV Werder Bremen
Manuel Benson,M/AM/ST RL,28,127,135,"Angola,Belgium",Burnley,13,12,14,11,13,11,4,14,6,4,12,12,4,14,6,11,14,10,12,11,12,12,5,8,5,10,10,10,15,13,6,6,12,16,11,8,18089592,Premier League,Burnley
Michele Collocolo,DM/M C,25,127,135,Italy,U.S. Cremonese,9,11,13,13,12,9,12,14,9,10,13,11,13,13,16,14,14,13,14,13,16,8,13,14,12,14,10,14,14,14,14,14,13,14,14,13,43272105,Serie A,Cremonese
Pablo Martínez,M C,27,127,135,Spain,Levante,12,12,11,12,13,12,9,14,6,11,13,10,12,13,12,12,12,13,14,13,12,11,12,11,12,14,12,13,12,12,11,9,14,12,14,13,67257916,LaLiga,Levante
Samuele Mulattieri,ST ,24,127,134,Italy,U.S. Sassuolo Calcio,4,7,14,14,14,9,12,11,3,4,14,12,4,14,10,13,11,13,13,13,14,15,8,15,6,13,13,13,12,14,12,12,12,13,13,12,43390644,Serie A,Sassuolo
Yvon Mvogo,GK ,31,127,134,"Switzerland,Cameroon",FC Lorient,3,1,3,3,10,7,7,3,3,1,8,4,1,10,12,15,16,13,9,9,13,12,13,2,8,13,9,12,14,16,13,15,14,13,12,15,98010645,Ligue 1,FC Lorient
Kervin Arriaga,D/DM/M C,27,127,133,"Honduras,United States",Levante,7,9,10,10,12,10,14,11,6,11,12,13,14,12,16,11,17,13,13,11,14,9,10,12,13,13,12,13,11,11,14,16,15,12,15,16,87040726,LaLiga,Levante
Morten Thorsby,DM/M C,29,127,133,Norway,Genoa Cricket and Football Club,2,7,10,11,13,3,16,8,6,14,12,8,14,12,16,13,16,12,14,12,18,12,12,13,13,17,11,17,12,10,15,16,15,12,15,15,53098756,Serie A,Genoa Cricket and Football Club
Urko Izeta,AM/ST C,25,127,133,"Spain,Pays Basque",A. Bilbao,10,11,11,13,13,12,12,12,7,8,12,14,7,13,12,11,13,13,13,13,15,15,9,14,11,13,11,14,14,13,12,8,12,13,12,13,67256679,LaLiga,A. Bilbao
"Juan Cruz(Atlético Pamplona,Spain)",D/WB/M LC,33,127,132,Spain,Atlético Pamplona,10,13,11,7,9,10,12,10,12,13,12,5,13,11,12,13,14,9,13,12,6,8,8,14,14,15,10,16,13,14,11,11,12,13,14,12,43077014,LaLiga,Osasuna
Marius Marin,DM/M C,26,127,132,Romania,Pisa Sporting Club,9,8,12,9,12,9,10,10,5,10,14,9,14,13,16,13,13,12,13,13,16,9,11,14,15,14,11,16,13,13,11,9,14,13,14,13,57137478,Serie A,Pisa Sporting Club
Roger Brugué,AM/ST RLC,28,127,132,Spain,Levante,9,12,13,14,13,9,8,10,6,6,12,13,7,13,13,12,16,12,11,11,13,13,8,14,8,13,11,14,14,13,12,8,13,13,13,9,67269465,LaLiga,Levante
Samir Chergui,D/DM RC,26,127,132,"Algeria,France",Paris FC,7,13,12,9,13,9,13,10,6,13,14,7,12,12,12,14,13,11,12,12,13,10,11,12,13,12,15,13,13,13,12,12,12,12,14,13,48037980,Ligue 1,Paris FC
Andrea Fulignati,GK ,30,127,130,Italy,U.S. Cremonese,3,3,2,1,12,7,4,3,2,3,15,2,1,10,13,12,11,13,13,14,14,5,12,3,13,12,14,12,10,13,10,12,15,10,14,12,43095801,Serie A,Cremonese
Benedikt Gimber,D/DM/M C,28,127,130,Germany,1. FC Heidenheim 1846,3,8,10,6,11,6,14,7,8,13,11,12,16,11,17,13,17,11,13,12,16,8,16,9,13,16,10,17,11,10,14,14,16,12,14,15,91132290,Bundesliga,1. FC Heidenheim 1846
Elisha Owusu,DM/M C,27,127,130,"Ghana,France",AJ Auxerre,8,8,10,8,12,7,11,9,8,14,13,8,14,12,15,14,14,12,13,12,12,10,14,11,15,15,10,15,13,13,14,10,14,12,16,14,48036651,Ligue 1,AJ Auxerre
Jan Schöppner,DM/M C,26,127,130,Germany,1. FC Heidenheim 1846,4,7,11,6,12,4,16,8,8,13,12,8,14,11,14,14,16,12,16,12,16,10,13,11,14,18,12,16,11,11,16,16,16,13,17,13,91193886,Bundesliga,1. FC Heidenheim 1846
Pascal Stenzel,D RC,29,127,130,Germany,VfB Stuttgart,12,15,11,6,13,12,12,10,15,12,13,12,12,13,12,13,13,13,13,13,13,8,14,12,13,17,13,13,11,11,13,12,14,12,15,12,92065838,Bundesliga,VfB Stuttgart
Unai Elgezabal,D C,32,127,128,"Spain,Pays Basque",Levante,7,8,7,11,12,7,13,8,11,13,12,12,13,13,13,13,14,13,14,13,12,12,11,9,14,13,12,13,13,12,9,13,13,13,13,13,67186192,LaLiga,Levante
Luka Vušković,D C,18,126,-9,Croatia,Tottenham Hotspur,6,8,12,10,12,11,14,12,10,12,12,13,12,12,15,12,16,12,13,12,17,12,12,10,13,13,11,16,11,9,15,16,13,12,12,15,2000262919,Premier League,Tottenham Hotspur
Finn Jeltsch,D RC,19,126,-85,Germany,VfB Stuttgart,3,10,13,6,13,6,13,11,10,13,13,8,14,13,16,13,15,12,12,11,16,12,13,10,12,13,12,16,13,12,13,14,12,13,14,13,2000180889,Bundesliga,VfB Stuttgart
Ibrahim Maza,M/AM LC,19,126,-85,"Algeria,Germany,Vietnam",Bayer 04 Leverkusen,12,11,16,10,15,12,8,13,6,7,13,13,11,16,13,11,13,11,10,10,13,17,6,11,8,12,13,13,13,15,12,8,12,14,13,8,2000193961,Bundesliga,Bayer 04 Leverkusen
Lennon Miller,DM/M/AM C,18,126,-85,Scotland,Udinese Calcio,15,10,10,7,14,10,8,8,7,7,14,16,9,14,8,14,13,15,13,14,16,12,16,13,12,14,14,16,9,13,15,12,15,9,12,12,2000170028,Serie A,Udinese Calcio
Stefanos Tzimas,ST ,19,126,-85,Greece,Brighton & Hove Albion,6,8,14,14,12,10,13,11,6,6,10,13,7,14,13,13,13,12,11,11,16,15,10,14,6,11,9,13,15,13,12,13,12,14,13,12,2000227373,Premier League,Brighton & Hove Albion
Yan Diomandé,M/AM RL,18,126,-85,Ivory Coast,RB Leipzig,10,10,16,10,12,8,7,11,6,7,11,10,8,13,13,10,12,9,9,9,15,16,3,11,7,10,9,12,17,15,12,10,15,16,12,11,2000311833,Bundesliga,RB Leipzig
Christian Mawissa,D LC,20,126,-8,"France,Democratic Republic of Congo",AS Monaco,6,10,12,7,12,5,14,10,7,13,11,8,14,11,14,13,13,12,11,12,16,11,7,11,13,13,10,14,13,13,14,15,13,13,13,13,2000131124,Ligue 1,AS Monaco
Jobe Bellingham,DM/M/AM C,19,126,-8,"England,Republic of Ireland",Borussia Dortmund,10,9,13,13,15,8,12,12,5,12,15,10,12,15,11,14,14,16,12,9,16,11,10,13,13,12,12,13,14,11,10,13,13,11,11,14,2000205927,Bundesliga,Borussia Dortmund
Lucas Høgsberg,D/WB RC,19,126,-8,Denmark,RC Strasbourg Alsace,9,12,13,8,12,9,11,9,9,14,13,10,14,13,17,13,13,11,12,11,13,8,13,13,14,14,12,14,14,12,12,12,14,14,12,12,2000026194,Ligue 1,RC Strasbourg Alsace
Marius Broholm,AM RLC,20,126,-8,Norway,LOSC Lille,12,13,15,11,15,11,4,12,4,5,12,12,5,15,14,11,11,11,12,12,15,17,5,14,9,9,12,13,14,15,14,7,10,13,14,8,2000116173,Ligue 1,LOSC Lille
Ngal'Ayel Mukau,DM/M C,20,126,-8,"Democratic Republic of Congo,Belgium",LOSC Lille,7,13,14,13,13,7,12,9,8,12,14,8,14,12,11,13,12,12,12,10,12,16,8,8,14,15,14,15,13,13,14,12,10,12,14,14,2000058381,Ligue 1,LOSC Lille
Rav van den Berg,D C,21,126,160,Netherlands,1. FC Köln,4,8,10,6,13,8,13,8,8,14,13,9,13,13,11,12,14,14,12,12,13,9,13,9,14,13,12,14,12,10,14,16,10,13,13,13,2000010316,Bundesliga,1. FC Köln
Reda Belahyane,DM/M C,21,126,159,"Morocco,France",Capitolini Celesti,11,12,14,7,14,7,6,8,3,13,14,8,13,14,15,13,12,12,12,12,15,13,9,15,14,14,14,15,13,14,14,7,11,13,14,10,2000031073,Serie A,Lazio
Andrea Belotti,ST ,31,126,155,Italy,Cagliari Calcio,4,8,10,14,11,8,15,11,4,6,11,14,10,12,15,13,18,14,14,13,18,12,12,13,7,17,10,16,10,10,15,13,13,11,13,16,43066936,Serie A,Cagliari Calcio
Unai Vencedor,DM/M C,24,126,155,"Spain,Pays Basque",A. Bilbao,12,11,10,8,14,12,9,10,7,13,14,8,15,14,10,13,14,12,12,12,13,10,9,8,13,13,13,12,13,13,12,8,12,13,14,13,67260207,LaLiga,A. Bilbao
Jon Gorrotxategi,DM/M C,23,126,152,"Spain,Pays Basque",Real San Sebastián,11,10,11,9,14,8,8,11,7,9,15,9,10,15,10,13,12,14,13,14,9,10,14,10,12,14,14,14,12,13,12,9,11,12,13,12,2000131424,LaLiga,Real Sociedad
Oscar Højlund,DM/M C,20,126,152,Denmark,Eintracht Frankfurt,8,8,12,9,13,8,11,10,6,11,13,12,13,13,16,12,15,12,12,12,15,10,11,12,11,16,12,16,13,13,12,12,14,14,16,13,2000126886,Bundesliga,Eintracht Frankfurt
Arsen Zakharyan,AM RLC,22,126,151,"Russia,Armenia",Real San Sebastián,14,11,12,13,13,12,6,12,4,5,14,13,5,14,7,12,8,13,9,15,9,15,8,14,10,13,16,11,13,13,12,13,7,13,10,9,2000014077,LaLiga,Real Sociedad
Álvaro Odriozola,D/WB R,29,126,150,"Spain,Pays Basque",Real San Sebastián,11,12,11,9,13,8,9,10,14,12,13,8,12,14,12,12,14,12,12,12,12,11,9,13,14,13,12,15,15,13,13,8,10,14,12,11,67199408,LaLiga,Real Sociedad
Djibril Sidibé,D RL,33,126,150,"France,Mali",Toulouse FC,9,12,12,8,13,10,12,9,14,12,13,12,13,12,14,14,13,12,12,12,12,12,10,10,13,13,11,14,12,12,15,13,11,13,13,15,167575,Ligue 1,Toulouse FC
Hannibal,M/AM C,22,126,150,"Tunisia,France",Burnley,14,11,14,10,14,13,6,10,3,5,13,11,9,15,16,13,13,12,11,10,12,16,6,12,7,12,12,16,13,14,13,11,15,14,16,11,49056369,Premier League,Burnley
Lesley Ugochukwu,M C,21,126,150,"France,Nigeria",Burnley,10,10,12,9,13,10,13,11,5,12,13,10,14,12,11,13,13,13,12,12,11,11,6,11,13,14,12,14,12,13,13,14,12,12,14,16,2000006186,Premier League,Burnley
Nasser Djiga,D C,22,126,150,"Burkina Faso,Serbia",Wolverhampton Wanderers,4,4,8,4,9,6,14,10,8,14,10,8,14,10,14,12,12,11,14,11,11,7,8,8,13,11,7,12,12,11,14,14,14,13,14,16,12093247,Premier League,Wolverhampton Wanderers
Nathaniel Clyne,D/WB RLC,34,126,150,England,Crystal Palace,5,11,10,5,11,6,10,4,11,14,11,5,14,13,14,13,14,13,14,12,12,8,11,12,14,15,11,15,12,12,12,9,12,12,13,12,28019851,Premier League,Crystal Palace
Junior Mwanga,D/DM C,22,126,149,France,RC Strasbourg Alsace,5,6,7,5,12,3,13,8,9,14,13,6,15,13,13,14,14,7,12,13,15,7,10,7,14,12,15,13,11,12,14,14,13,11,14,14,49059396,Ligue 1,RC Strasbourg Alsace
Cher Ndour,M/AM C,21,126,148,"Italy,Senegal",ACF Fiorentina,11,11,12,10,14,10,11,10,7,11,14,8,12,13,11,12,12,13,13,14,12,15,6,12,12,14,14,12,11,11,13,15,13,13,13,14,2000022887,Serie A,ACF Fiorentina
Adam Obert,D LC,22,126,147,Slovakia,Cagliari Calcio,13,12,8,7,13,8,13,8,8,13,14,8,13,12,11,13,14,12,12,12,14,7,8,10,13,12,13,13,13,12,13,14,12,14,14,13,43461908,Serie A,Cagliari Calcio
Anthony Patterson,GK ,25,126,147,England,Sunderland,5,2,3,3,11,9,3,3,1,3,11,3,1,11,8,14,13,14,13,10,8,2,11,3,14,9,10,7,10,14,13,13,15,10,12,13,28110962,Premier League,Sunderland
Saba Goglichidze,D RC,21,126,147,Georgia,Udinese Calcio,5,11,10,5,12,5,14,4,4,14,12,4,14,13,14,12,15,14,14,13,14,11,8,10,13,15,12,14,13,13,13,12,15,13,16,13,2000139890,Serie A,Udinese Calcio
Jens Castrop,DM/M C,22,126,146,"South Korea,Germany",Borussia Mönchengladbach,11,10,14,8,12,10,7,10,8,11,11,8,16,12,17,12,17,10,12,11,16,12,11,11,11,16,11,18,14,14,11,8,13,15,14,11,91193050,Bundesliga,Borussia Mönchengladbach
Ameen Al-Dakhil,D RC,23,126,145,"Belgium,Iraq",VfB Stuttgart,3,8,12,6,13,6,12,6,13,13,13,7,13,13,11,13,14,13,12,13,15,10,11,9,13,13,13,13,14,12,13,13,7,16,12,12,18115004,Bundesliga,VfB Stuttgart
"Arthur(Bayer 04 Leverkusen,Brazil)",D/WB R,22,126,145,Brazil,Bayer 04 Leverkusen,12,13,13,7,14,11,10,7,12,11,12,8,12,15,13,11,12,11,12,11,12,12,6,12,11,12,11,13,15,14,11,10,12,15,14,9,2000073449,Bundesliga,Bayer 04 Leverkusen
Hjalmar Ekdal,D C,26,126,145,Sweden,Burnley,6,11,11,6,13,7,13,7,8,12,13,7,14,13,8,14,14,14,14,12,15,10,13,9,13,13,11,13,12,11,12,14,14,13,13,13,93070264,Premier League,Burnley
Ibrahim Sulemana,DM/M C,22,126,145,Ghana,Bergamo,8,9,9,8,10,8,11,13,8,12,11,8,15,11,13,14,15,11,12,11,14,10,8,13,14,14,13,14,14,14,14,12,11,13,14,14,2000205565,Serie A,Atalanta
Ismaël Koné,DM/M/AM C,23,126,145,"Canada,Ivory Coast",Olympique de Marseille,8,9,13,12,13,7,10,11,3,9,14,8,10,14,8,13,12,14,12,12,9,13,7,11,13,13,14,13,12,13,13,13,14,13,15,11,2000121309,Ligue 1,Olympique de Marseille
Jeremy Sarmiento,AM RLC,23,126,145,"Ecuador,England,Spain",Brighton & Hove Albion,8,11,15,12,12,8,10,12,6,6,12,7,7,14,9,11,11,13,11,9,13,16,7,12,7,10,11,14,15,14,15,10,13,15,13,9,83262111,Premier League,Brighton & Hove Albion
Junior Messias,AM/ST RC,34,126,145,Brazil,Genoa Cricket and Football Club,11,11,14,12,14,10,13,13,4,7,13,11,10,15,12,11,11,11,12,11,18,14,10,14,10,14,13,14,12,13,13,9,11,13,12,11,43315178,Serie A,Genoa Cricket and Football Club
Matt Turner,GK ,31,126,145,"United States,Lithuania",Olympique Lyonnais,3,2,7,1,7,6,2,2,3,1,8,3,1,7,6,11,14,12,13,13,15,6,10,3,14,11,9,10,11,14,6,15,6,10,12,14,72046884,Ligue 1,Olympique Lyonnais
William Osula,ST RL,22,126,145,"Denmark,Nigeria,England",Newcastle United,7,10,13,13,12,6,12,8,4,7,9,7,6,12,12,11,14,12,9,11,11,13,6,12,8,14,8,15,15,14,12,12,13,16,13,14,28128173,Premier League,Newcastle United
Lorenzo De Silvestri,D/WB/M R,37,126,144,Italy,Bologna FC 1909,8,11,10,9,11,4,15,6,14,12,11,4,11,11,14,13,16,14,13,13,18,8,16,12,13,17,8,16,13,12,14,15,13,12,12,15,1401054,Serie A,Bologna FC 1909
Jon Karrikaburu,ST ,22,126,143,"Spain,Pays Basque",Real San Sebastián,8,9,10,15,15,9,14,10,6,5,9,13,5,12,12,14,14,12,14,12,13,13,12,14,7,15,10,16,12,13,11,10,15,14,13,14,2000082463,LaLiga,Real Sociedad
Álex Forés,ST ,24,126,142,Spain,Villarreal,7,8,11,15,12,8,14,11,5,6,11,12,7,13,13,13,12,12,13,12,2,12,8,14,8,12,11,12,14,11,12,11,13,14,13,12,67295651,LaLiga,Villarreal
Asier Villalibre,ST ,27,126,142,"Spain,Pays Basque",Alavés,7,11,11,15,12,8,14,12,7,7,11,16,8,12,13,13,14,12,13,12,15,13,14,14,13,13,11,16,11,12,12,12,12,11,14,15,67195730,LaLiga,Alavés
Joe Scally,D/WB RL,22,126,142,United States,Borussia Mönchengladbach,6,12,12,6,11,8,11,7,13,12,12,6,12,12,14,11,14,10,12,10,16,11,6,11,12,16,10,16,14,12,12,11,17,15,15,11,72051619,Bundesliga,Borussia Mönchengladbach
Jonathan Fischer,GK ,23,126,142,Denmark,FC Metz,4,3,1,3,10,8,3,1,1,1,11,3,1,10,10,12,11,13,12,11,14,3,10,1,11,7,12,11,10,13,12,17,11,9,12,14,27140793,Ligue 1,FC Metz
Leonidas Stergiou,D RC,23,126,142,"Switzerland,Greece,Serbia",VfB Stuttgart,4,11,12,6,12,4,12,6,13,13,12,7,13,12,11,13,13,12,12,12,13,8,11,10,12,13,11,14,15,13,12,11,8,15,14,12,84154025,Bundesliga,VfB Stuttgart
Óscar Trejo,M/AM C,37,126,142,"Argentina,Italy",Vallecano,13,11,16,11,16,10,7,9,7,8,15,15,7,16,11,12,11,14,14,14,17,15,18,13,10,15,16,13,9,14,14,9,14,9,11,12,958318,LaLiga,Rayo Vallecano
Carlos Martín,M/AM R,23,126,141,Spain,A. Madrid,7,8,11,15,13,8,12,10,8,9,12,16,9,15,10,13,14,13,13,14,15,16,10,13,13,12,13,15,13,13,10,10,13,13,13,14,2000130577,LaLiga,A. Madrid
Faris,ST ,25,126,141,Cameroon,Olympique de Marseille,6,9,10,12,12,7,13,10,8,8,7,12,6,10,14,12,12,13,10,9,15,16,7,12,8,12,10,12,15,14,15,15,12,15,12,17,20046847,Ligue 1,Olympique de Marseille
Gianluca Gaetano,M/AM C,25,126,140,Italy,Cagliari Calcio,13,12,15,13,13,13,7,12,8,6,13,13,7,14,9,13,8,11,8,13,14,14,7,14,8,13,13,12,14,14,11,8,15,14,14,10,43317758,Serie A,Cagliari Calcio
Ihlas Bebou,AM/ST R,31,126,140,"Togo,Germany",TSG 1899 Hoffenheim,11,10,13,12,11,10,12,10,13,8,11,13,10,12,13,13,12,11,9,11,12,14,10,13,8,12,11,13,15,13,11,12,12,15,12,11,91132870,Bundesliga,TSG 1899 Hoffenheim
Iker Losada,M/AM C,24,126,140,Spain,Real Hispalis,11,9,14,12,15,8,8,12,7,7,14,10,9,15,10,14,10,13,12,12,12,14,12,14,12,12,14,11,12,15,15,8,11,12,12,10,67278254,LaLiga,Real Betis
Jan Thielmann,M/AM RC,23,126,140,Germany,1. FC Köln,10,11,12,8,11,10,8,11,13,9,10,12,11,11,16,12,16,10,10,9,17,12,12,11,9,16,10,18,15,13,11,9,10,14,15,11,91185080,Bundesliga,1. FC Köln
Nathan Ngoumou,M/AM RL,25,126,140,"Cameroon,France",Borussia Mönchengladbach,10,12,13,10,12,8,11,9,6,7,10,10,8,13,11,12,11,10,9,10,12,14,4,12,7,11,10,13,16,14,12,11,10,17,11,11,49037694,Bundesliga,Borussia Mönchengladbach
Paul Akouokou,DM/M C,27,126,140,Ivory Coast,Olympique Lyonnais,7,7,10,7,11,8,13,9,11,13,11,9,15,12,14,14,14,14,13,12,10,11,10,8,14,14,9,14,13,11,13,13,15,14,15,15,33066648,Ligue 1,Olympique Lyonnais
Yannik Keitel,D/DM/M C,25,126,140,Germany,VfB Stuttgart,11,10,11,7,13,12,12,10,8,12,13,11,13,13,14,12,15,12,13,12,15,10,13,9,13,16,12,16,12,11,13,13,10,13,15,13,91179656,Bundesliga,VfB Stuttgart
Iván Romero,AM/ST RL,24,126,139,Spain,Levante,9,10,14,13,14,8,11,12,6,6,11,10,7,14,12,12,14,12,12,12,13,15,9,15,7,12,11,14,14,14,13,8,12,13,12,10,67295596,LaLiga,Levante
"Moussa Diarra(Alavés,Mali,France)",D LC,24,126,139,"Mali,France",Alavés,6,12,12,7,13,3,13,6,12,14,13,6,14,13,15,14,14,12,12,12,13,8,12,13,12,13,12,13,12,14,12,13,13,12,14,13,49044569,LaLiga,Alavés
Ki-Jana Hoever,D/WB RC,23,126,138,"Netherlands,Suriname",Wolverhampton Wanderers,6,13,13,8,13,11,11,9,7,11,12,8,12,13,11,12,10,13,12,12,10,10,8,13,11,11,12,14,14,14,13,12,12,12,13,11,37073593,Premier League,Wolverhampton Wanderers
Toluwalase Arokodare,ST ,24,126,138,Nigeria,Wolverhampton Wanderers,5,7,11,14,12,9,15,12,7,8,11,10,8,11,13,11,12,13,13,12,15,9,8,12,13,12,11,12,11,10,15,18,12,11,13,18,47102376,Premier League,Wolverhampton Wanderers
Emil Audero,GK ,28,126,136,"Indonesia,Italy",Como 1907,1,3,1,2,6,1,6,1,2,3,10,1,3,6,12,13,13,12,11,13,14,10,14,3,12,14,9,13,12,13,13,15,16,11,12,13,43152255,Serie A,Como 1907
Isaac Schmidt,D/WB RL,25,126,136,"Switzerland,Nigeria",Leeds United,8,11,13,8,13,6,7,12,12,10,11,8,12,13,14,12,13,12,10,12,12,14,7,13,10,12,11,14,14,13,12,8,12,14,14,11,84154310,Premier League,Leeds United
Ivan Smolčić,D RC,24,126,136,Croatia,Como 1907,5,10,9,7,11,6,12,5,19,13,11,7,15,11,14,13,16,11,13,12,14,6,15,9,12,17,9,16,11,11,15,11,14,12,16,15,24061267,Serie A,Como 1907
Noel Törnqvist,GK ,23,126,136,Sweden,Como 1907,5,1,2,2,6,7,5,3,2,1,8,3,2,7,9,12,15,13,14,13,14,2,6,3,13,12,7,11,10,13,12,16,10,10,11,12,93123680,Serie A,Como 1907
Stanley Nsoki,D LC,26,126,136,"France,Democratic Republic of Congo",TSG 1899 Hoffenheim,3,8,12,6,12,3,13,6,13,13,12,8,15,12,17,14,16,10,10,10,14,12,8,9,13,12,12,16,13,12,15,15,10,15,12,16,48043092,Bundesliga,TSG 1899 Hoffenheim
Adam Buksa,ST L,29,126,135,Poland,Udinese Calcio,7,9,12,14,13,9,15,12,7,7,11,16,8,13,13,13,12,14,13,13,15,13,10,13,10,13,11,14,10,12,13,15,13,10,13,14,96055358,Serie A,Udinese Calcio
Issa Kaboré,D/WB RL,24,126,135,Burkina Faso,Manchester City,10,12,13,7,11,10,11,8,12,11,10,10,13,11,16,11,13,10,9,9,13,13,6,12,11,12,9,13,16,13,12,12,12,16,13,13,13196665,Premier League,Manchester City
Mory Diaw,GK ,32,126,135,"Senegal,France",Havre AC,5,1,1,1,9,7,3,10,3,2,11,4,1,8,9,12,14,13,9,10,9,11,10,10,12,10,12,12,11,11,14,19,14,10,12,15,85057316,Ligue 1,Le Havre
Oussama El Azzouzi,DM/M C,24,126,135,"Morocco,Netherlands",Bologna FC 1909,8,10,12,9,12,7,13,8,8,10,12,8,15,13,14,14,15,13,13,11,12,11,11,16,12,15,13,13,13,15,12,14,14,13,13,11,37076232,Serie A,Bologna FC 1909
Warmed Omari,D C,25,126,135,"Comoros,France,Mayotte",Stade Rennais FC,5,7,10,6,12,6,12,7,8,13,13,11,13,12,14,13,15,13,12,13,13,8,10,9,13,13,13,12,13,11,14,15,10,15,11,14,49037825,Ligue 1,Stade Rennais FC
Chidozie Awaziem,D C,28,126,134,Nigeria,FC Nantes,7,8,10,7,10,6,11,8,8,14,12,9,13,11,16,13,16,10,11,11,13,6,10,11,13,13,11,13,13,12,12,15,14,14,14,15,84125462,Ligue 1,FC Nantes
Oriol Rey,DM/M C,27,126,134,Spain,Levante,7,8,10,8,13,7,13,11,7,14,13,8,13,13,13,13,13,13,14,14,13,11,12,7,14,14,12,15,12,12,13,11,14,12,14,14,67245415,LaLiga,Levante
Tete Morente,M/AM RLC,28,126,134,Spain,Unione Sportiva Lecce,7,13,14,12,12,10,12,11,10,7,12,10,5,14,12,14,8,11,11,11,13,12,8,13,9,12,10,14,14,13,11,14,15,14,13,11,67211699,Serie A,Unione Sportiva Lecce
Goduine Koyalipou,ST R,25,126,132,"Central African Republic,France",RC Lens,6,9,14,14,13,8,14,9,7,5,10,12,7,13,10,13,12,12,11,11,14,15,8,13,8,10,9,11,14,10,11,13,12,14,12,14,49037548,Ligue 1,RC Lens
Hong Hyun-Seok,M/AM C,26,126,132,South Korea,1. FSV Mainz 05,13,11,13,9,13,12,8,10,8,9,13,11,11,14,8,12,12,12,12,12,13,13,8,11,9,15,13,14,13,15,12,8,15,12,16,9,66042120,Bundesliga,1. FSV Mainz 05
Kevin Müller,GK ,34,126,132,Germany,1. FC Heidenheim 1846,5,3,2,2,8,8,8,3,1,3,8,3,1,8,16,12,15,11,14,12,16,5,16,4,14,16,9,16,8,13,12,16,18,9,11,16,92018187,Bundesliga,1. FC Heidenheim 1846
Lautaro Valenti,D LC,26,126,132,"Argentina,Italy",Parma Calcio 1913,4,12,11,6,12,9,14,12,6,13,13,10,14,11,16,13,14,13,9,12,15,13,10,8,13,13,10,13,13,12,11,15,16,13,14,14,14185196,Serie A,Parma Calcio 1913
Pontus Almqvist,AM RLC,26,126,132,Sweden,Parma Calcio 1913,10,10,14,10,13,11,8,11,6,6,12,8,8,13,13,11,12,10,11,11,15,15,5,14,8,12,11,12,16,15,9,11,12,15,12,8,93087462,Serie A,Parma Calcio 1913
Rayan Philippe,AM/ST RLC,24,126,132,France,Hamburger Sport-Verein,13,11,13,13,12,13,10,12,6,5,11,13,5,13,8,12,9,11,9,9,12,14,6,13,6,11,11,12,16,12,12,11,13,17,13,11,49045908,Bundesliga,Hamburger Sport-Verein
Stefano Sabelli,D/WB/M R,32,126,132,Italy,Genoa Cricket and Football Club,5,13,13,10,13,6,13,9,12,12,12,6,14,12,18,13,15,13,13,11,14,10,13,14,12,13,12,16,13,13,12,11,13,14,13,12,43093403,Serie A,Genoa Cricket and Football Club
Florian Sotoca,M/AM/ST RC,34,126,130,France,RC Lens,6,12,12,11,11,8,14,10,5,8,14,12,12,12,12,13,14,14,13,13,17,13,15,13,11,18,13,15,11,12,12,14,14,11,12,13,48032631,Ligue 1,RC Lens
Hauke Wahl,D C,31,126,130,Germany,FC St. Pauli,2,7,11,6,11,3,14,6,8,14,13,8,13,11,13,14,14,15,14,13,13,8,16,8,14,16,12,13,11,9,15,14,17,12,15,15,92064816,Bundesliga,FC St. Pauli
Horaţiu Moldovan,GK ,27,126,130,Romania,A. Madrid,4,3,3,3,5,7,4,1,3,1,6,4,3,5,10,12,12,13,13,12,14,3,13,2,13,9,8,12,12,13,10,13,10,10,10,12,57150378,LaLiga,A. Madrid
Josh Laurent,D/DM/M C,30,126,130,England,Burnley,9,11,12,10,13,8,11,10,15,12,13,6,12,12,13,13,14,13,12,11,15,12,13,13,13,16,12,16,13,13,12,13,18,12,12,13,28094200,Premier League,Burnley
Martin Frese,D/WB LC,27,126,130,Denmark,Hellas Verona FC,10,13,13,8,14,10,12,9,12,14,13,10,14,14,10,14,13,14,14,12,14,10,5,14,14,14,13,14,13,13,7,8,15,13,13,9,27107357,Serie A,Hellas Verona FC
Morgan Guilavogui,AM RL,27,126,130,"Guinea,France",RC Lens,8,10,12,11,11,12,13,11,8,9,11,13,11,12,16,13,16,11,10,10,15,13,7,13,9,13,10,16,14,12,12,15,14,15,12,13,50065275,Ligue 1,RC Lens
Omar Traoré,D/WB R,27,126,130,"Germany,Togo",1. FC Heidenheim 1846,7,13,13,8,11,7,11,11,13,11,11,10,13,12,15,13,14,11,12,11,13,13,6,12,11,13,10,14,15,12,12,13,12,16,14,12,91193999,Bundesliga,1. FC Heidenheim 1846
Tim Skarke,M/AM RL,28,126,130,Germany,1. FC Union Berlin,12,10,12,11,11,12,10,12,13,8,11,11,11,12,14,13,13,11,9,9,15,13,8,13,8,12,10,16,15,13,12,11,12,16,13,12,92074815,Bundesliga,1. FC Union Berlin
Matteo Bianchetti,D C,32,126,129,Italy,U.S. Cremonese,4,9,8,6,10,7,14,7,14,14,9,5,14,8,15,14,14,14,13,13,15,3,16,8,15,14,8,13,11,11,14,13,14,11,14,13,43055102,Serie A,Cremonese
Karol Mets,D C,32,126,128,Estonia,FC St. Pauli,3,6,8,6,11,4,13,6,13,14,13,10,12,11,16,12,14,13,13,12,16,7,14,8,15,14,12,12,11,9,15,16,14,14,12,16,47023240,Bundesliga,FC St. Pauli
Federico Gattoni,D C,26,126,127,"Argentina,Italy",Sevilla,6,6,11,10,13,6,14,8,6,14,12,10,14,14,11,12,11,13,13,12,11,11,9,8,14,12,11,14,11,13,12,12,13,13,14,13,14150772,LaLiga,Sevilla
Assan Ouédraogo,M/AM LC,19,125,-9,"Germany,Burkina Faso",RB Leipzig,8,9,15,10,14,10,12,13,8,8,13,12,10,15,11,12,11,11,10,11,15,16,10,12,9,12,12,12,13,15,12,14,8,13,13,11,2000188173,Bundesliga,RB Leipzig
Claudio Echeverri,M/AM LC,19,125,-9,Argentina,Manchester City,13,11,15,11,15,14,6,14,6,7,14,13,8,16,14,11,13,12,10,10,14,17,12,12,7,12,13,15,14,15,12,6,12,14,12,8,2000094152,Premier League,Manchester City
Giovanni Leoni,D C,18,125,-9,Italy,Liverpool,4,6,7,6,10,5,14,6,10,14,11,5,13,11,11,14,10,10,11,12,16,7,9,9,13,13,8,13,12,13,14,15,14,13,14,14,2000259904,Premier League,Liverpool
Julien Duranville,AM RL,19,125,-9,"Belgium,Ivory Coast,Democratic Republic of Congo",Borussia Dortmund,11,11,16,10,13,10,5,10,6,7,11,11,7,15,7,10,8,9,9,9,13,17,3,10,7,10,10,11,17,16,12,5,6,16,10,7,2000155483,Bundesliga,Borussia Dortmund
Marc Bernal,DM/M C,18,125,-9,Spain,Barcelona,6,7,12,10,14,9,11,12,6,10,14,9,11,14,11,12,11,15,12,14,14,14,8,12,13,14,14,12,11,12,13,14,14,12,13,14,2000295603,LaLiga,Barcelona
Ayden Heaven,D C,18,125,-85,England,Manchester United,5,6,10,5,13,5,12,3,10,13,13,6,14,12,8,13,12,13,11,11,7,5,7,6,13,12,8,13,14,13,14,14,15,15,14,13,2000301027,Premier League,Manchester United
Jeanuël Belocian,D/WB LC,20,125,-85,"France,Guadeloupe",Bayer 04 Leverkusen,6,11,12,6,13,6,12,8,13,13,13,8,13,13,13,12,14,13,13,12,14,12,8,10,13,13,12,15,13,12,13,13,11,15,13,13,2000115205,Bundesliga,Bayer 04 Leverkusen
Jhon Solís,DM/M C,20,125,-85,Colombia,Girona,5,9,11,9,12,8,12,10,6,11,14,8,12,13,11,14,13,12,12,13,12,8,9,11,13,13,12,14,13,12,13,14,14,13,15,14,2000040214,LaLiga,Girona
Juma Bah,D C,19,125,-85,Sierra Leone,Manchester City,5,5,6,6,7,6,14,7,5,13,10,7,13,8,18,12,15,13,13,11,13,5,11,7,13,13,10,13,14,13,14,16,16,15,15,16,2000399711,Premier League,Manchester City
Pau Cabanes,AM/ST L,20,125,-85,Spain,Villarreal,9,14,14,12,14,9,11,8,4,8,14,9,8,14,7,14,10,12,9,11,5,15,6,9,8,9,11,13,14,14,14,11,8,14,11,5,2000395140,LaLiga,Villarreal
Senny Mayulu,M/AM LC,19,125,-85,"France,Democratic Republic of Congo",Paris Saint-Germain,11,10,14,10,15,10,9,11,4,11,14,11,11,13,11,12,13,12,12,11,13,13,7,13,9,13,12,13,14,15,12,9,14,14,11,9,2000179713,Ligue 1,Paris Saint-Germain
Stefan Bajčetić,D/DM/M C,20,125,-85,"Spain,Serbia",Liverpool,3,7,13,6,14,7,12,6,6,13,13,7,14,14,13,14,13,14,13,13,15,9,5,10,13,15,11,14,14,14,14,11,11,13,12,11,2000082598,Premier League,Liverpool
Jonas Urbig,GK ,21,125,162,Germany,FC Bayern München,2,4,8,4,13,6,7,5,8,4,13,7,5,13,10,12,13,13,12,11,16,10,12,8,13,13,13,12,8,13,12,16,14,10,11,13,91207698,Bundesliga,FC Bayern München
"André Gomes(LOSC Lille,Portugal)",M C,32,125,161,Portugal,LOSC Lille,11,12,11,11,16,13,10,9,9,8,15,14,12,17,10,13,9,16,11,15,12,13,9,12,11,14,13,14,8,10,13,12,10,10,10,11,55027994,Ligue 1,LOSC Lille
Kosta Nedeljković,D/WB R,19,125,-8,Serbia,Aston Villa,10,12,12,6,11,8,8,8,14,12,11,8,12,11,12,11,14,10,11,10,16,11,7,12,12,13,10,15,15,13,12,10,12,17,14,12,2000178777,Premier League,Aston Villa
Orri Óskarsson,ST ,20,125,-8,Iceland,Real San Sebastián,5,7,13,14,13,10,11,10,5,6,13,11,5,14,14,13,13,14,13,12,14,13,6,13,8,15,12,14,12,12,13,14,13,13,14,11,39062838,LaLiga,Real Sociedad
Ezechiel Banzuzi,DM/M C,20,125,155,"Netherlands,Democratic Republic of Congo",RB Leipzig,6,8,14,8,12,8,13,10,8,11,12,11,13,13,16,11,15,11,11,11,16,15,10,12,12,13,11,16,13,13,14,16,15,13,15,14,2000144508,Bundesliga,RB Leipzig
Matteo Prati,DM/M C,21,125,155,Italy,Cagliari Calcio,7,11,12,9,13,7,13,13,8,10,14,12,13,14,11,15,12,12,14,12,13,9,8,12,14,13,14,12,12,13,12,12,15,13,13,12,2000021281,Serie A,Cagliari Calcio
Tom Rothe,D/WB LC,20,125,155,Germany,1. FC Union Berlin,13,16,12,8,12,12,14,10,15,11,12,11,13,13,13,12,13,11,10,10,15,12,10,12,11,13,12,15,12,10,13,16,15,13,15,13,2000146948,Bundesliga,1. FC Union Berlin
Tommy Doyle,DM/M C,23,125,155,England,Wolverhampton Wanderers,14,13,11,11,13,14,7,11,5,9,15,13,12,14,13,13,14,13,11,12,16,11,14,12,12,13,14,13,13,13,13,9,13,12,13,11,28120038,Premier League,Wolverhampton Wanderers
Mikayil Faye,D LC,21,125,153,Senegal,Stade Rennais FC,5,8,11,8,13,12,12,11,10,13,12,9,14,14,15,13,13,12,12,12,14,11,8,8,13,11,12,13,14,13,13,14,15,14,13,13,12088492,Ligue 1,Stade Rennais FC
"Aaron Ramsey(Burnley,England)",M/AM C,22,125,-75,England,Burnley,10,12,14,12,14,7,6,11,5,8,14,8,8,14,6,13,10,14,13,12,11,13,5,12,11,12,14,11,14,14,14,9,11,14,12,8,28127065,Premier League,Burnley
Azzedine Ounahi,DM/M/AM C,25,125,150,Morocco,Girona,8,11,15,8,15,7,11,7,3,10,15,9,11,16,7,12,10,13,10,10,9,15,7,12,12,11,14,12,13,15,11,11,12,13,13,9,49052370,LaLiga,Girona
Ilyas Ansah,AM/ST LC,20,125,150,"Germany,Ghana",1. FC Union Berlin,6,9,15,12,10,7,12,14,7,6,11,13,8,12,12,12,13,10,10,10,14,14,4,13,7,13,10,16,14,13,12,16,15,15,15,16,2000196762,Bundesliga,1. FC Union Berlin
Ollie Scarles,D/WB/DM LC,19,125,-75,England,West Ham United,11,12,12,11,14,10,6,7,10,10,13,8,15,12,15,14,11,13,11,12,13,10,14,12,12,11,12,12,13,12,12,12,5,13,12,8,2000183396,Premier League,West Ham United
Raúl De Tomás,ST ,30,125,150,"Spain,Dominican Republic",Vallecano,10,13,14,16,14,13,15,15,5,5,14,15,7,14,7,13,8,14,6,12,3,15,6,8,4,8,13,7,13,11,14,11,10,12,12,12,67156425,LaLiga,Rayo Vallecano
Soumaïla Coulibaly,D C,21,125,150,"France,Mali",RC Strasbourg Alsace,3,7,11,6,12,5,13,6,8,13,13,6,13,12,12,14,14,12,12,11,13,10,10,8,13,13,12,12,14,12,14,15,8,15,11,15,2000011613,Ligue 1,RC Strasbourg Alsace
Giovane,AM/ST RLC,21,125,149,Brazil,Hellas Verona FC,8,11,14,13,13,12,11,14,4,5,12,13,5,13,8,14,13,10,9,12,13,12,8,13,8,13,13,13,14,13,11,10,13,14,12,12,2000123485,Serie A,Hellas Verona FC
Joan Jordán,DM/M C,31,125,149,Spain,Sevilla,13,12,12,10,13,13,9,12,3,10,14,12,12,13,11,12,12,12,12,13,13,13,11,11,12,13,13,13,13,13,13,11,10,12,12,12,67187249,LaLiga,Sevilla
"Iker Muñoz(Atlético Pamplona,Spain,Pays Basque)",DM/M C,22,125,148,"Spain,Pays Basque",Atlético Pamplona,11,11,9,11,13,9,10,12,6,7,13,10,14,12,10,14,14,13,13,13,11,11,12,10,14,15,13,14,12,13,12,9,13,12,13,10,67288317,LaLiga,Osasuna
Luca Koleosho,M/AM/ST RLC,20,125,148,"Italy,Canada,United States",Burnley,9,10,12,8,10,8,6,7,6,5,11,8,6,11,8,12,15,11,10,9,14,13,7,12,9,11,12,14,16,15,12,8,14,16,10,11,2000061312,Premier League,Burnley
Muhammed Damar,M/AM RLC,21,125,148,"Germany,Türkiye",TSG 1899 Hoffenheim,14,12,15,12,15,15,7,13,6,7,13,13,8,16,13,12,10,12,10,12,12,16,6,12,7,11,13,11,13,13,12,10,13,13,14,11,2000146258,Bundesliga,TSG 1899 Hoffenheim
Tom Louchet,D/M RLC,22,125,148,France,OGC Nice,8,12,11,12,12,8,8,11,10,12,13,8,12,11,12,11,14,13,13,12,15,13,8,11,12,14,12,14,12,12,13,11,14,12,14,8,49062636,Ligue 1,OGC Nice
Nathan Ngoy,D C,22,125,147,"Belgium,Democratic Republic of Congo",LOSC Lille,4,4,12,11,13,7,14,12,9,14,13,5,12,14,13,14,14,13,11,11,11,13,9,9,13,13,12,13,13,13,13,11,12,14,12,16,18114991,Ligue 1,LOSC Lille
Aurèle Amenda,D C,22,125,146,"Switzerland,Cameroon",Eintracht Frankfurt,3,6,8,6,11,3,14,6,8,13,12,11,14,11,14,12,15,11,11,11,14,7,11,8,13,12,11,13,12,10,16,17,12,14,12,16,84161623,Bundesliga,Eintracht Frankfurt
Alessandro Bianco,DM/M C,22,125,145,Italy,ACF Fiorentina,9,9,12,8,13,9,10,11,10,13,14,9,13,15,9,14,14,12,12,12,13,10,10,11,12,15,13,14,13,13,11,9,12,14,14,12,43458331,Serie A,ACF Fiorentina
"Carlos Fernández(Real San Sebastián,Spain)",ST C,29,125,145,Spain,Real San Sebastián,7,11,12,14,13,8,14,11,6,6,13,12,7,14,11,13,11,12,13,13,14,13,11,14,6,13,13,12,12,11,11,14,10,12,13,13,67184485,LaLiga,Real Sociedad
Igor Matanović,ST ,22,125,145,"Croatia,Germany",Sport-Club Freiburg,3,8,12,14,12,12,14,9,6,5,11,13,6,13,14,13,16,13,12,12,15,13,8,12,6,13,11,16,12,12,15,16,12,13,13,15,2000072022,Bundesliga,Sport-Club Freiburg
Jonny,D/WB RL,31,125,145,Spain,Alavés,6,12,11,10,10,7,11,8,13,14,13,8,14,12,13,13,14,13,14,14,13,7,12,10,14,15,8,16,11,14,12,9,12,12,13,10,67144651,LaLiga,Alavés
Leander Dendoncker,DM/M C,30,125,145,Belgium,Oviedo,5,8,10,8,12,8,14,11,10,13,14,8,14,12,14,15,14,12,14,14,11,10,12,10,14,15,11,15,9,10,14,14,15,10,12,13,18057380,LaLiga,Oviedo
Jamil Siebert,D C,23,125,144,Germany,Unione Sportiva Lecce,2,8,11,6,10,3,13,7,12,13,11,7,14,10,16,13,16,10,12,11,16,8,13,8,13,12,10,16,12,10,15,16,10,12,12,17,91206955,Serie A,Unione Sportiva Lecce
Coba,M/AM RL,23,125,143,"Guinea-Bissau,Spain",Getafe,9,12,15,11,12,8,10,12,11,6,9,9,10,12,12,11,11,12,10,9,12,15,8,13,10,15,9,12,15,15,14,11,10,15,12,7,2000193127,LaLiga,Getafe
Pablo Campos,GK ,23,125,143,Spain,Levante,6,2,1,3,9,8,2,2,2,1,11,2,3,10,11,13,12,12,13,12,13,1,10,1,13,10,8,12,10,13,11,14,13,10,13,13,2000062888,LaLiga,Levante
Esteban Lepaul,ST C,25,125,142,France,Stade Rennais FC,10,10,12,14,14,12,14,12,4,6,12,11,6,14,11,15,13,12,12,12,15,11,10,13,7,12,12,13,13,14,11,12,15,13,14,11,49041153,Ligue 1,Stade Rennais FC
Joel Chima Fujita,DM/M C,23,125,142,"Japan,Nigeria",FC St. Pauli,8,8,12,7,12,6,7,9,8,12,12,8,15,12,15,15,16,12,13,12,16,12,8,11,13,16,12,17,13,13,12,8,16,12,14,12,45117151,Bundesliga,FC St. Pauli
Kevin Paredes,AM RL,22,125,142,"United States,Dominican Republic",VfL Wolfsburg,11,11,13,8,11,10,6,9,12,9,10,11,12,12,13,10,14,10,10,9,14,13,6,12,9,15,10,16,15,15,10,7,8,14,14,8,72056310,Bundesliga,VfL Wolfsburg
Tomáš Suslov,M/AM RLC,23,125,142,Slovakia,Hellas Verona FC,12,14,15,9,14,12,4,13,4,7,13,12,8,14,15,13,12,12,10,12,15,14,12,12,6,13,14,12,14,14,12,6,14,13,12,10,37076659,Serie A,Hellas Verona FC
Altay Bayındır,GK ,27,125,141,Türkiye,Manchester United,5,2,1,2,11,7,8,3,1,2,12,2,1,10,16,15,10,10,7,9,12,4,12,1,14,10,5,14,13,15,14,17,13,12,13,16,70099201,Premier League,Manchester United
Steve Mounié,ST ,30,125,141,"Benin,France",FC Augsburg,6,8,11,11,11,8,16,9,8,8,10,13,9,11,16,12,18,11,12,11,15,10,13,12,8,16,10,18,12,11,16,18,12,14,13,17,36514846,Bundesliga,FC Augsburg
Alban Lafont,GK ,26,125,140,"Ivory Coast,France,Burkina Faso",FC Nantes,2,3,1,1,11,1,3,1,1,3,12,2,2,10,7,12,12,12,11,12,14,7,13,1,14,11,11,10,10,14,13,16,15,11,13,13,48036990,Ligue 1,FC Nantes
Alessandro Zanoli,D/WB RC,24,125,140,Italy,Parthenope,8,13,10,6,12,7,11,7,5,12,11,7,13,12,9,13,11,10,11,12,10,6,7,13,12,13,8,13,14,13,14,12,14,14,14,14,43390940,Serie A,Napoli
Amin Sarr,AM/ST RL,24,125,140,"Sweden,Senegal,The Gambia",Hellas Verona FC,7,9,12,13,12,8,12,13,6,6,11,11,8,13,11,12,13,12,10,11,12,13,6,14,7,11,10,13,14,15,13,14,12,14,12,12,93122985,Serie A,Hellas Verona FC
Angelo Fulgini,M/AM C,28,125,140,"France,Ivory Coast",RC Lens,11,12,15,11,14,13,11,12,6,9,14,12,11,16,12,12,10,13,11,12,13,16,10,12,9,12,15,11,12,14,12,11,16,12,13,11,85133890,Ligue 1,RC Lens
Bamba Dieng,AM/ST L,25,125,140,Senegal,FC Lorient,6,10,13,12,12,7,11,10,5,6,11,10,7,14,8,13,14,13,11,11,13,14,10,12,8,12,11,13,16,14,13,9,13,15,13,11,12092876,Ligue 1,FC Lorient
Isaak Touré,D C,22,125,140,"France,Ivory Coast",FC Lorient,3,7,8,7,9,6,15,7,11,13,11,7,13,10,16,11,15,10,9,10,12,5,9,7,14,12,10,13,11,10,16,20,14,13,13,17,2000006106,Ligue 1,FC Lorient
Mërgim Berisha,ST C,27,125,140,"Germany,Kosovo",TSG 1899 Hoffenheim,13,11,12,13,14,15,12,12,7,7,12,13,8,14,16,13,13,13,12,12,16,14,11,12,8,12,13,15,12,12,13,12,8,13,11,13,16170434,Bundesliga,TSG 1899 Hoffenheim
Nicolás Valentini,D C,24,125,140,"Argentina,Italy",ACF Fiorentina,5,7,5,8,12,4,15,6,4,14,12,8,13,9,14,13,14,8,13,12,15,5,10,11,13,14,11,14,14,13,13,14,15,13,14,15,14241918,Serie A,ACF Fiorentina
Niels Nkounkou,D/WB L,24,125,140,"France,Congo",Eintracht Frankfurt,12,13,15,9,12,12,10,12,13,9,11,10,13,12,13,13,15,11,9,10,13,15,4,13,9,11,11,12,16,14,12,12,15,15,13,11,49046391,Bundesliga,Eintracht Frankfurt
Dennis Geiger,DM/M C,27,125,139,Germany,TSG 1899 Hoffenheim,14,12,11,7,14,14,7,11,6,12,14,12,13,14,17,13,16,13,12,12,16,12,12,10,13,16,13,16,12,14,12,7,6,10,14,10,91143563,Bundesliga,TSG 1899 Hoffenheim
Hugo Bueno,D/WB/M L,22,125,139,Spain,Wolverhampton Wanderers,11,14,13,9,10,11,10,10,3,12,13,5,10,13,15,12,13,13,11,12,15,14,8,13,11,12,12,15,13,14,14,10,13,14,14,11,28127371,Premier League,Wolverhampton Wanderers
Jesper Karlsson,AM RLC,27,125,139,Sweden,Bologna FC 1909,13,13,14,12,15,14,8,15,5,6,13,14,6,15,8,12,12,14,12,11,13,17,6,14,6,12,12,9,14,14,10,7,7,13,12,7,93070929,Serie A,Bologna FC 1909
Stefano Turati,GK ,23,125,139,Italy,U.S. Sassuolo Calcio,2,1,1,3,13,1,9,2,6,3,11,3,3,13,10,12,14,10,11,11,15,4,13,8,12,13,10,14,11,12,11,13,12,12,13,12,43378804,Serie A,Sassuolo
Yassin Belkhdim,M/AM C,23,125,139,"France,Morocco",Angers SCO,11,10,12,10,13,9,9,11,5,10,13,10,11,13,13,12,15,12,12,12,13,12,9,14,12,14,12,14,13,14,13,8,16,12,16,12,2000009119,Ligue 1,Angers SCO
"Boubacar Traoré(Wolverhampton Wanderers,Mali)",DM/M C,23,125,138,Mali,Wolverhampton Wanderers,8,6,12,8,13,8,11,13,9,11,14,12,11,12,13,14,14,13,13,14,11,10,10,14,11,12,14,15,12,14,13,13,13,12,13,13,12083693,Premier League,Wolverhampton Wanderers
Florian Kainz,AM LC,32,125,138,Austria,1. FC Köln,15,16,12,10,14,14,7,10,14,8,14,16,8,14,14,12,9,13,11,12,12,15,13,12,8,12,14,12,12,14,11,8,12,12,13,8,16042540,Bundesliga,1. FC Köln
Jordy Makengo,D/WB LC,24,125,138,"France,Democratic Republic of Congo",Sport-Club Freiburg,6,12,12,6,11,6,12,7,14,13,12,7,13,11,14,12,14,11,12,11,14,12,7,11,12,14,11,15,14,12,15,15,13,15,14,15,2000028585,Bundesliga,Sport-Club Freiburg
Abdel Rahim Alhassane,D L,23,125,137,"Niger,Nigeria",Oviedo,8,14,13,11,11,8,13,11,11,15,13,8,13,12,7,13,9,10,13,12,12,10,8,13,12,13,10,14,14,15,10,10,14,15,15,11,2000131530,LaLiga,Oviedo
Caleb Ekuban,AM/ST RC,31,125,137,"Ghana,Italy",Genoa Cricket and Football Club,4,12,14,12,12,4,13,8,3,4,13,14,4,13,14,12,13,11,12,12,11,10,10,13,4,14,12,16,14,13,13,14,15,15,13,14,43068478,Serie A,Genoa Cricket and Football Club
Matías Dituro,GK ,38,125,137,"Argentina,Italy,Chile",Elche,4,3,1,1,12,9,8,1,2,3,12,13,1,10,5,13,12,16,16,14,15,1,12,2,13,12,5,10,9,11,12,13,11,9,10,12,77016093,LaLiga,Elche
Ransford Königsdörffer,AM/ST RLC,23,125,137,"Ghana,Germany",Hamburger Sport-Verein,6,10,13,12,11,11,13,12,13,8,10,12,8,12,14,12,12,10,9,10,12,13,3,13,8,12,9,13,15,12,12,12,12,15,12,12,91205184,Bundesliga,Hamburger Sport-Verein
Robert Glatzel,ST ,31,125,137,"Germany,Eritrea",Hamburger Sport-Verein,3,7,12,13,12,8,16,12,8,6,12,12,7,12,13,13,16,12,12,12,16,12,14,12,7,13,11,13,11,10,16,16,12,12,12,16,91124152,Bundesliga,Hamburger Sport-Verein
Dani Calvo,D C,31,125,136,Spain,Oviedo,7,6,5,4,10,8,15,9,8,13,11,2,14,10,10,12,11,13,12,12,13,4,14,13,14,13,9,14,12,11,12,15,12,12,14,14,67218464,LaLiga,Oviedo
Josué Casimir,M/AM RL,23,125,136,"Haiti,France,Guadeloupe",AJ Auxerre,7,14,12,11,12,8,8,11,6,12,12,10,9,12,7,11,14,12,10,8,14,12,6,12,6,15,11,14,15,14,13,9,15,15,14,15,49048598,Ligue 1,AJ Auxerre
Kevin Akpoguma,D RC,30,125,136,"Nigeria,Germany",TSG 1899 Hoffenheim,6,10,12,6,11,6,13,7,15,13,12,10,16,11,16,12,16,11,10,10,15,10,12,10,12,15,11,16,13,11,14,15,12,15,13,14,91109389,Bundesliga,TSG 1899 Hoffenheim
Adrián De la Fuente,D RC,26,125,135,Spain,Levante,7,9,9,8,12,13,14,11,9,13,13,11,14,12,14,13,14,12,14,13,13,9,14,7,13,14,12,13,12,11,12,12,14,12,14,13,67258573,LaLiga,Levante
Aurélio Buta,D/WB R,28,125,135,"Portugal,Angola",Eintracht Frankfurt,8,12,12,7,12,7,11,8,13,11,11,7,13,12,13,12,13,11,11,11,13,12,7,13,11,12,11,14,15,15,12,10,11,15,14,11,55070291,Bundesliga,Eintracht Frankfurt
Junior Adamu,ST ,24,125,135,Austria,Sport-Club Freiburg,8,9,13,10,11,8,12,12,6,7,10,13,9,11,15,11,15,10,9,10,13,12,6,12,8,15,9,16,15,14,12,12,12,14,16,12,16202374,Bundesliga,Sport-Club Freiburg
Lennard Maloney,DM/M C,25,125,135,"United States,Germany",1. FSV Mainz 05,3,7,8,6,10,3,13,7,14,13,11,6,14,10,16,14,16,10,16,12,19,7,14,8,13,18,11,19,11,10,15,15,16,13,17,16,92092364,Bundesliga,1. FSV Mainz 05
Mohamed Bayo,AM/ST RL,27,125,135,"Guinea,France",LOSC Lille,8,11,12,14,11,10,13,8,9,8,12,13,7,13,10,13,13,15,13,13,10,12,11,13,6,10,10,12,12,11,14,14,14,13,13,15,49038311,Ligue 1,LOSC Lille
Simone Scuffet,GK ,29,125,135,Italy,Pisa Sporting Club,2,1,2,1,5,2,5,3,2,1,12,3,1,8,8,12,14,14,13,11,18,6,12,4,14,13,10,12,10,13,14,15,15,10,13,13,43094163,Serie A,Pisa Sporting Club
Karl Darlow,GK ,34,125,134,"Wales,England",Leeds United,3,3,1,1,8,6,7,3,1,1,8,3,1,8,8,13,13,13,12,12,13,3,9,1,16,12,6,16,9,14,13,14,13,8,10,13,29021698,Premier League,Leeds United
Mike Trésor,AM LC,26,125,134,"Belgium,Burundi,Rwanda",Burnley,13,15,14,13,13,14,9,11,6,7,13,14,7,14,9,12,15,13,13,13,13,14,9,13,12,13,13,12,14,14,11,9,12,13,13,12,18101818,Premier League,Burnley
Derek Cornelius,D LC,27,125,133,"Canada,Jamaica",Olympique de Marseille,8,11,9,8,12,12,15,10,12,13,12,10,14,11,14,13,14,14,12,12,14,11,13,11,12,13,11,12,11,11,12,15,14,13,12,15,62206980,Ligue 1,Olympique de Marseille
Lameck Banda,AM RLC,24,125,133,Zambia,Unione Sportiva Lecce,7,12,16,10,13,9,6,8,7,7,11,10,6,14,13,11,10,9,9,9,14,14,8,14,8,9,9,10,16,15,14,9,12,16,12,9,13205265,Serie A,Unione Sportiva Lecce
Oliver Christensen,GK ,26,125,133,Denmark,ACF Fiorentina,3,2,3,2,10,1,7,9,11,6,11,3,7,10,13,11,15,13,12,11,16,5,12,1,13,11,10,13,10,15,12,16,14,11,10,10,27137069,Serie A,ACF Fiorentina
Budu Zivzivadze,ST ,31,125,132,Georgia,1. FC Heidenheim 1846,6,7,12,14,12,8,12,9,6,6,10,10,7,12,13,16,12,13,12,12,13,13,11,13,6,11,11,13,12,12,13,13,16,13,11,13,59063380,Bundesliga,1. FC Heidenheim 1846
Marvin Pieringer,ST C,25,125,132,Germany,1. FC Heidenheim 1846,4,8,11,12,12,7,13,10,6,8,12,13,9,12,16,13,16,12,12,12,16,12,11,12,8,16,12,16,12,12,15,16,15,14,15,15,91190216,Bundesliga,1. FC Heidenheim 1846
Mads Pedersen,D/WB L,28,125,131,Denmark,FC Augsburg,11,12,12,6,12,10,8,7,16,12,11,6,14,12,16,12,15,11,12,11,14,12,12,11,12,16,10,15,15,13,12,8,13,14,14,11,27088224,Bundesliga,FC Augsburg
Alberto Grassi,DM/M C,30,125,130,Italy,U.S. Cremonese,5,10,10,7,12,7,12,10,6,11,13,11,13,13,12,14,15,13,14,13,15,14,10,12,14,15,13,15,12,12,14,12,13,12,13,12,43081383,Serie A,Cremonese
Alessandro Deiola,M C,30,125,130,Italy,Cagliari Calcio,11,11,11,10,11,8,14,13,12,12,11,7,12,11,12,12,12,12,12,12,10,10,12,13,13,14,12,13,12,12,13,15,12,15,15,15,43093890,Serie A,Cagliari Calcio
Antoine Bernede,M C,26,125,130,"France,Cameroon",Hellas Verona FC,8,8,12,7,14,6,8,9,5,12,14,6,12,14,10,13,13,13,12,14,13,6,11,13,12,13,13,13,13,14,13,10,12,13,14,12,48031590,Serie A,Hellas Verona FC
Charles Pickel,DM/M C,28,125,130,"Democratic Republic of Congo,Switzerland",Espanyol,7,9,8,9,11,9,13,10,10,13,11,8,15,12,17,14,15,10,12,12,15,8,13,12,14,15,10,14,13,12,12,13,15,12,15,14,98033713,LaLiga,Espanyol
Danel Sinani,AM RLC,28,125,130,"Luxembourg,Kosovo",FC St. Pauli,15,12,13,10,14,15,6,12,6,8,13,15,8,15,13,11,12,12,10,11,13,15,11,10,8,15,13,15,12,12,12,10,12,13,16,11,29198448,Bundesliga,FC St. Pauli
Federico Bonazzoli,ST ,28,125,130,Italy,U.S. Cremonese,12,12,13,13,14,12,12,13,8,5,13,14,10,14,12,14,12,13,10,12,10,13,7,12,8,10,13,12,13,13,14,13,15,13,14,11,43143486,Serie A,Cremonese
Ionuţ Radu,GK ,28,125,130,Romania,Vigo,3,2,2,3,8,1,5,3,2,2,9,8,3,8,10,12,12,11,12,9,13,3,11,5,13,12,9,14,13,13,15,14,14,13,15,12,43134973,LaLiga,Celta
Lassine Sinayoko,AM/ST R,25,125,130,"Mali,France",AJ Auxerre,8,12,13,11,13,10,12,10,5,6,13,11,6,13,10,10,13,12,12,12,13,12,11,13,7,12,12,13,14,14,12,12,14,15,13,14,49049339,Ligue 1,AJ Auxerre
Arnaud Bodart,GK ,27,125,129,Belgium,LOSC Lille,3,1,3,2,9,7,7,2,1,1,10,2,2,11,11,11,14,12,13,13,12,12,11,3,12,12,12,11,13,13,10,12,13,12,11,11,18089257,Ligue 1,LOSC Lille
Filippo Romagna,D C,28,125,129,Italy,U.S. Sassuolo Calcio,4,4,6,4,11,3,13,4,10,15,13,4,14,9,12,14,12,14,14,13,14,10,14,7,14,13,8,13,12,12,13,13,11,12,14,13,43152269,Serie A,Sassuolo
Jordan Torunarigha,D C,27,125,129,"Nigeria,Germany",Hamburger Sport-Verein,3,10,12,7,11,4,13,8,13,13,12,11,15,12,16,13,16,12,10,11,15,12,12,10,12,11,12,13,12,10,15,16,8,15,11,15,91137260,Bundesliga,Hamburger Sport-Verein
Martijn Kaars,ST C,26,125,128,Netherlands,FC St. Pauli,12,11,11,13,11,12,11,12,6,7,11,12,8,11,15,13,16,11,10,11,16,11,13,13,8,16,11,18,15,12,12,11,18,15,16,11,37063647,Bundesliga,FC St. Pauli
Luke O'Nien,D/DM/M C,30,125,125,"England,Singapore",Sunderland,7,9,10,10,12,7,14,7,3,13,14,8,13,11,14,14,16,14,13,10,15,9,15,10,14,15,10,15,11,10,11,11,17,12,15,12,29084738,Premier League,Sunderland
Mikey Moore,AM RLC,17,124,-9,"England,Wales",Tottenham Hotspur,4,11,15,13,15,5,4,6,2,5,12,5,4,14,6,9,7,11,10,12,10,13,4,12,4,14,14,13,15,11,10,11,6,14,12,13,2000298715,Premier League,Tottenham Hotspur
Vitor Reis,D C,19,124,-85,Brazil,Manchester City,6,9,9,7,11,6,13,7,7,13,11,7,12,11,10,12,12,13,12,12,3,7,9,7,14,15,9,13,13,13,12,13,17,13,15,13,2000221609,Premier League,Manchester City
"Jair(Nottingham Forest,Brazil)",D C,20,124,-8,Brazil,Nottingham Forest,8,8,8,5,10,6,15,5,12,13,11,10,15,13,13,13,10,10,12,12,14,9,13,12,14,12,13,12,12,12,11,18,11,13,12,12,2000158356,Premier League,Nottingham Forest
Max Aarons,D/WB R,25,124,160,"England,Jamaica",AFC Bournemouth,4,9,14,5,12,6,9,7,6,11,12,5,14,14,8,11,11,15,12,12,17,11,6,11,13,15,12,15,14,14,14,7,15,14,14,10,29173977,Premier League,AFC Bournemouth
Tim Iroegbunam,M C,22,124,-8,"England,Nigeria",Everton,10,9,13,8,13,9,7,13,6,11,13,7,13,14,12,12,12,14,11,11,13,14,6,13,10,11,12,13,14,13,14,13,15,13,13,14,292380027,Premier League,Everton
Soungoutou Magassa,D/DM C,21,124,156,"France,Mali",West Ham United,10,11,10,7,12,7,14,11,6,13,13,8,12,11,14,13,12,12,12,12,13,10,10,12,13,12,11,13,12,12,13,14,12,12,13,14,2000031536,Premier League,West Ham United
Cenk Özkacar,D C,24,124,154,Türkiye,Valencia,3,6,11,6,11,4,13,6,8,14,11,8,14,11,16,14,16,12,12,12,15,7,12,8,12,13,10,16,12,10,14,15,12,13,12,16,70118933,LaLiga,Valencia
Toby Collyer,DM/M C,21,124,152,England,Manchester United,10,9,10,8,13,7,10,6,8,9,13,9,12,13,14,12,12,12,11,12,20,8,8,10,13,15,11,16,13,13,12,13,15,14,17,12,2000010840,Premier League,Manchester United
Obed Nkambadio,GK ,22,124,149,"France,Democratic Republic of Congo",Paris FC,2,1,3,1,10,7,10,2,3,3,12,3,1,10,7,12,16,13,13,11,15,1,8,1,10,12,10,11,13,13,9,15,15,12,12,14,2000006104,Ligue 1,Paris FC
Aïssa Mandi,D RLC,33,124,148,"Algeria,France",LOSC Lille,6,13,11,5,12,6,12,5,12,13,14,6,13,12,15,13,16,12,12,12,16,7,12,12,14,14,13,14,12,11,14,13,15,12,13,14,85079680,Ligue 1,LOSC Lille
Christian Kabasele,D C,34,124,145,"Belgium,Democratic Republic of Congo",Udinese Calcio,6,8,7,10,11,8,14,12,14,13,10,9,13,10,13,13,14,12,9,11,14,8,10,10,13,13,8,14,13,11,15,15,16,14,14,14,18023431,Serie A,Udinese Calcio
Patrick Roberts,AM RLC,28,124,145,England,Sunderland,13,12,16,9,15,13,5,13,4,7,13,14,7,15,8,13,9,13,9,11,12,16,8,14,9,8,13,11,14,15,14,6,15,12,12,8,28087595,Premier League,Sunderland
Illan Meslier,GK ,25,124,143,France,Leeds United,3,1,1,3,10,6,9,1,2,1,10,3,1,12,12,13,14,13,12,11,12,6,8,4,12,12,10,12,9,16,12,17,15,9,13,8,49040115,Premier League,Leeds United
Radosław Majecki,GK ,25,124,141,Poland,AS Monaco,3,1,2,1,12,7,9,3,1,3,11,3,3,10,4,13,12,14,14,12,14,6,8,8,13,12,8,13,9,13,14,15,14,8,12,14,96093498,Ligue 1,AS Monaco
Àlex Sala,DM/M C,24,124,140,Spain,Unione Sportiva Lecce,12,11,12,7,14,13,10,11,7,11,13,11,12,13,12,13,11,14,13,13,14,11,9,12,12,14,13,13,12,13,13,11,15,14,12,13,67279756,Serie A,Unione Sportiva Lecce
Jacob Ondrejka,AM RLC,22,124,140,"Sweden,Slovakia",Parma Calcio 1913,12,11,14,13,13,13,7,13,4,6,11,9,6,14,11,11,12,12,12,12,14,14,6,12,9,12,12,11,15,13,12,7,12,14,12,9,93123174,Serie A,Parma Calcio 1913
"Ousmane Camara(Angers SCO,France)",D/DM C,22,124,140,France,Angers SCO,7,8,11,5,12,5,16,5,7,13,13,6,13,11,11,12,13,11,11,12,14,10,7,11,13,13,11,13,11,9,13,18,14,11,14,15,2000066137,Ligue 1,Angers SCO
Pablo Pagis,AM/ST RL,22,124,140,France,FC Lorient,13,12,13,12,12,14,8,15,7,7,13,10,9,15,7,10,12,13,12,10,12,15,7,10,8,13,13,13,14,13,12,10,13,13,12,10,49059201,Ligue 1,FC Lorient
Oliver Sørensen,DM/M C,23,124,139,Denmark,Parma Calcio 1913,12,10,10,10,12,8,9,8,7,11,12,11,12,13,13,15,16,13,14,13,17,8,12,12,12,14,12,14,12,12,12,14,15,13,15,12,27139791,Serie A,Parma Calcio 1913
Alessandro Sersanti,M RC,23,124,137,Italy,Juventus,9,12,13,11,13,8,10,11,10,10,13,9,12,13,11,11,11,11,11,13,13,7,8,13,13,14,10,14,13,14,12,10,15,15,15,12,43425924,Serie A,Juventus
Iván Villar,GK ,28,124,136,Spain,Vigo,1,3,1,1,10,2,3,1,1,1,11,5,1,9,10,14,10,13,17,13,12,9,9,3,13,11,9,12,14,15,12,12,13,12,12,11,67191440,LaLiga,Celta
Lucas Pires,D/WB RL,24,124,135,Brazil,Burnley,10,15,14,10,11,10,10,11,10,9,11,7,10,14,6,11,9,11,11,11,11,12,5,14,12,12,13,12,14,13,12,11,13,13,14,10,19335371,Premier League,Burnley
Konan N'Dri,AM RLC,24,124,134,Ivory Coast,Unione Sportiva Lecce,9,12,14,11,12,4,8,12,6,5,12,7,7,14,11,11,12,11,11,10,12,15,9,14,9,10,12,12,16,14,12,7,13,14,12,10,12078951,Serie A,Unione Sportiva Lecce
Paul Joly,D/WB R,25,124,134,France,AJ Auxerre,12,15,12,7,12,10,11,8,13,12,12,7,13,12,12,14,14,12,12,11,13,11,8,13,12,12,12,14,13,11,12,12,13,13,15,13,49054998,Ligue 1,AJ Auxerre
Unai Eguíluz,D C,23,124,134,"Spain,Pays Basque",A. Bilbao,7,7,8,9,11,7,14,7,8,14,10,8,13,11,15,15,13,14,12,11,14,6,9,8,14,13,8,13,14,14,8,12,8,13,13,14,2000066197,LaLiga,A. Bilbao
Răzvan Sava,GK ,23,124,133,Romania,Udinese Calcio,1,1,2,3,7,1,7,2,1,1,9,2,3,7,10,13,11,12,12,12,13,6,8,1,13,11,8,11,12,12,13,14,14,12,8,13,57187440,Serie A,Udinese Calcio
Sinaly Diomandé,D C,24,124,133,Ivory Coast,AJ Auxerre,6,8,9,7,11,8,15,8,11,13,13,8,14,12,14,14,14,12,12,11,14,11,10,10,12,14,11,15,12,11,14,14,13,13,13,15,49062672,Ligue 1,AJ Auxerre
Ayumu Seko,D/DM C,25,124,132,Japan,Havre AC,5,5,8,6,9,6,13,6,7,13,12,9,14,9,14,15,12,13,14,13,13,7,11,6,12,13,9,12,12,14,12,13,14,13,13,14,45104573,Ligue 1,Le Havre
Carlos Benavídez,DM/M C,27,124,132,"Uruguay,Italy",Alavés,7,9,10,10,12,10,14,10,8,12,11,9,12,11,18,12,16,11,13,11,13,12,14,14,14,15,12,16,11,11,13,13,13,13,15,14,78081773,LaLiga,Alavés
Facundo Garcés,D C,25,124,132,"Malaysia,Argentina",Alavés,7,6,6,5,8,6,16,6,6,14,7,9,13,7,13,14,15,12,15,12,13,5,13,8,14,14,7,13,12,12,13,12,13,11,13,16,14187538,LaLiga,Alavés
Carlens Arcus,D/WB R,29,124,130,Haiti,Angers SCO,8,12,11,7,13,7,10,7,13,11,13,9,13,11,12,11,13,11,12,11,10,8,8,13,11,14,12,14,14,13,12,12,15,15,15,13,19165169,Ligue 1,Angers SCO
Dennis Johnsen,M/AM RL,27,124,130,Norway,U.S. Cremonese,8,12,15,8,14,11,8,11,5,4,12,12,7,15,10,8,9,8,8,8,13,14,6,14,5,10,11,10,15,15,12,8,11,15,13,11,53116120,Serie A,Cremonese
Frank Magri,AM/ST R,25,124,130,"Cameroon,France",Toulouse FC,8,10,14,13,13,8,12,11,4,7,13,11,6,13,11,12,13,13,12,11,14,12,11,12,8,13,12,13,13,14,14,12,13,13,14,13,48043837,Ligue 1,Toulouse FC
Jessy Deminguet,DM/M C,27,124,130,France,FC Metz,14,11,14,8,14,15,5,12,5,10,15,12,10,14,10,13,12,15,14,13,13,13,12,11,10,15,14,15,13,13,11,7,14,13,13,11,85144985,Ligue 1,FC Metz
Jordan Lefort,D LC,31,124,130,France,Angers SCO,7,13,10,7,13,7,13,10,13,13,12,10,13,11,14,13,15,12,13,13,14,6,10,11,12,13,10,13,11,12,13,13,13,12,15,13,85072878,Ligue 1,Angers SCO
Lilian Raolisoa,D/WB R,25,124,130,"France,Madagascar,Martinique",Angers SCO,6,13,11,8,13,12,10,11,5,12,13,6,13,13,13,12,13,12,12,12,13,11,7,13,13,13,12,14,14,14,13,10,12,13,13,13,49053847,Ligue 1,Angers SCO
Toni Lato,D/WB L,27,124,130,Spain,Mallorca,10,12,13,10,12,8,8,7,10,12,13,7,13,12,12,12,12,10,12,12,12,12,8,12,12,13,12,15,14,14,12,7,14,14,14,9,67203459,LaLiga,Mallorca
Federico Ravaglia,GK ,25,124,129,Italy,Bologna FC 1909,1,1,1,1,12,2,5,1,3,3,11,4,3,12,12,15,12,12,12,9,13,7,10,2,14,11,11,10,12,14,13,14,12,12,14,14,43272011,Serie A,Bologna FC 1909
Vincent Marchetti,DM/M C,28,124,129,France,Paris FC,6,12,12,10,13,11,11,12,5,12,13,9,12,13,10,12,13,12,12,13,14,12,13,12,13,13,12,13,12,14,12,11,11,11,14,14,48032430,Ligue 1,Paris FC
Youssef Maleh,M/AM LC,26,124,129,"Morocco,Italy",Unione Sportiva Lecce,10,9,13,11,13,8,7,11,4,11,12,11,12,13,14,15,13,10,13,13,14,10,10,14,14,15,13,13,13,13,13,8,12,13,13,12,43193946,Serie A,Unione Sportiva Lecce
Cheikh Sabaly,M/AM/ST RL,26,124,128,Senegal,FC Metz,9,11,13,13,11,5,11,10,7,7,12,11,8,12,11,12,14,13,12,12,12,12,8,15,9,13,13,14,15,13,13,6,14,13,13,11,12075128,Ligue 1,FC Metz
Raúl Fernández,GK ,37,124,128,"Spain,Pays Basque",Alavés,6,1,1,1,7,7,1,1,3,2,10,3,1,10,7,11,12,9,12,13,13,2,11,3,13,10,8,9,10,12,11,14,10,10,12,13,67018270,LaLiga,Alavés
Jean-Philippe Krasso,AM/ST C,28,124,126,"Ivory Coast,France",Paris FC,12,12,14,13,14,12,12,11,6,7,13,13,7,14,8,12,10,13,13,12,14,14,10,12,13,12,13,12,11,12,14,13,14,12,13,13,48036255,Ligue 1,Paris FC
Václav Hladký,GK ,34,124,126,Czechia,Burnley,2,2,3,2,13,3,3,2,6,7,15,5,6,8,9,12,15,13,13,12,15,11,14,5,13,10,11,7,12,13,10,12,15,12,7,12,25017111,Premier League,Burnley
Hervé Koffi,GK ,28,124,124,"Burkina Faso,Ivory Coast",RC Lens,5,2,3,2,10,9,7,3,2,3,10,2,2,9,12,13,14,12,11,12,11,3,11,2,12,12,10,13,12,14,13,12,14,12,12,13,13175645,Ligue 1,RC Lens
Saïd El Mala,M/AM RLC,18,123,-9,"Germany,Syria",1. FC Köln,11,11,17,11,14,11,8,12,6,7,11,12,8,15,13,11,12,10,9,9,16,17,4,11,7,11,10,13,14,13,13,13,12,15,12,12,2000288527,Bundesliga,1. FC Köln
Bence Dárdai,DM/M/AM C,19,123,-85,"Hungary,Germany",VfL Wolfsburg,13,12,12,8,16,14,8,13,6,9,14,13,11,16,13,12,12,13,12,12,14,13,10,11,10,14,13,13,12,12,12,13,12,12,15,11,2000215183,Bundesliga,VfL Wolfsburg
Gabriel Moscardo,DM C,19,123,-85,Brazil,Paris Saint-Germain,8,8,11,10,13,6,14,11,7,12,13,8,13,11,13,13,13,13,13,12,15,11,11,10,13,13,12,14,13,13,12,14,14,13,13,12,2000208439,Ligue 1,Paris Saint-Germain
Trey Nyoni,DM/M/AM C,18,123,-85,"England,Zimbabwe",Liverpool,8,8,12,8,15,8,6,9,3,6,15,7,8,15,11,13,7,15,13,13,13,12,5,13,8,13,13,13,13,16,13,7,10,13,12,8,2000261214,Premier League,Liverpool
Alan Matturro,D/WB LC,20,123,-8,"Uruguay,Italy",Genoa Cricket and Football Club,7,14,12,9,13,7,14,13,12,14,14,8,14,12,14,12,12,9,11,12,12,9,13,11,12,12,12,12,13,10,13,13,14,12,13,13,2000009463,Serie A,Genoa Cricket and Football Club
Arthur Avom Ebong,M C,20,123,-8,Cameroon,FC Lorient,11,12,14,8,13,10,11,10,6,8,14,12,13,13,10,14,15,14,13,12,14,12,8,12,8,14,14,15,13,14,14,12,14,13,14,11,2000224667,Ligue 1,FC Lorient
Max Alleyne,D C,20,123,-8,"England,Barbados",Manchester City,8,5,8,10,14,4,15,7,10,15,13,9,15,14,15,14,15,11,12,15,9,8,12,10,13,10,13,12,10,12,12,13,6,12,8,8,2000112986,Premier League,Manchester City
Lorenzo Amatucci,DM/M C,21,123,155,Italy,ACF Fiorentina,12,11,14,7,14,8,6,9,6,10,13,8,13,13,13,13,14,13,14,13,15,14,9,12,13,15,14,15,13,13,14,6,12,13,13,8,2000025303,Serie A,ACF Fiorentina
Carl Rushworth,GK ,24,123,154,England,Brighton & Hove Albion,5,1,1,1,9,8,6,1,1,1,9,3,2,9,9,13,13,11,13,9,17,3,9,3,15,13,9,11,11,14,12,14,12,10,11,12,89065344,Premier League,Brighton & Hove Albion
Robin Risser,GK ,20,123,-75,France,RC Lens,4,2,1,1,11,8,3,2,1,3,13,2,3,9,10,12,12,13,12,11,13,2,9,2,11,12,11,10,9,13,12,16,12,10,11,15,2000101844,Ligue 1,RC Lens
Umut Tohumcu,DM/M C,20,123,150,"Germany,Türkiye",TSG 1899 Hoffenheim,14,12,12,9,14,14,6,13,6,11,14,13,11,14,14,11,13,12,12,12,15,12,13,9,11,14,12,13,12,13,12,8,12,13,14,10,2000069208,Bundesliga,TSG 1899 Hoffenheim
Aaron Zehnter,D/WB L,20,123,148,Germany,VfL Wolfsburg,15,16,11,8,13,13,8,10,13,10,13,11,11,13,12,13,12,12,12,12,13,12,6,13,10,12,13,13,13,13,12,10,14,13,15,10,2000178883,Bundesliga,VfL Wolfsburg
Abakar Sylla,D C,22,123,148,Ivory Coast,RC Strasbourg Alsace,6,6,12,8,12,8,14,9,9,13,11,8,13,12,18,11,16,10,7,9,12,11,17,12,12,14,8,14,14,14,15,15,15,15,14,15,12094339,Ligue 1,RC Strasbourg Alsace
Aljoscha Kemlein,DM/M C,21,123,148,Germany,1. FC Union Berlin,12,11,10,8,12,12,12,12,6,12,12,12,13,12,15,12,15,12,13,12,16,10,13,11,12,17,12,16,11,11,13,12,15,12,17,13,2000154161,Bundesliga,1. FC Union Berlin
Peter Federico,AM RL,23,123,147,"Dominican Republic,Spain",Getafe,12,12,14,10,13,10,7,9,9,5,12,6,6,13,12,13,10,8,9,11,9,13,8,14,8,12,12,13,14,14,13,9,15,14,12,11,2000050721,LaLiga,Getafe
Owen Beck,D/WB L,22,123,145,Wales,Liverpool,13,13,13,8,12,13,7,9,10,12,13,9,12,13,14,12,13,12,12,11,13,10,7,13,12,14,11,14,14,13,13,10,15,13,14,11,28121435,Premier League,Liverpool
Albian Hajdari,D LC,22,123,144,"Kosovo,Switzerland",TSG 1899 Hoffenheim,3,7,8,6,10,4,13,8,10,13,12,8,14,10,16,14,15,12,14,13,13,8,11,9,13,13,11,13,11,11,14,15,12,13,12,14,84159608,Bundesliga,TSG 1899 Hoffenheim
Dennis Cirkin,D/WB L,23,123,144,"England,Republic of Ireland,Latvia",Sunderland,10,12,14,10,13,5,12,10,9,14,15,8,13,13,13,12,14,13,12,13,14,8,10,13,12,13,9,15,14,12,12,10,14,13,14,11,28122834,Premier League,Sunderland
Jean-Victor Makengo,DM/M C,27,123,143,"France,Democratic Republic of Congo",FC Lorient,6,8,13,9,12,7,6,12,6,12,13,8,13,14,15,12,13,12,12,12,15,12,8,12,13,14,11,14,14,15,13,9,14,13,14,12,85144993,Ligue 1,FC Lorient
Maxwel Cornet,M/AM RL,28,123,143,"Ivory Coast,France",West Ham United,12,11,11,13,11,11,11,10,10,11,12,10,11,12,8,10,13,12,11,10,14,12,6,10,10,13,11,14,13,13,12,10,15,14,13,12,85117459,Premier League,West Ham United
Lukas Ullrich,D/WB L,21,123,142,Germany,Borussia Mönchengladbach,13,13,12,8,12,12,8,10,13,12,12,12,12,12,13,13,13,11,12,11,13,12,10,13,12,13,11,13,14,13,12,11,13,14,14,10,2000154596,Bundesliga,Borussia Mönchengladbach
Pierluigi Gollini,GK ,30,123,142,Italy,Associazione Sportiva Roma,2,3,1,1,7,2,10,2,3,3,10,3,3,7,11,13,14,13,10,11,14,3,11,3,14,13,8,13,11,13,13,16,15,12,10,12,43090278,Serie A,Associazione Sportiva Roma
Denis Huseinbašić,DM/M C,24,123,140,"Bosnia and Herzegovina,Germany",1. FC Köln,12,11,13,10,13,11,8,11,7,10,13,11,12,13,15,12,13,11,12,11,15,12,8,12,10,15,13,16,13,13,12,10,14,13,16,10,91204803,Bundesliga,1. FC Köln
Derry Scherhant,AM L,22,123,138,Germany,Sport-Club Freiburg,12,10,14,11,12,12,8,13,6,7,10,13,7,13,7,12,9,11,9,10,12,15,4,12,7,11,9,12,15,15,12,11,12,15,12,12,2000071254,Bundesliga,Sport-Club Freiburg
Iván Azón,ST ,22,123,138,Spain,Como 1907,7,9,9,12,11,7,15,12,7,8,11,12,10,11,14,14,17,10,13,10,15,9,11,13,7,14,10,19,12,12,13,15,16,14,16,16,95078290,Serie A,Como 1907
Noah Weißhaupt,M/AM RL,23,123,138,Germany,Sport-Club Freiburg,12,13,15,8,13,13,6,8,8,8,11,11,9,14,8,10,11,10,9,9,12,15,5,11,8,12,11,13,15,15,11,9,12,14,14,9,91190768,Bundesliga,Sport-Club Freiburg
Philipp Köhn,GK ,27,123,137,"Switzerland,Germany",AS Monaco,2,5,4,2,11,2,6,7,8,5,12,5,6,8,11,12,14,13,13,11,13,4,9,5,14,14,10,12,12,13,13,14,15,12,14,13,92071859,Ligue 1,AS Monaco
"Brenner(Udinese Calcio,Brazil,Italy,United States)",AM/ST C,25,123,135,"Brazil,Italy,United States",Udinese Calcio,5,9,13,12,14,6,12,10,10,4,11,12,6,14,13,13,14,13,12,12,17,12,7,15,5,12,11,14,15,15,10,6,13,14,13,11,19302917,Serie A,Udinese Calcio
David Okereke,ST RL,27,123,135,Nigeria,U.S. Cremonese,5,9,13,13,13,8,11,12,6,5,12,13,6,13,12,13,12,11,10,11,14,12,8,14,8,12,11,10,14,15,13,12,12,14,13,12,43273310,Serie A,Cremonese
Florian Müller,GK ,27,123,135,Germany,Sport-Club Freiburg,2,2,3,2,10,5,7,2,1,1,12,4,2,11,7,13,14,13,12,12,12,7,8,3,13,12,12,10,10,14,12,16,14,12,12,12,92082045,Bundesliga,Sport-Club Freiburg
Jean-Daniel Akpa Akpro,DM/M C,32,123,135,"Ivory Coast,France",Hellas Verona FC,4,11,13,11,12,7,12,10,4,12,12,7,14,12,17,15,16,13,12,11,16,14,10,14,13,15,12,16,13,13,14,11,15,12,12,13,85053691,Serie A,Hellas Verona FC
Mathieu Cafaro,M/AM RL,28,123,135,France,Paris FC,14,13,13,10,14,14,8,15,5,10,13,13,10,14,10,12,9,12,12,12,13,12,8,12,9,13,13,13,13,14,13,8,14,13,12,9,48040712,Ligue 1,Paris FC
Milan Đurić,ST ,35,123,135,"Bosnia and Herzegovina,Italy",Parma Calcio 1913,3,3,6,12,12,6,18,10,4,5,12,14,4,11,14,15,16,13,13,14,18,7,12,14,9,18,12,17,11,10,17,18,16,11,12,17,43009443,Serie A,Parma Calcio 1913
Sergi Canós,AM RL,28,123,135,Spain,Valencia,11,13,13,11,14,11,9,12,5,6,13,11,9,14,13,12,13,12,12,11,15,14,9,13,10,13,13,14,13,14,12,9,12,13,12,10,28094954,LaLiga,Valencia
Hannes Delcroix,D C,26,123,134,"Haiti,Belgium",Burnley,8,8,8,8,13,9,14,10,8,13,13,7,13,12,10,13,11,12,12,12,14,11,13,12,14,12,12,13,14,12,13,13,12,12,13,13,18097134,Premier League,Burnley
Aiyegun Tosin,AM/ST R,27,123,132,"Benin,Nigeria",FC Lorient,7,11,13,11,12,7,9,12,6,6,12,10,7,12,11,12,14,12,11,12,14,14,7,12,10,13,11,13,14,13,13,10,14,14,13,14,47075787,Ligue 1,FC Lorient
Dawid Kownacki,ST ,28,123,132,Poland,SV Werder Bremen,8,9,12,13,12,10,13,10,6,7,12,17,7,13,13,13,12,12,12,12,13,13,12,13,7,13,12,12,14,13,13,13,12,13,12,13,96059679,Bundesliga,SV Werder Bremen
Nicolas Cozza,D/WB LC,26,123,132,"France,Italy",VfL Wolfsburg,10,12,12,7,12,8,12,8,13,13,12,8,15,12,13,13,15,11,12,12,12,10,10,11,12,14,11,14,13,12,12,11,14,13,14,12,49037761,Bundesliga,VfL Wolfsburg
Nikola Štulić,ST ,23,123,131,Serbia,Unione Sportiva Lecce,8,8,12,14,9,9,13,12,7,8,12,11,10,12,13,12,13,13,12,13,13,13,9,13,9,13,11,14,12,12,14,14,12,13,14,14,62239624,Serie A,Unione Sportiva Lecce
Alessio Castro-Montes,D/WB RL,28,123,130,"Belgium,Spain",1. FC Köln,12,12,13,8,13,12,8,10,13,11,12,10,12,13,13,12,13,12,11,12,12,13,7,13,11,12,13,13,13,12,11,8,13,13,14,10,18089340,Bundesliga,1. FC Köln
Grégoire Coudert,GK ,26,123,130,France,Stade Brestois 29,3,1,2,2,11,6,1,2,1,2,10,3,2,9,6,13,13,12,13,11,12,1,13,3,12,12,11,13,11,13,13,12,13,10,10,13,49040526,Ligue 1,Stade Brestois 29
Jim Allevinah,WB/M RL,30,123,130,"Gabon,France",Angers SCO,8,13,14,9,13,8,10,12,5,9,12,10,8,14,10,12,13,11,12,12,14,10,10,12,5,12,11,12,15,13,12,10,12,14,13,12,50039251,Ligue 1,Angers SCO
Jonas Meffert,DM/M C,30,123,130,Germany,Hamburger Sport-Verein,6,8,11,6,13,6,12,8,6,12,15,7,13,13,15,13,13,15,16,13,13,8,14,8,14,16,13,14,10,10,15,14,13,11,16,14,91108281,Bundesliga,Hamburger Sport-Verein
Leart Paçarada,D/WB L,30,123,130,"Kosovo,Germany,Albania",1. FC Heidenheim 1846,15,16,12,8,13,14,8,13,15,10,13,12,11,13,14,12,12,13,11,12,13,13,13,12,11,13,13,12,13,13,12,11,16,13,13,11,91108276,Bundesliga,1. FC Heidenheim 1846
Patrik Carlgren,GK ,33,123,130,Sweden,FC Nantes,4,8,2,1,6,6,1,2,3,2,9,2,2,5,10,13,15,13,11,12,13,3,12,3,12,12,10,12,10,12,12,14,10,10,10,11,93015023,Ligue 1,FC Nantes
Thibault De Smet,D LC,27,123,130,Belgium,Paris FC,8,14,12,7,13,10,12,10,10,13,13,10,13,13,11,13,12,13,14,13,15,10,12,12,13,14,10,13,12,13,12,11,13,13,13,11,18096680,Ligue 1,Paris FC
Vakoun Issouf Bayo,ST ,28,123,130,Ivory Coast,Udinese Calcio,7,10,10,13,12,7,14,10,8,6,12,10,7,11,11,13,12,12,12,13,12,13,8,15,9,11,10,13,13,12,14,14,14,13,14,13,13133378,Serie A,Udinese Calcio
Walid Cheddira,ST ,27,123,130,"Morocco,Italy",Parthenope,4,11,13,12,11,4,12,11,6,4,11,13,10,12,13,12,14,12,11,13,14,5,11,14,6,15,12,16,15,14,13,13,14,15,14,13,43391696,Serie A,Napoli
Warren Kamanzi,D/WB/M R,24,123,130,"Norway,Rwanda",Toulouse FC,11,12,13,8,12,7,8,10,11,10,12,6,11,12,13,10,11,11,10,11,12,15,7,13,11,12,11,13,14,14,10,9,15,15,15,10,53149913,Ligue 1,Toulouse FC
Oier Zarraga,M/AM C,26,123,129,"Spain,Pays Basque",Udinese Calcio,10,11,12,10,13,10,11,11,7,9,14,10,11,13,9,11,9,11,12,12,12,13,7,12,12,13,14,13,13,14,12,8,11,12,14,11,67260201,Serie A,Udinese Calcio
Gauthier Gallon,GK ,32,123,128,France,Stade Rennais FC,2,3,3,2,10,4,3,2,3,1,11,2,3,10,12,12,15,12,13,11,11,8,10,2,11,13,10,10,9,12,14,12,13,9,13,14,29114950,Ligue 1,Stade Rennais FC
Kelvin Amian,D R,27,123,128,France,FC Nantes,10,12,10,6,12,5,13,10,13,13,12,6,13,12,14,14,13,13,12,12,12,10,11,13,12,14,12,13,13,13,14,10,16,13,14,13,48031443,Ligue 1,FC Nantes
Koffi Kouao,D/WB R,27,123,126,"Ivory Coast,Ghana",FC Metz,9,12,12,8,10,10,8,11,9,10,13,7,14,11,14,13,14,11,12,12,14,12,11,12,11,13,13,14,14,14,14,7,14,15,14,12,83177137,Ligue 1,FC Metz
Manolis Saliakas,D/WB R,28,123,126,Greece,FC St. Pauli,13,15,11,8,12,13,8,12,16,12,12,10,12,12,16,12,12,13,12,12,16,10,10,13,12,12,12,15,12,12,12,8,16,12,15,12,36081836,Bundesliga,FC St. Pauli
Oladapo Afolayan,AM RL,27,123,126,"England,Nigeria",FC St. Pauli,11,11,15,10,13,11,7,11,6,7,11,12,8,13,15,11,12,11,9,10,13,15,4,12,7,11,11,13,15,13,13,9,14,14,12,13,95040947,Bundesliga,FC St. Pauli
Alan Browne,DM/M/AM C,30,123,125,Republic of Ireland,Sunderland,12,10,8,10,13,11,13,12,8,11,12,10,13,12,12,13,14,12,12,11,12,11,16,12,13,15,10,15,12,13,12,11,12,10,13,12,52064763,Premier League,Sunderland
Dennis Seimen,GK ,19,122,-85,"Germany,Romania",VfB Stuttgart,3,3,1,1,12,4,7,2,2,2,12,11,2,12,15,11,14,12,12,11,18,8,13,3,12,12,12,15,8,13,12,16,14,8,10,12,2000175080,Bundesliga,VfB Stuttgart
Jan Virgili,AM RL,19,122,-85,Spain,Mallorca,9,13,15,11,15,9,7,10,6,6,12,8,8,15,11,9,11,10,8,11,14,15,7,13,7,9,11,11,16,14,11,5,14,15,11,8,2000402904,LaLiga,Mallorca
Jaydee Canvot,D C,19,122,-85,"France,Senegal",Crystal Palace,6,7,10,8,13,6,14,8,6,14,12,7,13,12,13,12,13,11,12,11,14,9,8,11,12,13,11,13,13,13,14,15,14,12,14,14,2000187623,Premier League,Crystal Palace
Malick Yalcouyé,DM/M C,19,122,-85,"Mali,Ivory Coast",Brighton & Hove Albion,7,9,12,8,13,7,6,11,5,9,12,8,12,12,15,12,15,13,11,13,15,10,7,13,12,14,12,16,14,14,10,7,15,13,16,10,12095038,Premier League,Brighton & Hove Albion
Mike Penders,GK ,20,122,-85,Belgium,Chelsea,6,3,2,2,12,9,12,3,2,1,13,5,3,11,11,12,13,12,14,12,13,1,10,2,12,11,12,13,9,10,12,12,9,10,13,11,2000102877,Premier League,Chelsea
Sam Amo-Ameyaw,AM RL,19,122,-85,"England,Ghana",RC Strasbourg Alsace,6,11,15,11,13,7,7,9,5,6,11,7,7,14,7,11,9,13,9,11,11,14,7,12,7,10,11,12,15,15,12,7,13,15,12,7,2000190479,Ligue 1,RC Strasbourg Alsace
Julio Soler,D/WB L,20,122,-8,"Argentina,Paraguay",AFC Bournemouth,8,11,13,9,12,10,6,10,8,12,10,13,10,13,10,12,14,14,12,12,15,8,13,11,11,12,10,14,15,14,13,8,12,15,13,11,2000142045,Premier League,AFC Bournemouth
Saël Kumbedi,D/WB R,20,122,-8,"France,Democratic Republic of Congo",Olympique Lyonnais,10,12,12,6,12,8,7,7,12,12,12,6,13,12,16,13,15,11,10,10,13,14,10,13,11,13,10,14,16,14,12,8,15,15,13,10,2000104915,Ligue 1,Olympique Lyonnais
Tommy Watson,AM RL,19,122,-8,England,Brighton & Hove Albion,14,14,15,13,12,13,8,13,7,6,11,12,7,10,6,12,9,14,10,7,14,14,7,12,7,10,12,11,14,15,15,14,13,14,9,6,2000187717,Premier League,Brighton & Hove Albion
Christian Ordoñez,DM/M C,21,122,157,Argentina,Parma Calcio 1913,7,9,12,7,12,8,10,12,9,12,13,13,12,12,14,14,13,13,12,13,12,11,8,13,13,15,12,14,13,14,13,10,14,13,14,12,2000141874,Serie A,Parma Calcio 1913
Mariano Troilo,D C,22,122,152,Argentina,Parma Calcio 1913,4,5,10,7,11,4,16,7,8,14,12,10,13,11,15,14,13,12,12,11,12,10,10,11,12,11,10,11,13,9,8,16,14,11,13,16,2000200406,Serie A,Parma Calcio 1913
Oliver Provstgaard,D C,22,122,152,Denmark,Capitolini Celesti,3,10,7,4,10,5,15,3,3,14,12,4,14,9,8,14,14,11,12,13,16,5,8,7,13,16,12,13,9,9,12,17,13,11,13,15,27157970,Serie A,Lazio
Mert Kömür,M/AM/ST C,20,122,150,"Germany,Türkiye",FC Augsburg,13,11,13,10,14,13,8,13,6,8,13,12,8,15,10,12,11,11,10,11,13,13,10,11,8,13,12,12,12,12,12,11,13,12,15,11,2000180850,Bundesliga,FC Augsburg
Radek Vítek,GK ,21,122,-75,Czechia,Manchester United,6,3,3,2,9,8,3,2,3,1,8,3,1,9,5,13,12,11,10,11,16,3,6,3,13,10,4,8,13,14,12,18,8,10,13,12,2000024428,Premier League,Manchester United
"Rubén Sánchez(Espanyol,Spain)",D/WB/M R,24,122,150,Spain,Espanyol,10,13,11,7,11,9,10,8,11,12,11,8,13,12,13,12,12,12,12,13,14,11,10,12,11,12,11,13,14,15,12,10,14,13,12,11,2000049422,LaLiga,Espanyol
Mário Sauer,M/AM C,21,122,147,Slovakia,Toulouse FC,14,12,13,11,14,13,11,12,4,8,14,11,7,13,10,14,12,11,11,11,9,12,8,12,10,12,15,13,13,14,11,11,11,12,12,9,2000083703,Ligue 1,Toulouse FC
"Ramón(Sevilla,Spain)",D RC,22,122,147,Spain,Sevilla,5,8,7,6,11,5,14,7,9,14,12,7,13,11,13,13,13,12,13,12,14,6,10,9,13,13,8,13,13,12,12,13,15,14,13,14,2000076898,LaLiga,Sevilla
Medon Berisha,M C,21,122,146,"Albania,Kosovo,Switzerland",Unione Sportiva Lecce,12,9,13,11,14,13,12,12,4,9,13,12,13,13,8,14,13,12,12,12,14,13,7,14,12,13,14,10,13,13,13,12,13,13,13,11,2000048682,Serie A,Unione Sportiva Lecce
Ignacio Miramón,DM/M C,22,122,145,"Argentina,Italy",LOSC Lille,7,8,12,7,13,7,11,11,6,14,13,7,13,12,13,12,15,13,12,12,14,11,10,12,14,14,13,14,13,12,13,10,14,13,14,12,14254707,Ligue 1,LOSC Lille
Nikola Maraš,D C,29,122,145,Serbia,Alavés,7,7,8,8,10,8,13,7,7,13,12,10,14,10,12,11,14,11,14,12,13,10,14,8,13,13,11,14,11,12,12,14,14,11,13,15,62127145,LaLiga,Alavés
Omar Richards,D/WB L,27,122,145,"England,Jamaica",Nottingham Forest,9,11,13,8,13,6,6,7,12,10,13,8,14,14,12,10,13,12,10,12,15,14,7,12,12,15,11,14,15,14,13,7,11,14,13,9,29165729,Premier League,Nottingham Forest
Romaine Mundle,AM RLC,22,122,144,"England,Jamaica,Saint Kitts and Nevis",Sunderland,10,12,15,12,12,11,6,12,5,11,10,6,11,12,14,12,10,11,9,12,16,14,8,11,10,9,13,14,13,12,14,9,17,14,12,13,28127318,Premier League,Sunderland
Abdoulaye Ndiaye,D C,23,122,143,Senegal,Parma Calcio 1913,6,7,10,7,12,7,15,9,6,14,11,9,13,10,15,13,14,12,12,11,5,11,8,10,13,13,11,13,12,11,14,14,13,12,14,15,12092872,Serie A,Parma Calcio 1913
Franco Cervi,M/AM L,31,122,143,"Argentina,Italy",Vigo,12,12,13,8,12,12,4,10,8,10,11,12,13,13,16,11,11,10,11,11,18,13,9,15,13,13,11,14,14,15,16,7,17,14,14,8,14078688,LaLiga,Celta
Guilherme Fernandes,GK ,24,122,142,Portugal,Real Hispalis,2,1,3,2,9,1,7,3,1,2,10,3,3,9,10,11,10,13,14,12,13,7,14,3,13,12,9,13,10,14,11,15,13,13,13,12,83228729,LaLiga,Real Betis
Jesurun Rak-Sakyi,M/AM RLC,22,122,142,"England,Ghana",Crystal Palace,10,11,15,12,13,12,8,10,4,7,11,11,10,13,7,12,7,12,8,11,13,15,7,13,9,11,11,11,15,13,13,9,10,14,12,8,28128115,Premier League,Crystal Palace
Matthias Braunöder,DM/M C,23,122,142,Austria,Como 1907,7,8,12,7,13,9,12,9,7,12,12,7,13,12,9,13,13,13,13,12,16,8,9,12,14,13,10,14,13,13,12,10,13,13,14,13,16254007,Serie A,Como 1907
Allan Nyom,D/WB/M/AM R,37,122,140,"Cameroon,France",Getafe,5,10,10,9,9,5,10,6,12,12,9,7,12,8,15,16,18,13,15,12,16,7,9,14,13,17,10,18,11,11,10,14,16,13,14,14,34009070,LaLiga,Getafe
Grady Diangana,M/AM RLC,27,122,140,"Democratic Republic of Congo,England",Elche,13,13,15,12,15,11,5,13,3,5,13,9,8,14,9,11,8,13,11,10,14,15,9,14,6,10,13,12,14,16,14,9,15,13,12,4,28101028,LaLiga,Elche
Jean-Philippe Gbamin,D/DM/M C,29,122,140,"Ivory Coast,France",FC Metz,6,10,11,8,11,6,12,9,11,14,13,7,16,11,16,12,14,12,11,11,13,7,11,9,12,13,10,13,11,11,13,14,18,12,13,15,29114927,Ligue 1,FC Metz
Luca Netz,D/WB L,22,122,140,Germany,Borussia Mönchengladbach,14,14,12,8,13,12,10,10,14,9,12,10,11,13,8,12,11,11,10,11,12,13,8,13,10,12,12,13,14,13,12,12,12,14,14,12,91195878,Bundesliga,Borussia Mönchengladbach
Skelly Alvero,DM/M C,23,122,140,"France,Angola",SV Werder Bremen,2,7,14,8,13,7,13,10,8,12,13,12,13,13,13,13,15,12,11,11,12,14,7,9,12,13,11,15,12,13,15,18,12,12,14,16,49054583,Bundesliga,SV Werder Bremen
Jusuf Gazibegović,D RL,25,122,138,"Bosnia and Herzegovina,Austria",1. FC Köln,13,12,11,7,12,16,8,9,13,12,11,11,12,12,16,12,15,11,12,11,16,10,10,11,12,13,11,16,12,12,12,9,13,15,14,12,16191707,Bundesliga,1. FC Köln
Rémy Labeau Lascary,AM/ST R,22,122,138,"France,Guadeloupe",RC Lens,6,12,14,12,12,5,11,8,6,7,12,8,10,11,15,12,12,11,11,11,10,12,10,12,11,15,11,15,13,13,13,12,13,14,13,13,2000025698,Ligue 1,RC Lens
Tommaso Barbieri,D/WB/M R,22,122,138,Italy,U.S. Cremonese,7,14,12,10,11,7,10,10,12,12,13,8,14,12,15,14,12,12,13,11,15,10,10,13,12,13,11,14,13,12,12,8,13,13,14,11,43424594,Serie A,Cremonese
Youte,D C,23,122,138,"France,Cameroon",Havre AC,4,5,7,6,8,6,14,6,4,13,12,5,13,9,12,10,12,12,9,9,13,10,7,9,15,10,12,10,12,14,17,18,15,12,11,18,49054420,Ligue 1,Le Havre
Iker Benito,M/AM RL,22,122,137,"Spain,Pays Basque",Atlético Pamplona,11,13,14,11,13,6,8,10,6,5,11,11,6,13,7,8,10,11,9,13,14,15,4,14,5,13,7,12,15,14,7,7,11,15,12,11,67288316,LaLiga,Osasuna
Dominique Heintz,D LC,31,122,136,Germany,1. FC Köln,3,8,9,6,11,4,13,7,13,14,13,10,13,11,15,13,14,12,14,12,13,8,13,8,13,16,12,13,11,9,15,14,12,12,12,15,92018444,Bundesliga,1. FC Köln
Louis Oppie,D/WB L,23,122,136,Germany,FC St. Pauli,14,13,11,8,12,15,11,15,13,11,12,12,12,13,15,11,13,11,10,11,14,12,11,12,11,12,12,13,13,11,12,12,15,13,15,13,91204749,Bundesliga,FC St. Pauli
Þórir Jóhann Helgason,DM/M C,24,122,136,Iceland,Unione Sportiva Lecce,12,9,12,10,13,12,9,11,6,9,13,12,11,14,12,12,12,13,12,12,12,13,12,14,9,13,13,13,12,12,10,11,14,13,15,11,39053303,Serie A,Unione Sportiva Lecce
Abde,M/AM RL,26,122,135,"Algeria,Spain",Alavés,10,11,12,12,11,8,7,10,3,6,10,11,7,11,13,14,14,11,13,11,4,13,13,14,8,14,11,14,13,13,10,8,11,14,12,9,2000053956,LaLiga,Alavés
Emil Bohinen,DM/M C,26,122,135,Norway,Genoa Cricket and Football Club,13,13,14,8,15,11,14,12,4,7,15,12,13,14,10,12,8,12,12,11,10,13,6,12,13,14,13,10,11,13,14,14,10,10,12,14,53126104,Serie A,Genoa Cricket and Football Club
Gabriele Piccinini,DM/M C,24,122,135,Italy,Pisa Sporting Club,9,11,11,10,12,9,10,11,8,10,13,10,13,12,11,13,12,12,12,12,14,9,10,14,12,15,13,14,13,12,12,10,14,13,14,12,43409501,Serie A,Pisa Sporting Club
Luca Zanimacchia,M/AM RL,27,122,135,Italy,U.S. Cremonese,13,13,13,10,14,10,8,10,9,6,13,10,8,13,14,14,11,11,12,11,14,13,10,13,9,14,12,14,13,13,11,9,15,13,14,11,43215575,Serie A,Cremonese
Marco Richter,AM RLC,27,122,135,Germany,1. FSV Mainz 05,13,12,13,10,12,13,7,12,14,8,12,12,10,13,16,12,12,11,9,11,13,12,12,12,8,13,12,16,13,13,12,7,13,12,14,11,91155514,Bundesliga,1. FSV Mainz 05
Maximilian Bauer,D C,25,122,135,Germany,FC Augsburg,3,8,8,6,11,3,13,7,8,14,12,11,14,11,16,11,16,11,12,12,13,7,12,8,14,15,11,15,11,10,14,15,13,13,12,14,91188907,Bundesliga,FC Augsburg
Olivier Deman,D/WB L,25,122,135,Belgium,SV Werder Bremen,11,12,11,8,11,11,11,8,14,9,10,10,13,11,15,12,15,10,11,11,14,10,10,12,9,15,10,16,13,13,12,11,16,13,16,11,18096737,Bundesliga,SV Werder Bremen
Victor Parada,D LC,23,122,134,Spain,Alavés,8,10,9,9,11,8,14,8,12,14,10,8,13,12,14,13,13,13,12,12,18,8,8,9,12,14,9,13,13,12,10,14,8,14,13,14,16282754,LaLiga,Alavés
Moustapha Mbow,D C,25,122,133,Senegal,Paris FC,7,10,7,6,12,6,15,8,8,13,10,6,13,10,13,13,13,12,13,13,11,8,12,8,12,13,10,13,11,10,13,16,15,11,13,15,49055862,Ligue 1,Paris FC
Abdou Harroui,DM/M C,27,122,132,"Morocco,Netherlands",Hellas Verona FC,4,6,12,12,13,10,11,13,4,10,13,13,12,13,14,12,14,13,12,13,14,10,10,13,11,14,14,14,13,12,12,11,13,11,12,11,37064635,Serie A,Hellas Verona FC
Balthazar Pierret,DM/M C,25,122,132,France,Unione Sportiva Lecce,10,9,13,8,13,12,13,10,12,12,13,10,14,13,11,13,13,13,12,12,10,9,7,12,13,14,13,14,11,11,13,14,12,10,13,12,49062629,Serie A,Unione Sportiva Lecce
Cheikh Niasse,DM/M C,25,122,132,"Senegal,France",Hellas Verona FC,5,7,9,6,11,6,12,10,4,12,13,10,14,12,15,14,13,13,12,13,12,9,11,11,13,15,10,15,13,12,14,14,12,13,14,13,49038255,Serie A,Hellas Verona FC
Jon Ander Olasagasti,DM/M C,24,122,132,"Spain,Pays Basque",Levante,10,10,10,8,13,11,9,12,8,12,13,9,13,13,14,13,14,13,14,13,12,10,9,10,12,13,13,14,12,11,12,9,13,12,14,12,67262370,LaLiga,Levante
Julián Malatini,D RC,24,122,132,Argentina,SV Werder Bremen,6,10,11,6,11,6,13,7,13,13,12,6,14,11,14,13,15,11,11,11,14,10,10,11,13,13,11,15,13,11,12,14,12,15,13,13,14247879,Bundesliga,SV Werder Bremen
Matheo Raab,GK ,26,122,132,Germany,1. FC Union Berlin,1,2,1,1,9,1,7,1,2,2,11,2,2,10,10,13,14,11,12,12,13,5,12,3,15,12,10,13,8,13,12,15,10,10,10,13,91173414,Bundesliga,1. FC Union Berlin
Maxim Leitsch,D C,27,122,132,Germany,1. FSV Mainz 05,4,8,8,6,11,12,13,8,10,14,12,8,13,11,13,13,15,10,13,12,11,8,10,8,13,13,11,14,13,11,14,14,6,15,12,13,92084880,Bundesliga,1. FSV Mainz 05
Adama Camara,DM/M C,28,122,130,"France,Mali",Paris FC,7,13,10,11,12,8,11,10,7,13,13,8,12,14,12,11,14,15,12,12,15,10,11,11,11,13,11,13,14,14,9,11,13,13,14,14,2000234276,Ligue 1,Paris FC
Connor Metcalfe,M RC,25,122,130,Australia,FC St. Pauli,12,11,12,10,13,12,7,11,13,9,13,10,11,13,13,11,12,12,12,12,13,12,8,11,10,16,12,13,12,13,11,9,10,14,14,11,15069939,Bundesliga,FC St. Pauli
Fali Candé,D/WB LC,27,122,130,"Guinea-Bissau,Portugal",U.S. Sassuolo Calcio,11,12,12,7,12,13,9,8,7,13,12,8,13,9,12,13,12,13,12,13,13,5,11,11,12,13,12,13,14,13,13,8,12,13,13,13,83149225,Serie A,Sassuolo
Joël Schmied,D C,26,122,130,Switzerland,1. FC Köln,3,7,8,8,10,4,14,8,12,13,10,12,14,10,16,12,15,11,12,12,13,7,15,8,13,13,8,13,12,10,14,15,14,15,12,14,84150928,Bundesliga,1. FC Köln
Kwasi Sibo,DM/M C,27,122,130,Ghana,Oviedo,8,10,8,9,12,9,12,14,9,14,12,10,14,13,11,13,14,12,13,11,7,10,12,12,12,12,12,12,12,13,12,10,12,14,14,14,59130428,LaLiga,Oviedo
Manuel De Luca,ST ,27,122,130,Italy,U.S. Cremonese,7,8,12,12,13,8,14,9,7,4,11,15,4,12,10,13,12,13,12,12,11,8,10,14,10,13,9,13,12,12,13,15,10,13,14,13,43154707,Serie A,Cremonese
Nikolas Nartey,DM/M LC,25,122,130,"Denmark,Ghana",VfB Stuttgart,12,12,12,8,13,12,12,10,10,11,13,12,12,13,13,13,13,13,12,13,13,13,11,12,12,16,13,14,12,12,13,13,4,13,12,13,27135742,Bundesliga,VfB Stuttgart
Rui Modesto,D/WB/M R,25,122,128,"Angola,Portugal",Udinese Calcio,6,12,11,12,12,7,9,9,10,12,12,9,10,12,11,14,10,13,13,13,13,9,6,10,13,13,11,13,12,12,10,12,15,14,13,11,83209861,Serie A,Udinese Calcio
Nicholas Pierini,AM/ST RL,26,122,127,"Italy,Spain",U.S. Sassuolo Calcio,12,11,13,13,14,14,8,14,5,4,14,12,4,15,12,12,12,13,12,13,12,15,10,15,8,12,11,12,13,13,12,8,14,13,13,11,43206238,Serie A,Sassuolo
Mathias Honsak,AM LC,28,122,125,Austria,1. FC Heidenheim 1846,12,11,13,11,11,11,12,11,8,8,10,11,9,12,13,12,12,10,9,9,12,13,7,12,8,12,10,13,16,12,12,13,7,15,13,12,16043146,Bundesliga,1. FC Heidenheim 1846
Calvin Verdonk,D/WB/DM LC,28,122,123,"Indonesia,Netherlands",LOSC Lille,11,10,13,7,12,9,7,12,11,12,13,3,15,12,15,12,12,9,13,12,12,10,9,11,11,14,11,15,12,12,14,8,12,12,15,7,37050680,Ligue 1,LOSC Lille
Eliezer Mayenda,AM/ST R,20,121,-85,"Spain,France,Democratic Republic of Congo",Sunderland,5,5,15,13,13,5,11,11,5,5,14,13,5,12,13,14,14,12,11,11,12,13,6,14,10,13,14,14,15,12,13,11,13,16,11,15,2000128974,Premier League,Sunderland
Jayden Addai,AM RL,19,121,-85,"Netherlands,Ghana",Como 1907,11,12,15,13,13,10,5,13,5,6,13,14,6,13,7,10,9,13,9,10,13,14,6,12,6,11,12,12,15,14,14,9,13,13,12,11,2000129012,Serie A,Como 1907
Roony Bardghji,M/AM R,19,121,-85,"Sweden,Syria",Barcelona,13,11,14,13,14,11,5,14,5,3,14,9,3,15,10,13,13,13,10,12,16,15,7,13,6,12,12,10,13,15,14,5,15,13,12,8,2000088490,LaLiga,Barcelona
Jayden Danns,AM/ST LC,19,121,165,"England,Guyana",Liverpool,4,8,14,14,13,12,12,11,5,6,12,12,10,14,14,14,12,13,13,11,14,14,9,13,6,14,14,14,14,13,12,11,11,13,10,12,2000191846,Premier League,Liverpool
Jeff Ekhator,ST ,18,121,-8,"Italy,Nigeria",Genoa Cricket and Football Club,7,7,13,12,13,6,11,12,4,4,9,13,7,12,15,14,10,13,11,9,14,11,7,14,9,10,8,12,15,13,13,12,14,13,12,14,2000222926,Serie A,Genoa Cricket and Football Club
Mahamadou Diawara,DM/M C,20,121,-8,"France,Mali",Olympique Lyonnais,10,7,11,12,13,7,11,12,8,11,14,8,15,13,13,12,13,10,11,10,13,5,11,14,11,12,15,13,14,11,11,14,12,14,12,13,2000212944,Ligue 1,Olympique Lyonnais
Tyler Bindon,D RC,20,121,-8,"New Zealand,United States",Nottingham Forest,7,7,7,7,13,9,14,8,14,14,11,11,12,12,11,12,13,13,12,11,12,5,12,8,12,12,8,13,11,11,10,15,17,14,14,13,2000293527,Premier League,Nottingham Forest
"Mariano(Alavés,Dominican Republic,Spain)",ST ,32,121,154,"Dominican Republic,Spain",Alavés,5,8,11,12,12,13,15,12,5,5,11,14,5,12,15,12,17,11,9,11,14,9,5,13,8,9,8,17,14,11,13,13,5,13,11,14,67157152,LaLiga,Alavés
Matías Moreno,D C,21,121,153,Argentina,ACF Fiorentina,4,5,8,5,13,6,15,5,9,13,13,7,12,12,14,13,12,11,12,12,12,11,11,10,13,13,11,11,13,9,10,16,13,12,13,16,2000158335,Serie A,ACF Fiorentina
Emmanuel Biumla,D/DM C,20,121,-75,"France,Cameroon",Angers SCO,5,7,10,7,12,5,13,7,5,13,12,6,13,11,11,13,13,12,13,12,14,9,7,9,13,12,13,15,13,14,12,13,14,12,14,12,2000209925,Ligue 1,Angers SCO
Salis Abdul Samed,DM/M C,25,121,146,"Ghana,Ivory Coast",OGC Nice,8,11,11,6,11,10,12,9,9,14,7,8,14,12,16,13,15,13,14,13,14,11,10,12,14,15,12,14,13,13,13,13,16,13,14,14,49060803,Ligue 1,OGC Nice
Zachary Athekame,D/WB R,20,121,146,"Switzerland,Nigeria",Casciavit Milano,10,12,13,5,12,6,9,8,12,11,11,11,12,12,13,11,10,12,12,11,13,12,7,10,12,13,11,13,14,14,13,11,16,14,14,10,2000165624,Serie A,Milan
Ben Godfrey,D RC,27,121,145,England,Bergamo,5,8,8,9,13,5,14,12,9,12,11,7,15,13,14,13,14,12,13,9,15,7,12,11,12,14,11,17,13,11,15,13,15,15,14,16,29142372,Serie A,Atalanta
Cristian Rivero,GK ,27,121,145,Spain,Valencia,4,2,3,3,7,9,1,3,1,3,11,2,1,10,7,12,9,12,13,13,12,2,12,1,12,12,7,13,12,13,11,14,13,12,12,11,67246343,LaLiga,Valencia
Romano Floriani Mussolini,D/WB/M R,22,121,142,Italy,Capitolini Celesti,7,12,10,9,10,9,12,9,13,11,8,5,11,10,12,12,11,10,13,11,12,15,8,15,11,12,9,11,15,14,10,15,12,15,14,12,2000050573,Serie A,Lazio
"Hernâni(Parma Calcio 1913,Brazil)",DM/M C,31,121,141,Brazil,Parma Calcio 1913,14,13,13,10,14,14,11,13,8,9,14,15,10,15,12,11,11,12,11,12,11,10,11,13,10,13,15,14,10,12,13,13,14,12,12,11,19163503,Serie A,Parma Calcio 1913
Lohann Doucet,DM/M C,22,121,141,"France,Burkina Faso",Paris FC,8,8,11,10,12,8,12,11,7,13,13,11,13,11,12,12,14,13,12,12,12,10,8,12,13,14,12,14,12,13,13,11,12,12,13,13,49058981,Ligue 1,Paris FC
Fábio Cardoso,D C,31,121,140,Portugal,Sevilla,5,10,11,9,11,6,15,7,11,15,13,8,9,13,16,11,18,10,14,11,15,6,14,7,12,15,12,13,10,10,11,14,14,12,13,14,55024859,LaLiga,Sevilla
Hugo Novoa,D/WB/M/AM R,22,121,140,Spain,Alavés,11,12,13,9,12,12,8,8,8,8,10,11,8,12,8,9,11,10,10,9,11,12,3,12,8,12,10,11,14,13,9,10,12,16,12,10,2000013687,LaLiga,Alavés
Alessandro Marcandalli,D C,23,121,139,"Italy,Nigeria",Genoa Cricket and Football Club,3,5,9,6,10,4,14,4,4,14,13,6,14,10,9,13,12,11,11,11,11,6,9,8,15,10,9,12,13,11,14,16,12,12,14,14,43500463,Serie A,Genoa Cricket and Football Club
Shurandy Sambo,D/WB RC,23,121,139,"Curaçao,Netherlands",Burnley,10,12,11,7,11,8,7,5,10,11,12,11,12,13,11,11,13,12,13,11,11,11,12,10,12,13,10,14,14,14,11,12,14,14,14,10,37060947,Premier League,Burnley
Aji Alese,D LC,24,121,137,"England,Nigeria",Sunderland,1,10,13,9,11,2,12,2,10,13,11,4,12,12,10,12,13,12,12,11,12,7,14,10,13,12,10,11,14,13,11,15,13,15,15,12,28116526,Premier League,Sunderland
Tadeo Allende,AM RL,26,121,137,"Argentina,Italy",Vigo,5,9,12,13,13,10,13,13,9,7,11,11,7,12,11,12,13,12,12,11,13,13,13,13,8,12,11,14,13,10,13,13,16,14,13,13,2000091490,LaLiga,Celta
Luca Waldschmidt,AM/ST RLC,29,121,136,Germany,1. FC Köln,12,11,12,11,14,13,12,13,6,7,12,17,7,15,9,12,9,12,11,11,11,14,10,12,7,11,12,10,12,12,13,11,8,13,15,11,91119468,Bundesliga,1. FC Köln
"Mohamed Bamba(FC Lorient,Ivory Coast,Guinea)",ST ,23,121,136,"Ivory Coast,Guinea",FC Lorient,7,10,12,13,11,9,12,11,7,6,12,15,10,10,13,11,12,13,11,11,14,11,6,13,5,12,10,14,14,15,12,12,14,14,12,13,12078881,Ligue 1,FC Lorient
Tiago Gabriel,D C,20,121,136,"Portugal,France",Unione Sportiva Lecce,4,7,8,10,10,4,15,5,10,13,12,7,14,12,13,14,13,8,9,11,15,4,8,7,13,13,10,12,12,13,9,17,15,13,13,14,2000288426,Serie A,Unione Sportiva Lecce
Federico Ceccherini,D C,33,121,135,Italy,U.S. Cremonese,5,7,7,5,10,7,13,8,9,15,9,8,15,9,17,13,13,13,16,13,15,10,13,8,14,14,8,14,10,10,13,13,15,9,13,13,43075133,Serie A,Cremonese
Josan Ferrández,M/AM RL,35,121,135,Spain,Elche,7,14,15,10,9,5,5,8,4,10,10,4,9,12,2,11,13,11,11,13,13,15,9,13,8,12,10,12,14,14,9,9,14,14,12,11,67093858,LaLiga,Elche
Adrian Benedyczak,AM/ST L,24,121,133,Poland,Parma Calcio 1913,4,10,13,12,13,4,12,12,5,5,13,15,6,13,10,11,10,12,10,13,14,12,9,13,7,10,11,13,14,13,12,12,12,14,11,13,96114107,Serie A,Parma Calcio 1913
Diego Pampín,D/WB L,25,121,132,Spain,Levante,8,12,12,8,13,9,9,8,9,11,12,8,12,12,11,13,13,12,13,13,12,10,7,13,12,13,10,14,14,12,12,9,13,13,13,10,67247255,LaLiga,Levante
Mattia Felici,M/AM RLC,24,121,132,Italy,Cagliari Calcio,10,10,13,11,13,11,8,12,4,6,12,10,10,12,12,10,12,11,10,9,12,14,8,11,9,12,11,11,14,14,11,10,12,14,12,10,43458488,Serie A,Cagliari Calcio
Andrea Ghion,DM/M C,25,121,130,Italy,U.S. Sassuolo Calcio,7,6,12,8,14,11,8,9,4,10,14,7,13,14,13,13,12,13,13,13,13,15,10,13,13,14,14,14,12,12,13,8,9,11,13,11,43317768,Serie A,Sassuolo
Daniel Mosquera,ST ,25,121,130,Colombia,Hellas Verona FC,5,8,13,14,13,6,13,10,8,8,11,13,6,12,14,13,14,11,11,12,12,8,9,13,8,13,10,13,13,12,15,12,14,13,13,14,76056508,Serie A,Hellas Verona FC
Hamza Rafia,M/AM C,26,121,130,"Tunisia,France",Unione Sportiva Lecce,14,12,14,11,14,13,8,13,5,6,13,11,11,14,12,12,11,13,12,12,14,14,11,14,11,13,14,11,13,14,13,8,12,13,13,12,48044736,Serie A,Unione Sportiva Lecce
Ilyas Chaira,AM RLC,24,121,130,"Morocco,Spain",Oviedo,12,11,14,13,14,12,9,13,7,7,12,11,7,15,6,11,11,12,9,12,14,15,7,12,9,10,12,11,13,14,12,10,14,13,12,12,2000062514,LaLiga,Oviedo
Marc Aguado,DM/M C,25,121,130,Spain,Elche,9,8,11,9,12,8,9,8,6,11,12,9,13,13,12,14,13,14,15,15,15,9,8,10,15,16,13,15,9,11,12,12,14,10,13,10,67258846,LaLiga,Elche
Gaby Jean,D C,25,121,129,France,Unione Sportiva Lecce,6,8,9,7,13,8,14,4,6,13,13,4,12,12,13,13,14,13,13,10,15,8,10,9,14,13,10,13,12,13,14,15,15,12,14,14,2000029896,Serie A,Unione Sportiva Lecce
Niklas Schmidt,M/AM C,27,121,128,Germany,Toulouse FC,15,12,14,10,14,15,8,12,6,9,14,13,12,15,12,12,11,12,11,11,10,14,7,12,10,12,14,12,12,12,12,11,12,13,12,11,91144391,Ligue 1,Toulouse FC
Pierrick Capelle,M C,38,121,128,France,Angers SCO,10,11,12,9,13,11,9,14,6,11,12,10,11,13,12,12,13,12,12,12,14,12,13,13,13,15,12,15,12,12,12,10,14,12,13,13,85098947,Ligue 1,Angers SCO
Younes Namli,M/AM RLC,31,121,128,"Denmark,Morocco",Havre AC,13,13,14,11,15,13,6,12,6,4,14,13,5,16,9,13,11,13,10,12,7,14,15,13,7,12,14,10,13,14,12,9,13,12,11,9,27069775,Ligue 1,Le Havre
Rémy Descamps,GK ,29,121,126,France,Olympique Lyonnais,3,3,2,2,10,6,1,1,2,3,12,1,2,11,6,12,13,12,13,11,13,1,8,1,11,13,7,12,11,13,14,14,14,10,13,13,85134755,Ligue 1,Olympique Lyonnais
"Víctor García(Levante,Spain)",D/WB/M/AM R,28,121,126,Spain,Levante,11,13,12,8,10,7,8,9,12,11,11,8,11,13,13,12,14,10,11,11,11,7,9,13,10,13,10,14,14,14,13,8,13,13,14,13,67270544,LaLiga,Levante
Florent Hanin,D/WB L,35,121,125,France,Angers SCO,12,13,12,8,12,13,10,10,11,10,13,12,11,13,12,10,8,13,15,13,11,11,11,13,14,12,12,11,13,12,14,8,14,13,13,13,85058541,Ligue 1,Angers SCO
Theo Bair,ST L,25,121,124,"Canada,Jamaica",AJ Auxerre,7,10,14,12,13,10,13,12,6,7,11,14,8,13,8,12,12,12,12,10,13,12,6,15,9,11,9,12,12,11,13,12,14,14,13,15,72051708,Ligue 1,AJ Auxerre
Eli Junior Kroupi,ST ,19,120,-9,"France,Ivory Coast",AFC Bournemouth,8,11,14,13,13,11,10,12,5,7,12,15,7,15,9,13,8,13,11,15,13,14,7,12,7,13,13,14,14,15,13,10,14,14,13,7,2000181790,Premier League,AFC Bournemouth
Sverre Nypan,M/AM C,18,120,-9,Norway,Manchester City,9,11,13,9,13,9,7,10,6,9,13,11,9,13,12,12,10,10,9,10,16,16,7,12,10,12,14,12,13,13,13,8,13,12,11,9,2000254793,Premier League,Manchester City
Babis Kostoulas,AM/ST RLC,18,120,-85,Greece,Brighton & Hove Albion,6,9,14,12,13,7,12,9,5,8,11,11,8,14,15,12,14,12,11,11,16,14,9,14,8,11,10,16,13,13,12,11,13,13,12,12,2000273847,Premier League,Brighton & Hove Albion
Chris Rigg,DM/M/AM C,18,120,-85,England,Sunderland,11,11,12,12,13,11,9,9,4,9,15,9,13,16,14,12,13,14,12,11,15,12,12,10,10,12,14,14,9,10,13,8,16,12,13,10,2000254692,Premier League,Sunderland
Marco Palestra,D/WB R,20,120,-85,Italy,Bergamo,9,13,10,9,12,10,12,10,12,11,12,10,12,12,10,12,12,12,13,13,13,9,11,10,11,11,10,10,14,13,12,13,14,14,13,12,2000136198,Serie A,Atalanta
Naby Keïta,M C,30,120,164,Guinea,SV Werder Bremen,9,7,14,9,14,9,6,11,5,10,15,9,12,15,15,12,13,14,11,12,13,14,11,11,11,12,14,14,12,14,11,6,9,11,12,10,85140676,Bundesliga,SV Werder Bremen
James Beadle,GK ,21,120,-8,England,Brighton & Hove Albion,4,1,2,1,9,6,1,2,1,3,12,4,3,11,9,9,12,15,11,11,13,3,7,3,13,12,11,11,10,15,12,15,11,13,14,12,2000056845,Premier League,Brighton & Hove Albion
Joel Roca,AM RLC,20,120,-8,Spain,Girona,10,11,14,10,14,10,7,11,7,7,12,10,9,15,9,11,11,12,10,12,14,16,8,13,7,12,12,11,13,14,12,5,14,12,11,10,2000164598,LaLiga,Girona
Peio Canales,M/AM C,20,120,-8,"Spain,Pays Basque",A. Bilbao,12,10,11,9,14,11,8,10,7,9,15,12,9,14,11,10,10,15,13,13,11,12,11,11,10,12,14,14,11,12,11,8,14,10,15,12,2000150854,LaLiga,A. Bilbao
Vladyslav Krapyvtsov,GK ,20,120,-8,Ukraine,Girona,3,2,2,2,11,8,10,3,2,2,11,8,1,10,9,12,12,12,11,12,15,7,10,6,13,10,12,10,12,13,13,14,14,11,10,12,2000210771,LaLiga,Girona
Yang Min-Hyeok,AM RL,19,120,-8,South Korea,Tottenham Hotspur,7,12,14,12,14,7,7,10,5,6,13,11,8,15,13,12,11,9,13,13,4,17,8,14,8,11,10,13,13,15,14,7,8,12,13,7,2000330773,Premier League,Tottenham Hotspur
Ander Astralaga,GK ,21,120,156,"Spain,Pays Basque",Barcelona,2,1,2,1,11,6,7,1,3,3,11,6,1,10,9,11,12,10,12,13,14,6,9,5,14,11,11,8,12,13,13,14,14,11,9,11,2000058460,LaLiga,Barcelona
Bashir Humphreys,D LC,22,120,156,"England,Uganda",Burnley,6,8,9,6,11,6,13,6,8,12,11,5,13,12,10,12,11,12,12,12,15,8,9,7,12,12,10,13,13,12,10,14,13,13,14,13,28124570,Premier League,Burnley
Luca Marianucci,D C,21,120,156,Italy,Parthenope,9,11,13,8,12,8,14,9,12,13,12,9,13,12,11,13,12,12,13,12,13,8,9,8,13,12,12,14,12,12,10,12,9,14,11,13,2000024732,Serie A,Napoli
Arkadiusz Milik,ST ,31,120,155,Poland,Juventus,5,9,10,14,14,14,14,13,4,4,13,14,6,14,13,14,14,13,14,14,13,14,10,14,4,15,13,15,10,10,14,12,8,12,10,12,96026541,Serie A,Juventus
Divock Origi,ST ,30,120,154,"Belgium,Kenya",Casciavit Milano,6,11,13,12,14,9,12,14,8,7,13,13,7,13,8,12,11,12,11,12,8,13,8,13,7,13,12,11,12,12,12,12,11,12,11,14,18045347,Serie A,Milan
Max Weiß,GK ,21,120,152,Germany,Burnley,2,3,1,2,12,6,7,3,2,2,12,3,2,12,13,11,15,11,12,10,16,6,12,1,12,12,12,15,8,13,14,16,15,9,11,15,2000162595,Premier League,Burnley
Andrew Moran,M/AM C,21,120,-75,Republic of Ireland,Brighton & Hove Albion,11,11,14,9,14,11,7,10,4,5,14,10,7,15,10,12,9,13,10,12,9,15,7,12,11,12,14,12,14,14,13,10,13,12,14,10,52101143,Premier League,Brighton & Hove Albion
Ángel Ortiz,D/AM R,21,120,-75,Spain,Real Hispalis,8,13,13,8,10,7,6,8,10,11,11,9,12,13,14,12,15,11,13,10,15,12,9,9,12,11,9,16,15,13,12,5,14,14,14,10,2000137137,LaLiga,Real Betis
Clemens Riedel,D C,22,120,150,Germany,Espanyol,3,9,10,6,11,11,13,7,10,13,12,10,13,12,15,12,15,12,12,12,15,8,13,9,13,16,12,15,11,11,14,14,12,12,12,15,2000069175,LaLiga,Espanyol
Deivid Washington,ST ,20,120,-75,Brazil,Chelsea,5,9,11,14,11,7,14,10,6,7,12,12,5,14,7,10,7,14,12,11,13,11,8,13,10,12,12,10,13,12,10,13,12,13,10,9,2000206497,Premier League,Chelsea
Elias Baum,D/WB RL,19,120,150,Germany,Eintracht Frankfurt,8,12,12,8,11,8,9,10,14,11,11,10,13,11,14,11,16,10,12,11,16,12,10,12,11,15,10,16,12,11,12,10,15,14,14,11,2000180832,Bundesliga,Eintracht Frankfurt
Jorge Cabello,D LC,21,120,-75,Spain,Levante,7,10,10,7,12,7,12,8,9,14,12,8,13,11,12,14,13,13,14,13,13,8,8,8,13,13,10,13,12,12,11,12,14,12,14,13,2000301558,LaLiga,Levante
Mio Backhaus,GK ,21,120,150,"Germany,Japan",SV Werder Bremen,1,1,3,2,7,1,6,1,2,3,9,3,3,9,11,11,14,10,12,10,13,6,8,3,13,12,9,13,9,16,12,16,12,10,10,12,2000065824,Bundesliga,SV Werder Bremen
Santiago Hidalgo,AM RL,20,120,-75,Argentina,Toulouse FC,11,10,13,11,12,11,8,11,11,11,12,8,12,14,7,13,9,13,12,12,9,11,11,13,12,13,13,12,12,12,12,10,11,13,13,12,2000160584,Ligue 1,Toulouse FC
Tom Heaton,GK ,39,120,150,England,Manchester United,4,3,1,2,8,5,8,1,3,2,12,1,3,8,7,12,14,10,17,14,13,1,18,2,14,18,11,6,5,9,10,14,13,5,8,12,5112064,Premier League,Manchester United
Justin Devenny,DM/M/AM LC,21,120,146,"Northern Ireland,Scotland",Crystal Palace,13,10,11,10,11,10,9,10,7,11,13,14,12,11,12,11,12,12,12,11,14,8,12,11,13,14,11,15,12,11,11,12,14,12,14,10,2000077634,Premier League,Crystal Palace
Lucas Bergström,GK ,22,120,146,Finland,Mallorca,4,1,1,3,8,7,10,1,3,1,6,4,2,8,12,8,11,11,12,10,13,3,9,3,8,9,11,10,10,13,12,20,10,10,10,10,28124568,LaLiga,Mallorca
Giuseppe Ambrosino,AM/ST L,21,120,145,Italy,Parthenope,7,9,14,13,12,9,13,9,7,7,12,9,7,14,15,12,12,13,11,11,13,11,8,13,7,12,11,12,13,13,15,12,15,12,14,14,2000034842,Serie A,Napoli
Mario De Luis,GK ,23,120,145,Spain,A. Madrid,6,3,2,3,13,8,8,3,3,2,12,3,2,11,6,12,14,13,11,11,13,2,11,3,12,9,11,12,14,13,10,13,7,12,9,11,2000050743,LaLiga,A. Madrid
Max Finkgräfe,D/WB L,21,120,145,Germany,RB Leipzig,13,12,13,8,12,13,8,9,14,10,11,10,13,13,13,11,14,10,11,10,14,13,8,12,10,13,10,14,14,14,11,10,10,15,14,11,2000174387,Bundesliga,RB Leipzig
Tim Oermann,D/WB RC,21,120,145,Germany,Bayer 04 Leverkusen,3,10,11,6,10,3,12,7,12,13,11,7,14,11,12,11,15,10,13,10,15,8,10,10,13,15,10,16,14,12,13,13,12,16,13,13,2000070513,Bundesliga,Bayer 04 Leverkusen
Martim Neto,M C,22,120,143,Portugal,Elche,10,10,13,10,14,7,10,11,4,10,14,9,10,12,11,11,12,12,14,12,15,13,9,12,8,13,15,13,12,11,14,12,13,13,13,14,83261901,LaLiga,Elche
Maximilian Philipp,AM C,31,120,143,Germany,Sport-Club Freiburg,12,10,13,11,16,14,8,13,6,7,13,16,8,16,12,12,9,12,9,11,11,14,10,11,7,11,13,10,12,13,12,10,8,13,11,11,91108767,Bundesliga,Sport-Club Freiburg
Anton Kade,AM RLC,21,120,142,Germany,FC Augsburg,10,11,13,8,13,8,7,13,8,8,12,12,11,14,12,12,12,11,10,10,14,13,6,12,8,12,11,14,13,13,12,12,12,14,12,10,2000065479,Bundesliga,FC Augsburg
Jenson Seelt,D C,22,120,142,"Netherlands,Indonesia",Sunderland,3,7,12,6,12,4,14,8,10,12,13,10,13,12,15,13,14,13,12,12,13,8,10,9,12,13,12,14,12,10,14,16,8,13,12,14,37084995,Premier League,Sunderland
Anass Zaroury,M/AM LC,24,120,140,"Morocco,Belgium",RC Lens,9,13,14,13,14,8,7,12,6,7,13,9,5,14,9,12,12,12,11,11,13,16,6,13,8,9,11,10,13,14,11,9,12,13,12,10,18106037,Ligue 1,RC Lens
Andrés Castrín,D C,22,120,140,Spain,Sevilla,6,5,3,8,10,2,14,9,8,13,10,7,14,9,8,12,13,10,13,14,14,5,11,7,13,9,7,10,12,10,10,14,10,14,7,15,2000052955,LaLiga,Sevilla
Ángel Fortuño,GK ,23,120,140,Spain,Espanyol,5,1,1,2,10,7,6,3,2,2,11,7,1,8,8,12,14,11,11,12,14,8,11,2,13,11,11,9,13,14,11,10,14,12,11,11,67295931,LaLiga,Espanyol
Angus Gunn,GK ,29,120,140,"Scotland,England",Nottingham Forest,4,2,3,2,9,5,4,3,2,2,11,3,1,12,8,13,13,14,12,12,15,2,13,2,13,10,10,9,9,14,12,14,16,7,12,10,28084714,Premier League,Nottingham Forest
Arthur Masuaku,D/WB L,31,120,140,"Democratic Republic of Congo,France",Sunderland,14,15,15,8,14,14,7,14,10,8,14,11,12,16,13,12,11,16,10,12,6,16,8,14,9,9,14,9,13,13,14,9,14,11,13,14,85074537,Premier League,Sunderland
Immanuel Pherai,M/AM LC,24,120,140,"Suriname,Netherlands,Brazil",Hamburger Sport-Verein,13,12,15,10,14,13,6,12,16,7,12,12,8,15,15,12,10,11,9,11,13,16,7,11,7,11,12,11,13,16,10,6,10,15,13,8,37060940,Bundesliga,Hamburger Sport-Verein
Joe Gelhardt,AM/ST RC,23,120,140,England,Leeds United,8,12,14,12,13,10,9,12,4,4,13,13,5,14,15,12,15,9,9,10,15,13,4,12,5,9,11,13,14,14,12,7,11,13,11,12,222724,Premier League,Leeds United
José Gragera,DM/M C,25,120,140,Spain,Espanyol,7,8,10,7,14,7,14,10,7,12,14,7,14,16,10,13,10,11,13,11,13,8,6,7,15,14,13,12,11,12,10,14,12,12,13,12,67263880,LaLiga,Espanyol
Rachid Ghezzal,AM RC,33,120,140,"Algeria,France",Olympique Lyonnais,14,15,14,10,15,12,7,14,5,6,15,15,6,17,12,14,10,14,11,15,13,16,14,14,8,15,15,11,10,11,10,11,10,9,12,9,85031826,Ligue 1,Olympique Lyonnais
Saba Sazonov,D C,23,120,140,"Georgia,Russia",Torino,6,6,8,6,9,6,15,9,8,13,10,7,13,8,13,12,14,13,12,12,11,11,12,6,12,13,8,13,12,10,15,15,16,13,14,14,58154551,Serie A,Torino
Tim Breithaupt,DM/M C,23,120,140,Germany,FC Augsburg,8,8,8,7,13,8,12,9,6,12,14,10,14,13,13,13,15,13,14,12,13,8,10,8,13,13,12,15,11,11,13,15,12,12,16,12,2000065418,Bundesliga,FC Augsburg
Toma Bašić,DM/M C,28,120,140,Croatia,Capitolini Celesti,14,10,12,12,13,13,14,13,4,11,13,10,13,14,12,14,13,12,12,11,14,14,7,14,13,14,12,13,10,10,11,14,14,12,12,14,24047067,Serie A,Lazio
Francisco Sierralta,D C,28,120,139,"Chile,Spain",AJ Auxerre,6,7,7,6,11,5,16,8,6,13,10,6,13,9,15,12,15,12,13,12,11,5,13,10,12,13,10,13,10,12,15,15,15,10,14,14,75037516,Ligue 1,AJ Auxerre
Jacques Ekomié,D/WB L,21,120,138,"Gabon,France",Angers SCO,5,12,12,6,13,5,10,7,9,12,12,8,13,12,14,13,16,13,12,12,16,9,10,12,13,13,12,14,13,14,14,11,16,13,13,11,2000162331,Ligue 1,Angers SCO
Tomáš Čvančara,AM/ST R,24,120,138,Czechia,Borussia Mönchengladbach,6,11,12,9,11,6,13,8,11,6,11,12,7,10,16,13,16,8,10,8,15,14,10,14,6,11,9,18,13,12,7,15,8,16,13,13,25057908,Bundesliga,Borussia Mönchengladbach
Sven Ulreich,GK ,37,120,137,Germany,FC Bayern München,3,3,1,1,8,5,7,1,1,2,10,2,2,8,16,12,13,11,12,12,12,5,13,2,13,16,9,12,8,12,12,16,16,8,10,13,35008097,Bundesliga,FC Bayern München
Antonio Vergara,M/AM C,22,120,136,Italy,Parthenope,13,12,12,12,12,13,12,12,5,8,13,14,9,14,11,14,11,12,11,13,12,12,10,14,10,11,14,9,13,13,13,11,11,13,14,11,43617790,Serie A,Napoli
Bamo Meïté,D/DM C,23,120,136,"Ivory Coast,France",Olympique de Marseille,6,7,8,7,11,8,14,8,7,13,12,8,14,10,15,14,15,13,12,11,13,11,10,10,13,11,12,14,12,12,14,12,15,13,14,14,2000018252,Ligue 1,Olympique de Marseille
Janis Antiste,AM/ST C,22,120,136,"France,Martinique",U.S. Sassuolo Calcio,10,10,13,12,13,10,13,11,12,6,11,12,7,14,13,12,12,11,10,11,13,14,6,12,6,12,11,14,14,13,12,13,16,14,15,12,49048340,Serie A,Sassuolo
Lasso Coulibaly,M/AM RLC,22,120,136,Ivory Coast,AJ Auxerre,9,10,13,11,14,9,10,10,6,10,14,11,9,14,13,13,13,12,13,8,12,11,9,13,11,14,12,14,14,13,12,12,13,15,11,12,13183071,Ligue 1,AJ Auxerre
Marin Ljubičić,ST R,23,120,136,Croatia,1. FC Union Berlin,7,8,11,13,12,8,12,12,6,5,10,16,7,12,15,13,12,10,9,10,15,12,10,14,6,11,9,14,13,13,12,11,14,15,13,12,2000054378,Bundesliga,1. FC Union Berlin
Abdelhamid Sabiri,M/AM C,28,120,135,"Morocco,Germany",ACF Fiorentina,14,12,13,11,15,15,12,15,4,6,13,15,8,16,15,14,12,13,10,10,12,16,8,12,8,10,14,9,12,12,13,11,10,12,11,13,91175740,Serie A,ACF Fiorentina
Attila Szalai,D LC,27,120,135,Hungary,TSG 1899 Hoffenheim,3,11,8,6,9,3,14,7,10,14,12,6,13,10,16,13,16,11,10,12,16,7,13,8,14,12,12,16,9,8,8,16,14,14,13,17,16147693,Bundesliga,TSG 1899 Hoffenheim
Bartol Franjić,D/DM LC,25,120,135,Croatia,VfL Wolfsburg,6,10,11,6,12,7,13,8,14,12,12,12,12,12,15,13,16,11,12,11,16,10,15,10,12,17,11,16,11,10,13,14,12,12,14,13,24058104,Bundesliga,VfL Wolfsburg
Glen Kamara,DM/M C,29,120,135,"Finland,England,Sierra Leone",Stade Rennais FC,5,13,14,5,14,7,10,5,8,11,14,12,12,15,7,14,6,14,12,12,10,12,10,13,11,14,14,13,14,13,13,10,17,12,14,13,28084932,Ligue 1,Stade Rennais FC
Hrvoje Smolčić,D LC,24,120,135,Croatia,Eintracht Frankfurt,3,10,11,6,11,4,16,7,12,13,12,7,13,11,15,13,16,12,12,11,15,8,14,8,13,12,12,15,11,10,14,15,10,12,12,14,24057195,Bundesliga,Eintracht Frankfurt
Javi Hernàndez,AM RLC,21,120,135,Spain,Espanyol,12,12,14,12,14,11,7,12,7,5,13,10,7,14,7,11,9,12,12,13,14,14,8,13,6,10,12,8,13,14,13,8,14,12,12,10,2000214133,LaLiga,Espanyol
Leonardo Sernicola,D/WB RL,28,120,135,Italy,U.S. Cremonese,10,14,13,8,10,4,12,10,13,12,10,7,12,11,14,12,12,12,12,12,15,5,10,12,11,12,10,12,13,13,10,12,15,13,13,11,43162020,Serie A,Cremonese
Łukasz Poręba,DM/M C,25,120,135,Poland,Hamburger Sport-Verein,11,11,11,8,12,10,12,10,8,12,12,10,12,12,16,13,15,12,12,12,15,10,12,11,12,16,12,16,12,12,12,11,12,13,15,12,96131652,Bundesliga,Hamburger Sport-Verein
Mohamed Kaba,DM/M C,23,120,135,"France,Guinea",Unione Sportiva Lecce,7,8,12,9,13,9,11,10,4,11,12,8,14,13,15,14,12,11,12,11,14,7,9,10,13,14,12,13,13,12,12,12,15,13,14,16,49061282,Serie A,Unione Sportiva Lecce
Pablo Ramón,D RLC,24,120,135,Spain,Espanyol,9,12,11,9,13,8,11,12,10,13,12,7,13,13,8,12,11,11,11,12,12,10,10,10,14,13,13,14,13,10,11,10,12,13,12,13,67278005,LaLiga,Espanyol
Pietro Pellegri,ST ,24,120,135,Italy,Torino,5,5,12,13,14,8,14,11,4,5,12,13,5,13,11,12,16,13,13,12,12,12,8,14,5,14,11,14,13,13,15,14,10,12,12,14,43344129,Serie A,Torino
"Stefan Mitrović(Hellas Verona FC,Serbia,Canada)",AM L,22,120,135,"Serbia,Canada",Hellas Verona FC,10,12,13,12,12,11,12,12,8,6,12,10,6,13,9,12,10,12,10,12,12,11,10,12,6,11,12,12,14,15,10,12,10,15,11,9,62260391,Serie A,Hellas Verona FC
Timothée Kolodziejczak,D LC,33,120,135,"France,Poland,Martinique",Paris FC,5,11,9,7,10,5,13,7,16,13,12,10,13,11,15,12,16,12,13,11,13,8,14,10,13,14,10,14,12,11,15,12,13,12,14,14,34011922,Ligue 1,Paris FC
Cas Odenthal,D C,24,120,134,Netherlands,U.S. Sassuolo Calcio,9,11,12,10,12,8,13,8,10,12,13,5,14,11,14,12,14,12,11,11,12,7,10,12,12,13,12,13,12,12,13,14,14,12,14,13,37064719,Serie A,Sassuolo
Darlin Yongwa,D/WB L,24,120,134,Cameroon,FC Lorient,7,12,13,8,12,9,8,5,10,9,12,8,12,13,12,10,13,12,10,10,13,8,6,13,11,13,11,15,15,13,12,10,10,15,13,12,49058321,Ligue 1,FC Lorient
Joel Asoro,AM/ST RL,26,120,134,"Sweden,Nigeria",FC Metz,9,9,13,13,14,12,10,11,13,5,10,9,5,13,11,12,9,12,11,11,14,15,5,13,6,11,11,12,15,13,12,10,12,14,11,10,93068387,Ligue 1,FC Metz
Louis Mouton,DM/M C,23,120,134,France,Angers SCO,9,10,12,7,13,7,11,8,6,13,13,8,12,12,11,12,11,12,12,13,12,12,10,12,12,13,13,15,12,13,13,11,14,12,15,13,49061089,Ligue 1,Angers SCO
Paris Maghoma,M C,24,120,134,"England,Democratic Republic of Congo",Brentford,8,10,14,10,14,11,9,10,6,9,14,8,10,14,11,13,11,14,13,13,15,14,9,13,14,12,14,13,12,12,11,9,11,12,11,11,28116487,Premier League,Brentford
Andréas Hountondji,ST RL,23,120,132,"Benin,France,Portugal",Burnley,6,9,13,11,10,7,12,12,6,5,10,11,6,11,13,11,12,10,9,10,14,13,4,13,5,10,9,13,15,12,14,14,14,16,12,14,49059805,Premier League,Burnley
David Nemeth,D C,24,120,132,Austria,FC St. Pauli,3,7,8,6,12,3,13,7,8,14,12,7,14,12,12,12,16,12,12,12,12,8,8,8,13,12,12,13,11,10,14,15,8,12,11,14,16202269,Bundesliga,FC St. Pauli
John Chetauya,D/DM/M RC,24,120,132,"Spain,Nigeria",Elche,7,9,8,6,9,9,12,8,11,12,10,7,13,10,15,12,14,11,12,11,4,9,11,8,13,14,8,13,13,13,14,12,14,13,14,14,67295648,LaLiga,Elche
Mario Vušković,D C,23,120,132,Croatia,Hamburger Sport-Verein,6,9,11,7,12,15,13,13,14,13,13,13,12,12,13,12,14,13,12,12,15,11,13,9,13,12,12,13,11,10,14,14,10,12,8,14,24057528,Bundesliga,Hamburger Sport-Verein
Marvin Senaya,D/WB R,24,120,132,"France,Togo",AJ Auxerre,5,13,11,8,13,6,10,7,11,12,12,7,12,11,12,12,14,12,13,12,13,10,10,11,12,13,10,13,14,14,12,11,13,13,13,14,49054307,Ligue 1,AJ Auxerre
Samuel Ballet,AM RL,24,120,132,"Switzerland,Cameroon",Como 1907,8,10,13,12,13,6,8,10,4,6,12,9,6,13,12,12,9,13,10,11,13,14,7,12,6,12,9,10,16,14,13,12,13,14,11,11,84154186,Serie A,Como 1907
Panos Katseris,D/WB/M R,24,120,131,Greece,FC Lorient,8,13,13,9,13,8,8,11,10,8,12,7,13,11,14,12,16,13,12,11,14,10,8,12,9,14,11,16,13,14,14,8,16,14,12,10,43615674,Ligue 1,FC Lorient
Ignatius Ganago,ST ,26,120,130,Cameroon,FC Nantes,8,10,13,12,14,10,12,11,8,8,12,12,8,11,8,11,13,12,11,11,12,12,8,14,6,11,10,13,15,13,14,12,14,14,12,14,49045927,Ligue 1,FC Nantes
José Salinas,D/WB L,24,120,130,Spain,Espanyol,11,13,12,11,12,11,9,9,11,10,12,8,11,12,12,10,12,10,11,11,13,11,10,12,11,11,12,15,14,13,11,9,14,14,15,12,67289962,LaLiga,Espanyol
Tim Siersleben,D C,25,120,130,Germany,1. FC Heidenheim 1846,6,8,8,6,11,7,13,8,12,14,11,8,15,11,15,14,16,11,12,11,14,7,12,8,13,16,11,15,11,10,13,14,13,12,14,14,91170080,Bundesliga,1. FC Heidenheim 1846
Marnon Busch,D/WB RC,30,120,129,Germany,1. FC Heidenheim 1846,12,12,11,6,11,13,11,10,17,12,11,8,12,11,14,12,13,11,13,11,15,10,12,11,12,16,11,14,12,12,13,12,15,15,13,13,91123051,Bundesliga,1. FC Heidenheim 1846
Fodé Ballo-Touré,D/WB L,28,120,128,"Senegal,France,Mali",FC Metz,4,13,12,6,12,4,11,6,14,12,13,6,13,11,14,13,12,11,12,11,11,7,9,13,12,13,10,12,14,14,12,11,16,14,15,12,85140284,Ligue 1,FC Metz
Giuseppe Prestia,D C,31,120,128,Italy,Blu-neri Milano,3,5,7,8,9,3,14,5,5,13,11,5,13,10,13,13,13,12,12,12,13,6,16,10,14,13,11,11,10,11,15,15,16,11,15,15,43083356,Serie A,Inter
Ruan Tressoldi,D C,26,120,128,"Brazil,Italy",U.S. Sassuolo Calcio,4,4,10,5,10,5,15,9,10,12,11,5,15,11,18,11,19,10,7,9,16,5,10,7,12,14,9,12,14,14,15,15,14,15,15,15,19352206,Serie A,Sassuolo
Maxime Dupé,GK ,32,120,127,France,OGC Nice,4,2,2,1,7,6,2,1,2,3,10,3,1,7,7,12,14,12,12,13,14,2,11,2,13,12,10,10,7,12,14,14,14,11,12,14,85027990,Ligue 1,OGC Nice
Oliver Sonne,D/WB RL,24,120,126,"Peru,Denmark",Burnley,7,11,11,10,12,7,10,8,8,12,12,6,13,12,13,13,12,13,12,13,20,5,7,12,12,14,12,13,13,12,11,12,12,12,14,11,27148022,Premier League,Burnley
Adrian Beck,M/AM C,28,120,125,Germany,1. FC Heidenheim 1846,13,11,13,10,13,13,11,12,6,8,13,12,11,13,13,12,12,12,12,11,13,13,11,12,9,13,13,15,12,11,12,12,12,11,16,13,18111301,Bundesliga,1. FC Heidenheim 1846
Emir Sahiti,AM RL,26,120,125,"Kosovo,Albania",Hamburger Sport-Verein,13,12,15,10,12,12,6,11,8,8,12,12,9,13,15,12,13,11,9,10,14,15,6,12,8,13,12,15,14,14,12,7,12,13,14,9,47064790,Bundesliga,Hamburger Sport-Verein
Jonas Föhrenbach,D/WB LC,29,120,125,Germany,1. FC Heidenheim 1846,8,12,11,6,11,8,12,7,16,12,11,7,12,11,13,11,13,11,12,11,13,8,12,11,12,16,10,15,13,11,12,12,16,15,14,12,91138645,Bundesliga,1. FC Heidenheim 1846
Mateusz Wieteska,D C,28,120,125,Poland,Cagliari Calcio,7,10,9,8,12,8,15,8,12,12,12,12,14,11,14,14,13,12,11,12,13,11,14,9,12,13,11,13,11,10,13,14,13,12,13,14,96059426,Serie A,Cagliari Calcio
Oliver Burke,AM/ST RC,28,120,125,"Scotland,England",1. FC Union Berlin,6,8,11,10,9,7,13,10,6,6,8,11,7,10,13,12,15,9,8,8,12,11,7,13,6,8,8,15,17,11,14,16,12,17,13,15,29122255,Bundesliga,1. FC Union Berlin
"Abdoulaye Bamba(Angers SCO,Ivory Coast,Italy)",D/WB RC,35,120,124,"Ivory Coast,Italy",Angers SCO,7,12,9,5,11,6,12,7,15,13,9,6,13,10,12,13,13,12,11,11,13,7,11,11,12,14,11,14,13,13,14,12,15,13,13,13,43013866,Ligue 1,Angers SCO
Axel Werner,GK ,29,120,124,"Argentina,Italy",Elche,6,2,2,2,7,9,5,2,3,2,6,6,1,10,10,11,15,15,11,11,12,2,6,1,14,15,10,11,8,15,14,17,11,8,13,15,14063557,LaLiga,Elche
Léo Pétrot,D LC,28,120,124,France,Elche,6,7,8,6,11,7,15,8,6,13,13,8,13,11,10,12,13,13,12,10,13,11,12,10,13,13,10,13,12,12,13,14,13,13,13,15,48043564,LaLiga,Elche
Oier Luengo,D RC,27,120,124,"Spain,Pays Basque",Oviedo,5,7,7,7,11,5,13,9,5,12,12,7,12,10,10,13,12,10,13,14,14,6,13,11,13,12,11,11,12,12,12,13,12,12,14,12,67258680,LaLiga,Oviedo
Fabian Bredlow,GK ,30,120,122,Germany,VfB Stuttgart,2,3,2,2,9,6,7,1,3,3,10,3,1,10,13,12,14,11,12,12,13,5,13,3,13,16,10,12,8,12,12,16,15,9,11,14,16162879,Bundesliga,VfB Stuttgart
Kendry Páez,M/AM C,18,119,-85,Ecuador,Chelsea,10,11,15,10,15,14,6,11,5,5,13,14,6,16,13,10,10,13,10,10,11,17,6,11,6,10,13,9,14,15,10,8,16,14,14,7,2000252303,Premier League,Chelsea
Ebenezer Akinsanmiro,DM/M C,20,119,-8,Nigeria,Blu-neri Milano,4,8,14,13,13,4,11,10,4,9,13,9,11,13,11,12,12,12,12,12,14,12,6,14,12,12,13,13,14,14,12,12,14,13,14,11,2000149882,Serie A,Inter
"Pablo García(Real Hispalis,Spain)",AM RL,19,119,-8,Spain,Real Hispalis,14,9,13,12,11,14,10,13,7,7,11,13,8,14,15,13,16,13,10,10,17,14,14,14,7,9,9,15,14,12,9,8,16,13,13,12,2000210786,LaLiga,Real Betis
Yunus Emre Konak,DM/M C,19,119,-8,Türkiye,Brentford,6,8,11,9,12,7,12,8,7,14,12,9,15,12,17,14,16,13,13,11,15,10,7,9,12,14,11,15,11,11,13,11,15,12,14,13,2000284118,Premier League,Brentford
Sadibou Sané,D C,21,119,155,Senegal,FC Metz,5,10,9,9,11,6,12,12,5,13,10,7,14,8,14,13,14,11,12,13,15,9,12,9,13,12,12,14,12,12,14,15,13,12,14,12,2000243084,Ligue 1,FC Metz
Hamzat Ojediran,DM/M C,21,119,151,Nigeria,RC Lens,6,7,10,11,9,7,9,10,7,14,13,10,13,10,18,11,17,12,14,12,16,7,8,12,12,14,11,16,13,14,10,14,14,12,12,13,95078945,Ligue 1,RC Lens
Abdoullah Ba,M/AM RLC,22,119,148,"France,Mauritania",Sunderland,5,10,14,9,13,9,8,13,4,10,13,9,9,14,10,10,12,12,10,8,14,14,11,10,11,11,13,14,13,14,14,10,12,14,13,9,49056379,Premier League,Sunderland
Roberto Gagliardini,DM/M C,31,119,148,Italy,Hellas Verona FC,4,7,7,11,12,7,14,12,4,12,13,7,14,12,14,14,16,14,14,12,16,9,10,14,14,15,11,13,12,11,12,14,15,12,12,14,43081390,Serie A,Hellas Verona FC
Alberto Del Moral,DM/M C,25,119,147,Spain,Oviedo,11,6,8,8,14,11,13,10,7,11,14,11,12,15,11,12,10,14,13,12,6,5,10,11,13,12,14,15,13,7,16,13,14,13,12,12,67290427,LaLiga,Oviedo
Cristian Volpato,AM RC,21,119,147,"Italy,Australia",U.S. Sassuolo Calcio,13,12,14,13,15,12,7,13,4,4,15,13,4,15,9,13,10,11,10,11,10,17,4,13,4,9,14,11,13,14,13,10,12,13,11,11,2000034865,Serie A,Sassuolo
"Facundo González(Juventus,Uruguay,Italy)",D C,22,119,145,"Uruguay,Italy",Juventus,6,5,7,4,12,4,15,4,10,13,12,10,14,13,10,13,10,13,11,12,10,4,5,10,14,11,10,12,12,12,13,15,15,12,15,11,2000032456,Serie A,Juventus
Federico Redondo,DM/M C,22,119,145,"Argentina,Spain",Elche,11,8,10,9,13,10,12,10,10,12,13,8,12,11,15,12,12,9,13,13,11,11,10,14,13,13,12,12,12,12,10,14,15,12,13,12,14253394,LaLiga,Elche
César Palacios,M/AM LC,20,119,143,Spain,R. Madrid,14,12,13,11,14,15,9,14,8,9,14,6,8,13,8,15,11,13,11,13,16,16,11,14,7,13,14,11,11,13,12,10,12,12,11,12,2000217846,LaLiga,R. Madrid
Rassoul Ndiaye,M C,23,119,142,"Senegal,France",Havre AC,8,11,12,8,12,7,11,12,6,12,12,8,13,12,14,13,13,12,12,13,13,10,7,12,13,14,12,14,14,13,12,10,13,13,13,14,49048614,Ligue 1,Le Havre
Matija Frigan,ST ,22,119,140,Croatia,Parma Calcio 1913,10,11,13,13,11,9,13,11,7,7,11,14,8,11,17,13,14,9,10,9,16,11,8,14,10,10,12,16,13,11,9,13,16,13,14,13,2000078339,Serie A,Parma Calcio 1913
Unai Marrero,GK ,23,119,139,"Spain,Pays Basque",Real San Sebastián,3,1,3,2,4,7,1,2,1,3,11,2,1,4,5,9,16,9,9,15,6,1,2,2,12,11,10,10,15,12,11,16,13,15,7,9,67269425,LaLiga,Real Sociedad
Saïdou Sow,D C,23,119,138,"Guinea,France",RC Strasbourg Alsace,5,7,11,6,11,5,14,8,10,14,9,8,13,10,12,13,14,12,12,11,15,8,11,12,13,13,9,13,11,12,14,14,14,13,13,13,49055608,Ligue 1,RC Strasbourg Alsace
Luca Mazzitelli,DM/M C,29,119,135,Italy,Como 1907,6,6,12,10,13,8,11,12,4,13,14,12,13,13,13,13,13,12,12,12,16,9,13,13,14,14,13,13,11,11,12,13,12,12,12,14,43093356,Serie A,Como 1907
Javi Rueda,D/WB R,23,119,134,Spain,Vigo,5,12,13,11,12,5,9,7,12,13,12,6,12,12,12,12,13,11,13,13,8,8,6,12,12,12,9,11,14,13,11,11,12,14,14,13,2000051368,LaLiga,Celta
Terry Yegbe,D C,24,119,133,Ghana,FC Metz,5,8,8,7,11,7,13,8,17,11,13,7,12,12,11,11,13,10,11,11,13,6,9,8,11,13,11,14,12,11,16,16,12,13,14,17,2000169132,Ligue 1,FC Metz
"Agustín Álvarez(U.S. Sassuolo Calcio,Uruguay)",ST ,24,119,132,Uruguay,U.S. Sassuolo Calcio,6,7,13,13,15,12,12,12,4,4,9,9,4,13,11,13,11,12,10,13,12,13,5,14,5,12,12,12,13,13,11,12,12,13,13,10,78096872,Serie A,Sassuolo
Nahuel Estévez,DM/M C,29,119,132,"Argentina,Spain",Parma Calcio 1913,12,10,12,11,12,13,8,12,5,11,14,9,13,12,12,12,13,12,12,12,14,10,10,13,12,13,12,12,13,13,13,10,14,13,14,13,14131343,Serie A,Parma Calcio 1913
Niall Huggins,D/WB RL,24,119,132,"Wales,England",Sunderland,4,10,14,11,13,5,7,9,8,11,12,10,12,11,8,10,11,13,9,10,13,12,8,12,12,13,9,12,14,15,12,7,13,15,13,7,29186420,Premier League,Sunderland
Rasmus Carstensen,D/WB R,24,119,132,Denmark,1. FC Köln,8,12,12,7,11,7,10,8,14,10,10,8,13,11,12,11,16,11,11,10,15,13,7,12,11,15,9,16,14,12,12,11,15,14,15,12,27155679,Bundesliga,1. FC Köln
Leonardo Buta,D/WB L,23,119,131,"Portugal,Angola",Udinese Calcio,6,10,11,8,12,6,10,8,11,8,13,7,13,13,11,12,9,11,13,11,14,12,8,13,10,12,13,12,15,13,13,12,15,14,14,12,83289780,Serie A,Udinese Calcio
Boris Radunović,GK ,29,119,130,Serbia,Cagliari Calcio,3,5,3,4,11,5,10,5,2,4,11,4,10,10,11,12,12,10,11,10,12,8,10,9,14,13,11,12,12,12,14,16,11,12,15,14,62113784,Serie A,Cagliari Calcio
Steven Benda,GK ,26,119,130,Germany,Fulham,2,1,1,2,7,1,8,2,3,2,9,1,2,7,13,12,14,9,11,12,14,10,11,8,13,12,9,11,10,13,11,17,15,8,10,15,28118051,Premier League,Fulham
Thomas Delaine,D/WB RL,33,119,129,France,Havre AC,6,14,11,10,12,6,9,9,9,11,11,8,11,12,8,11,14,12,12,14,15,8,10,13,11,14,12,15,11,13,12,10,11,11,11,12,85085647,Ligue 1,Le Havre
Alessandro Gabrielloni,ST ,31,119,125,Italy,Como 1907,6,9,12,13,13,6,14,9,5,5,11,9,7,12,11,15,11,14,14,13,10,11,10,14,8,14,12,15,13,13,12,10,15,12,13,13,43080084,Serie A,Como 1907
Alimami Gory,AM RL,28,119,125,"France,Mali",Paris FC,9,11,12,13,11,8,10,10,5,5,12,12,6,13,7,12,11,12,11,11,11,8,8,14,7,12,12,13,13,12,14,11,14,14,14,12,48036199,Ligue 1,Paris FC
Luka Ilić,M/AM RLC,26,119,122,Serbia,Oviedo,10,12,12,11,12,13,11,10,8,6,12,10,6,13,10,11,11,11,11,12,12,13,10,11,10,13,13,10,13,13,11,11,11,13,13,10,62164327,LaLiga,Oviedo
Luís Guilherme,AM RC,19,118,-9,Brazil,West Ham United,9,11,13,11,13,11,8,11,5,5,10,12,6,14,8,10,9,9,9,9,8,15,3,12,7,9,11,11,15,16,11,7,13,16,12,10,2000221458,Premier League,West Ham United
Aingeru Olabarrieta,M/AM RL,19,118,-85,"Spain,Pays Basque",A. Bilbao,9,13,13,12,14,11,7,10,7,8,12,15,8,13,10,12,12,10,10,11,15,15,9,12,11,11,11,12,14,14,9,9,13,13,11,10,2000182609,LaLiga,A. Bilbao
Axel Tape,D RC,17,118,-85,"France,Ivory Coast",Bayer 04 Leverkusen,6,10,12,6,13,6,12,8,12,12,13,8,12,13,13,11,14,12,12,11,15,12,11,10,12,15,12,14,14,12,12,12,12,15,13,12,2000288856,Bundesliga,Bayer 04 Leverkusen
Christian Kofane,AM/ST C,19,118,-85,Cameroon,Bayer 04 Leverkusen,6,9,12,13,11,8,13,11,6,6,11,12,6,12,13,13,13,11,10,10,15,12,4,13,6,12,9,15,15,12,12,14,12,15,13,13,2000426277,Bundesliga,Bayer 04 Leverkusen
Honest Ahanor,D/WB/M LC,17,118,-85,"Nigeria,Italy",Bergamo,8,12,14,10,11,4,11,10,8,12,13,6,11,12,12,13,8,11,9,9,13,11,7,13,12,10,9,11,14,13,14,11,13,15,13,14,2000400123,Serie A,Atalanta
Josh Acheampong,D RC,19,118,-85,"England,Ghana",Chelsea,5,8,10,8,14,4,12,11,12,11,11,5,12,13,10,11,10,14,10,12,7,6,5,10,12,11,7,13,16,8,15,14,10,15,12,12,2000184611,Premier League,Chelsea
Lorenzo Venturino,AM RL,19,118,-85,Italy,Genoa Cricket and Football Club,9,10,13,11,14,9,8,13,8,7,13,11,9,15,11,12,14,11,12,10,13,10,6,13,13,15,13,12,13,12,11,12,11,12,13,9,2000246890,Serie A,Genoa Cricket and Football Club
Niccolò Fortini,D/WB/M RL,19,118,-85,Italy,ACF Fiorentina,8,12,15,9,11,5,9,11,4,6,11,10,10,12,11,13,12,9,11,10,12,12,8,13,8,10,11,12,14,13,12,11,12,14,14,10,2000241002,Serie A,ACF Fiorentina
Kota Takai,D C,20,118,-8,Japan,Tottenham Hotspur,5,7,10,6,12,10,14,8,11,13,13,5,14,12,12,15,13,13,11,11,15,9,9,8,14,12,12,14,10,10,13,14,12,10,11,12,2000151926,Premier League,Tottenham Hotspur
"Marc Domènech(Mallorca,Spain)",ST L,18,118,-8,Spain,Mallorca,6,12,11,14,13,8,12,13,11,6,12,13,9,14,7,11,12,10,12,11,16,11,8,13,14,12,11,14,12,13,12,10,11,15,12,11,2000382564,LaLiga,Mallorca
Divin Mubama,ST ,20,118,-75,"England,Democratic Republic of Congo",Manchester City,11,11,11,13,12,9,12,9,11,11,11,10,8,13,11,11,13,13,12,10,13,13,11,12,12,11,12,11,14,12,12,13,15,14,13,12,2000118386,Premier League,Manchester City
Kassoum Ouattara,D/WB L,20,118,-75,"France,Ivory Coast",AS Monaco,11,14,12,8,10,6,9,10,11,11,13,10,13,13,12,11,12,13,10,11,14,14,9,11,10,12,10,11,14,13,11,8,14,15,14,12,2000138872,Ligue 1,AS Monaco
Nelson Weiper,ST C,20,118,150,"Germany,Albania",1. FSV Mainz 05,3,7,12,13,11,7,14,10,6,5,11,13,6,12,13,13,15,11,11,11,15,13,8,13,5,12,10,14,12,11,13,16,10,15,14,13,2000170587,Bundesliga,1. FSV Mainz 05
Giovanni Bonfanti,D C,22,118,148,Italy,Bergamo,6,10,10,5,12,6,13,7,11,13,12,10,14,11,13,14,13,13,13,12,11,4,10,7,13,11,11,12,12,12,12,13,13,12,14,13,43499992,Serie A,Atalanta
Loïc Nego,WB/M/AM R,34,118,148,"Hungary,France,Guadeloupe",Havre AC,8,12,12,9,12,7,9,6,4,9,12,7,13,12,12,14,13,15,15,13,16,10,6,13,11,16,8,16,14,12,10,11,15,12,12,8,85030227,Ligue 1,Le Havre
Berkay Yılmaz,D/WB L,20,118,146,"Türkiye,Germany",Sport-Club Freiburg,12,13,15,7,13,12,7,10,13,10,12,8,12,13,13,11,12,11,10,11,13,15,7,12,10,13,11,13,14,15,12,8,14,13,13,9,2000197331,Bundesliga,Sport-Club Freiburg
Nahuel Noll,GK ,22,118,146,"Germany,Spain",TSG 1899 Hoffenheim,3,1,2,1,12,1,7,10,7,3,12,2,2,12,13,11,13,12,10,10,13,10,10,1,12,12,12,12,9,13,12,16,12,13,10,12,2000069202,Bundesliga,TSG 1899 Hoffenheim
Matheus França,M/AM LC,21,118,145,Brazil,Crystal Palace,13,10,14,10,14,8,10,10,3,10,14,11,10,14,11,10,11,12,10,11,15,15,8,12,11,12,11,12,14,14,13,11,8,13,12,11,2000090823,Premier League,Crystal Palace
Álex Padilla,GK ,21,118,143,"Mexico,Spain,Pays Basque",A. Bilbao,3,1,1,3,13,6,11,1,3,3,12,2,1,14,5,10,9,15,11,11,12,3,11,3,13,14,12,13,13,12,6,15,10,13,13,12,2000065884,LaLiga,A. Bilbao
Joel Mvuka,M/AM RL,22,118,143,Norway,FC Lorient,8,11,15,10,14,9,5,7,6,5,12,7,8,14,10,11,7,8,10,7,13,14,4,13,8,12,12,13,15,16,13,7,12,14,12,8,2000071620,Ligue 1,FC Lorient
Sékou Mara,ST ,23,118,143,"France,Senegal",RC Strasbourg Alsace,6,6,12,13,12,9,13,11,6,7,13,10,7,13,9,12,13,13,14,12,17,12,8,13,9,14,14,14,14,12,11,12,12,14,12,12,49048369,Ligue 1,RC Strasbourg Alsace
Tomás Palacios,D C,22,118,143,Argentina,Blu-neri Milano,3,7,10,7,13,5,15,7,9,14,12,6,13,13,13,13,13,11,12,10,11,10,11,7,11,13,8,14,13,9,13,18,12,12,14,13,2000096439,Serie A,Inter
Livan Burcu,AM RLC,20,118,142,"Türkiye,Germany",1. FC Union Berlin,12,11,15,9,13,12,6,11,6,6,12,12,7,14,13,11,9,10,9,10,12,16,3,11,6,11,12,10,15,16,12,7,10,14,11,8,2000259312,Bundesliga,1. FC Union Berlin
Robert Wagner,DM/M C,22,118,142,Germany,Sport-Club Freiburg,11,8,11,8,12,12,10,10,8,12,12,9,13,12,16,12,15,11,13,12,16,8,12,10,12,16,11,16,12,12,12,10,12,11,16,12,2000068513,Bundesliga,Sport-Club Freiburg
Armindo Sieb,AM/ST RLC,22,118,140,"Germany,Mozambique",FC Bayern München,8,10,13,12,12,11,12,10,6,6,11,12,7,13,14,11,11,10,9,10,12,14,3,12,6,11,11,12,15,14,12,10,8,15,10,11,2000065610,Bundesliga,FC Bayern München
Freddie Potts,DM/M C,21,118,140,England,West Ham United,13,6,7,8,11,12,12,8,7,12,13,5,13,13,12,12,10,13,13,13,14,6,9,11,13,11,11,13,11,12,12,12,15,13,15,13,2000020024,Premier League,West Ham United
Keke Topp,ST ,21,118,140,Germany,SV Werder Bremen,4,8,12,13,11,12,13,9,7,6,11,14,7,12,13,13,15,12,12,11,14,12,8,12,6,13,11,15,11,11,15,16,12,12,12,15,2000085414,Bundesliga,SV Werder Bremen
Louie Barry,AM RLC,22,118,140,"England,Republic of Ireland",Aston Villa,6,9,15,14,11,10,8,13,3,4,11,13,7,13,9,12,10,12,8,10,15,16,5,13,5,7,11,12,15,15,14,7,15,14,11,7,67295756,Premier League,Aston Villa
Luke Chambers,D/WB LC,21,118,-7,England,Liverpool,9,12,12,7,13,11,11,7,10,12,13,11,12,13,12,12,12,13,10,13,13,10,9,11,10,12,12,13,13,12,12,11,14,13,13,11,2000049215,Premier League,Liverpool
Nikolas Veratschnig,D/WB R,22,118,140,Austria,1. FSV Mainz 05,8,11,13,8,11,8,8,8,15,10,10,8,12,12,16,11,13,10,10,9,14,12,6,11,10,12,9,13,15,13,11,11,14,17,13,11,16283828,Bundesliga,1. FSV Mainz 05
Oscar Fraulo,DM/M C,21,118,140,"Denmark,Italy",Borussia Mönchengladbach,12,12,12,10,13,13,8,12,6,9,13,12,10,13,14,12,13,12,10,11,14,13,11,12,10,13,12,13,13,13,12,10,14,12,15,10,27159740,Bundesliga,Borussia Mönchengladbach
Bambasé Conté,AM RLC,22,118,138,"Germany,Guinea",TSG 1899 Hoffenheim,11,10,13,8,13,10,8,10,6,8,13,11,9,14,8,12,11,11,10,11,12,13,12,11,8,15,13,12,14,14,12,9,8,14,13,10,2000065826,Bundesliga,TSG 1899 Hoffenheim
Igor Silva,D/WB R,28,118,138,Brazil,FC Lorient,10,12,14,8,14,9,9,10,10,12,11,7,13,13,14,12,11,12,11,12,13,15,7,10,12,12,12,13,14,14,12,7,13,15,13,7,19213408,Ligue 1,FC Lorient
Fredrik Oppegård,D/WB/M L,22,118,136,Norway,AJ Auxerre,8,12,10,5,11,10,7,7,7,10,12,4,11,12,11,13,10,13,13,13,10,11,7,12,10,14,12,14,13,14,11,10,13,13,15,8,53165604,Ligue 1,AJ Auxerre
Josip Brekalo,AM RLC,27,118,136,Croatia,Oviedo,13,12,15,12,15,15,6,14,4,4,13,10,6,15,8,13,8,12,10,13,10,16,3,13,6,9,14,8,13,14,14,7,13,12,12,9,24046837,LaLiga,Oviedo
Luca Kerber,DM/M C,23,118,136,Germany,1. FC Heidenheim 1846,8,11,11,10,11,8,13,12,8,11,12,11,12,11,16,12,15,11,12,11,15,10,13,12,11,16,11,17,12,11,12,13,14,12,17,13,2000068384,Bundesliga,1. FC Heidenheim 1846
Álvaro Núñez,D/WB R,25,118,135,"Spain,Pays Basque",Elche,6,12,9,7,12,6,8,8,11,12,11,8,13,12,14,12,14,9,10,12,15,11,9,13,12,14,12,13,15,13,11,6,15,15,13,11,67276231,LaLiga,Elche
Jessic Ngankam,ST R,25,118,135,"Germany,Cameroon",Eintracht Frankfurt,4,8,13,11,10,8,12,10,6,7,10,13,8,11,16,12,16,11,9,11,15,13,10,13,7,12,9,16,15,12,15,13,6,16,11,16,91175633,Bundesliga,Eintracht Frankfurt
Mikkel Kaufmann,ST ,24,118,135,Denmark,1. FC Heidenheim 1846,6,9,12,11,10,11,12,11,6,7,10,13,8,11,14,13,16,11,10,11,16,12,6,12,7,12,10,16,14,12,13,16,12,16,13,13,27137320,Bundesliga,1. FC Heidenheim 1846
Jean-Kévin Duverne,D LC,28,118,134,"Haiti,France",FC Nantes,5,10,10,6,12,5,14,6,10,13,12,7,13,12,12,12,13,13,12,12,14,10,12,9,13,12,10,12,12,12,13,14,15,11,14,14,29132976,Ligue 1,FC Nantes
Lewis Dobbin,AM/ST RC,22,118,134,England,Aston Villa,8,13,14,12,11,6,7,8,4,7,11,7,8,14,9,10,8,11,9,9,12,14,5,11,6,11,12,14,16,12,11,8,14,15,12,9,28127121,Premier League,Aston Villa
Rafik Belghali,D/WB R,23,118,134,"Algeria,Belgium",Hellas Verona FC,8,12,12,8,10,9,10,7,12,12,12,8,12,11,11,11,13,12,12,12,12,10,8,13,10,12,10,13,13,13,11,10,13,14,14,13,18116154,Serie A,Hellas Verona FC
Antoine Joujou,AM RL,22,118,132,"France,Guadeloupe",Parma Calcio 1913,8,12,16,10,13,8,9,8,4,6,12,10,6,13,8,9,13,11,7,8,12,9,9,11,6,8,11,13,13,14,13,14,12,14,15,14,2000108578,Serie A,Parma Calcio 1913
Fabien Centonze,D/WB R,29,118,132,France,FC Nantes,6,13,11,8,12,6,10,9,7,12,11,8,13,12,12,13,13,13,12,13,12,8,9,12,13,12,13,12,13,12,13,10,14,13,13,13,48037272,Ligue 1,FC Nantes
Francesco Folino,D C,23,118,132,Italy,U.S. Cremonese,7,7,9,9,10,7,14,7,11,13,11,6,13,11,14,14,13,12,12,12,14,12,10,11,13,14,10,14,11,12,13,15,12,12,14,14,43425130,Serie A,Cremonese
Julian Niehues,DM/M C,24,118,132,Germany,1. FC Heidenheim 1846,6,7,11,7,11,6,13,8,8,13,11,11,14,10,15,14,15,10,13,12,16,8,10,11,13,16,11,16,10,10,14,16,12,13,15,14,91206104,Bundesliga,1. FC Heidenheim 1846
Kevin Carlos,ST ,24,118,132,"Spain,Nigeria",OGC Nice,5,7,10,13,12,6,15,8,3,7,10,12,6,13,11,14,12,12,11,13,13,12,9,14,9,13,12,13,11,10,13,13,14,13,13,17,2000056828,Ligue 1,OGC Nice
Alberto Cerri,ST ,29,118,130,Italy,Como 1907,7,8,11,11,13,7,16,11,4,6,12,12,10,11,8,11,16,12,12,12,15,7,12,12,8,16,11,16,10,10,16,16,13,10,12,17,43094070,Serie A,Como 1907
Arkadiusz Pyrka,D/WB R,22,118,130,Poland,FC St. Pauli,11,12,13,7,11,10,7,9,10,10,11,8,11,12,14,10,12,10,9,9,13,12,5,12,10,12,10,13,16,13,12,8,13,15,13,11,96143927,Bundesliga,FC St. Pauli
Bakery Jatta,M/AM RL,27,118,130,"The Gambia,Germany",Hamburger Sport-Verein,6,10,12,8,9,6,12,10,12,8,10,10,12,9,15,10,16,8,8,8,16,12,5,12,9,12,9,16,15,12,12,13,12,16,14,13,92083800,Bundesliga,Hamburger Sport-Verein
Danilo Veiga,D/WB/M R,22,118,130,"Portugal,Brazil",Unione Sportiva Lecce,10,13,13,8,12,9,11,7,12,10,13,6,13,13,14,11,11,10,11,11,13,11,9,13,10,13,11,13,14,13,14,11,16,13,14,11,83261126,Serie A,Unione Sportiva Lecce
Grigoris Kastanos,M/AM RC,27,118,130,Cyprus,Hellas Verona FC,12,11,13,11,14,13,6,13,4,5,14,10,12,13,13,12,10,11,10,11,15,14,10,13,9,10,12,13,13,14,14,6,15,13,14,8,26030142,Serie A,Hellas Verona FC
"Lucas(Oviedo,Spain)",D RL,30,118,130,Spain,Oviedo,8,14,13,11,12,8,12,10,11,13,12,8,12,12,12,11,12,10,11,12,14,9,11,13,12,13,10,14,14,12,12,9,12,11,11,10,67199396,LaLiga,Oviedo
Régis Gurtner,GK ,38,118,130,France,RC Lens,3,2,1,2,8,7,7,1,3,3,9,2,2,7,5,13,15,12,13,12,14,6,15,3,12,12,8,10,7,11,15,12,15,8,13,15,8434157,Ligue 1,RC Lens
Sambou Soumano,AM/ST C,24,118,128,Senegal,FC Lorient,6,11,13,13,12,10,11,8,5,6,11,6,6,13,12,13,8,13,12,16,13,13,7,12,12,12,14,13,13,15,13,11,13,14,12,11,2000012380,Ligue 1,FC Lorient
Silvan Hefti,D/WB RC,27,118,128,Switzerland,Hamburger Sport-Verein,6,11,11,6,10,6,11,8,13,12,11,7,14,10,15,13,16,11,12,11,14,8,13,11,12,15,10,16,12,11,13,12,14,13,16,13,98038279,Bundesliga,Hamburger Sport-Verein
Alen Sherri,GK ,27,118,125,Albania,Cagliari Calcio,2,1,2,3,12,1,4,3,3,2,11,2,1,9,6,13,12,9,11,13,12,1,9,3,13,12,11,12,12,12,12,15,13,10,13,12,11025626,Serie A,Cagliari Calcio
Patrick Drewes,GK ,32,118,125,Germany,Borussia Dortmund,3,3,3,1,8,7,7,3,2,2,10,1,3,8,11,13,12,11,12,12,13,4,14,7,13,12,10,12,8,14,12,17,13,10,10,13,91100472,Bundesliga,Borussia Dortmund
Kévin Van Den Kerkhof,D/WB/M/AM R,29,118,123,"Algeria,France",FC Metz,9,13,11,10,11,10,10,11,6,7,12,8,11,9,12,10,12,11,10,12,13,11,7,13,10,9,10,11,15,12,13,15,13,14,14,13,48036256,Ligue 1,FC Metz
Henri Koudossou,D/WB RL,25,118,122,"Germany,Togo",FC Augsburg,12,13,12,7,11,10,8,8,14,10,10,8,12,11,13,11,13,10,10,10,13,13,6,12,11,13,9,14,13,12,12,8,12,15,14,11,2000037914,Bundesliga,FC Augsburg
Adam Dźwigała,D RC,29,118,120,Poland,FC St. Pauli,3,8,8,6,10,4,13,7,14,13,11,8,14,10,16,12,16,11,12,11,13,8,13,9,12,16,10,16,12,11,14,13,11,14,12,14,96045832,Bundesliga,FC St. Pauli
Daniel Batz,GK ,34,118,120,Germany,1. FSV Mainz 05,6,1,2,2,11,10,7,3,1,3,12,1,3,11,14,12,13,12,12,11,15,6,15,2,13,12,12,13,8,13,12,16,18,8,10,12,91004704,Bundesliga,1. FSV Mainz 05
Ethan Mbappé,M/AM RC,18,117,-85,France,LOSC Lille,10,12,14,12,13,8,8,11,2,6,13,9,4,15,7,13,11,13,12,14,14,12,8,13,5,10,13,13,13,13,13,11,10,13,12,12,2000276967,Ligue 1,LOSC Lille
George Ilenikhena,ST ,18,117,-85,"France,Nigeria",AS Monaco,7,8,12,14,13,7,13,12,7,8,11,11,8,12,9,12,13,11,10,10,11,12,7,13,9,11,11,12,13,12,10,14,13,14,11,13,2000214136,Ligue 1,AS Monaco
Marc Guiu,ST ,19,117,-85,Spain,Chelsea,5,7,9,14,13,8,14,11,6,6,11,12,7,12,14,12,15,12,8,11,16,14,6,12,7,11,9,9,13,12,15,14,16,14,11,14,2000228120,Premier League,Chelsea
Tommaso Martinelli,GK ,19,117,-85,Italy,ACF Fiorentina,3,2,3,1,9,6,4,1,2,1,9,3,2,9,13,13,11,13,12,13,14,2,10,1,10,12,9,14,10,14,10,14,10,10,10,12,2000184143,Serie A,ACF Fiorentina
Alieu Njie,AM/ST R,20,117,-8,"Sweden,The Gambia",Torino,8,10,11,12,12,8,11,10,7,6,10,10,9,12,6,13,9,13,11,10,9,11,7,13,6,12,9,10,14,14,13,10,12,14,13,12,2000128983,Serie A,Torino
Louis Leroux,D/WB/M LC,19,117,-8,France,FC Nantes,14,8,12,7,13,6,12,11,7,13,13,7,12,12,12,13,13,12,12,11,14,11,8,13,13,14,14,13,12,13,12,13,14,11,13,12,2000191040,Ligue 1,FC Nantes
Abdoulaye Faye,D C,20,117,153,Senegal,Bayer 04 Leverkusen,5,8,10,6,12,5,13,5,8,12,13,5,13,12,15,12,14,12,12,12,14,10,6,7,12,12,11,12,13,12,13,16,13,14,12,13,13181675,Bundesliga,Bayer 04 Leverkusen
Alessandro Dellavalle,D RC,21,117,149,Italy,Torino,3,11,9,10,10,6,14,8,10,12,10,11,13,12,13,13,13,11,12,11,15,6,11,11,12,12,10,11,13,12,13,13,15,14,14,12,2000025353,Serie A,Torino
Dani Requena,M C,21,117,149,Spain,Villarreal,11,12,10,8,12,11,10,9,9,13,12,3,13,12,15,14,11,12,13,12,6,5,1,11,10,12,11,15,12,11,11,11,13,13,13,11,2000203765,LaLiga,Villarreal
Mathias Fjørtoft Løvik,D/WB RL,21,117,146,Norway,Parma Calcio 1913,12,13,12,10,12,11,8,12,12,11,12,7,12,12,13,11,12,10,8,12,16,12,11,12,11,13,12,13,12,11,12,11,10,12,13,11,53181718,Serie A,Parma Calcio 1913
"Formose Mendy(FC Lorient,Senegal,Guinea-Bissau)",D RC,24,117,143,"Senegal,Guinea-Bissau",FC Lorient,8,9,11,8,12,8,13,8,10,12,11,8,15,12,5,12,14,12,11,10,13,7,8,8,11,11,10,12,14,13,12,15,14,14,13,13,12079011,Ligue 1,FC Lorient
Sam Byram,D/M RLC,31,117,140,England,Leeds United,5,12,11,7,11,3,13,8,13,13,11,5,13,12,11,12,12,11,12,12,13,9,12,12,13,13,11,13,12,11,12,12,14,13,12,10,28059134,Premier League,Leeds United
Owen Kouassi,D/WB RC,22,117,138,"France,Ivory Coast",Unione Sportiva Lecce,6,11,11,9,12,6,12,8,7,13,12,10,12,12,12,13,12,13,13,12,14,6,8,8,11,13,12,14,13,12,12,12,15,13,13,13,2000311166,Serie A,Unione Sportiva Lecce
Yago Santiago,M/AM LC,22,117,137,Spain,Elche,9,12,13,11,12,7,6,9,2,4,11,10,6,13,6,11,8,14,12,12,14,13,8,10,6,13,12,13,12,14,13,10,12,12,16,10,28129860,LaLiga,Elche
Yoel Lago,D/DM C,21,117,137,Spain,Vigo,8,8,11,8,11,8,13,12,7,13,12,8,13,12,16,12,17,12,11,11,7,5,14,8,13,12,13,16,11,12,14,13,10,13,12,12,2000124150,LaLiga,Celta
Bingourou Kamara,GK ,28,117,135,"Senegal,France",FC Lorient,3,1,2,1,9,8,9,1,2,1,9,2,1,8,8,12,13,12,13,11,12,6,10,2,12,13,8,12,9,13,15,16,14,9,13,15,211500,Ligue 1,FC Lorient
Jonas Rouhi,D/WB L,21,117,135,"Sweden,Morocco,Poland",Juventus,14,13,12,7,13,8,11,9,11,11,13,7,11,13,11,13,11,11,13,12,11,10,9,11,12,13,11,9,13,12,11,9,12,14,12,13,2000008080,Serie A,Juventus
Marcus Bettinelli,GK ,33,117,130,England,Manchester City,5,2,5,3,9,6,6,3,14,5,12,3,5,8,11,14,14,10,13,11,18,3,13,2,14,14,6,11,10,12,12,16,8,6,11,13,28021778,Premier League,Manchester City
Tiago Morais,AM RL,21,117,130,Portugal,LOSC Lille,7,10,14,13,13,6,11,12,6,5,12,10,12,13,15,11,13,12,11,9,15,14,6,13,7,10,12,14,15,13,12,4,12,14,11,6,2000013427,Ligue 1,LOSC Lille
Assane Dioussé,DM/M C,27,117,128,Senegal,AJ Auxerre,7,9,11,6,12,7,10,10,5,12,13,8,14,12,12,12,14,12,12,11,15,10,10,10,12,14,10,14,12,15,13,9,15,12,13,13,43141845,Ligue 1,AJ Auxerre
Corrie Ndaba,D/WB LC,25,117,128,"Republic of Ireland,South Africa,Ghana",Unione Sportiva Lecce,5,9,9,5,10,5,14,8,7,11,13,5,14,11,14,15,11,10,13,10,12,10,6,9,12,12,10,12,14,12,11,13,14,15,14,14,29173564,Serie A,Unione Sportiva Lecce
Elayis Tavşan,M/AM RLC,24,117,127,"Netherlands,Türkiye,Suriname",Hellas Verona FC,7,11,12,12,14,14,8,9,8,7,13,8,6,13,8,11,12,12,10,11,11,13,8,12,7,10,13,11,13,14,13,10,13,13,12,8,37065568,Serie A,Hellas Verona FC
Kjetil Haug,GK ,27,117,126,Norway,Toulouse FC,5,3,2,3,11,6,5,1,3,3,11,4,3,11,10,11,13,12,9,12,14,12,9,4,11,10,8,8,11,13,12,16,12,11,12,13,53099237,Ligue 1,Toulouse FC
Luca Lezzerini,GK ,30,117,126,Italy,ACF Fiorentina,6,7,7,3,8,5,5,5,8,8,8,8,6,8,10,12,12,11,13,12,14,10,10,1,12,10,10,10,11,12,12,14,13,11,14,12,43084560,Serie A,ACF Fiorentina
Alexander Lind,ST ,23,117,125,"Denmark,Brazil",Pisa Sporting Club,7,8,10,12,9,8,11,10,5,6,11,12,6,11,15,14,15,13,14,13,6,12,5,13,5,13,11,14,13,12,13,13,13,13,15,13,27155059,Serie A,Pisa Sporting Club
Gennaro Borrelli,ST ,25,117,123,Italy,Cagliari Calcio,5,6,12,14,12,10,14,10,4,5,13,13,7,12,12,13,14,13,11,11,14,12,10,12,9,13,11,13,13,12,14,14,15,13,14,14,43298994,Serie A,Cagliari Calcio
Sirlord Conteh,AM/ST R,29,117,122,"Germany,Ghana",1. FC Heidenheim 1846,7,9,11,8,10,7,8,8,6,7,9,12,7,11,15,11,11,8,8,8,12,12,7,11,7,8,8,12,18,13,9,10,12,18,11,9,91181039,Bundesliga,1. FC Heidenheim 1846
Lars Ritzka,D/WB LC,27,117,120,Germany,FC St. Pauli,12,12,10,7,12,11,12,10,14,12,12,10,12,12,11,13,13,12,12,12,13,8,10,12,12,16,11,14,12,11,12,12,13,12,14,12,91175827,Bundesliga,FC St. Pauli
Michael Eberwein,M/AM/ST C,29,117,120,Germany,Borussia Dortmund,7,9,11,12,12,8,13,9,10,8,12,13,7,13,10,12,11,13,12,14,9,10,11,13,9,14,11,13,9,8,12,15,15,12,14,13,91150149,Bundesliga,Borussia Dortmund
Noahkai Banks,D C,18,116,-85,"United States,Germany",FC Augsburg,3,8,12,6,11,3,12,7,8,13,12,6,13,11,16,13,14,11,11,10,15,10,8,8,12,12,11,13,13,11,14,16,13,14,11,15,2000311773,Bundesliga,FC Augsburg
Will Lankshear,ST ,20,116,-85,England,Tottenham Hotspur,11,9,11,14,12,11,14,7,9,11,11,10,6,12,13,13,13,13,12,12,18,9,11,14,11,12,10,16,14,13,12,8,12,14,12,13,2000108031,Premier League,Tottenham Hotspur
Adam Aznou,D/WB L,19,116,-8,"Morocco,Spain",Everton,12,12,15,7,14,11,6,10,10,9,12,11,11,15,13,12,12,10,9,10,13,16,10,11,9,12,11,13,15,15,12,8,13,14,13,7,2000191507,Premier League,Everton
Arijon Ibrahimović,AM RLC,19,116,-8,"Germany,Kosovo",FC Bayern München,13,11,13,8,12,15,8,13,6,7,12,14,8,13,13,12,12,10,9,9,12,15,7,12,7,10,12,10,13,14,11,10,10,15,12,11,2000114473,Bundesliga,FC Bayern München
Ashley Phillips,D C,20,116,-8,"England,Wales",Tottenham Hotspur,4,6,7,5,11,6,11,4,8,11,11,5,13,10,9,13,12,11,9,12,14,5,8,9,15,13,11,13,13,9,12,16,12,15,12,13,2000137635,Premier League,Tottenham Hotspur
Cyriaque Irié,M/AM RL,20,116,-8,"Burkina Faso,Ivory Coast",Sport-Club Freiburg,8,10,13,8,12,8,8,12,6,7,10,11,8,13,13,12,16,11,9,9,12,13,5,12,7,11,9,13,14,12,13,12,12,16,12,13,12094961,Bundesliga,Sport-Club Freiburg
Noël Aséko,DM/M C,19,116,-8,"Germany,Equatorial Guinea",FC Bayern München,10,9,14,8,14,10,11,9,6,11,13,8,12,14,14,11,14,12,12,12,14,14,8,11,12,13,12,15,13,14,12,11,8,13,13,10,2000180847,Bundesliga,FC Bayern München
Romain Esse,M/AM RLC,20,116,-8,"England,Ivory Coast",Crystal Palace,10,11,14,10,13,7,8,9,5,8,11,7,9,13,8,11,9,10,8,8,12,16,6,9,8,9,9,11,14,14,13,9,13,13,12,8,2000142236,Premier League,Crystal Palace
Tidiam Gomis,AM RL,18,116,-8,"France,Senegal",RB Leipzig,11,11,13,9,12,10,10,10,6,7,11,12,7,13,11,10,10,9,8,9,12,13,6,10,7,11,10,12,15,13,12,11,12,16,12,10,2000187477,Bundesliga,RB Leipzig
Tyrique George,AM RLC,19,116,-8,"England,Nigeria,Ghana",Chelsea,10,11,13,10,10,13,5,15,10,4,10,8,5,13,7,7,11,9,12,9,12,16,4,8,6,10,10,11,15,10,10,12,12,14,10,8,2000184619,Premier League,Chelsea
Yusi,D/WB L,19,116,-8,"Morocco,Spain",Alavés,7,12,16,11,15,3,12,5,8,12,14,6,16,16,12,11,12,12,12,16,14,5,10,11,12,13,12,12,14,11,16,6,13,13,15,3,2000219705,LaLiga,Alavés
Abdoul Ouattara,AM C,19,116,-75,Ivory Coast,RC Strasbourg Alsace,7,8,13,8,11,5,6,12,3,8,12,7,10,12,12,9,12,10,11,11,5,15,7,13,12,12,12,13,15,13,12,5,10,15,14,13,2000205547,Ligue 1,RC Strasbourg Alsace
James Abankwah,D RC,21,116,-75,"Republic of Ireland,Ghana",Udinese Calcio,5,7,13,6,11,5,13,5,7,13,11,5,14,12,16,11,13,10,11,12,14,8,5,8,12,14,11,13,13,12,15,14,14,12,14,15,2000145982,Serie A,Udinese Calcio
James McConnell,DM/M RC,20,116,-75,England,Liverpool,10,12,10,8,14,8,8,9,6,12,13,8,11,13,11,13,12,13,14,12,14,9,10,13,13,15,12,14,13,13,14,8,12,13,14,10,2000108364,Premier League,Liverpool
Lamare Bogarde,D/DM/M LC,21,116,-75,"Netherlands,Suriname",Aston Villa,7,8,11,8,12,11,11,10,5,12,13,11,13,12,12,13,11,11,10,10,12,8,12,9,13,13,12,14,13,13,13,11,11,12,12,11,37085322,Premier League,Aston Villa
Lewis Koumas,AM/ST RLC,19,116,-75,"Wales,England,Cyprus",Liverpool,11,9,14,11,11,11,7,9,11,4,10,8,6,16,15,9,14,12,7,10,14,11,4,12,7,14,11,14,14,18,12,10,15,12,8,4,2000191802,Premier League,Liverpool
Lovro Zvonarek,M/AM C,20,116,-75,Croatia,FC Bayern München,12,11,12,11,13,12,6,11,6,8,13,11,9,13,12,13,12,12,11,13,14,13,13,12,10,13,12,13,13,13,12,8,13,12,13,8,2000097325,Bundesliga,FC Bayern München
Mattia Fortin,GK ,22,116,148,Italy,RC Lens,2,3,3,1,8,1,6,2,2,3,9,4,1,8,8,12,12,11,13,12,12,3,8,5,13,8,8,16,8,13,12,16,10,9,11,10,43619225,Ligue 1,RC Lens
Marco Nasti,ST ,21,116,146,Italy,U.S. Cremonese,7,9,12,11,11,6,13,10,7,8,12,12,10,12,14,14,14,13,11,11,14,9,10,13,8,12,10,12,13,13,10,10,12,13,13,12,43500541,Serie A,Cremonese
Iván Cuéllar,GK ,41,116,144,Spain,Mallorca,7,11,12,7,12,8,8,8,7,9,12,7,10,12,12,12,12,16,12,12,13,12,16,3,13,12,13,8,11,11,7,14,9,11,12,11,7451366,LaLiga,Mallorca
Vanja Vlahović,AM/ST L,21,116,144,Serbia,Bergamo,8,10,13,13,13,10,12,11,5,7,11,12,8,12,11,12,10,12,10,11,12,13,9,13,10,10,12,11,13,12,11,12,13,12,12,12,2000013783,Serie A,Atalanta
Marco Silvestri,GK ,34,116,143,Italy,U.S. Cremonese,4,2,1,2,7,7,5,2,2,1,7,3,3,8,11,13,14,12,11,11,14,6,12,8,11,13,9,14,11,12,10,14,13,11,13,12,43041142,Serie A,Cremonese
Daouda Guindo,D LC,22,116,142,Mali,Stade Brestois 29,5,8,10,8,11,8,11,12,8,13,12,6,11,12,9,12,12,11,12,12,15,8,6,12,11,13,9,14,15,12,13,12,13,13,15,12,12088452,Ligue 1,Stade Brestois 29
Justin Diehl,AM RLC,20,116,142,"Germany,Ghana",VfB Stuttgart,12,9,15,8,12,12,6,11,5,3,10,12,4,14,12,8,8,8,8,8,12,17,3,10,3,8,9,8,16,16,12,6,7,17,11,7,2000116586,Bundesliga,VfB Stuttgart
Pathé Mboup,AM RLC,21,116,142,Senegal,Stade Brestois 29,11,15,13,12,12,11,7,11,5,6,12,8,7,13,8,14,12,13,11,16,14,12,7,8,7,12,12,14,13,13,12,8,13,14,12,8,12093893,Ligue 1,Stade Brestois 29
Ali Dembélé,D/WB RC,21,116,141,"France,Mali",Torino,4,11,12,9,12,5,9,5,12,11,11,6,13,13,10,12,11,11,13,9,12,7,6,10,13,13,11,11,14,13,12,10,14,13,14,11,2000023340,Serie A,Torino
Myles Peart-Harris,M/AM C,22,116,138,England,Brentford,10,12,13,12,13,11,11,12,7,5,12,11,8,14,11,11,12,14,13,11,10,13,8,13,7,8,13,9,13,11,12,13,13,12,14,12,28124576,Premier League,Brentford
Ben Bobzien,AM/ST RLC,22,116,136,Germany,1. FSV Mainz 05,12,10,14,11,12,11,7,10,6,6,11,13,7,13,11,12,11,10,9,10,12,15,6,12,6,11,11,12,14,13,11,7,12,14,12,8,2000069289,Bundesliga,1. FSV Mainz 05
Luca Stephenson,D/WB/DM/M RC,21,116,136,England,Liverpool,10,11,12,11,10,11,11,8,6,11,11,8,13,10,9,12,14,13,11,12,13,8,13,12,12,13,11,12,12,13,12,10,15,11,13,12,2000049220,Premier League,Liverpool
Nicholas Bonfanti,ST ,23,116,136,Italy,Pisa Sporting Club,2,5,12,13,13,7,13,9,3,3,12,14,6,13,12,13,12,13,9,13,14,11,10,14,6,12,12,12,12,13,13,12,12,13,13,12,43424680,Serie A,Pisa Sporting Club
Miguel Román,DM/M C,22,116,135,Spain,Vigo,12,11,11,8,13,8,7,12,7,11,13,7,9,12,8,14,11,14,13,13,14,6,10,16,13,15,14,15,11,13,11,10,15,11,12,10,2000022151,LaLiga,Celta
Andrea Oliveri,WB/M/AM R,22,116,134,Italy,Bergamo,9,11,11,7,12,6,10,10,10,9,12,10,10,12,12,12,13,12,11,11,10,12,9,13,12,11,11,12,14,13,13,10,14,13,13,11,43500559,Serie A,Atalanta
Jhoanner Chávez,D/WB L,23,116,134,Ecuador,RC Lens,9,13,12,8,11,8,9,9,13,12,13,8,14,12,12,12,10,9,10,9,12,11,7,13,12,13,9,14,13,14,11,8,15,14,15,9,86078359,Ligue 1,RC Lens
Luck Zogbé,D/WB R,22,116,134,Ivory Coast,Stade Brestois 29,7,13,12,7,12,7,11,10,8,11,12,10,12,11,12,12,13,11,11,11,14,11,8,14,11,13,11,13,14,12,12,9,12,15,12,11,12094970,Ligue 1,Stade Brestois 29
Timothy Chandler,D/WB RL,35,116,133,"United States,Germany",Eintracht Frankfurt,7,12,10,7,10,7,12,8,17,12,10,7,12,10,15,12,14,10,12,11,15,8,15,12,12,18,9,16,11,10,12,13,15,12,12,14,91001071,Bundesliga,Eintracht Frankfurt
Erencan Yardımcı,ST ,23,116,132,Türkiye,TSG 1899 Hoffenheim,6,8,12,11,11,8,12,11,7,6,10,12,7,13,13,11,13,10,9,9,13,12,6,12,6,12,9,16,15,13,12,15,12,16,14,12,70131662,Bundesliga,TSG 1899 Hoffenheim
"Adrián(Alavés,Argentina,Spain)",GK ,24,116,130,"Argentina,Spain",Alavés,3,1,1,2,8,6,4,1,1,3,10,1,3,8,6,12,13,10,11,12,12,5,11,5,12,13,6,12,13,12,11,12,13,10,8,10,67276068,LaLiga,Alavés
Ayman Azhil,DM/M C,24,116,130,"Morocco,Germany",Borussia Dortmund,12,10,12,8,13,12,7,11,6,10,14,12,11,14,14,12,12,13,12,12,14,12,13,9,10,13,13,15,12,13,12,7,12,11,15,9,92096837,Bundesliga,Borussia Dortmund
Ben Lhassine Koné,M/AM C,25,116,130,Ivory Coast,Como 1907,10,11,11,10,13,10,10,9,10,10,12,9,12,12,12,13,11,12,11,13,11,9,9,12,12,14,11,13,12,12,10,12,14,12,15,13,43390493,Serie A,Como 1907
Luca Philipp,GK ,24,116,130,Germany,TSG 1899 Hoffenheim,3,3,1,1,8,2,7,3,3,1,10,3,3,9,15,12,14,11,12,11,16,6,13,3,13,16,10,16,8,13,13,16,12,9,11,13,91207263,Bundesliga,TSG 1899 Hoffenheim
Mattia Valoti,M/AM C,31,116,130,Italy,U.S. Cremonese,12,11,12,13,12,12,11,12,3,6,12,12,8,12,12,14,13,12,13,12,13,13,11,14,11,14,12,13,12,12,12,12,15,12,12,12,43050913,Serie A,Cremonese
Maxime Colin,D/WB RC,33,116,130,France,FC Metz,9,12,11,5,13,6,13,8,12,12,13,7,13,10,13,12,12,13,12,13,14,10,11,10,12,14,13,14,11,13,12,13,13,13,12,11,85077900,Ligue 1,FC Metz
Marco Sala,D/WB L,26,116,128,Italy,Como 1907,6,14,12,8,12,7,5,11,11,12,14,8,13,12,12,13,13,12,12,12,13,10,8,14,13,14,12,14,12,12,10,8,14,12,13,11,43323122,Serie A,Como 1907
Ricky-Jade Jones,AM/ST L,22,116,128,England,FC St. Pauli,4,8,10,8,10,4,7,9,18,4,8,12,6,10,12,8,12,8,8,8,15,12,5,11,3,12,8,14,18,11,11,11,13,19,11,11,29236380,Bundesliga,FC St. Pauli
Nathanaël Mbuku,M/AM RL,23,116,127,"Democratic Republic of Congo,France",FC Augsburg,11,11,14,10,12,10,8,10,8,8,11,11,10,14,8,12,13,12,10,9,12,13,7,12,9,13,11,12,15,15,13,6,15,12,12,8,49048370,Bundesliga,FC Augsburg
Jannik Huth,GK ,31,116,126,Germany,Sport-Club Freiburg,6,1,2,1,10,7,7,2,2,1,12,2,2,11,13,12,13,13,12,11,12,5,14,1,13,12,11,12,9,13,12,13,13,12,10,12,91136179,Bundesliga,Sport-Club Freiburg
Adama,D/WB/M/AM L,23,116,125,"Senegal,Spain,Pays Basque",A. Bilbao,7,13,11,7,11,7,10,7,12,7,11,8,12,12,6,12,13,9,10,11,11,11,7,13,10,14,10,13,14,8,12,12,14,14,13,15,2000107074,LaLiga,A. Bilbao
Chris Bedia,ST ,29,116,125,"Ivory Coast,France",1. FC Union Berlin,7,8,12,13,12,9,12,10,6,7,11,14,7,12,8,13,13,12,11,12,12,10,8,14,8,12,10,12,11,11,14,16,12,11,12,15,211522,Bundesliga,1. FC Union Berlin
Yanis Zouaoui,D/WB/M L,27,116,125,France,Havre AC,15,16,12,8,12,13,11,12,10,11,15,7,11,12,12,11,12,11,11,13,12,10,11,11,10,12,10,12,13,12,9,11,12,12,13,8,50065187,Ligue 1,Le Havre
Arturo Calabresi,D RC,29,116,120,Italy,Pisa Sporting Club,6,11,9,9,11,5,12,10,11,12,12,5,14,11,13,12,10,10,13,12,12,7,10,13,13,14,11,14,13,13,12,13,14,12,12,12,43094084,Serie A,Pisa Sporting Club
Jeffrey de Lange,GK ,27,116,119,Netherlands,Olympique de Marseille,5,1,1,2,6,7,6,3,3,2,13,5,1,10,11,11,12,12,12,10,11,1,11,1,13,15,11,16,14,12,12,14,15,13,13,14,37055849,Ligue 1,Olympique de Marseille
Francesco Camarda,ST ,17,115,-9,Italy,Casciavit Milano,5,7,12,15,12,5,13,10,6,5,11,13,5,13,9,13,14,12,12,9,15,12,8,13,6,12,12,11,13,13,12,12,14,13,11,10,2000338371,Serie A,Milan
Ibrahim Mbaye,AM RL,17,115,-9,France,Paris Saint-Germain,10,11,14,11,13,9,12,10,10,6,13,11,6,13,10,11,12,10,10,10,14,12,7,13,8,12,13,12,14,14,12,13,13,13,11,8,2000385919,Ligue 1,Paris Saint-Germain
Matteo Palma,D RC,17,115,-9,"Germany,Italy,Cameroon",Udinese Calcio,5,9,8,7,9,5,13,5,10,13,11,7,12,9,12,13,10,11,11,12,15,8,6,9,12,13,9,13,13,12,14,14,15,14,11,14,2000383145,Serie A,Udinese Calcio
Andrija Maksimović,M/AM RC,18,115,-85,Serbia,RB Leipzig,13,11,13,10,14,14,7,13,6,8,13,15,8,15,11,11,9,12,12,12,14,15,8,10,8,11,13,12,13,13,11,9,10,13,12,8,2000288465,Bundesliga,RB Leipzig
Jofre Torrents,D/WB L,18,115,-85,Spain,Barcelona,6,12,12,8,13,7,11,9,10,11,12,8,12,13,13,12,12,11,11,14,14,12,8,11,13,12,11,12,13,12,12,11,14,13,12,13,2000297306,LaLiga,Barcelona
Karim Coulibaly,D C,18,115,-85,"Germany,Ivory Coast",SV Werder Bremen,3,7,12,6,11,3,13,7,10,13,12,7,13,11,16,12,15,11,10,10,13,10,10,8,13,12,11,13,13,11,14,15,12,14,12,15,2000257921,Bundesliga,SV Werder Bremen
Antoñito Cordero,AM RL,18,115,-8,Spain,Newcastle United,11,12,13,11,12,13,11,11,6,5,11,12,7,11,9,11,10,12,11,11,17,13,10,12,6,12,12,14,14,13,14,8,13,14,11,8,2000291513,Premier League,Newcastle United
Cole Campbell,AM RLC,19,115,-8,"United States,Iceland",Borussia Dortmund,12,10,13,8,12,12,6,10,6,5,10,12,6,12,7,8,8,8,8,8,13,13,3,10,5,9,11,10,17,15,10,6,12,17,11,7,2000085150,Bundesliga,Borussia Dortmund
David Odogu,D C,19,115,-8,"Germany,Nigeria",Casciavit Milano,3,7,10,6,10,3,13,7,10,13,11,6,13,11,16,12,15,9,12,10,16,7,12,8,12,12,9,14,13,10,14,16,8,14,11,15,2000218552,Serie A,Milan
Edu Altozano,DM/M C,18,115,-8,Spain,Sevilla,11,11,11,12,12,11,11,15,11,12,12,6,11,12,12,12,11,11,7,12,13,11,4,11,10,12,12,14,13,15,16,7,13,14,12,7,2000300127,LaLiga,Sevilla
Eric da Silva Moreira,D/WB/M/AM R,19,115,-8,"Germany,Portugal,Poland",Nottingham Forest,11,12,12,9,13,11,7,9,13,9,10,11,11,12,11,8,11,8,8,10,15,15,5,11,9,11,10,13,14,13,11,11,16,15,12,10,2000180880,Premier League,Nottingham Forest
Fabio Chiarodia,D LC,20,115,-8,"Italy,Germany",Borussia Mönchengladbach,3,8,11,6,12,3,13,6,7,13,13,6,13,12,12,12,14,12,12,12,13,10,12,8,13,12,12,12,12,12,13,14,13,13,12,13,2000116422,Bundesliga,Borussia Mönchengladbach
Gabriël Misehouy,M/AM RLC,20,115,-8,"Netherlands,Ghana",Girona,10,8,13,12,13,10,7,10,7,7,13,10,7,14,11,10,7,10,9,11,15,12,12,11,8,12,13,13,13,14,12,8,12,12,11,9,2000046143,LaLiga,Girona
Gonzalo Petit,ST ,18,115,-8,Uruguay,Real Hispalis,10,10,13,14,14,11,15,13,7,11,12,9,7,14,5,12,9,9,8,15,11,14,5,13,6,13,13,9,10,11,11,15,16,12,11,8,2000243128,LaLiga,Real Betis
Maurice Krattenmacher,AM RLC,19,115,-8,Germany,FC Bayern München,12,10,16,10,14,12,7,12,6,7,12,12,8,15,10,11,10,10,9,10,12,16,4,11,7,11,12,11,13,16,12,8,11,13,12,7,2000170613,Bundesliga,FC Bayern München
Max Moerstedt,ST ,19,115,-8,Germany,TSG 1899 Hoffenheim,3,8,11,12,13,10,13,11,6,6,12,13,7,13,11,13,12,11,12,12,14,12,8,13,6,12,11,13,12,12,13,16,14,12,14,12,2000230641,Bundesliga,TSG 1899 Hoffenheim
Nhoa Sangui,D L,19,115,-8,France,Paris FC,9,12,12,8,13,8,10,10,6,12,12,8,12,11,12,11,12,12,12,11,13,12,8,11,11,13,12,13,14,14,12,10,12,14,12,11,2000205042,Ligue 1,Paris FC
Simone Pafundi,AM RC,19,115,-8,Italy,Udinese Calcio,13,11,16,8,15,14,5,14,4,5,13,11,5,15,5,9,6,11,9,10,19,15,7,12,11,11,14,11,14,16,11,5,12,12,11,7,2000178997,Serie A,Udinese Calcio
Antal Yaakobishvili,D C,21,115,155,"Hungary,Georgia,Israel",Girona,5,5,8,7,11,5,13,7,8,12,11,7,13,11,14,11,13,11,10,12,14,8,7,6,12,11,11,12,12,10,14,16,14,13,10,15,2000276486,LaLiga,Girona
Djaoui Cissé,M C,21,115,153,France,Stade Rennais FC,7,8,13,12,14,7,13,11,5,12,13,9,13,14,12,11,14,13,10,10,15,12,8,11,12,12,11,13,13,11,14,12,12,13,12,16,2000023222,Ligue 1,Stade Rennais FC
Kojo Peprah Oppong,D C,21,115,152,Ghana,OGC Nice,6,9,11,7,11,7,12,8,9,13,13,8,14,12,13,11,14,12,11,11,13,10,6,9,11,13,13,13,13,12,13,14,14,14,12,12,2000238183,Ligue 1,OGC Nice
Aboubaka Soumahoro,D LC,20,115,-75,"France,Ivory Coast",Hamburger Sport-Verein,6,10,11,6,12,6,12,7,12,12,12,7,14,12,13,12,15,11,12,11,14,10,8,9,12,14,11,13,13,12,14,13,12,13,13,14,2000316142,Bundesliga,Hamburger Sport-Verein
Alfie Devine,M/AM C,21,115,-75,England,Tottenham Hotspur,9,9,12,12,13,11,8,11,5,8,13,13,9,13,14,11,11,13,8,11,14,13,7,12,8,12,12,13,13,13,13,10,15,12,13,9,2000050627,Premier League,Tottenham Hotspur
Ali Houary,M/AM LC,19,115,-75,"Morocco,Spain",Elche,10,12,15,12,14,10,10,12,4,9,15,8,12,15,12,8,11,9,9,12,4,13,12,15,9,11,15,12,14,15,11,8,10,14,9,8,2000221091,LaLiga,Elche
Carlos Espí,ST ,20,115,-75,Spain,Levante,7,8,10,13,12,7,15,9,5,6,11,11,7,11,13,13,13,11,12,11,11,10,7,13,8,13,10,12,11,11,12,16,13,13,12,15,2000299722,LaLiga,Levante
"Dani Rodríguez(Barcelona,Spain,Pays Basque)",AM RLC,19,115,-75,"Spain,Pays Basque",Barcelona,12,11,15,10,14,11,6,11,6,5,13,11,7,15,8,10,10,12,10,12,14,17,8,14,7,10,12,11,14,15,11,2,14,13,10,7,2000160572,LaLiga,Barcelona
Julian Pauli,D C,20,115,-75,"Germany,England",1. FC Köln,3,7,10,6,11,4,13,6,8,13,12,7,13,11,14,12,15,10,12,10,14,8,10,8,12,12,11,14,12,11,15,15,8,13,11,15,2000178873,Bundesliga,1. FC Köln
Ricard Artero,DM/M C,22,115,150,Spain,Girona,10,10,11,9,14,9,9,11,8,9,13,9,10,14,12,11,10,11,10,12,14,12,9,11,12,13,12,13,13,14,14,9,14,12,13,12,2000165475,LaLiga,Girona
Thomas Gillier,GK ,21,115,-75,"Chile,France",Bologna FC 1909,3,2,1,3,9,5,1,1,3,2,10,2,1,6,8,12,15,10,7,14,15,3,14,3,14,10,9,9,13,15,10,12,12,12,7,7,2000061915,Serie A,Bologna FC 1909
Carlos Dotor,M C,24,115,146,Spain,Vigo,12,9,8,14,13,11,10,13,11,8,13,9,10,12,10,12,8,13,12,12,14,10,9,14,12,12,12,14,12,12,11,7,11,13,11,12,67293616,LaLiga,Celta
Tim Drexler,D RC,20,115,146,Germany,TSG 1899 Hoffenheim,3,8,10,6,11,3,12,7,10,13,12,6,15,11,13,11,16,10,12,10,14,8,11,9,13,13,10,15,13,12,12,12,12,15,14,12,2000180848,Bundesliga,TSG 1899 Hoffenheim
Alex Paulsen,GK ,23,115,145,"New Zealand,South Africa,Namibia",AFC Bournemouth,4,2,7,2,10,7,6,3,1,2,13,3,2,9,7,12,11,13,13,10,14,11,8,3,13,9,10,10,10,13,11,12,12,9,10,10,88025279,Premier League,AFC Bournemouth
Henrik Meister,ST L,21,115,145,"Denmark,Cameroon",Pisa Sporting Club,5,7,11,12,11,8,15,10,10,7,11,12,8,11,11,12,13,12,11,9,13,12,9,12,10,11,10,12,11,11,14,16,12,12,13,16,2000113465,Serie A,Pisa Sporting Club
Kim Ji-Soo,D C,20,115,145,South Korea,Brentford,4,6,8,5,11,4,13,6,8,12,11,7,12,11,13,11,14,12,12,11,13,7,8,8,12,13,10,13,12,10,14,15,12,13,11,14,2000205527,Premier League,Brentford
Manu Bueno,M C,21,115,145,Spain,Sevilla,11,12,12,12,13,11,11,10,9,13,13,10,13,13,5,11,10,12,7,9,12,12,12,9,12,12,13,13,14,14,13,9,14,13,9,7,2000187407,LaLiga,Sevilla
Simone Verdi,AM RLC,33,115,145,Italy,Como 1907,13,13,13,11,14,17,4,14,5,4,14,14,4,15,12,10,10,10,9,10,16,14,8,11,4,11,14,11,12,11,12,3,11,10,11,7,43061356,Serie A,Como 1907
Youssef El Arabi,ST ,38,115,145,"Morocco,France",FC Nantes,6,9,13,15,15,6,14,12,4,6,12,14,5,14,10,14,12,14,11,12,14,13,12,15,7,13,12,10,8,9,14,12,15,9,8,14,29023774,Ligue 1,FC Nantes
Dženan Pejčinović,ST ,20,115,142,"Germany,Montenegro",VfL Wolfsburg,6,7,11,13,12,12,13,12,6,5,11,14,6,13,11,13,12,11,10,11,13,12,8,13,5,11,10,12,12,12,13,14,10,14,13,13,2000147146,Bundesliga,VfL Wolfsburg
Joe Worrall,D C,28,115,142,England,Burnley,6,7,6,5,10,6,14,5,7,12,10,5,14,10,14,12,16,12,12,12,13,7,15,7,13,15,8,14,10,9,10,16,12,8,14,15,29122252,Premier League,Burnley
Pape Demba Diop,DM/M C,21,115,142,Senegal,RC Strasbourg Alsace,10,9,14,10,14,10,12,12,6,9,13,11,11,14,14,12,12,11,10,11,13,14,8,12,9,12,13,14,13,13,12,12,12,12,15,12,12092877,Ligue 1,RC Strasbourg Alsace
Ali Jassim,M/AM/ST RL,21,115,140,Iraq,Como 1907,9,12,14,9,13,8,7,9,4,4,12,6,5,13,8,10,7,10,9,8,12,16,5,10,5,10,12,12,16,13,10,9,14,15,10,7,54201307,Serie A,Como 1907
Antonín Barák,M/AM C,30,115,140,Czechia,ACF Fiorentina,10,11,14,13,15,12,14,12,4,8,15,14,10,14,7,14,10,13,11,13,13,14,13,14,7,15,14,9,9,9,11,13,14,12,9,13,25040431,Serie A,ACF Fiorentina
"David López(Mallorca,Spain)",D C,22,115,140,Spain,Mallorca,3,6,6,8,11,4,12,3,6,13,12,7,14,8,15,13,13,14,11,12,8,5,9,9,13,13,10,11,10,9,11,17,13,12,12,14,2000197963,LaLiga,Mallorca
Dawda Camara,ST ,22,115,140,"Mauritania,Mali,Spain",Girona,5,8,11,13,13,8,13,9,8,6,10,12,7,12,12,11,11,12,10,11,14,12,8,12,5,12,9,11,13,12,12,15,14,14,12,13,2000134379,LaLiga,Girona
Edoardo Pieragnolo,D/WB L,22,115,140,Italy,U.S. Sassuolo Calcio,11,13,13,10,12,8,11,10,11,10,12,7,13,11,12,13,12,11,12,12,10,5,8,14,10,12,9,12,14,13,12,9,12,13,14,12,43500623,Serie A,Sassuolo
Emersonn,AM/ST RL,21,115,140,Brazil,Toulouse FC,7,11,13,13,12,7,15,11,6,6,11,11,8,13,10,12,9,11,11,12,12,15,8,12,7,12,10,12,12,13,12,14,13,13,12,13,19409149,Ligue 1,Toulouse FC
Hugo Pérez,D C,22,115,140,Spain,Espanyol,2,6,10,7,12,5,13,8,6,14,12,7,13,11,11,12,13,11,11,12,14,7,10,8,13,12,11,13,11,12,11,13,14,12,11,13,2000066256,LaLiga,Espanyol
Jastin,AM LC,21,115,140,"Portugal,Spain,Cape Verde Islands",Girona,12,11,14,11,13,10,7,11,6,6,11,10,8,13,8,12,9,11,9,11,14,16,8,14,7,10,13,10,14,15,11,9,14,13,12,9,2000271703,LaLiga,Girona
Javi Llabrés,AM RLC,22,115,140,Spain,Mallorca,14,15,13,10,11,7,8,11,7,7,11,8,7,12,10,12,9,11,10,11,12,13,8,14,7,11,12,10,13,12,11,8,11,13,11,10,2000197966,LaLiga,Mallorca
Leonardo Pavoletti,ST ,36,115,140,Italy,Cagliari Calcio,4,5,9,14,9,4,16,8,4,4,10,14,4,9,12,15,16,14,13,13,16,9,17,15,6,14,11,16,9,9,15,16,16,10,12,16,43008385,Serie A,Cagliari Calcio
Mohamed Farès,D/WB/M/AM L,29,115,140,"Algeria,France",Capitolini Celesti,10,13,12,10,12,7,11,9,5,9,12,12,11,13,10,11,11,10,10,10,12,15,8,12,10,12,10,11,14,12,10,10,10,14,11,11,43153070,Serie A,Lazio
Pelayo,D C,22,115,140,Spain,Vallecano,5,5,10,6,12,8,13,9,6,14,13,5,11,11,14,12,13,11,12,13,14,6,8,7,13,10,10,10,10,10,12,16,12,10,11,15,2000141737,LaLiga,Rayo Vallecano
Michel Mboula,D LC,22,115,138,Gabon,FC Metz,7,8,11,9,13,8,12,9,9,13,13,10,12,11,14,14,13,11,10,11,16,15,11,12,11,13,14,13,13,13,14,13,13,12,13,13,2000224445,Ligue 1,FC Metz
Théo Le Bris,M/AM LC,22,115,138,France,FC Lorient,10,14,12,7,11,10,4,7,7,11,11,9,12,12,8,13,9,11,9,15,3,12,9,9,11,12,11,12,12,13,12,4,13,13,11,6,49059203,Ligue 1,FC Lorient
Daniel-Kofi Kyereh,AM RLC,29,115,136,"Ghana,Germany",Sport-Club Freiburg,13,11,16,11,15,15,11,12,6,8,13,12,8,16,13,12,9,12,10,12,12,17,8,12,8,11,13,10,12,14,12,9,6,12,8,10,91179959,Bundesliga,Sport-Club Freiburg
Aliou Baldé,AM RL,22,115,135,"Guinea,Senegal,Guinea-Bissau",OGC Nice,10,9,15,9,13,8,6,9,6,4,10,12,5,13,11,9,8,9,8,9,12,14,2,10,4,8,10,8,16,16,9,6,11,16,11,7,2000047650,Ligue 1,OGC Nice
Daniel Bentley,GK ,32,115,135,England,Wolverhampton Wanderers,3,3,3,1,8,1,6,2,1,2,10,4,1,11,8,11,15,13,11,12,13,3,10,6,13,12,9,13,8,13,9,16,13,8,14,13,29060276,Premier League,Wolverhampton Wanderers
Karl-Johan Johnsson,GK ,35,115,135,Sweden,RC Strasbourg Alsace,3,3,3,1,11,7,3,2,3,1,7,3,1,8,14,12,15,12,11,11,14,3,13,5,11,15,11,13,10,13,14,13,15,9,12,15,68011605,Ligue 1,RC Strasbourg Alsace
Mathys Tourraine,D/WB R,24,115,135,"Morocco,France",Paris FC,10,13,13,8,11,7,5,11,12,9,13,11,15,12,14,12,14,12,10,13,15,5,14,13,9,14,10,12,13,13,11,8,13,13,12,9,49054454,Ligue 1,Paris FC
Nico Serrano,AM RLC,22,115,134,"Spain,Pays Basque",A. Bilbao,7,11,13,11,13,8,9,9,7,8,12,13,8,15,8,13,11,9,11,11,10,12,10,13,12,13,13,13,13,13,13,9,11,13,11,11,67295206,LaLiga,A. Bilbao
Yusuf Kabadayı,AM/ST RL,21,115,132,"Germany,Türkiye",FC Augsburg,10,9,13,10,11,10,10,10,6,7,10,12,7,12,15,10,8,9,8,8,12,14,3,11,7,8,9,9,15,14,11,12,8,16,11,8,2000066002,Bundesliga,FC Augsburg
Yassine Benhattab,M/AM RC,22,115,131,"France,Algeria",FC Nantes,8,12,14,7,14,12,6,9,4,7,13,12,8,14,8,11,10,10,11,10,13,15,6,11,8,12,13,11,14,14,11,5,10,14,11,6,49056530,Ligue 1,FC Nantes
Ally Samatta,ST ,32,115,130,Tanzania,Havre AC,8,12,11,12,13,7,14,10,6,5,12,12,6,10,16,12,15,9,10,11,11,13,6,15,5,13,11,14,12,13,15,13,12,13,14,15,13102011,Ligue 1,Le Havre
Brandon Domingues,AM RLC,25,115,130,"France,Portugal",Oviedo,12,12,15,13,12,11,8,11,4,4,11,10,5,13,15,12,14,10,12,11,14,14,9,10,6,14,12,15,14,12,12,6,12,13,13,8,49037466,LaLiga,Oviedo
Christian Früchtl,GK ,25,115,130,Germany,Unione Sportiva Lecce,2,3,2,2,11,7,6,1,3,3,11,3,4,11,7,10,11,15,11,10,12,8,11,1,12,11,10,11,10,13,12,16,12,11,12,11,91172526,Serie A,Unione Sportiva Lecce
Gino Infantino,AM LC,22,115,130,"Argentina,Italy",ACF Fiorentina,10,11,12,12,14,7,6,14,7,12,13,11,9,13,11,13,12,11,12,12,11,13,9,13,10,12,13,12,13,13,12,10,16,10,13,11,14229541,Serie A,ACF Fiorentina
Luca Kilian,D C,25,115,130,Germany,1. FC Köln,3,7,8,6,9,4,13,8,12,14,11,7,14,9,15,12,16,10,12,11,12,7,11,8,13,13,10,15,11,9,14,15,6,13,10,14,91172547,Bundesliga,1. FC Köln
Noah Katterbach,D/WB L,24,115,130,Germany,Hamburger Sport-Verein,11,13,13,7,13,11,8,8,15,10,13,8,11,13,9,12,11,13,10,11,12,13,7,11,10,13,12,12,13,12,12,10,10,13,13,10,91178620,Bundesliga,Hamburger Sport-Verein
Guilherme Ramos,D C,27,115,127,Portugal,Hamburger Sport-Verein,3,7,10,6,10,3,14,7,17,14,11,6,12,10,16,13,16,10,10,11,16,7,12,8,13,12,9,13,11,10,13,16,12,13,11,14,55082126,Bundesliga,Hamburger Sport-Verein
Rachid Kouda,M/AM C,23,115,127,"Italy,Burkina Faso",Parma Calcio 1913,6,13,12,5,13,9,13,10,11,12,12,8,14,8,15,13,10,12,13,11,10,7,8,12,12,13,11,13,14,13,14,14,15,14,14,14,43611977,Serie A,Parma Calcio 1913
Maximilian Breunig,ST C,24,115,126,Germany,1. FC Heidenheim 1846,4,8,10,12,11,7,14,10,8,8,10,13,9,11,13,13,16,11,12,11,15,10,11,12,8,15,10,16,11,9,15,17,8,12,12,15,92095068,Bundesliga,1. FC Heidenheim 1846
Daniel Paraschiv,ST ,26,115,125,"Romania,Moldova",Oviedo,8,12,12,14,12,4,13,13,2,2,11,12,6,13,10,12,10,12,13,12,13,11,8,14,5,13,11,13,12,13,13,11,14,13,12,13,57156410,LaLiga,Oviedo
Emanuel Vignato,AM RLC,24,115,125,"Italy,Brazil",Pisa Sporting Club,11,13,14,10,14,10,6,12,3,5,13,10,6,15,9,13,9,12,11,12,11,15,7,13,6,12,14,9,13,13,11,8,12,12,12,9,43296186,Serie A,Pisa Sporting Club
Fodé Doucouré,D/WB/M/AM R,24,115,125,Mali,Havre AC,8,12,12,8,11,6,6,7,12,12,11,5,10,13,13,10,14,13,9,11,11,14,10,9,10,14,11,15,14,14,11,7,13,14,12,9,49062647,Ligue 1,Le Havre
Malthe Højholt,DM/M C,24,115,125,Denmark,Pisa Sporting Club,8,7,11,6,12,5,8,6,9,11,12,10,13,11,12,12,13,12,13,12,11,8,11,11,12,14,11,15,13,13,11,11,13,12,15,12,27142187,Serie A,Pisa Sporting Club
Nik Prelec,AM/ST RC,24,115,125,Slovenia,Cagliari Calcio,9,10,12,12,12,10,12,10,7,7,12,10,9,12,12,10,12,11,12,10,13,11,8,13,12,12,10,12,12,12,12,14,12,14,12,13,62203802,Serie A,Cagliari Calcio
Luca Moro,ST ,24,115,124,Italy,U.S. Sassuolo Calcio,8,8,12,13,12,13,13,11,4,4,11,11,7,13,12,13,11,12,12,11,14,10,10,12,10,11,8,12,12,12,13,14,11,12,13,13,43379699,Serie A,Sassuolo
Stefan Drljača,GK ,26,115,122,"Germany,Croatia",VfB Stuttgart,3,3,2,1,8,5,7,3,3,2,9,1,1,8,12,12,13,11,12,11,13,6,13,5,13,12,8,13,8,13,12,16,14,8,11,13,91184490,Bundesliga,VfB Stuttgart
Giacomo Satalino,GK ,26,115,121,Italy,U.S. Sassuolo Calcio,1,3,2,3,4,1,4,2,2,3,6,1,2,5,12,11,14,11,13,12,12,3,10,5,13,8,9,10,12,13,12,13,12,11,12,11,43252200,Serie A,Sassuolo
Jiří Letáček,GK ,26,115,120,Czechia,Getafe,3,3,3,2,6,8,5,1,3,4,8,1,3,2,8,12,13,10,12,13,14,5,5,6,14,10,9,12,9,13,8,14,10,9,10,12,25058195,LaLiga,Getafe
Leopold Zingerle,GK ,31,115,120,Germany,RB Leipzig,2,1,2,2,10,7,6,2,1,3,12,3,2,11,7,12,12,13,11,12,13,3,12,2,13,16,11,12,9,13,12,13,14,11,11,12,91119572,Bundesliga,RB Leipzig
Imad Rondić,ST ,26,115,119,Bosnia and Herzegovina,1. FC Köln,6,8,11,11,10,12,13,12,6,7,11,15,8,11,15,14,16,11,10,11,16,10,10,14,7,13,11,16,11,10,14,15,15,12,16,15,25058269,Bundesliga,1. FC Köln
Marc Vidal,GK ,25,115,115,Spain,Vigo,1,3,3,1,9,1,7,2,2,2,12,2,3,11,9,8,11,8,11,11,12,7,9,2,11,11,12,10,8,13,12,11,14,10,12,12,89062862,LaLiga,Celta
Luca Lipani,DM/M C,20,114,-8,Italy,U.S. Sassuolo Calcio,6,5,10,8,14,13,13,12,12,12,13,11,10,13,10,13,11,11,12,11,9,7,7,10,11,12,12,9,12,13,13,14,13,13,14,11,2000098016,Serie A,Sassuolo
David Ozoh,DM/M C,20,114,-75,"England,Nigeria,Spain",Crystal Palace,7,7,12,7,11,7,9,7,8,11,10,5,11,12,15,12,16,11,11,10,14,8,8,11,12,14,9,15,15,13,12,14,15,14,14,17,2000140844,Premier League,Crystal Palace
Gustavo Nunes,AM RLC,19,114,-75,Brazil,Brentford,10,12,14,10,13,10,7,10,8,7,12,11,7,13,12,12,10,12,13,12,15,17,7,13,6,11,12,12,14,14,12,6,13,13,12,7,2000256293,Premier League,Brentford
Harrison Armstrong,DM/M C,18,114,-75,England,Everton,6,11,12,8,13,7,10,7,10,9,12,5,11,14,12,12,14,11,10,10,14,12,13,10,11,12,13,13,13,12,13,14,15,14,12,14,2000288697,Premier League,Everton
Jaydon Banel,AM/ST RL,20,114,-75,"Netherlands,Suriname",Burnley,11,11,14,9,13,8,8,12,6,7,11,7,6,14,7,10,12,11,9,10,12,12,6,10,5,11,9,11,14,14,10,8,12,14,9,11,2000046210,Premier League,Burnley
Jeremy Agbonifo,M/AM/ST R,19,114,-75,"Sweden,Nigeria",RC Lens,10,12,14,9,13,9,7,12,4,5,11,9,8,13,14,10,12,11,10,10,12,15,5,11,6,10,11,12,15,15,12,10,12,13,12,9,2000155446,Ligue 1,RC Lens
Riyad Idrissi,D/WB/M L,20,114,-75,"Italy,Morocco",Cagliari Calcio,8,12,11,9,10,9,10,8,12,10,11,8,10,11,12,12,10,12,10,9,12,10,8,11,10,11,10,11,14,13,13,12,13,14,14,14,2000103852,Serie A,Cagliari Calcio
Samir El Mourabet,M C,19,114,-75,"Morocco,France",RC Strasbourg Alsace,12,9,13,9,13,11,12,11,4,10,14,12,11,14,11,10,10,11,11,12,5,14,7,10,9,13,14,13,11,14,12,12,12,11,12,12,2000212746,Ligue 1,RC Strasbourg Alsace
Javi Serrano,DM/M C,22,114,146,Spain,A. Madrid,9,9,13,6,13,8,9,11,6,7,12,8,10,12,9,13,12,13,12,11,12,8,8,11,14,12,11,13,12,13,13,11,13,14,13,12,2000057465,LaLiga,A. Madrid
Adil Aouchiche,AM LC,23,114,145,"France,Algeria",Sunderland,12,12,12,11,14,13,6,12,6,5,12,13,6,13,10,11,12,12,10,12,11,12,10,13,7,11,12,10,13,12,12,9,13,13,12,11,49048441,Premier League,Sunderland
Alejandro Iturbe,GK ,21,114,145,Spain,Elche,3,2,3,1,3,5,1,1,1,3,9,1,2,6,9,14,13,10,14,13,7,1,13,2,12,10,9,8,11,17,10,13,7,13,3,9,2000049485,LaLiga,Elche
Sebastian Otoa,D C,21,114,142,"Denmark,Cameroon,France",Genoa Cricket and Football Club,5,6,13,8,11,6,12,8,10,12,11,10,12,11,6,11,12,15,10,12,9,11,10,8,11,12,11,11,11,11,8,17,12,13,13,14,2000120656,Serie A,Genoa Cricket and Football Club
Samuel Giovane,DM/M LC,22,114,140,Italy,Bergamo,10,13,12,11,13,10,10,10,10,13,13,11,12,12,11,12,12,12,12,13,4,9,12,12,9,12,13,12,12,12,12,11,10,12,13,11,43500343,Serie A,Atalanta
Ashley Barnes,AM/ST C,35,114,138,England,Burnley,6,9,8,12,14,9,14,11,5,8,13,15,10,13,18,14,18,12,14,13,16,7,16,15,12,18,13,17,8,8,13,14,16,8,13,15,28016057,Premier League,Burnley
Eiran Cashin,D C,23,114,138,"Republic of Ireland,England",Brighton & Hove Albion,4,6,12,6,10,6,15,4,12,14,10,3,14,10,16,14,18,12,11,10,17,5,12,10,13,12,12,14,10,11,9,13,15,9,14,15,29217605,Premier League,Brighton & Hove Albion
Josh Wilson-Esbrand,D/WB L,22,114,137,England,Manchester City,7,13,13,9,12,7,8,9,10,12,12,8,13,13,12,12,12,12,11,10,13,13,10,11,6,7,10,13,15,14,13,10,12,14,12,12,28127192,Premier League,Manchester City
Riccardo Ciervo,WB/M/AM RL,23,114,136,Italy,U.S. Sassuolo Calcio,8,11,12,9,12,8,8,8,6,7,11,10,8,12,13,10,8,11,9,11,11,13,9,12,7,12,9,12,14,13,11,7,13,14,12,11,43424868,Serie A,Sassuolo
Eduard Sobol,D/WB/M L,30,114,135,Ukraine,RC Strasbourg Alsace,12,13,11,9,10,13,11,9,12,12,11,13,13,11,11,10,11,12,13,11,13,10,12,13,12,14,12,13,13,13,11,11,11,12,13,11,71050075,Ligue 1,RC Strasbourg Alsace
Ibrahim Cissoko,AM L,22,114,135,"Netherlands,Guinea",Toulouse FC,9,10,15,10,13,8,7,10,5,5,9,13,5,12,13,10,12,11,7,8,10,16,7,12,5,11,8,12,15,15,13,9,12,14,11,11,37072840,Ligue 1,Toulouse FC
Leo Fuhr Hjelde,D LC,21,114,133,Norway,Sunderland,3,9,9,6,13,4,14,6,9,13,9,4,14,11,10,11,14,14,12,11,13,8,7,10,12,13,11,12,12,10,12,15,13,13,14,14,29237773,Premier League,Sunderland
Erik Ahlstrand,AM RLC,23,114,132,Sweden,FC St. Pauli,11,11,14,10,13,11,7,10,6,9,12,10,9,13,12,11,10,11,10,9,13,15,5,11,9,16,12,15,14,14,10,9,12,14,14,8,93135499,Bundesliga,FC St. Pauli
Pietro Beruatto,D/WB L,26,114,130,Italy,Pisa Sporting Club,8,12,12,9,12,9,10,12,13,10,14,10,13,13,12,12,12,11,12,12,12,7,10,13,12,13,13,13,14,12,11,11,13,12,13,10,43204340,Serie A,Pisa Sporting Club
Rareş Ilie,M/AM LC,22,114,130,Romania,OGC Nice,13,12,12,11,14,12,11,11,6,8,13,9,11,14,7,11,9,12,11,12,13,11,4,12,9,12,13,12,12,12,12,10,10,12,12,11,2000045306,Ligue 1,OGC Nice
Kevin Bonifazi,D C,29,114,129,Italy,Bologna FC 1909,3,10,11,6,9,4,14,7,13,14,12,5,15,12,13,11,15,11,10,10,14,12,12,10,13,10,11,11,11,11,15,14,13,11,11,15,43094128,Serie A,Bologna FC 1909
Niklas Pyyhtiä,DM/M C,21,114,129,Finland,Bologna FC 1909,9,12,13,10,13,10,9,12,7,7,13,10,10,13,10,12,10,13,12,12,9,11,10,11,10,13,12,11,13,12,13,11,14,13,13,13,33079161,Serie A,Bologna FC 1909
Mehdi Léris,M/AM RL,27,114,127,"Algeria,France",Pisa Sporting Club,10,14,13,7,12,8,8,8,3,5,13,9,9,13,10,12,10,10,10,10,8,16,9,14,9,13,11,10,14,15,12,11,12,14,10,9,43252697,Serie A,Pisa Sporting Club
Gabriele Artistico,ST ,23,114,126,Italy,Capitolini Celesti,4,11,12,13,13,6,14,10,5,7,12,11,9,12,14,13,12,13,13,12,12,10,9,14,9,14,12,12,12,12,13,11,12,12,12,12,43479336,Serie A,Lazio
Kwon Hyeok-Kyu,DM C,24,114,126,South Korea,FC Nantes,7,10,11,7,13,6,12,8,5,12,13,12,12,13,11,14,14,14,12,11,12,9,8,13,12,14,12,13,11,12,13,12,14,10,13,12,66045361,Ligue 1,FC Nantes
Dailon Livramento,AM/ST RL,24,114,125,"Cape Verde Islands,Netherlands",Hellas Verona FC,9,10,12,11,13,8,13,9,5,5,12,14,10,12,8,10,14,12,13,9,10,12,6,13,5,11,8,14,13,13,11,14,13,13,13,11,37084655,Serie A,Hellas Verona FC
Pierre-Yves Hamel,ST ,31,114,125,France,Paris FC,8,8,11,12,12,10,14,11,8,8,12,12,8,10,11,14,14,12,13,13,13,6,11,12,12,13,14,13,11,10,14,14,13,12,13,14,49033539,Ligue 1,Paris FC
Álvaro Lemos,D/WB R,32,114,123,Spain,Oviedo,11,11,10,8,11,9,6,11,11,7,11,10,10,12,12,12,12,11,9,10,10,9,9,13,12,13,9,13,14,14,11,8,14,14,14,11,67118135,LaLiga,Oviedo
Marc-Aurèle Caillard,GK ,31,114,122,France,LOSC Lille,4,2,3,3,7,5,10,2,3,3,7,3,3,6,13,12,13,13,12,11,14,6,9,5,11,8,6,6,10,14,14,15,13,9,11,14,85093425,Ligue 1,LOSC Lille
Saad Agouzoul,D C,27,114,122,Morocco,AJ Auxerre,5,5,8,5,12,5,14,6,12,13,11,6,14,11,14,12,13,11,14,12,12,8,7,9,12,12,10,13,12,11,14,15,13,13,12,12,29222631,Ligue 1,AJ Auxerre
David Čolina,D/WB L,25,114,121,Croatia,FC Augsburg,11,13,12,8,12,11,8,12,16,10,12,8,12,12,12,12,12,11,11,10,12,13,6,12,11,13,11,15,13,13,11,8,13,14,13,9,24056363,Bundesliga,FC Augsburg
Julien Lopez,AM LC,33,114,120,"France,Algeria",Paris FC,11,12,13,10,13,10,6,8,3,7,14,10,7,15,7,10,10,12,11,12,13,12,7,13,9,14,14,12,14,15,10,7,13,12,12,8,85067212,Ligue 1,Paris FC
Luka Topalović,M/AM C,19,113,-85,Slovenia,Blu-neri Milano,11,10,12,12,13,13,12,14,5,6,14,12,7,14,11,13,11,13,12,11,13,14,9,13,9,12,13,11,12,11,13,12,11,11,13,11,2000264561,Serie A,Inter
Dayann Methalie,D L,19,113,-8,France,Toulouse FC,8,13,11,8,12,7,13,10,6,12,12,7,12,12,12,11,11,12,11,11,13,10,8,11,11,13,12,13,13,12,13,13,14,13,14,12,2000188079,Ligue 1,Toulouse FC
Jamie Donley,AM C,20,113,-8,"Northern Ireland,England",Tottenham Hotspur,13,13,11,13,15,13,8,16,2,6,15,13,8,15,6,9,12,15,9,9,15,13,9,9,8,14,16,14,9,12,12,11,13,10,11,11,2000123638,Premier League,Tottenham Hotspur
Amario Cozier-Duberry,AM RLC,20,113,-75,England,Brighton & Hove Albion,10,10,14,10,13,10,5,10,1,3,12,13,4,13,10,10,7,11,10,10,10,14,6,12,10,13,12,13,16,15,11,4,13,14,11,6,2000134393,Premier League,Brighton & Hove Albion
Caleb Wiley,D/WB/M/AM L,20,113,-75,United States,Chelsea,11,12,11,10,11,7,9,9,8,11,11,6,10,11,9,11,11,12,11,9,12,11,6,13,10,11,10,13,15,12,11,11,15,14,12,9,2000111594,Premier League,Chelsea
Milan Aleksić,M/AM C,19,113,-75,Serbia,Sunderland,8,9,13,11,12,10,10,12,8,8,13,10,7,13,8,11,10,12,12,12,12,12,10,11,9,12,12,11,14,13,10,7,10,13,11,10,2000180156,Premier League,Sunderland
Freddie Woodman,GK ,28,113,145,England,Liverpool,2,1,2,3,10,2,7,1,3,3,7,10,2,8,10,13,10,11,14,11,12,5,10,2,16,11,6,11,10,14,12,15,12,9,13,12,28091347,Premier League,Liverpool
Tommaso Corazza,D/WB RL,21,113,138,Italy,Bologna FC 1909,10,11,12,9,12,11,6,11,10,9,12,8,10,12,12,11,8,11,10,10,13,10,7,11,8,12,9,12,14,13,9,8,12,14,13,8,2000021030,Serie A,Bologna FC 1909
Ryan Trevitt,DM/M C,22,113,137,England,Brentford,11,11,12,11,12,12,9,13,8,8,12,10,9,13,11,12,12,12,13,12,14,12,9,12,9,13,12,14,12,12,12,9,12,12,13,11,2000077039,Premier League,Brentford
Naouirou Ahamada,DM/M/AM C,23,113,136,"France,Comoros",Crystal Palace,7,8,13,8,13,7,10,10,5,11,13,6,12,13,10,12,12,11,10,10,15,14,8,12,11,13,11,12,13,13,13,12,12,13,14,10,49048373,Premier League,Crystal Palace
Fin Stevens,D/WB R,22,113,135,"Wales,England",FC St. Pauli,10,12,11,6,12,8,8,7,13,12,12,8,12,12,12,13,13,11,12,11,14,10,8,11,12,12,11,13,14,13,12,10,13,13,13,11,2000019643,Bundesliga,FC St. Pauli
Franco Carboni,D/WB/M L,22,113,135,"Argentina,Italy",Blu-neri Milano,7,13,11,9,13,4,10,9,8,11,12,6,12,12,13,12,11,10,11,12,11,7,7,12,10,12,13,12,13,13,12,12,14,14,13,13,43619130,Serie A,Inter
Justin Smith,D/DM/M C,22,113,135,"Canada,France",Espanyol,7,7,11,7,12,7,12,10,7,13,12,7,14,11,14,11,12,11,10,11,12,7,10,8,12,13,12,12,12,10,6,15,14,13,12,12,2000102142,LaLiga,Espanyol
Ian Poveda,AM RLC,25,113,134,"England,Colombia",Sunderland,9,11,16,10,13,12,6,10,3,3,11,4,4,14,7,10,7,11,10,8,7,16,4,12,6,9,10,11,15,16,15,6,7,14,11,7,28110309,Premier League,Sunderland
Abu Francis,M/AM C,24,113,131,Ghana,Toulouse FC,12,11,14,9,14,12,11,12,2,9,13,12,9,14,11,12,11,13,12,13,13,11,10,12,8,13,11,13,14,12,8,11,13,14,11,9,27160149,Ligue 1,Toulouse FC
"Demba Seck(Torino,Senegal,Italy)",AM RL,24,113,130,"Senegal,Italy",Torino,5,11,13,11,12,5,10,8,5,5,12,10,8,12,7,9,9,10,8,8,11,10,6,12,6,10,11,8,15,16,12,12,16,15,13,12,43317909,Serie A,Torino
Filip Marchwiński,AM RLC,23,113,129,Poland,Unione Sportiva Lecce,8,10,11,12,13,11,11,9,3,4,13,10,4,13,13,14,14,13,11,11,9,15,7,13,10,12,12,13,13,12,12,12,9,13,11,11,96116988,Serie A,Unione Sportiva Lecce
Manu Fernández,D/DM C,24,113,129,Spain,Vigo,10,8,12,10,12,8,12,10,8,13,12,8,11,12,8,14,13,14,12,13,14,6,8,8,14,13,12,12,10,10,12,12,8,10,11,13,67293677,LaLiga,Celta
Alessandro Arena,AM R,25,113,126,Italy,Pisa Sporting Club,11,12,13,11,12,12,7,11,5,5,13,12,6,13,6,13,9,12,10,12,11,14,9,14,5,12,12,13,13,13,10,5,12,13,12,10,43381160,Serie A,Pisa Sporting Club
Edoardo Iannoni,DM/M C,24,113,126,Italy,U.S. Sassuolo Calcio,7,7,11,11,12,6,10,11,6,13,13,8,12,12,13,12,13,13,13,11,8,6,8,12,13,14,13,13,12,13,12,10,12,13,14,12,43599180,Serie A,Sassuolo
Jan Mlakar,AM/ST L,26,113,125,Slovenia,Pisa Sporting Club,6,10,11,11,12,6,9,9,3,4,11,11,5,12,9,12,9,12,12,10,14,11,8,14,6,13,11,12,14,13,11,11,11,13,13,9,62165318,Serie A,Pisa Sporting Club
Lionel Mpasi,GK ,31,113,118,"Democratic Republic of Congo,France",Havre AC,4,3,1,1,8,6,9,2,3,3,10,10,2,8,13,12,14,14,11,11,14,3,10,3,11,12,6,11,12,15,14,11,13,12,13,11,85072030,Ligue 1,Le Havre
Pape Sy,GK ,28,113,115,Senegal,FC Metz,3,1,1,2,12,8,3,3,2,2,10,2,3,9,14,14,10,11,10,11,11,2,10,3,12,13,11,10,11,10,10,18,10,11,11,13,12078289,Ligue 1,FC Metz
Harry Amass,D/WB L,18,112,-8,England,Manchester United,10,11,12,6,14,6,5,5,6,10,13,8,11,14,12,12,10,14,11,11,11,10,4,13,12,12,8,13,14,13,13,8,12,13,13,9,2000280807,Premier League,Manchester United
Jan Ziółkowski,D C,20,112,-8,Poland,Associazione Sportiva Roma,3,10,10,5,12,6,15,6,13,12,12,7,13,12,15,12,13,13,13,9,16,10,10,7,11,12,8,13,13,13,13,16,17,13,13,14,2000186695,Serie A,Associazione Sportiva Roma
Khalis Merah,DM/M/AM C,18,112,-8,"France,Algeria",Olympique Lyonnais,13,13,12,8,14,13,6,12,5,10,14,11,11,15,13,12,12,13,11,11,14,14,11,12,11,14,14,12,11,14,8,7,14,11,14,7,2000288923,Ligue 1,Olympique Lyonnais
Kjell Wätjen,DM/M C,19,112,-8,"Germany,Italy",Borussia Dortmund,11,11,13,10,12,10,11,13,8,9,13,12,11,12,14,11,13,11,11,11,16,12,12,12,9,16,11,15,12,12,12,11,14,13,14,10,2000229933,Bundesliga,Borussia Dortmund
Rabby Nzingoula,DM/M C,19,112,-8,"France,Congo",RC Strasbourg Alsace,6,6,13,8,11,5,12,11,7,11,11,6,12,12,17,12,17,11,11,11,15,5,11,10,11,15,10,17,13,9,14,12,17,13,12,15,2000205570,Ligue 1,RC Strasbourg Alsace
Seydou Fini,AM/ST RL,19,112,-8,"Italy,Ivory Coast",Genoa Cricket and Football Club,5,12,13,13,11,8,7,6,5,4,13,7,6,14,8,11,8,10,9,14,9,7,7,9,6,12,10,12,14,13,9,8,16,15,11,7,2000185827,Serie A,Genoa Cricket and Football Club
Tylel Tati,D C,17,112,-8,France,FC Nantes,6,7,10,7,12,6,14,8,6,13,11,7,13,12,13,12,12,12,11,11,13,10,8,10,13,13,10,14,11,12,12,15,12,11,12,12,2000390047,Ligue 1,FC Nantes
Yoram Zague,D/WB R,19,112,-8,"France,Ivory Coast",Paris Saint-Germain,8,12,12,7,11,6,8,9,5,12,12,8,11,11,13,12,12,11,9,9,13,10,8,13,11,13,11,13,16,14,12,6,13,13,11,7,2000179714,Ligue 1,Paris Saint-Germain
Almugera Kabar,D/WB L,19,112,-75,"Germany,Libya",Borussia Dortmund,8,11,12,7,10,12,12,9,14,10,9,10,13,10,16,11,15,8,9,8,13,12,10,11,10,12,9,15,14,11,14,14,11,16,13,16,2000180861,Bundesliga,Borussia Dortmund
Daniel Gore,DM/M C,20,112,-75,England,Manchester United,8,10,13,10,13,8,3,7,2,5,14,11,10,13,14,11,14,14,11,12,15,10,5,13,10,15,12,16,14,14,13,5,14,13,13,7,2000123626,Premier League,Manchester United
George Earthy,M/AM RLC,20,112,-75,England,West Ham United,11,11,12,8,12,10,8,10,5,7,12,8,10,14,13,11,10,13,11,13,13,12,11,12,7,11,12,13,13,12,12,5,13,12,13,7,2000118385,Premier League,West Ham United
Joel Ndala,M/AM RL,19,112,-75,"England,Democratic Republic of Congo",Manchester City,11,13,15,11,10,11,7,10,11,4,10,9,3,12,5,12,8,10,12,8,11,14,2,13,3,9,9,9,15,15,9,8,12,16,10,8,2000184217,Premier League,Manchester City
Jonathan Asp-Jensen,M/AM C,19,112,-75,Denmark,FC Bayern München,13,12,13,9,14,13,7,12,6,8,13,11,9,15,12,10,9,12,9,11,13,15,10,12,8,12,13,12,12,13,11,9,12,12,13,8,2000150158,Bundesliga,FC Bayern München
Zépiqueno Redmond,AM/ST RL,19,112,-75,"Netherlands,Suriname",Aston Villa,10,14,13,9,13,8,11,12,7,5,16,6,5,13,11,10,12,9,9,10,13,14,5,8,5,11,9,12,14,14,12,11,10,14,12,8,2000183837,Premier League,Aston Villa
Nobel Mendy,D LC,20,112,148,"Senegal,France,Guinea-Bissau",Real Hispalis,7,9,10,6,9,7,12,6,9,13,11,9,12,12,15,13,15,9,10,10,13,12,12,7,10,12,10,13,13,11,14,14,14,12,10,17,2000138305,LaLiga,Real Betis
Yellu Santiago,DM/M/AM C,21,112,147,Spain,Hellas Verona FC,7,7,11,9,11,8,10,10,9,11,12,9,11,12,14,12,13,10,13,11,12,12,11,14,13,13,12,13,11,11,12,15,14,12,13,15,2000131790,Serie A,Hellas Verona FC
John Ruddy,GK ,38,112,145,England,Newcastle United,1,2,3,1,9,1,3,3,2,1,10,4,1,10,6,13,14,13,13,11,17,3,16,6,12,13,9,6,7,12,12,15,12,9,13,15,5123017,Premier League,Newcastle United
Laurin Ulrich,DM/M/AM C,20,112,142,"Germany,Indonesia",VfB Stuttgart,13,12,14,8,14,13,6,11,6,7,13,13,8,15,8,10,10,11,9,10,12,16,7,11,8,11,13,9,13,13,12,8,8,13,13,8,2001040995,Bundesliga,VfB Stuttgart
Ethan Williams,M/AM RLC,19,112,-7,England,Manchester United,12,12,13,10,13,12,5,8,2,4,12,7,4,12,12,10,8,7,9,8,14,12,6,12,7,10,9,12,14,11,11,9,10,13,11,9,2000190312,Premier League,Manchester United
Marcel Łubik,GK ,21,112,140,"Poland,Germany,Türkiye",FC Augsburg,2,2,1,1,10,3,6,1,1,2,12,3,1,11,8,10,12,11,10,11,16,10,13,3,12,12,12,12,8,13,12,15,14,9,10,12,2000078573,Bundesliga,FC Augsburg
Marko Rog,M C,30,112,140,Croatia,Cagliari Calcio,9,9,12,7,12,11,6,12,3,11,13,13,13,12,15,12,15,9,13,10,16,10,6,13,11,14,11,16,13,14,13,10,13,12,12,11,24046180,Serie A,Cagliari Calcio
Nathaniel Adjei,D RC,22,112,140,Ghana,FC Lorient,8,8,7,7,10,8,14,8,8,12,11,8,13,10,14,11,14,12,12,12,14,6,8,8,12,12,10,11,12,10,16,13,12,12,12,15,13220325,Ligue 1,FC Lorient
Tommaso Fumagalli,AM/ST RLC,25,112,139,Italy,Como 1907,10,11,12,13,12,11,11,13,5,6,11,14,8,12,12,12,13,13,11,11,14,14,11,12,10,10,12,10,12,12,12,12,11,12,13,11,43593669,Serie A,Como 1907
Iñaki Rupérez,D/WB R,22,112,138,"Spain,Pays Basque",Real San Sebastián,7,14,11,4,10,5,9,5,10,12,12,6,15,12,7,12,10,12,13,12,14,5,9,11,12,11,9,12,15,10,7,7,12,13,15,9,67288319,LaLiga,Real Sociedad
Michael Obafemi,ST L,25,112,138,"Republic of Ireland,England,Nigeria",Burnley,6,8,12,10,11,6,8,12,6,5,9,12,7,12,13,11,12,11,9,9,12,12,8,11,6,8,10,14,16,15,14,7,7,15,13,14,28109945,Premier League,Burnley
Anthony Bermont,AM LC,20,112,137,France,RC Lens,6,11,13,11,12,10,8,9,4,8,12,6,8,14,10,12,11,11,11,12,14,12,10,12,8,14,13,14,12,13,12,13,14,12,12,12,2000205269,Ligue 1,RC Lens
Nigel Lonwijk,D RC,22,112,137,"Suriname,Netherlands",Wolverhampton Wanderers,5,7,9,6,12,6,12,6,7,11,12,8,13,12,12,13,11,13,11,9,12,8,8,11,13,12,11,12,13,14,12,14,12,14,12,12,37078342,Premier League,Wolverhampton Wanderers
William Mikelbrencis,D/WB R,21,112,136,France,Hamburger Sport-Verein,12,13,12,7,13,12,8,8,13,10,12,8,12,13,14,11,12,11,10,10,11,13,3,12,10,12,11,12,13,13,12,7,12,15,13,10,2000011420,Bundesliga,Hamburger Sport-Verein
David Mokwa,ST RLC,21,112,135,"France,Cameroon",TSG 1899 Hoffenheim,6,8,12,12,11,8,11,11,6,4,10,12,6,12,13,12,12,10,9,9,13,12,3,12,4,11,10,13,14,12,13,11,12,15,12,12,2000026134,Bundesliga,TSG 1899 Hoffenheim
Martial Godo,AM RLC,22,112,135,"England,Ivory Coast",RC Strasbourg Alsace,8,10,13,11,11,9,7,9,5,6,10,13,6,12,10,10,8,11,8,8,2,13,5,12,11,10,10,12,15,14,13,8,7,13,11,9,2000172863,Ligue 1,RC Strasbourg Alsace
Ovie Ejaria,M/AM LC,27,112,135,"Nigeria,England",Oviedo,9,11,16,12,15,11,9,12,5,7,14,10,8,14,5,9,8,15,8,7,8,18,5,10,6,8,11,9,12,15,15,11,10,11,11,9,28101722,LaLiga,Oviedo
Luigi Cherubini,AM RLC,21,112,134,Italy,Associazione Sportiva Roma,11,12,13,9,13,12,7,11,5,5,12,12,5,13,12,12,11,11,10,12,14,14,7,12,5,11,11,11,13,14,10,7,16,12,14,9,2000024748,Serie A,Associazione Sportiva Roma
Mikel Rodríguez,M C,23,112,134,"Spain,Pays Basque",Real San Sebastián,9,9,9,14,14,9,9,10,2,11,13,8,11,12,15,13,10,10,9,14,1,11,8,13,11,10,14,7,14,14,10,8,15,14,11,7,2000219415,LaLiga,Real Sociedad
Jan Olschowsky,GK ,23,112,132,Germany,Borussia Mönchengladbach,2,2,3,3,8,2,6,2,3,3,10,3,1,8,15,11,14,11,12,11,13,6,8,1,14,12,9,12,9,13,12,14,10,10,10,12,91190660,Bundesliga,Borussia Mönchengladbach
Aleksa Purić,D C,22,112,130,Serbia,A. Madrid,5,5,7,7,8,2,13,10,5,12,10,4,12,7,6,16,12,12,10,10,7,7,14,11,13,11,4,12,10,10,12,16,13,10,12,15,2000086286,LaLiga,A. Madrid
Daniel Jebbison,ST ,21,112,130,"Canada,England,Jamaica",AFC Bournemouth,7,9,13,13,11,9,10,11,6,5,10,10,6,12,12,12,11,11,8,9,11,13,7,12,8,10,12,11,15,14,13,10,13,14,13,11,28128172,Premier League,AFC Bournemouth
Frederik Jäkel,D C,24,112,130,Germany,RB Leipzig,2,7,8,7,10,3,14,6,12,13,11,6,12,10,13,12,14,10,11,9,14,8,10,8,12,12,10,13,12,9,14,16,6,15,11,16,95078700,Bundesliga,RB Leipzig
Lasse Rieß,GK ,24,112,130,Germany,1. FSV Mainz 05,3,3,3,3,8,6,6,2,2,1,10,3,1,10,7,12,13,11,12,11,12,6,10,2,13,12,10,12,8,13,12,16,13,9,10,13,91205109,Bundesliga,1. FSV Mainz 05
Levin Öztunali,AM RLC,29,112,127,"Germany,Türkiye",Hamburger Sport-Verein,12,10,12,8,12,13,8,11,12,8,11,11,8,12,13,11,12,9,9,9,11,13,11,12,8,13,11,12,13,12,12,11,12,15,12,12,91119701,Bundesliga,Hamburger Sport-Verein
Enzo Ebosse,D LC,26,112,126,"Cameroon,France",Udinese Calcio,5,11,10,5,12,4,13,6,6,13,12,6,14,11,10,12,13,11,11,11,11,10,7,10,14,13,11,13,12,11,11,13,14,13,13,11,48036572,Serie A,Udinese Calcio
Ben Voll,GK ,24,112,125,Germany,FC St. Pauli,1,1,2,3,8,2,7,3,3,1,12,4,1,9,11,11,13,11,12,11,14,6,11,1,13,12,11,12,8,13,12,17,12,8,10,12,2000049977,Bundesliga,FC St. Pauli
Nouha Dicko,AM/ST R,33,112,125,"Mali,France",Paris FC,5,10,12,10,12,7,10,12,5,4,11,13,5,12,13,13,12,12,10,11,14,12,6,13,5,12,12,14,13,13,14,9,12,14,13,13,85045207,Ligue 1,Paris FC
Fabrizio Caligara,M C,25,112,123,Italy,U.S. Sassuolo Calcio,10,10,12,10,12,10,8,12,4,10,13,13,12,12,13,12,13,11,11,11,12,12,12,12,11,12,12,12,12,13,12,10,10,12,13,12,43296746,Serie A,Sassuolo
Lamine Guèye,AM/ST R,27,112,122,Senegal,Paris FC,9,11,12,11,12,12,8,10,8,6,12,11,7,12,8,11,14,11,11,11,13,10,7,10,8,12,11,13,15,12,11,9,13,14,12,10,13181736,Ligue 1,Paris FC
Markus Kolke,GK ,34,112,120,Germany,SV Werder Bremen,4,1,3,3,7,7,7,3,3,1,8,4,1,7,16,12,15,10,12,12,16,4,16,8,14,12,8,15,7,12,12,14,15,9,8,12,92019117,Bundesliga,SV Werder Bremen
Marlon Mustapha,ST ,24,112,117,Austria,Como 1907,6,9,12,12,11,8,11,10,6,6,11,13,7,11,16,12,12,11,10,11,12,14,6,12,5,12,11,13,14,12,12,12,7,15,13,12,16283628,Serie A,Como 1907
Christian Comotto,M C,17,111,-85,Italy,Casciavit Milano,10,12,13,9,13,12,9,12,8,6,14,11,7,13,12,12,7,11,13,12,17,12,8,14,8,13,13,11,13,13,12,13,11,14,13,11,2000388375,Serie A,Milan
George Abbott,DM/M C,19,111,-8,England,Tottenham Hotspur,10,8,10,9,12,8,7,12,3,11,14,6,10,13,13,11,15,12,9,12,12,10,11,12,10,12,12,16,12,12,11,7,14,11,16,8,2000123627,Premier League,Tottenham Hotspur
Callum Marshall,AM/ST RLC,20,111,-75,Northern Ireland,West Ham United,9,10,12,11,10,11,11,9,7,8,12,9,10,12,14,12,10,12,11,11,15,4,11,16,12,14,13,13,14,11,12,8,15,13,15,7,2000010559,Premier League,West Ham United
Lorenzo Torriani,GK ,20,111,-75,Italy,Casciavit Milano,1,1,5,1,9,1,7,8,6,1,12,6,7,11,8,14,13,15,12,10,3,5,10,1,14,11,11,10,8,13,14,18,15,9,13,12,2000103120,Serie A,Milan
Davide Veroli,D LC,22,111,149,Italy,Cagliari Calcio,4,11,10,5,11,4,12,5,7,13,11,7,12,9,12,12,13,13,11,12,14,5,8,11,13,13,8,14,12,11,13,13,16,12,13,13,43617791,Serie A,Cagliari Calcio
Ismaëlo Ganiou,D C,20,111,140,"Burkina Faso,France",RC Lens,6,11,11,8,12,5,12,6,5,13,11,6,12,11,14,13,12,13,11,11,13,10,12,11,13,12,11,14,12,12,12,11,13,14,12,12,2000205277,Ligue 1,RC Lens
"Matías Pérez(Unione Sportiva Lecce,Chile)",D RC,20,111,-7,Chile,Unione Sportiva Lecce,5,11,11,4,9,4,12,5,8,13,11,4,14,10,14,12,13,8,10,12,15,11,8,8,13,9,10,13,14,9,11,15,10,13,11,13,2000335067,Serie A,Unione Sportiva Lecce
Noah Mbamba,DM/M C,20,111,-7,Belgium,Bayer 04 Leverkusen,4,7,12,8,13,6,12,9,8,12,12,8,13,13,14,12,13,11,11,11,12,13,10,11,11,13,12,13,12,12,12,12,13,15,13,11,2000084166,Bundesliga,Bayer 04 Leverkusen
Charlys,DM/M C,21,111,139,Brazil,Hellas Verona FC,6,8,9,9,13,6,13,12,9,12,14,10,14,13,13,12,12,10,10,12,13,11,8,11,12,12,12,12,12,12,12,12,12,13,13,13,2000153024,Serie A,Hellas Verona FC
Filippo Distefano,AM/ST LC,21,111,137,Italy,ACF Fiorentina,8,11,14,12,13,8,7,13,6,6,12,10,8,14,12,14,12,12,10,10,8,14,12,14,8,11,10,12,14,14,12,6,11,12,10,9,43500222,Serie A,ACF Fiorentina
Mihajlo Ilić,D C,22,111,136,Serbia,Bologna FC 1909,5,11,9,7,13,5,13,9,7,14,12,7,13,13,12,12,13,10,10,8,12,8,7,7,12,14,13,12,12,12,13,15,13,12,13,14,2000151705,Serie A,Bologna FC 1909
Mikel Goti,M/AM RLC,23,111,131,"Spain,Pays Basque",Real San Sebastián,14,11,14,13,13,14,9,11,7,6,10,6,9,13,7,10,5,10,9,11,11,10,4,13,9,10,9,9,14,11,10,11,14,14,10,11,67295208,LaLiga,Real Sociedad
Nicolás,GK ,37,111,130,"Brazil,Italy",Pisa Sporting Club,4,1,2,1,9,7,5,3,1,3,10,4,2,10,12,13,13,12,12,11,12,6,13,4,14,12,10,12,9,9,12,14,12,11,12,11,19001680,Serie A,Pisa Sporting Club
Tommaso Cassandro,D/WB RC,25,111,130,Italy,Como 1907,8,12,9,7,11,7,11,6,13,13,11,8,13,9,13,13,10,11,12,12,13,8,10,12,10,10,7,14,13,13,14,13,15,13,14,12,43296005,Serie A,Como 1907
Alberto Paleari,GK ,32,111,125,Italy,Torino,4,3,3,2,7,6,5,1,2,1,7,1,1,6,10,12,12,11,11,12,12,6,8,3,11,14,8,14,9,12,14,16,7,10,14,13,43061318,Serie A,Torino
Anthony Partipilo,AM/ST RLC,30,111,125,Italy,Parma Calcio 1913,9,12,12,12,12,12,7,11,4,4,12,12,5,14,12,12,13,12,13,11,13,11,11,14,8,11,11,12,12,14,11,10,14,12,12,11,43094202,Serie A,Parma Calcio 1913
Laurs Skjellerup,ST ,22,111,125,Denmark,U.S. Sassuolo Calcio,4,6,11,12,12,8,13,11,6,7,11,11,8,10,12,12,12,12,12,12,13,8,5,12,11,13,9,13,12,9,15,16,12,15,11,15,27150884,Serie A,Sassuolo
Alejandro Rego,DM/M C,22,111,121,"Spain,Pays Basque",A. Bilbao,8,7,9,10,12,7,15,9,9,13,11,8,12,10,5,13,13,10,10,11,12,5,9,8,13,15,10,14,13,12,5,17,13,14,12,15,2000135696,LaLiga,A. Bilbao
Alessandro Di Pardo,D/WB/M R,26,111,120,Italy,Cagliari Calcio,6,11,11,7,11,9,11,8,4,9,12,12,12,12,10,12,10,11,10,11,12,11,10,12,11,13,12,12,13,12,11,11,12,13,13,12,43303684,Serie A,Cagliari Calcio
Guille Fernández,M/AM C,17,110,-9,Spain,Barcelona,8,7,14,9,14,8,9,10,7,7,13,8,8,15,12,9,11,12,9,13,14,17,8,11,9,11,14,11,12,13,13,10,14,11,10,10,2000351877,LaLiga,Barcelona
Harry Gray,AM/ST RC,16,110,-9,"England,Scotland",Leeds United,9,11,14,12,14,9,14,11,3,9,14,7,6,10,6,12,10,8,6,13,2,9,7,12,10,10,9,6,13,12,10,9,9,12,9,11,2000463321,Premier League,Leeds United
Toni Fernández,M/AM/ST RC,17,110,-9,Spain,Barcelona,11,11,14,12,14,11,9,12,6,5,12,15,7,15,8,9,10,11,8,13,14,17,6,13,5,11,13,10,12,13,12,8,14,11,10,8,2000351880,LaLiga,Barcelona
Davinchi,D/WB L,17,110,-85,Spain,Getafe,7,11,10,7,10,7,8,6,10,12,12,9,12,12,13,11,10,9,12,10,14,10,9,9,10,13,9,12,13,13,9,11,15,15,14,12,2000369658,LaLiga,Getafe
Óscar Perea,AM L,19,110,-85,Colombia,RC Strasbourg Alsace,10,10,13,10,11,10,10,11,6,4,10,8,3,11,8,9,12,11,9,10,13,13,7,9,5,11,10,10,14,13,12,9,13,14,11,12,2000149459,Ligue 1,RC Strasbourg Alsace
Alberto Collado,M/AM LC,20,110,-8,Spain,Sevilla,9,11,14,13,12,11,10,8,4,10,12,6,11,13,6,8,10,8,9,12,18,12,12,9,10,10,12,11,13,14,10,11,13,14,10,7,2000214603,LaLiga,Sevilla
Áron Yaakobishvili,GK ,19,110,-8,"Hungary,Georgia,Israel",Barcelona,1,3,3,1,11,6,7,1,1,3,11,6,3,7,11,10,11,10,10,11,14,11,9,2,11,8,10,8,11,13,10,12,14,11,10,11,2000228178,LaLiga,Barcelona
Bruno Ogbus,D/WB RC,19,110,-8,"Switzerland,Nigeria",Sport-Club Freiburg,4,9,12,5,10,4,12,6,13,12,11,7,13,10,14,11,14,9,11,10,16,12,11,9,12,13,9,14,13,11,14,12,12,14,12,15,2000209904,Bundesliga,Sport-Club Freiburg
Diego Kochen,GK ,19,110,-8,"United States,Peru,Venezuela",Barcelona,4,3,2,2,11,6,7,3,2,3,11,6,2,7,9,11,12,9,11,11,14,9,10,2,12,9,11,8,11,13,10,14,14,9,8,10,2000228176,LaLiga,Barcelona
Marius Courcoul,DM/M C,18,110,-8,France,Angers SCO,9,9,4,10,13,9,10,11,4,14,14,6,14,13,14,8,10,11,10,14,8,5,3,10,13,10,14,12,14,14,9,14,12,14,8,7,2000271170,Ligue 1,Angers SCO
Miloš Luković,ST ,19,110,-8,Serbia,RC Strasbourg Alsace,9,9,11,12,12,10,12,10,4,8,10,12,10,12,11,12,13,11,12,11,3,13,12,13,9,13,12,13,13,12,13,12,13,13,13,12,2000180531,Ligue 1,RC Strasbourg Alsace
Minsu Kim,AM RLC,19,110,-8,"South Korea,Spain",Girona,11,12,14,11,13,11,7,11,5,2,11,10,3,14,7,10,11,12,10,12,14,16,7,13,6,11,12,11,13,14,11,9,14,12,11,9,2000276500,LaLiga,Girona
"Pedro Lima(Wolverhampton Wanderers,Brazil)",D/WB R,19,110,-8,Brazil,Wolverhampton Wanderers,10,14,13,8,13,7,9,7,9,11,11,5,10,13,8,12,9,11,10,10,12,13,7,14,11,11,11,11,14,15,10,7,14,13,13,7,2000264337,Premier League,Wolverhampton Wanderers
Sidiki Chérif,AM RL,18,110,-8,"France,Guinea",Angers SCO,11,10,13,10,13,10,12,11,1,9,11,10,7,13,6,10,11,10,11,11,13,12,7,9,7,13,11,13,13,12,12,12,12,13,11,12,2000271175,Ligue 1,Angers SCO
Afonso Moreira,AM RL,20,110,-75,Portugal,Olympique Lyonnais,9,10,13,7,13,10,5,10,6,6,12,10,5,14,11,11,10,8,10,8,12,15,5,13,6,11,13,12,15,14,11,6,14,15,10,7,2000111055,Ligue 1,Olympique Lyonnais
Ármin Pécsi,GK ,20,110,-75,Hungary,Liverpool,2,1,3,2,8,6,2,1,2,9,10,3,9,10,12,11,12,11,9,12,12,3,8,3,12,11,10,11,9,12,10,13,13,10,11,8,2000133129,Premier League,Liverpool
Ayoube Amaimouni-Echghouyab,AM R,20,110,-75,"Morocco,Spain",TSG 1899 Hoffenheim,5,8,12,6,15,10,7,8,4,10,10,6,7,15,6,9,11,10,6,15,7,13,11,12,6,11,12,12,15,12,11,7,15,15,11,3,2000102803,Bundesliga,TSG 1899 Hoffenheim
Davide Bartesaghi,D/WB LC,19,110,-75,Italy,Casciavit Milano,13,14,9,5,12,11,13,7,11,13,14,8,11,13,11,12,13,10,12,10,13,6,10,10,13,13,9,11,12,12,12,13,14,13,12,11,2000183044,Serie A,Milan
Fabio Baldé,AM RL,20,110,-75,"Germany,Portugal,Guinea-Bissau",Hamburger Sport-Verein,8,13,13,8,10,8,7,8,7,7,9,11,7,11,11,8,8,8,8,8,12,13,7,8,7,11,9,10,16,13,10,10,15,17,11,9,2000161478,Bundesliga,Hamburger Sport-Verein
Filippo Mané,D RC,20,110,-75,"Italy,Senegal",Borussia Dortmund,3,8,11,6,12,3,13,6,12,12,12,6,13,12,13,12,13,11,11,10,14,8,12,8,13,12,11,13,13,11,13,13,7,14,12,13,2000121585,Bundesliga,Borussia Dortmund
Jahmai Simpson-Pusey,D C,19,110,-75,England,Manchester City,5,2,11,5,6,1,13,6,7,13,11,6,12,13,15,13,11,13,13,12,19,11,10,6,13,8,8,9,13,12,9,12,9,13,10,7,2000191892,Premier League,Manchester City
Jarzinho Malanga,AM RLC,19,110,-75,"Germany,Brazil,Senegal",VfB Stuttgart,12,11,14,8,12,12,6,10,6,7,11,12,7,12,12,8,9,8,8,8,13,15,5,10,7,11,10,10,15,13,12,8,13,15,12,11,2000257650,Bundesliga,VfB Stuttgart
"Juan Rodríguez(Cagliari Calcio,Uruguay)",D LC,20,110,-75,Uruguay,Cagliari Calcio,8,11,11,7,12,6,13,8,7,13,12,11,10,13,11,12,12,12,12,9,15,10,8,8,12,13,12,12,12,12,12,15,12,13,12,12,2000253187,Serie A,Cagliari Calcio
Kevin Zeroli,M C,20,110,-75,"Italy,Nigeria",Casciavit Milano,4,9,10,10,11,7,13,11,9,9,12,8,11,13,9,13,13,12,12,10,14,13,11,14,12,13,12,13,12,13,13,15,15,14,12,11,2000103118,Serie A,Milan
Matthew Cox,GK ,22,110,-75,England,Brentford,5,3,6,1,11,8,8,2,3,1,9,4,3,11,10,11,13,14,11,10,17,4,8,6,12,14,11,15,10,12,11,12,12,10,12,11,29235125,Premier League,Brentford
Rafel Bauzà,DM/M C,20,110,-75,Spain,Espanyol,5,7,11,9,11,6,10,10,6,12,14,7,13,12,14,11,12,11,11,12,14,8,8,11,12,12,10,12,12,13,12,10,14,12,13,12,2000303558,LaLiga,Espanyol
Riccardo Pagano,M/AM C,20,110,-75,Italy,Associazione Sportiva Roma,10,8,13,12,13,12,7,11,5,5,14,12,6,13,12,11,12,12,11,12,13,14,7,14,6,14,13,14,12,14,13,9,15,11,14,11,2000087287,Serie A,Associazione Sportiva Roma
Roger Hinojo,D/WB LC,20,110,-75,Spain,Espanyol,5,12,11,7,12,6,10,7,10,11,12,8,13,12,14,11,12,11,11,12,12,10,10,10,10,13,10,14,13,12,12,11,14,13,14,13,2000299758,LaLiga,Espanyol
Yannik Lührs,D C,21,110,146,Germany,TSG 1899 Hoffenheim,3,7,10,6,11,3,13,6,8,12,13,7,13,11,16,13,14,12,11,10,13,8,12,7,13,12,12,13,11,10,14,14,13,12,11,14,2000065951,Bundesliga,TSG 1899 Hoffenheim
Diego Bri,M/AM RL,22,110,145,Spain,A. Madrid,9,12,12,9,12,9,7,10,9,9,11,4,6,12,14,12,4,12,10,11,13,11,14,12,9,8,11,13,14,13,9,8,13,13,12,10,2000031756,LaLiga,A. Madrid
Lass Kourouma,DM/M C,21,110,145,"Guinea,Spain",Girona,5,7,10,7,11,6,9,8,6,11,12,8,14,12,14,11,12,11,11,12,14,10,10,10,12,14,11,15,12,11,12,9,16,12,14,14,2000227523,LaLiga,Girona
Ugo Raghouber,DM/M C,22,110,142,France,LOSC Lille,11,9,12,11,13,11,12,8,5,10,13,7,12,13,15,11,13,11,12,12,5,9,11,9,10,13,13,13,11,12,13,14,14,11,13,13,49061663,Ligue 1,LOSC Lille
Arkaitz Mariezkurrena,AM/ST RLC,20,110,-7,"Spain,Pays Basque",Real San Sebastián,9,12,13,13,13,8,10,9,8,8,8,6,7,11,14,13,5,9,7,10,15,14,11,13,8,9,10,11,12,13,13,11,12,13,13,4,2000214907,LaLiga,Real Sociedad
Federico Zuccon,DM/M C,22,110,140,Italy,Bergamo,10,11,11,10,12,10,10,13,10,11,13,10,13,13,12,10,12,11,12,11,12,7,10,11,13,14,12,14,11,12,12,10,12,11,13,11,43500902,Serie A,Atalanta
Lorenzo Bernasconi,D/WB L,21,110,140,Italy,Bergamo,10,13,10,8,11,9,12,10,14,11,12,8,10,11,11,12,12,11,12,12,14,9,10,12,11,12,9,13,12,12,12,13,13,13,12,13,2000019039,Serie A,Atalanta
Toni Fuidias,GK ,24,110,140,Spain,Girona,3,3,2,3,9,5,9,1,2,1,9,6,1,8,11,10,12,13,12,11,12,7,11,5,11,10,9,8,10,12,14,16,14,9,11,15,67293609,LaLiga,Girona
Lorenzo Lucchesi,D C,22,110,139,Italy,ACF Fiorentina,5,7,9,6,10,3,13,7,10,12,11,6,13,10,12,12,12,11,12,12,12,4,13,8,12,13,9,13,12,12,12,14,12,13,14,13,43500433,Serie A,ACF Fiorentina
Jay Matete,DM/M C,24,110,138,"England,Democratic Republic of Congo",Sunderland,5,7,12,8,13,5,6,9,3,10,13,8,12,13,12,13,12,13,13,11,10,12,9,11,12,13,13,13,11,12,12,8,15,11,14,11,29217703,Premier League,Sunderland
Elias Bakatukanda,D C,21,110,136,"Germany,Democratic Republic of Congo",1. FC Köln,2,8,10,5,10,3,14,6,7,13,12,6,12,11,14,12,15,10,10,9,12,8,8,7,13,11,11,12,12,9,14,16,14,14,12,15,2000116590,Bundesliga,1. FC Köln
Paul Hennrich,M/AM RLC,20,110,136,Germany,TSG 1899 Hoffenheim,12,12,13,11,12,15,6,12,7,7,11,12,8,12,8,13,10,11,9,9,12,14,4,13,7,12,11,13,14,13,12,8,12,14,12,8,2000197375,Bundesliga,TSG 1899 Hoffenheim
Alberto Flores,GK ,21,110,135,Spain,Sevilla,5,2,3,1,4,7,1,3,3,3,12,3,1,8,10,13,11,11,8,12,8,1,6,2,15,11,10,9,12,13,11,12,11,12,4,6,2000094510,LaLiga,Sevilla
Àlex Almansa,WB/M/AM L,21,110,135,Spain,Espanyol,10,11,11,7,12,9,9,8,7,9,11,8,11,12,11,12,11,10,10,11,14,12,8,12,9,12,10,12,13,14,11,11,12,13,11,10,2000161865,LaLiga,Espanyol
Antonio Raimondo,ST ,21,110,135,Italy,Bologna FC 1909,5,5,12,12,13,7,13,10,4,4,13,10,7,12,9,13,11,12,11,12,13,7,8,13,5,11,11,11,12,12,13,13,12,13,12,11,2000021170,Serie A,Bologna FC 1909
Arnau Ortiz,AM RLC,23,110,135,Spain,A. Madrid,11,11,13,10,12,10,5,13,5,5,11,10,6,14,9,10,9,8,8,9,14,14,9,11,5,11,11,10,14,15,11,6,14,13,10,6,2000130406,LaLiga,A. Madrid
Arsène Kouassi,D/WB L,20,110,135,"Burkina Faso,Ivory Coast",FC Lorient,12,11,14,6,12,10,8,7,8,12,11,10,14,13,13,13,12,12,11,12,4,7,7,10,11,12,11,14,13,13,12,9,14,14,13,12,2000397286,Ligue 1,FC Lorient
David Ankeye,ST L,23,110,135,Nigeria,Genoa Cricket and Football Club,11,12,13,12,11,11,12,10,8,2,10,10,10,11,9,10,11,11,12,10,12,9,10,11,7,11,11,14,13,13,12,13,14,15,11,11,2000082650,Serie A,Genoa Cricket and Football Club
Isak Hansen-Aarøen,M/AM C,20,110,135,Norway,SV Werder Bremen,12,11,14,8,14,12,5,10,6,8,14,11,8,15,11,11,11,11,9,10,16,14,6,11,8,13,12,10,13,15,12,6,12,12,13,7,2000010819,Bundesliga,SV Werder Bremen
Leonardo Cerri,ST ,22,110,135,Italy,Juventus,5,7,11,14,11,8,15,12,9,4,10,10,11,12,10,11,10,11,12,11,11,6,8,11,10,12,8,12,10,11,12,16,9,11,13,14,43500092,Serie A,Juventus
Omar Sadik,ST ,21,110,135,Morocco,Espanyol,8,8,12,13,13,8,11,10,6,5,11,12,9,14,11,9,11,12,10,13,14,13,7,12,7,8,10,10,13,12,13,12,14,13,12,12,2000213643,LaLiga,Espanyol
Tommaso Milanese,M C,23,110,135,Italy,U.S. Cremonese,10,10,11,10,12,8,8,12,7,10,12,10,11,14,14,12,12,11,11,11,15,11,8,13,10,13,13,13,12,13,12,8,14,12,13,9,43425493,Serie A,Cremonese
Kyliane Dong,AM RLC,20,110,133,"France,Cameroon",FC Augsburg,11,11,14,8,12,10,6,10,6,6,11,10,7,13,10,10,9,10,9,9,11,14,4,10,7,11,11,10,14,14,12,9,13,14,12,8,2000113582,Bundesliga,FC Augsburg
Luca Kjerrumgaard,ST ,22,110,133,Denmark,Udinese Calcio,5,8,9,12,11,6,12,8,8,7,10,10,5,12,12,13,10,13,12,11,11,10,7,12,6,11,10,10,11,12,11,15,11,12,13,12,27164375,Serie A,Udinese Calcio
Nosa Obaretin,D/WB LC,22,110,133,"Italy,Nigeria",Parthenope,7,10,11,8,11,9,13,10,12,12,12,9,13,12,14,12,13,11,11,11,13,5,10,11,12,11,10,11,11,10,11,15,15,13,11,13,43591069,Serie A,Napoli
Benno Schmitz,D/DM R,30,110,132,Germany,FC Bayern München,11,12,8,6,11,11,11,7,15,12,12,7,12,12,14,12,14,12,12,12,12,7,15,10,12,16,12,12,11,11,12,11,16,11,13,12,91126210,Bundesliga,FC Bayern München
Luka Đurić,DM/M C,22,110,132,"Bosnia and Herzegovina,Germany",TSG 1899 Hoffenheim,13,11,13,10,13,13,6,13,6,9,13,16,10,13,12,12,11,12,11,12,13,13,8,11,9,13,13,12,12,12,12,9,12,12,13,11,2000069207,Bundesliga,TSG 1899 Hoffenheim
Sargis Adamyan,ST LC,32,110,132,"Armenia,Germany",1. FC Köln,12,11,13,10,12,12,11,11,8,8,12,12,9,13,14,11,12,12,8,9,10,13,12,12,8,11,12,12,13,13,12,11,12,14,11,11,92057768,Bundesliga,1. FC Köln
Tjaš Begić,M/AM RL,22,110,131,Slovenia,Parma Calcio 1913,8,12,12,12,12,8,6,12,6,8,13,6,7,14,9,12,9,12,13,11,15,12,7,14,8,13,12,13,13,13,11,7,12,13,13,10,2000029892,Serie A,Parma Calcio 1913
Antoine Mendy,D RC,21,110,130,"Senegal,France",OGC Nice,4,9,13,7,11,1,12,5,15,15,10,6,12,12,16,9,11,11,9,12,15,5,2,10,8,14,7,14,15,15,11,15,16,14,10,15,2000130977,Ligue 1,OGC Nice
Kingstone Mutandwa,ST ,22,110,130,Zambia,Cagliari Calcio,7,7,10,11,11,7,12,10,7,6,10,10,7,12,11,12,15,13,11,10,13,14,9,12,8,12,9,13,12,12,13,12,12,14,14,12,2000165890,Serie A,Cagliari Calcio
"Marcos Fernández(Espanyol,Spain,ST)",ST ,22,110,130,Spain,Espanyol,6,8,11,12,11,6,10,10,7,7,10,15,8,11,14,12,14,11,11,10,13,11,9,12,7,12,8,15,13,12,14,9,15,12,15,15,2000161670,LaLiga,Espanyol
Mattia Compagnon,AM RL,23,110,130,Italy,Juventus,8,12,13,11,13,11,8,12,4,4,11,12,7,13,11,10,12,10,10,10,12,13,7,11,6,12,11,11,14,14,12,10,15,14,14,10,43424898,Serie A,Juventus
Pol Tristán,GK ,23,110,130,Spain,Espanyol,2,3,2,1,9,6,6,1,1,1,9,6,2,9,9,12,12,7,11,12,12,5,9,2,13,12,9,10,10,14,12,14,12,9,9,11,67277653,LaLiga,Espanyol
Alan Godoy,AM/ST L,22,110,128,Spain,Barcelona,7,11,11,13,12,7,10,8,7,8,10,14,8,13,12,12,12,10,11,9,12,12,8,13,13,12,11,13,12,13,11,10,13,12,13,12,67293675,LaLiga,Barcelona
Alberto Marí,ST ,24,110,128,Spain,Valencia,9,10,11,13,13,9,13,10,9,6,12,12,6,11,12,13,13,12,13,11,12,10,10,12,8,13,11,14,12,13,11,13,12,12,11,12,2000131132,LaLiga,Valencia
Rafael Fernandes,D C,23,110,128,"Portugal,Cape Verde Islands",LOSC Lille,5,7,9,6,6,5,15,5,8,14,5,10,14,8,13,11,13,9,12,10,12,5,8,7,12,12,7,17,14,7,10,15,16,16,13,15,83261911,Ligue 1,LOSC Lille
Rafik Messali,D R,22,110,128,"Algeria,France",Toulouse FC,9,12,11,8,13,7,12,9,11,11,12,3,11,12,12,12,12,11,11,11,14,11,10,12,11,13,12,13,13,13,11,12,12,13,12,10,2000063319,Ligue 1,Toulouse FC
Moustapha Cissé,ST ,21,110,126,Guinea,Bergamo,8,10,12,12,11,8,11,10,8,7,11,10,7,11,8,11,12,11,11,11,16,12,9,12,8,10,10,12,13,11,13,12,14,13,13,13,2000168273,Serie A,Atalanta
Simon Spari,GK ,23,110,126,Austria,FC St. Pauli,2,1,3,3,7,1,6,8,11,6,10,1,6,8,8,10,13,10,10,10,13,5,10,3,12,12,10,12,8,12,13,18,14,9,11,13,16191386,Bundesliga,FC St. Pauli
Gianluca Saro,GK ,25,110,125,Italy,U.S. Cremonese,6,7,8,7,9,5,8,7,8,7,11,8,8,10,12,12,12,12,12,12,15,9,10,6,12,12,10,12,11,12,11,12,12,11,13,10,43299824,Serie A,Cremonese
Niklas Tauer,DM C,24,110,125,Germany,1. FSV Mainz 05,6,8,11,7,11,6,12,8,12,12,11,7,14,11,16,13,16,10,12,10,14,10,8,8,12,17,10,16,12,11,12,12,12,13,13,12,91190772,Bundesliga,1. FSV Mainz 05
Simon Moore,GK ,35,110,125,England,Sunderland,5,1,3,2,7,7,7,3,2,2,9,6,7,8,9,11,14,10,10,10,13,9,10,1,13,10,6,10,7,12,13,16,12,8,13,14,29059657,Premier League,Sunderland
Pavao Pervan,GK ,37,110,124,"Austria,Croatia,Bosnia and Herzegovina",VfL Wolfsburg,3,2,3,1,7,6,6,3,3,3,9,3,1,7,12,11,14,11,12,11,15,4,13,3,12,15,8,11,7,12,14,16,16,8,8,16,5610023,Bundesliga,VfL Wolfsburg
Nicola Rauti,ST ,25,110,123,Italy,Torino,10,9,13,13,12,11,12,11,8,7,13,11,8,12,3,12,11,11,11,11,11,11,13,13,11,11,11,11,13,13,11,12,14,13,12,11,43297481,Serie A,Torino
Benjamin Leroy,GK ,36,110,121,France,FC Lorient,6,1,2,2,8,7,7,2,2,1,8,4,1,7,14,11,14,12,12,11,13,3,12,3,12,12,8,8,11,13,14,12,14,10,11,11,85051044,Ligue 1,FC Lorient
Eros Maddy,M/AM RL,24,110,121,"Netherlands,Sierra Leone,Suriname",AJ Auxerre,8,10,13,7,13,8,7,6,7,8,12,10,7,12,11,10,10,10,11,10,9,11,7,13,7,11,10,12,15,14,12,9,10,14,11,10,37060941,Ligue 1,AJ Auxerre
Uroš Radaković,D C,31,110,121,Serbia,FC Nantes,8,7,9,5,11,6,15,6,9,13,12,7,14,11,7,12,14,11,11,12,13,8,12,8,14,13,10,14,8,9,14,16,15,8,13,15,62075319,Ligue 1,FC Nantes
Bandiougou Fadiga,M/AM LC,24,110,120,"France,Mali",FC Lorient,9,12,14,10,14,8,9,11,6,8,12,8,8,14,7,12,8,12,10,7,10,13,7,12,7,13,12,13,13,14,13,9,12,13,12,8,49039271,Ligue 1,FC Lorient
Jens Grahl,GK ,36,110,120,Germany,Eintracht Frankfurt,3,3,3,2,7,6,7,1,3,3,8,3,3,7,12,12,13,13,13,12,13,5,13,3,13,16,7,11,7,13,12,15,13,7,9,14,35012145,Bundesliga,Eintracht Frankfurt
Lamine Diack,DM C,24,110,120,Senegal,FC Nantes,7,9,10,8,13,6,11,7,9,12,12,9,13,12,14,12,13,9,13,11,15,8,7,9,12,14,10,16,13,13,12,12,14,10,14,13,12083701,Ligue 1,FC Nantes
Noah Cadiou,DM/M C,26,110,120,"Guadeloupe,France",FC Lorient,7,10,11,10,11,7,14,10,8,10,12,10,13,13,11,12,14,13,8,11,13,8,12,7,12,12,12,13,13,10,14,15,13,12,14,14,48049564,Ligue 1,FC Lorient
Saïd Hamulić,ST LC,24,110,120,"Bosnia and Herzegovina,Netherlands",Toulouse FC,6,7,12,12,12,7,14,11,6,6,11,8,7,12,7,12,10,12,10,12,13,12,9,13,8,12,10,12,11,12,11,13,10,12,12,14,37084725,Ligue 1,Toulouse FC
Thomas Keller,D/DM C,26,110,118,Germany,1. FC Heidenheim 1846,8,7,10,6,10,13,13,8,8,13,11,8,12,11,16,11,13,11,12,10,15,8,8,8,13,16,11,15,10,10,12,14,12,12,13,14,91188819,Bundesliga,1. FC Heidenheim 1846
Stefan Schimmer,ST ,31,110,116,Germany,1. FC Heidenheim 1846,3,8,10,12,11,11,13,9,6,6,10,13,7,11,12,13,12,13,11,11,15,10,10,12,6,12,10,13,12,12,13,12,16,12,13,13,91174753,Bundesliga,1. FC Heidenheim 1846
Amine Sbaï,AM LC,24,110,115,"France,Morocco",Angers SCO,8,9,15,11,12,10,7,12,5,6,12,9,7,14,8,10,8,12,10,11,13,12,12,11,7,9,12,10,14,14,13,8,13,12,12,8,2000112113,Ligue 1,Angers SCO
Alfie Dorrington,D C,20,109,-85,England,Tottenham Hotspur,8,5,13,7,11,6,13,9,3,10,11,5,12,11,11,10,11,13,11,10,15,6,11,10,10,11,9,13,13,12,12,14,15,13,11,14,2000123637,Premier League,Tottenham Hotspur
Herba Guirassy,AM L,18,109,-75,"Guinea,France",FC Nantes,11,12,13,11,13,10,10,10,5,7,12,11,7,13,11,11,10,11,10,10,13,13,8,11,10,12,10,12,13,13,11,10,13,13,11,10,2000191043,Ligue 1,FC Nantes
Luis Quintero,AM RLC,20,109,-75,"Colombia,Spain",Villarreal,10,14,15,13,12,9,9,11,9,9,15,5,11,15,8,12,7,9,7,15,5,15,10,15,9,10,15,11,12,13,10,8,15,13,6,5,2000103756,LaLiga,Villarreal
Mathis Amougou,M C,19,109,-75,"France,Cameroon",RC Strasbourg Alsace,9,10,12,8,13,7,10,12,6,11,13,9,11,13,12,11,11,11,12,12,13,12,10,11,13,13,13,12,12,13,11,10,12,11,12,10,2000200565,Ligue 1,RC Strasbourg Alsace
Calvin Ramsay,D/WB R,22,109,145,Scotland,Liverpool,9,11,11,8,11,10,8,8,7,10,12,7,10,15,10,11,9,12,12,10,16,14,8,12,10,13,13,13,14,13,12,10,8,14,10,9,61098180,Premier League,Liverpool
Timothée Pembélé,D/WB R,22,109,141,France,Sunderland,6,13,13,10,11,9,11,7,11,10,12,9,9,12,12,11,12,13,9,10,14,12,8,10,8,13,10,11,14,12,13,13,10,14,13,10,49058792,Premier League,Sunderland
Dane Scarlett,ST ,21,109,140,"England,Jamaica",Tottenham Hotspur,4,8,12,12,11,7,12,10,6,6,9,12,6,13,13,12,10,12,9,10,14,11,6,13,8,9,7,13,14,13,12,11,13,14,9,12,2000054216,Premier League,Tottenham Hotspur
Harrison Ashby,D/WB R,23,109,140,"Scotland,England",Newcastle United,12,11,10,10,10,12,9,10,8,10,8,11,12,10,14,10,12,10,10,10,13,10,14,12,11,10,11,13,14,12,10,10,14,15,12,12,28122327,Premier League,Newcastle United
Will Dennis,GK ,25,109,-7,England,AFC Bournemouth,1,1,3,3,12,2,7,2,3,3,12,2,1,6,8,11,14,9,10,11,3,1,5,3,13,6,11,10,11,12,10,14,10,11,11,13,28110718,Premier League,AFC Bournemouth
Mark Gillespie,GK ,33,109,135,England,Newcastle United,3,3,2,2,8,1,9,2,3,1,9,4,2,11,9,10,13,10,11,12,11,5,7,9,11,7,8,11,9,12,9,12,13,9,14,13,29036230,Premier League,Newcastle United
Frank Tsadjout,ST ,26,109,130,"Italy,Cameroon",U.S. Cremonese,7,8,10,9,10,6,14,11,8,6,10,12,9,12,14,13,13,12,13,12,15,11,10,13,11,14,10,13,11,12,14,16,12,11,12,14,43268698,Serie A,Cremonese
Malick Mbaye,AM RL,21,109,130,Senegal,FC Metz,9,12,13,11,12,8,8,10,6,8,12,10,9,11,11,12,14,11,12,12,11,10,9,12,7,12,13,12,12,12,12,7,11,13,13,11,12092831,Ligue 1,FC Metz
Miguel Morro,GK ,24,109,127,Spain,Vallecano,2,3,2,2,5,6,3,1,3,2,12,1,1,10,13,14,9,11,14,13,6,2,12,3,13,11,10,10,9,11,10,17,5,9,10,11,67276496,LaLiga,Rayo Vallecano
Bambo Diaby,D C,27,109,126,"Spain,Senegal",Elche,6,6,8,7,9,7,14,8,11,12,10,9,14,9,13,12,14,9,10,7,15,7,12,7,11,14,9,12,14,12,13,15,12,14,12,16,43318440,LaLiga,Elche
Yeferson Paz,D/WB R,23,109,126,Colombia,U.S. Sassuolo Calcio,8,12,12,7,12,7,9,10,4,9,12,9,11,12,13,12,12,10,11,12,12,14,9,13,11,12,10,12,14,12,12,9,13,13,12,11,76062662,Serie A,Sassuolo
Scott Banks,AM RLC,23,109,125,"Scotland,Wales",FC St. Pauli,13,10,14,10,12,14,6,12,6,7,11,12,7,13,11,10,8,9,9,9,13,13,10,10,7,11,12,11,14,14,11,9,8,14,11,8,61088727,Bundesliga,FC St. Pauli
Edoardo Corvi,GK ,24,109,123,Italy,Parma Calcio 1913,2,1,2,2,12,2,6,2,2,2,11,1,2,12,12,12,13,10,9,10,16,12,9,10,12,11,13,11,12,12,11,12,10,11,10,11,43379760,Serie A,Parma Calcio 1913
Carlo Pinsoglio,GK ,35,109,122,Italy,Juventus,4,2,2,1,10,8,10,3,1,2,10,2,2,9,10,12,12,12,12,10,18,8,13,6,14,7,7,10,10,10,12,16,13,10,11,12,43006598,Serie A,Juventus
Franz Stolz,GK ,24,109,120,Austria,Genoa Cricket and Football Club,1,2,2,2,11,2,9,2,2,3,10,3,3,11,9,11,11,10,12,12,11,6,11,1,12,11,11,11,10,11,12,17,12,9,10,12,16248921,Serie A,Genoa Cricket and Football Club
Simone Perilli,GK ,30,109,120,Italy,Hellas Verona FC,3,1,2,1,8,2,6,3,3,3,10,3,1,9,9,13,12,9,12,12,4,10,12,7,13,10,8,10,9,12,13,15,10,10,13,14,43067329,Serie A,Hellas Verona FC
Francesco Rossi,GK ,34,109,113,Italy,Bergamo,3,1,1,2,8,8,8,1,2,3,7,1,3,8,5,13,13,11,12,12,13,5,13,5,13,11,9,10,11,12,11,15,13,10,14,12,43039784,Serie A,Atalanta
Dominik Nothnagel,D LC,30,109,110,Germany,VfB Stuttgart,8,11,6,5,8,6,12,5,12,13,13,12,14,8,13,13,10,11,12,14,14,5,15,7,13,12,11,11,12,10,11,12,13,12,12,9,92039022,Bundesliga,VfB Stuttgart
Quentin Ndjantou,AM/ST L,18,108,-85,"France,Cameroon",Paris Saint-Germain,10,10,13,10,13,9,11,10,7,6,13,11,6,13,10,12,11,11,12,11,14,13,7,10,7,12,12,14,12,13,13,11,12,13,10,9,2000288850,Ligue 1,Paris Saint-Germain
Veljko Milosavljević,D C,18,108,-85,Serbia,AFC Bournemouth,5,6,8,7,11,8,13,10,5,13,12,10,13,11,12,13,13,12,12,12,12,7,12,8,12,12,9,13,10,9,13,13,12,10,12,12,2000288469,Premier League,AFC Bournemouth
Victor Orakpo,AM/ST L,19,108,-85,Nigeria,OGC Nice,8,10,13,14,14,8,15,10,5,8,13,7,3,14,10,12,9,12,9,10,15,13,9,14,9,8,6,10,13,13,10,17,13,12,6,15,2000333587,Ligue 1,OGC Nice
Deniz Zeitler,ST RL,18,108,-8,"Germany,Türkiye",TSG 1899 Hoffenheim,8,9,12,12,12,8,10,11,6,4,10,12,5,12,8,12,11,10,8,8,13,13,5,13,4,11,9,13,15,13,11,9,12,14,12,9,2000273894,Bundesliga,TSG 1899 Hoffenheim
Fodé Sylla,DM/M C,19,108,-8,"France,Guinea",RC Lens,6,6,11,8,12,6,10,7,10,12,13,5,12,11,13,12,12,10,11,12,15,9,12,10,12,13,11,14,12,13,12,10,14,13,13,14,2000205287,Ligue 1,RC Lens
Lazar Jovanović,M/AM RLC,18,108,-8,Serbia,VfB Stuttgart,11,10,14,8,12,13,11,12,6,6,11,13,6,13,11,10,8,9,8,9,12,16,10,11,6,8,11,10,14,14,12,12,12,14,11,10,2000288837,Bundesliga,VfB Stuttgart
Otto Stange,ST C,18,108,-8,"Germany,Brazil",Hamburger Sport-Verein,10,10,13,12,13,12,11,11,6,4,11,16,5,13,12,12,11,11,10,10,13,15,3,12,4,11,11,12,13,13,12,12,13,13,12,10,2000257937,Bundesliga,Hamburger Sport-Verein
Patrice Čović,DM/M/AM C,18,108,-8,"Croatia,Germany",SV Werder Bremen,13,12,13,10,14,13,10,12,6,7,13,12,7,15,12,9,11,10,9,10,12,15,8,10,7,12,12,14,12,14,11,8,13,12,14,7,2000330177,Bundesliga,SV Werder Bremen
Alexander Røssing-Lelesiit,AM RL,18,108,-75,"Norway,Kenya",Hamburger Sport-Verein,11,11,14,10,13,10,7,10,6,6,10,11,7,13,16,10,13,9,9,9,17,16,6,10,6,12,10,11,14,13,11,10,15,14,11,9,2000313833,Bundesliga,Hamburger Sport-Verein
Josh Nichols,D/WB RL,19,108,-75,England,Arsenal,10,9,9,5,11,7,6,5,8,9,10,9,12,12,10,11,13,12,8,11,13,7,6,8,10,13,10,13,16,12,8,6,12,14,11,7,2000216555,Premier League,Arsenal
Krisztián Lisztes,AM RLC,20,108,-75,Hungary,Eintracht Frankfurt,11,10,14,12,13,11,8,12,6,7,12,12,8,14,12,11,11,11,9,10,12,15,7,11,7,11,12,11,13,13,12,10,8,13,9,10,2000110556,Bundesliga,Eintracht Frankfurt
Noah Pesch,AM RLC,20,108,-75,"Croatia,Germany",Borussia Mönchengladbach,11,11,13,11,12,12,8,12,7,7,11,12,8,13,8,12,11,10,8,9,12,14,8,12,7,11,11,12,14,13,11,9,12,13,12,8,2000130471,Bundesliga,Borussia Mönchengladbach
Prosper Peter,ST ,17,108,-75,France,Angers SCO,9,8,10,11,11,9,14,10,5,8,10,10,10,11,10,13,13,11,12,12,10,12,7,13,8,12,13,12,12,11,11,14,13,11,12,13,2000289956,Ligue 1,Angers SCO
Tiago Pereira Cardoso,GK ,19,108,-75,"Luxembourg,Portugal",Borussia Mönchengladbach,3,2,3,2,8,1,6,3,2,2,10,11,2,9,7,11,13,9,11,10,15,4,11,3,13,12,9,12,8,13,12,16,13,8,9,12,2000189121,Bundesliga,Borussia Mönchengladbach
Xavi Grande,D R,20,108,-75,Spain,Levante,7,13,11,7,12,7,9,8,11,11,12,8,12,12,11,12,12,11,12,12,12,11,7,10,11,12,10,12,14,12,12,8,13,13,13,9,2000147030,LaLiga,Levante
Yann Sturm,AM RLC,20,108,-75,Germany,Sport-Club Freiburg,13,11,13,11,13,14,8,12,6,6,12,15,6,14,11,10,10,10,9,9,12,15,8,11,6,12,12,10,13,13,11,10,12,13,12,8,2000197342,Bundesliga,Sport-Club Freiburg
Michael Glück,D RC,22,108,143,Austria,VfB Stuttgart,11,15,10,7,12,9,12,8,7,10,12,8,12,11,10,14,12,12,10,9,5,5,11,10,15,10,11,12,12,11,13,14,10,12,11,12,2000044766,Bundesliga,VfB Stuttgart
Jonny Howson,DM/M RC,37,108,142,England,Leeds United,11,10,8,11,12,12,7,13,9,13,14,12,12,13,12,14,16,14,13,14,14,9,15,12,14,15,12,14,8,8,11,8,14,7,10,9,5123525,Premier League,Leeds United
Emirhan İlkhan,DM/M C,21,108,141,Türkiye,Torino,6,11,15,12,14,5,7,11,3,5,12,8,8,13,14,11,13,11,9,11,13,15,6,13,8,12,13,14,12,14,12,8,14,13,11,9,2000079739,Serie A,Torino
Ben Hüning,D C,20,108,-7,Germany,Borussia Dortmund,6,7,4,8,12,4,14,8,7,14,12,3,12,11,13,14,13,11,11,7,10,5,5,10,13,10,11,13,11,10,13,14,13,11,12,14,2000174928,Bundesliga,Borussia Dortmund
Jovan Milošević,ST ,20,108,-7,Serbia,VfB Stuttgart,7,8,11,13,12,12,12,10,7,7,12,15,7,11,11,12,10,12,10,11,14,12,8,12,7,12,12,13,12,11,12,13,8,12,11,12,2000178782,Bundesliga,VfB Stuttgart
Justin Bourgault,D/WB L,19,108,-7,France,Stade Brestois 29,9,13,11,8,12,6,11,11,6,11,13,10,12,13,11,11,12,13,11,11,14,11,7,10,11,11,12,12,13,11,13,12,14,13,12,10,2000372165,Ligue 1,Stade Brestois 29
Samuele di Benedetto,DM/M C,20,108,136,"Germany,Italy",VfB Stuttgart,13,11,13,7,14,13,7,11,6,10,14,13,11,15,16,12,13,12,10,12,14,15,10,9,10,12,13,14,11,13,11,7,12,11,13,8,2000147150,Bundesliga,VfB Stuttgart
Danny Imray,D/WB R,22,108,135,England,Crystal Palace,6,12,13,7,10,7,9,10,11,8,9,7,10,11,14,9,13,9,10,8,16,9,6,12,8,11,9,15,14,13,11,9,15,15,14,11,2000050752,Premier League,Crystal Palace
Hennes Behrens,D/WB L,20,108,135,Germany,TSG 1899 Hoffenheim,12,13,12,7,11,11,10,11,13,11,11,10,11,11,13,10,12,9,9,9,12,12,8,11,11,13,10,13,13,12,11,8,16,13,15,10,2000197378,Bundesliga,TSG 1899 Hoffenheim
Joe Gauci,GK ,25,108,135,"Australia,Malta,New Zealand",Aston Villa,4,1,1,3,9,6,6,2,3,2,9,3,3,9,10,11,10,11,11,11,11,3,10,3,12,13,11,13,8,13,12,15,14,8,10,12,15084942,Premier League,Aston Villa
Krisztián Hegyi,GK ,22,108,135,Hungary,West Ham United,3,3,3,2,6,5,5,3,1,1,10,1,3,6,9,10,13,11,13,10,6,5,8,3,13,11,10,9,13,13,12,13,11,15,5,9,28125794,Premier League,West Ham United
Luca D'Andrea,AM R,20,108,135,Italy,U.S. Sassuolo Calcio,8,12,13,10,13,8,5,8,5,4,13,8,5,13,10,11,10,12,10,12,13,13,6,13,8,11,13,11,13,13,11,6,10,13,13,10,2000024665,Serie A,Sassuolo
Dembo Sylla,D/WB/M R,22,108,134,"Guinea,France",FC Lorient,10,14,11,7,13,9,7,9,7,8,11,3,14,12,11,7,10,8,13,12,13,7,6,9,11,9,10,13,14,14,10,8,13,15,11,10,2000144627,Ligue 1,FC Lorient
Frank Feller,GK ,21,108,134,Germany,1. FC Heidenheim 1846,2,2,3,1,8,2,6,1,2,2,10,1,1,9,10,12,13,12,12,11,13,8,8,2,13,12,10,12,8,14,12,14,12,8,10,11,2000103757,Bundesliga,1. FC Heidenheim 1846
Mawuli Mensah,DM/M C,21,108,134,Ghana,Real Hispalis,9,8,12,10,12,8,6,13,7,8,12,12,13,13,12,13,11,12,9,10,12,13,12,10,12,10,11,14,12,13,9,5,15,12,13,12,2000165868,LaLiga,Real Betis
Adrián Pica,D RC,23,108,133,Spain,Alavés,8,10,4,6,11,7,15,9,5,13,4,6,11,8,15,14,16,11,8,15,13,5,3,9,11,9,7,10,8,11,10,17,8,10,10,12,2000198361,LaLiga,Alavés
Julian Korb,D/WB R,33,108,132,Germany,Borussia Mönchengladbach,6,11,10,8,12,6,7,8,12,12,13,6,12,13,13,13,12,13,12,12,10,8,12,12,12,16,11,13,12,12,10,8,13,12,12,9,35017439,Bundesliga,Borussia Mönchengladbach
Kasey Bos,D/WB L,21,108,132,"Australia,Netherlands",1. FSV Mainz 05,11,12,11,7,11,10,10,8,12,10,11,10,11,11,8,11,12,10,10,10,12,11,5,13,10,12,9,13,13,11,12,12,14,13,15,11,2000258757,Bundesliga,1. FSV Mainz 05
Leon Opitz,AM RLC,20,108,132,Germany,SV Werder Bremen,10,12,13,10,12,8,6,10,7,7,11,11,7,13,8,9,8,8,8,8,12,15,3,11,7,10,11,9,14,13,9,10,10,16,12,8,2000194680,Bundesliga,SV Werder Bremen
Abdoulie Ceesay,ST ,21,108,128,The Gambia,FC St. Pauli,5,7,12,12,10,7,13,11,6,4,10,12,6,11,15,13,16,10,9,9,15,12,3,12,4,8,11,16,13,13,14,13,12,15,12,14,2000374059,Bundesliga,FC St. Pauli
Joseph Nduquidi,D/DM/M C,20,108,127,"Angola,France,Democratic Republic of Congo",FC Metz,6,8,10,8,11,8,11,8,6,12,12,9,12,11,12,13,13,12,13,11,13,11,8,9,12,14,12,12,12,12,12,13,13,11,13,11,2000111544,Ligue 1,FC Metz
Sofiane Alakouch,D RL,27,108,127,"Morocco,France",Paris FC,7,12,12,7,13,6,8,10,9,12,13,8,11,13,11,11,12,12,11,11,11,12,8,12,10,13,11,12,14,12,12,9,13,13,12,11,48041352,Ligue 1,Paris FC
Achraf Laâziri,D/WB/M L,22,108,126,Morocco,Olympique Lyonnais,11,12,11,8,12,12,7,10,10,11,12,7,11,13,11,12,12,10,10,10,13,12,7,13,9,12,12,13,14,13,9,8,13,14,12,8,2000188850,Ligue 1,Olympique Lyonnais
Lamine Sy,D/WB R,22,108,126,"France,Senegal",AJ Auxerre,7,12,11,10,11,6,8,12,5,10,11,7,11,12,12,11,10,10,9,10,13,12,11,12,9,12,11,13,14,14,12,6,13,14,12,11,49048738,Ligue 1,AJ Auxerre
Yuri Rocchetti,D/WB/M L,22,108,126,Italy,U.S. Cremonese,10,12,9,8,12,8,10,9,12,11,11,7,13,14,13,13,12,11,12,11,9,10,4,12,10,14,11,13,12,13,10,8,14,12,13,11,43500699,Serie A,Cremonese
Anssi Suhonen,M/AM C,24,108,125,Finland,Hamburger Sport-Verein,13,11,13,8,12,14,6,11,6,8,13,13,11,13,13,11,12,11,10,11,12,14,7,11,9,12,12,13,12,13,11,7,7,11,15,8,91177223,Bundesliga,Hamburger Sport-Verein
Borja Alonso,M/AM LC,21,108,125,Spain,Real Hispalis,10,9,14,12,12,10,9,10,7,4,11,8,6,13,7,10,9,12,10,11,12,15,9,12,4,10,12,11,14,12,13,6,10,12,11,12,2000217593,LaLiga,Real Betis
Etienne Eto'o,ST ,22,108,125,"Cameroon,Spain",Vallecano,5,7,10,14,11,8,13,9,7,7,12,12,8,12,9,12,12,12,14,12,15,14,12,11,7,11,13,10,11,10,10,16,13,12,11,13,2000045480,LaLiga,Rayo Vallecano
Gideon Kodua,AM R,20,108,125,"England,Ghana",West Ham United,6,11,12,11,11,4,8,10,5,7,9,5,8,11,8,13,10,8,10,7,11,11,14,11,7,12,9,12,15,13,10,10,5,14,11,12,2000118384,Premier League,West Ham United
Grant Ranos,ST RL,22,108,125,"Armenia,Germany",Borussia Mönchengladbach,12,11,12,12,12,12,12,11,6,4,11,13,4,12,11,12,11,10,10,9,12,13,6,12,4,12,11,12,13,12,12,11,12,13,11,11,2000065729,Bundesliga,Borussia Mönchengladbach
Nazariy Rusyn,ST L,26,108,124,Ukraine,Sunderland,6,7,11,11,11,7,13,11,3,10,11,13,12,12,10,11,8,12,10,9,8,10,11,11,8,12,10,14,14,14,15,8,15,14,12,9,71092749,Premier League,Sunderland
Álex Domínguez,GK ,27,108,121,Spain,Toulouse FC,1,2,1,1,5,5,3,1,3,1,11,3,2,3,10,11,11,9,10,9,1,1,9,3,12,10,10,10,11,12,12,15,6,9,8,12,67257945,Ligue 1,Toulouse FC
Orji Okwonkwo,AM/ST RL,27,108,121,Nigeria,Bologna FC 1909,8,10,13,11,10,6,8,9,5,4,11,11,5,11,11,12,9,12,10,10,10,13,5,12,3,10,9,12,14,13,10,7,9,14,12,12,13158219,Serie A,Bologna FC 1909
Valentin Lässig,D/DM/M C,22,108,120,Germany,TSG 1899 Hoffenheim,6,7,7,8,8,8,11,10,1,12,8,5,15,12,10,12,12,12,12,12,14,5,14,11,11,14,10,12,14,11,11,13,8,13,12,8,2000069206,Bundesliga,TSG 1899 Hoffenheim
Nikita Contini,GK ,29,108,119,"Italy,Ukraine",Parthenope,4,2,1,1,7,7,3,2,3,1,7,2,1,8,8,10,12,8,10,11,13,5,7,5,12,9,8,10,10,12,12,13,16,10,15,11,43159621,Serie A,Napoli
Tuomas Ollila,D/WB/M L,25,108,118,Finland,Paris FC,13,11,11,8,11,8,8,8,8,7,11,14,11,9,8,9,10,10,13,10,11,9,11,9,11,12,8,12,13,13,12,8,12,14,13,9,33069449,Ligue 1,Paris FC
Mihai Popa,GK ,24,108,117,Romania,Torino,3,1,1,3,10,2,8,3,2,1,10,3,2,10,11,12,13,11,9,9,14,8,7,7,11,11,8,11,11,13,10,11,12,11,11,12,57177195,Serie A,Torino
Carl Klaus,GK ,31,108,112,Germany,1. FC Union Berlin,2,1,1,1,10,4,6,1,2,1,11,1,2,10,13,11,12,13,12,11,12,6,8,3,12,11,10,10,8,13,12,15,11,8,10,12,92076713,Bundesliga,1. FC Union Berlin
Alexander Groiß,D/DM C,27,108,109,Germany,VfB Stuttgart,5,5,10,7,12,6,12,6,6,12,13,6,11,11,12,12,12,10,10,11,12,11,13,11,14,14,12,10,11,11,12,15,13,11,13,12,92072843,Bundesliga,VfB Stuttgart
Julian Eyestone,GK ,19,107,-85,United States,Brentford,3,2,2,2,10,5,8,3,3,3,11,3,1,9,11,11,13,9,10,10,14,5,6,3,11,11,10,11,10,12,12,18,12,9,11,14,2000277341,Premier League,Brentford
Ferrán Quetglás,GK ,20,107,162,Spain,R. Madrid,4,3,2,1,14,7,1,3,2,1,11,1,2,13,13,11,10,9,12,12,14,2,14,1,11,10,7,8,8,11,10,15,6,7,8,13,2000164458,LaLiga,R. Madrid
Ishé Samuels-Smith,D/WB LC,19,107,-8,England,Chelsea,9,11,7,11,10,8,10,7,11,8,10,6,14,13,10,11,8,11,10,12,15,6,6,10,11,12,10,13,14,10,11,15,15,14,11,10,2000215455,Premier League,Chelsea
Leo Castledine,M/AM RLC,19,107,-8,England,Chelsea,11,11,12,12,10,8,12,9,10,8,13,9,11,12,12,11,13,10,10,10,12,9,10,12,11,14,11,14,12,9,11,11,11,12,10,9,2000108694,Premier League,Chelsea
Mirza Ćatović,DM/M C,18,107,-8,"Serbia,Bosnia and Herzegovina,Germany",VfB Stuttgart,4,7,10,7,12,6,13,9,6,12,12,8,13,12,15,12,15,12,12,10,15,8,10,8,12,13,11,15,11,11,13,15,12,12,14,13,2000332528,Bundesliga,VfB Stuttgart
"Víctor Moreno(Villarreal,Spain)",M/AM RLC,19,107,-8,Spain,Villarreal,8,11,14,14,11,8,8,9,4,6,14,8,7,14,13,12,9,10,10,10,9,13,5,14,8,10,14,13,14,13,14,7,15,14,10,5,2000215081,LaLiga,Villarreal
Andrija Bulatović,DM/M C,18,107,-75,Montenegro,RC Lens,9,9,12,11,13,7,10,12,6,10,13,3,11,14,11,11,12,12,12,12,12,15,10,11,12,13,13,13,11,11,12,11,13,12,11,10,2000265839,Ligue 1,RC Lens
Damola Ajayi,AM/ST RL,19,107,-75,"England,Nigeria",Tottenham Hotspur,9,8,12,11,11,9,8,8,9,9,10,4,7,13,5,14,6,9,10,12,3,10,6,7,4,11,9,11,14,10,10,6,12,14,14,12,2000222068,Premier League,Tottenham Hotspur
Hamidou Makalou,DM/M C,19,107,-75,Mali,Stade Brestois 29,9,9,7,10,15,9,9,11,1,11,15,6,15,15,9,11,10,6,11,15,12,5,5,10,8,10,15,13,15,15,10,8,15,15,8,4,12095458,Ligue 1,Stade Brestois 29
Leonardo Mendicino,DM/M C,19,107,-75,Italy,Bergamo,8,9,10,7,12,7,7,8,6,9,12,7,12,12,13,14,12,11,12,12,13,7,10,10,10,12,12,13,12,13,12,9,13,12,12,12,2000184409,Serie A,Atalanta
Mathis Lambourde,AM/ST RL,19,107,-75,France,Hellas Verona FC,9,10,13,13,13,9,10,11,4,6,12,11,7,13,9,12,9,11,10,10,14,12,7,12,6,12,11,11,13,13,12,10,11,13,12,9,2000191931,Serie A,Hellas Verona FC
Toni Tamarit,WB/M/AM/ST RL,19,107,-75,Spain,Villarreal,8,9,14,10,13,8,10,8,8,13,14,8,7,8,11,10,9,8,8,10,16,15,9,12,6,13,10,13,13,11,11,13,8,13,14,4,2000398957,LaLiga,Villarreal
Zach Abbott,D C,19,107,-75,"England,Scotland",Nottingham Forest,6,6,9,8,11,8,13,5,6,12,14,9,13,13,10,11,11,13,12,13,14,8,10,12,12,13,9,12,12,9,12,11,12,13,12,12,2000222768,Premier League,Nottingham Forest
Mateus Lusuardi,D C,21,107,148,"Brazil,Italy",Pisa Sporting Club,3,7,7,3,10,5,13,8,10,12,11,8,12,10,10,12,12,10,11,12,12,9,8,6,12,12,10,9,12,12,13,15,11,13,11,15,2000095445,Serie A,Pisa Sporting Club
Sil Swinkels,D C,21,107,145,Netherlands,Aston Villa,7,8,10,8,9,4,13,9,5,12,9,10,12,10,9,11,11,13,11,10,13,5,11,8,12,12,9,10,12,11,11,13,8,13,11,12,2000023018,Premier League,Aston Villa
Luis Hasa,M/AM LC,21,107,142,"Italy,Albania",Parthenope,9,10,13,9,13,10,7,13,5,8,13,13,5,13,10,11,11,10,11,11,15,14,8,13,9,12,13,11,13,13,11,7,12,12,11,10,2000021435,Serie A,Napoli
Baran Moğultay,D/WB/M L,21,107,-7,"Türkiye,Germany",Borussia Dortmund,8,12,7,5,12,8,8,7,7,10,9,5,11,11,8,6,9,10,7,14,12,11,9,9,8,9,10,10,15,14,9,9,13,14,12,7,2000172723,Bundesliga,Borussia Dortmund
Caylan Vickers,AM RLC,20,107,-7,"England,India",Brighton & Hove Albion,12,11,13,11,11,11,7,10,3,4,11,14,5,13,8,10,8,11,8,10,13,14,4,12,4,11,10,11,15,13,13,6,12,13,11,8,2000141675,Premier League,Brighton & Hove Albion
Damián Pizarro,ST ,20,107,-7,Chile,Udinese Calcio,6,7,10,12,11,6,11,8,6,6,10,12,6,11,13,13,14,10,14,12,15,8,7,14,6,14,8,15,12,11,14,14,13,12,13,16,2000142763,Serie A,Udinese Calcio
Justin-Noël Kalumba,AM RL,20,107,-7,"France,Democratic Republic of Congo",Angers SCO,7,12,13,13,13,7,8,8,6,7,13,6,9,13,5,10,8,9,7,13,10,14,1,10,8,8,9,9,13,9,8,12,14,12,13,6,2000198878,Ligue 1,Angers SCO
Luke Harris,M/AM C,20,107,-7,"Wales,England",Fulham,12,10,12,13,12,10,5,10,4,8,13,9,8,12,7,12,9,12,11,11,15,12,10,12,9,12,10,13,13,10,12,9,11,12,14,10,2000141316,Premier League,Fulham
Tawanda Chirewa,M/AM C,21,107,-7,"Zimbabwe,England",Wolverhampton Wanderers,7,11,14,11,13,7,8,11,4,8,12,14,9,14,8,9,9,11,10,12,15,14,6,11,8,8,12,7,11,13,10,8,10,11,14,7,2000014200,Premier League,Wolverhampton Wanderers
Yoan Koré,D RC,20,107,-7,"France,Ivory Coast",Paris FC,9,8,8,9,11,5,12,7,8,12,13,10,11,11,14,11,12,12,12,13,11,12,8,11,11,10,12,13,12,11,13,13,10,12,12,11,2000096635,Ligue 1,Paris FC
Lorenzo Sgarbi,AM/ST L,24,107,139,Italy,Parthenope,6,12,12,13,13,5,12,11,7,5,12,11,8,12,9,11,7,10,11,10,12,14,7,12,8,12,12,12,13,12,13,12,11,13,12,12,43390833,Serie A,Napoli
Mateo Flores,DM/M C,21,107,137,Spain,Real Hispalis,7,7,10,7,13,7,7,10,7,7,14,7,12,13,11,11,12,10,10,12,12,9,13,10,12,14,10,13,12,14,12,9,13,12,13,10,2000238106,LaLiga,Real Betis
Lorenzo Moretti,D C,23,107,135,Italy,U.S. Cremonese,4,9,7,6,9,5,13,7,9,12,9,6,12,9,14,12,14,12,13,12,10,5,9,10,13,11,8,11,12,11,14,13,15,12,13,13,43425529,Serie A,Cremonese
Bruno Iglesias,AM LC,22,107,134,Spain,R. Madrid,10,9,14,9,13,13,8,10,3,2,12,7,4,14,8,11,9,11,12,11,16,17,8,12,11,9,13,9,12,11,11,12,10,11,10,9,2000052096,LaLiga,R. Madrid
Axel Camblan,AM/ST R,21,107,130,France,Stade Brestois 29,10,11,12,10,11,6,7,11,7,10,11,9,11,11,10,10,11,12,10,14,12,11,1,11,10,10,7,12,13,13,11,7,11,13,12,8,2000048535,Ligue 1,Stade Brestois 29
Thiago Ojeda,M/AM RLC,22,107,130,Argentina,Villarreal,9,8,13,8,13,10,10,10,7,6,12,8,8,14,12,12,10,12,13,12,10,12,11,12,9,12,13,12,12,13,12,13,12,11,11,11,14249509,LaLiga,Villarreal
Dimitrije Kamenović,D LC,25,107,125,Serbia,Capitolini Celesti,9,12,9,4,9,6,13,9,10,12,10,8,11,9,12,11,13,9,11,10,13,5,13,10,10,11,10,15,12,12,13,15,12,12,12,14,62200457,Serie A,Lazio
Peru Rodríguez,D C,23,107,123,"Spain,Pays Basque",Real San Sebastián,4,3,8,5,10,2,15,3,4,10,10,4,13,8,13,15,11,9,11,10,5,6,4,6,15,9,4,10,15,9,10,9,12,13,7,10,67276475,LaLiga,Real Sociedad
Godson Kyeremeh,AM RL,25,107,121,"France,Ghana",Havre AC,5,11,13,10,12,8,6,9,6,9,12,3,5,12,12,12,7,14,8,16,5,9,7,16,7,12,12,12,13,12,10,8,14,13,12,7,49048554,Ligue 1,Le Havre
Felix Mambimbi,AM RL,24,107,118,Switzerland,Havre AC,8,9,13,9,12,6,7,10,7,6,11,8,6,13,8,10,8,9,8,10,13,13,7,11,6,12,9,12,15,15,10,6,13,14,12,6,84151685,Ligue 1,Le Havre
Rubi,AM RL,23,107,118,Spain,Getafe,9,13,11,14,12,8,9,4,3,8,11,3,6,14,8,10,8,9,9,14,9,13,14,14,8,4,9,9,13,11,10,10,8,14,14,6,2000241493,LaLiga,Getafe
Patrick Göbel,D/WB/M R,32,107,111,Germany,Borussia Dortmund,13,14,13,9,12,14,5,10,8,9,14,9,9,13,4,11,7,9,10,12,13,12,12,13,10,14,14,13,13,12,10,6,12,12,10,8,92056106,Bundesliga,Borussia Dortmund
Nicolas Sessa,M/AM C,29,107,109,"Germany,Argentina,Italy",VfB Stuttgart,14,8,14,11,12,13,9,9,5,6,11,5,8,10,10,10,9,9,6,14,14,9,12,10,9,13,11,10,14,14,9,6,8,14,14,7,91181820,Bundesliga,VfB Stuttgart
Ruben Reisig,D C,29,107,109,"Germany,Ghana",TSG 1899 Hoffenheim,5,7,6,4,10,7,14,5,3,14,8,6,9,6,12,14,10,8,12,13,13,5,12,6,14,8,9,9,11,8,9,15,11,10,14,8,92077692,Bundesliga,TSG 1899 Hoffenheim
Lennart Karl,M/AM RC,17,106,-85,Germany,FC Bayern München,13,11,15,10,14,15,4,15,4,6,12,16,6,15,7,9,8,10,8,8,12,16,6,10,6,9,12,8,14,16,12,4,12,12,11,6,2000375662,Bundesliga,FC Bayern München
Buba Sangaré,D R,17,106,-8,"Spain,Mali",Associazione Sportiva Roma,7,10,12,7,12,7,4,8,11,8,11,7,9,12,12,12,8,10,8,10,9,13,7,11,9,12,11,12,16,15,14,8,9,14,13,10,2000301767,Serie A,Associazione Sportiva Roma
Divine Mukasa,M/AM C,17,106,-8,"England,Uganda,Lithuania",Manchester City,8,8,12,12,13,8,6,10,4,7,14,12,8,15,11,9,8,12,8,8,10,15,7,12,8,9,13,11,14,13,12,9,13,13,11,10,2000325860,Premier League,Manchester City
Gibert Jordana,D/WB/DM/M RC,18,106,-8,Spain,Girona,7,10,11,8,12,7,6,8,8,10,13,7,12,12,12,11,10,10,9,12,12,11,9,11,10,11,11,12,13,12,11,9,14,13,12,10,2000405956,LaLiga,Girona
Luca Erlein,D RC,18,106,-8,Germany,TSG 1899 Hoffenheim,6,11,11,6,12,6,12,7,12,12,13,8,12,12,11,10,12,12,11,11,13,10,8,8,12,13,12,13,12,10,12,14,12,12,13,12,2000259382,Bundesliga,TSG 1899 Hoffenheim
Mattia Mannini,WB/M RLC,19,106,-8,Italy,Associazione Sportiva Roma,8,9,12,8,13,5,6,5,5,7,14,9,9,13,11,10,11,9,11,11,13,7,7,11,10,11,13,11,13,14,10,6,19,12,12,9,2000184284,Serie A,Associazione Sportiva Roma
Noah Darvich,M/AM RC,18,106,-8,"Germany,Iraq,France",VfB Stuttgart,12,10,14,8,13,12,8,12,6,7,13,12,8,15,10,9,10,10,9,10,12,17,12,10,7,13,12,13,12,13,12,10,10,12,12,10,2000257651,Bundesliga,VfB Stuttgart
Alejo Sarco,ST ,19,106,-75,"Argentina,Italy",Bayer 04 Leverkusen,8,8,12,11,12,10,12,12,6,6,11,13,7,13,13,12,13,10,9,9,14,12,8,12,6,11,10,13,14,14,12,11,10,14,12,11,2000110066,Bundesliga,Bayer 04 Leverkusen
Giorgio Cittadini,D C,23,106,150,Italy,Bergamo,3,11,11,5,10,3,15,4,5,11,12,3,12,11,11,14,11,11,13,10,13,13,9,11,14,11,11,9,14,10,14,15,12,12,11,12,43424882,Serie A,Atalanta
Gustavo Albarracín,DM/M RC,19,106,-75,"Argentina,Italy",Alavés,9,8,10,9,6,7,5,11,6,8,12,9,11,10,13,13,10,8,9,15,6,5,6,5,14,13,12,13,14,12,8,10,13,13,13,9,2000185733,LaLiga,Alavés
Maxi Oyedele,DM/M C,20,106,-75,"Poland,England,Nigeria",RC Strasbourg Alsace,5,10,12,7,12,5,13,11,4,11,12,6,13,13,14,13,15,11,11,10,17,13,7,10,12,14,8,14,13,13,12,13,15,11,14,11,2000125540,Ligue 1,RC Strasbourg Alsace
Noah Edjouma,AM RL,19,106,-75,"France,Morocco,Cameroon",Toulouse FC,10,12,13,11,13,10,11,10,5,7,13,10,7,13,11,10,11,10,11,11,13,13,7,11,10,12,12,11,12,13,13,10,12,12,11,9,2000188572,Ligue 1,Toulouse FC
Yeimar Mosquera,D C,20,106,-75,Colombia,Aston Villa,10,4,5,7,11,13,13,7,8,11,12,13,11,12,12,13,11,11,11,11,8,5,3,9,12,10,11,11,10,11,13,15,13,12,12,13,2000248863,Premier League,Aston Villa
Dehmaine Tabibou,M/AM C,20,106,-7,France,FC Nantes,12,11,13,8,13,12,9,11,4,10,13,12,10,12,5,11,12,10,11,10,12,13,6,10,10,12,13,13,12,14,11,9,11,11,12,10,2000126078,Ligue 1,FC Nantes
Ethan Ennis,AM RL,20,106,-7,England,Manchester United,5,8,14,13,12,5,4,12,3,2,11,11,4,13,14,10,11,11,9,9,12,13,2,11,5,12,8,13,13,13,12,9,14,14,13,12,2000125909,Premier League,Manchester United
Ibou Sané,ST RLC,20,106,-7,Senegal,FC Metz,7,8,13,12,12,8,8,11,7,7,11,11,8,12,12,13,13,11,13,11,13,12,9,14,7,12,12,12,13,13,12,8,11,12,13,11,12093974,Ligue 1,FC Metz
Ichem Ferrah,AM RL,19,106,-7,"France,Algeria",LOSC Lille,10,11,13,8,12,11,6,3,7,5,13,5,5,13,7,12,10,9,9,13,13,14,5,11,5,11,13,9,14,13,12,5,12,13,11,8,2000129400,Ligue 1,LOSC Lille
Jamie McDonnell,DM/M C,21,106,140,Northern Ireland,Nottingham Forest,7,9,9,6,11,8,12,6,6,12,10,7,14,11,15,14,15,10,14,11,17,7,11,8,12,14,8,17,10,10,10,15,18,10,16,14,2000008161,Premier League,Nottingham Forest
Jérémy Hatchi,AM RL,20,106,-7,"France,Guadeloupe",FC Lorient,9,11,12,11,13,9,7,9,6,7,11,10,8,13,10,13,10,12,12,11,14,13,7,12,7,12,12,12,13,13,10,9,13,13,11,10,2000227222,Ligue 1,FC Lorient
Jordi Paulina,AM RLC,20,106,-7,"Netherlands,Curaçao",Borussia Dortmund,8,12,14,14,11,6,8,10,8,8,10,6,8,14,10,10,9,6,9,10,5,13,9,11,9,9,13,10,14,13,9,15,15,12,12,7,2000287559,Bundesliga,Borussia Dortmund
Josh Feeney,D C,20,106,-7,"England,Scotland",Aston Villa,7,8,8,8,11,6,14,6,8,10,14,6,12,12,12,13,12,11,11,12,14,8,9,10,13,10,12,10,11,9,11,12,10,12,12,10,2000128229,Premier League,Aston Villa
Leny Meyer,D/WB/M L,21,106,-7,Switzerland,VfB Stuttgart,10,8,13,8,13,10,10,10,9,10,12,6,11,12,13,13,10,12,8,9,12,10,4,12,12,12,11,13,14,12,11,13,12,13,14,8,2000039976,Bundesliga,VfB Stuttgart
Mathys De Carvalho,DM/M C,20,106,-7,"France,Portugal",Olympique Lyonnais,7,8,10,8,11,8,10,12,5,14,13,10,14,12,16,13,14,10,10,10,14,10,11,9,13,13,10,13,11,10,12,10,13,11,14,13,2000107107,Ligue 1,Olympique Lyonnais
Bilal Nadir,M RLC,21,106,138,"France,Algeria,Morocco",Olympique de Marseille,8,9,12,8,12,7,8,8,3,8,13,6,10,13,13,11,13,13,12,13,13,12,6,12,11,15,12,15,13,13,12,8,10,13,12,10,2000011617,Ligue 1,Olympique de Marseille
Simon Ebonog,DM/M C,20,106,138,"Cameroon,France",Havre AC,6,8,10,9,12,6,10,9,8,13,11,7,9,10,12,12,14,10,7,11,10,8,7,12,11,14,9,14,14,15,11,10,12,15,16,9,2000193191,Ligue 1,Le Havre
Filippo Rinaldi,GK ,22,106,136,Italy,Parma Calcio 1913,1,2,3,3,8,1,7,1,2,2,8,3,3,8,8,12,11,9,12,11,11,3,9,2,12,7,7,9,12,11,12,13,14,10,10,12,43425797,Serie A,Parma Calcio 1913
Filippo Missori,D R,21,106,135,Italy,U.S. Sassuolo Calcio,5,11,12,5,12,5,8,5,10,9,14,5,12,13,14,10,13,10,9,10,15,12,6,13,12,12,11,13,14,13,13,8,15,14,13,11,2000024765,Serie A,Sassuolo
Jon Balda,D/WB/M L,23,106,135,"Spain,Pays Basque",Real San Sebastián,9,13,10,7,7,7,8,6,8,9,10,6,10,9,10,10,9,10,7,14,5,6,6,9,10,10,8,10,14,14,10,9,14,14,14,7,2000131404,LaLiga,Real Sociedad
Žan Jevšenak,D/DM C,22,106,133,Slovenia,Pisa Sporting Club,5,7,9,8,11,6,11,9,8,12,11,6,12,10,14,10,13,11,12,10,13,7,8,9,13,13,9,13,12,11,13,15,18,12,12,14,83320134,Serie A,Pisa Sporting Club
Aiman Dardari,M/AM RLC,20,106,132,"Luxembourg,Morocco",FC Augsburg,12,10,15,10,13,11,7,12,5,4,11,12,5,14,11,11,8,10,9,9,12,16,4,11,4,10,10,9,14,16,12,7,12,13,11,7,2000107927,Bundesliga,FC Augsburg
Aitor Fraga,GK ,22,106,132,"Spain,Pays Basque",Real San Sebastián,3,2,3,3,6,6,2,2,1,1,9,2,2,6,8,12,14,10,11,15,5,3,1,1,13,10,9,9,11,12,7,14,12,11,5,11,67292825,LaLiga,Real Sociedad
Lúkas Petersson,GK ,21,106,132,"Iceland,Latvia,Germany",TSG 1899 Hoffenheim,3,1,1,2,9,3,7,3,12,1,11,3,2,10,8,11,12,11,10,10,13,6,10,3,12,12,11,12,8,13,12,17,12,9,10,13,2000196647,Bundesliga,TSG 1899 Hoffenheim
Emanuele Pecorino,ST ,24,106,130,Italy,Juventus,5,9,13,12,12,7,13,11,11,7,12,12,6,11,10,13,11,13,13,13,14,11,7,12,7,11,12,12,12,13,13,13,15,13,12,12,43409481,Serie A,Juventus
Mohamed Sankoh,ST ,21,106,130,"Netherlands,England,Sierra Leone",VfB Stuttgart,4,9,11,11,11,8,12,12,6,4,10,12,5,12,13,12,12,10,9,9,10,13,4,12,5,10,8,12,14,13,14,13,8,15,12,14,2000013602,Bundesliga,VfB Stuttgart
Thomas Kastanaras,ST ,22,106,130,"Germany,Greece",VfB Stuttgart,6,8,11,12,12,12,12,10,6,4,11,16,6,12,11,13,12,12,11,10,12,12,6,13,5,11,10,12,12,12,12,12,12,12,12,12,2000051522,Bundesliga,VfB Stuttgart
Tobias Sippel,GK ,37,106,127,Germany,Borussia Mönchengladbach,3,2,3,2,8,5,6,2,3,1,10,1,3,8,13,11,12,12,12,11,12,5,13,3,12,16,8,10,8,13,12,12,14,8,8,12,35006814,Bundesliga,Borussia Mönchengladbach
Rubén Gómez,GK ,23,106,126,Spain,Villarreal,3,2,2,3,7,4,2,1,1,3,11,2,1,6,7,12,11,9,10,15,10,3,10,1,14,10,9,5,13,16,5,13,9,11,6,7,2000105094,LaLiga,Villarreal
Tomás Esteves,D/WB RL,23,106,123,Portugal,Pisa Sporting Club,7,12,13,8,13,6,7,10,9,10,12,10,11,13,9,10,9,12,11,10,14,13,8,12,12,13,10,12,13,12,13,12,12,13,13,10,83228786,Serie A,Pisa Sporting Club
Ethan Brierley,DM/M C,21,106,122,England,Brentford,11,11,10,10,12,10,7,10,4,8,13,9,11,13,9,12,11,13,12,12,14,10,9,10,11,13,13,13,12,11,11,7,12,12,12,9,2000037708,Premier League,Brentford
Steve Breitkreuz,D C,33,106,122,Germany,FC Bayern München,3,7,8,6,9,4,14,7,7,13,11,6,12,9,16,11,13,10,12,11,12,6,14,8,13,12,9,12,9,9,14,14,8,11,11,15,91018522,Bundesliga,FC Bayern München
Alberto Dadie,D R,23,106,118,"Spain,Pays Basque",Real San Sebastián,11,12,12,10,12,9,9,9,8,7,12,9,8,12,5,11,13,10,9,9,13,15,8,11,10,12,13,14,13,12,16,5,13,12,10,10,67276476,LaLiga,Real Sociedad
Álex Rubio,AM/ST RL,23,106,115,Spain,Villarreal,8,12,12,15,15,9,15,9,8,9,13,9,5,11,10,10,4,8,9,15,11,9,10,13,9,10,11,11,10,13,5,6,10,13,11,8,2000277002,LaLiga,Villarreal
Niklas Lomb,GK ,32,106,115,Germany,Bayer 04 Leverkusen,1,2,3,3,9,2,7,2,1,1,10,4,3,10,16,12,13,11,11,11,16,4,14,6,12,18,10,16,8,12,12,14,12,9,10,14,91108274,Bundesliga,Bayer 04 Leverkusen
Luca Williams-Barnett,AM/ST RLC,16,105,-95,England,Tottenham Hotspur,11,13,13,10,12,10,5,11,1,3,13,9,2,15,13,9,10,11,10,9,2,15,4,9,3,10,15,10,13,12,11,6,14,10,10,6,2000485992,Premier League,Tottenham Hotspur
Dro,M/AM LC,17,105,-9,"Spain,Philippines",Barcelona,11,9,14,7,13,11,6,10,6,5,12,8,7,15,7,9,12,12,11,14,14,17,8,12,8,11,14,9,12,14,11,5,14,11,10,7,2000402688,LaLiga,Barcelona
Mohamed Kader Meïté,ST ,17,105,-85,"France,Ivory Coast",Stade Rennais FC,10,9,10,14,13,8,14,10,4,6,10,11,7,11,10,10,12,13,11,10,15,11,7,10,6,11,11,12,13,10,11,15,13,13,10,14,2000426283,Ligue 1,Stade Rennais FC
Omari Kellyman,AM/ST RLC,19,105,-85,"England,Northern Ireland,Jamaica",Chelsea,6,8,14,13,13,13,9,11,4,6,12,9,8,13,13,11,10,14,11,10,15,14,12,11,7,11,11,10,14,13,14,9,17,14,10,9,2000147523,Premier League,Chelsea
Rayane Belaid,M/AM RL,20,105,-85,"Spain,Algeria",A. Madrid,7,5,12,10,14,3,9,9,8,8,14,10,7,14,15,10,8,14,6,12,12,13,6,11,8,13,12,9,14,13,10,7,12,13,9,5,2000379469,LaLiga,A. Madrid
Francis Onyeka,M/AM LC,18,105,-8,"Germany,Nigeria",Bayer 04 Leverkusen,12,10,13,10,14,13,12,13,6,7,12,14,8,15,13,10,10,10,9,9,12,15,10,10,7,11,12,11,12,13,11,13,13,12,14,9,2000259411,Bundesliga,Bayer 04 Leverkusen
Jayden Meghoma,D L,19,105,-8,"England,Nigeria",Brentford,8,12,13,7,11,7,10,9,8,11,11,8,12,13,10,11,12,11,11,11,12,12,7,11,10,10,11,14,14,13,13,8,12,14,12,8,2000190480,Premier League,Brentford
Jones El-Abdellaoui,AM RL,19,105,-8,"Morocco,Norway",Vigo,5,9,12,10,12,6,7,10,3,5,8,8,5,12,12,11,6,12,10,9,12,13,6,11,7,9,9,10,14,13,9,11,11,15,10,8,2000174402,LaLiga,Celta
Kacper Potulski,D C,17,105,-8,Poland,1. FSV Mainz 05,3,7,8,6,10,12,13,8,10,12,11,8,13,10,13,10,14,9,10,9,16,7,10,8,12,12,11,13,13,9,13,16,14,14,11,13,2000274341,Bundesliga,1. FSV Mainz 05
Maxima Goffi,D C,17,105,-8,France,LOSC Lille,5,8,2,2,10,3,14,8,5,14,8,5,12,8,5,9,10,9,12,12,12,5,11,8,14,8,8,9,14,14,9,15,11,14,9,7,2000483445,Ligue 1,LOSC Lille
Adam Boayar,AM C,19,105,-75,"Morocco,Spain",Elche,8,8,13,12,14,8,9,10,8,8,12,6,9,14,5,13,8,14,10,14,3,13,1,11,10,9,8,10,13,14,10,11,15,14,8,7,2000221092,LaLiga,Elche
Charlie Crew,DM/M C,19,105,-75,"Wales,England",Leeds United,12,10,12,7,14,11,7,8,4,6,14,7,10,13,10,11,9,13,10,10,12,12,13,12,10,12,13,12,12,13,13,8,8,11,11,11,2000226061,Premier League,Leeds United
Christopher Olivier,M RC,19,105,-75,"Austria,South Africa",VfB Stuttgart,5,10,9,15,13,7,10,11,7,10,14,8,8,15,15,10,9,8,7,12,10,6,11,10,9,10,15,11,12,15,10,16,10,15,10,9,2000104822,Bundesliga,VfB Stuttgart
Daniel Budesca,D/WB R,19,105,-75,Spain,Villarreal,8,12,14,9,11,3,10,6,9,12,14,5,15,15,11,7,11,8,11,12,9,9,5,12,10,14,11,11,12,10,15,13,10,11,15,6,2000311540,LaLiga,Villarreal
Florian Micheler,DM/M C,20,105,-75,Austria,TSG 1899 Hoffenheim,15,12,11,11,13,15,10,13,6,8,13,13,10,13,13,12,11,12,11,12,13,11,8,11,8,12,13,12,11,11,12,12,13,10,13,10,2000095540,Bundesliga,TSG 1899 Hoffenheim
Idrissa Guèye,ST ,18,105,-75,Senegal,FC Metz,10,10,10,12,10,10,13,11,6,9,8,9,4,9,15,13,11,12,11,11,12,8,8,12,9,13,12,10,12,12,14,15,13,11,10,12,12094946,Ligue 1,FC Metz
Jaaso Jantunen,GK ,20,105,-75,Finland,Sport-Club Freiburg,6,1,1,1,5,9,1,1,2,3,14,1,2,6,8,11,15,8,6,14,12,3,5,2,9,9,8,7,13,7,9,18,9,13,2,8,2000134692,Bundesliga,Sport-Club Freiburg
Maat Daniel Caprini,AM/ST L,19,105,-75,"Italy,France,Guinea",ACF Fiorentina,7,9,12,11,12,8,10,12,6,4,10,11,6,11,7,9,10,12,8,10,15,12,9,10,7,9,8,10,15,13,14,10,13,13,11,12,2000186958,Serie A,ACF Fiorentina
Paris Brunner,AM/ST RL,19,105,-75,"Germany,Democratic Republic of Congo",AS Monaco,8,9,14,13,12,10,11,12,6,3,10,16,4,13,13,10,8,9,8,9,14,15,10,12,3,9,11,12,13,13,12,12,13,13,11,11,2000180882,Ligue 1,AS Monaco
Patrick Nuamah,M/AM RL,19,105,-75,"Italy,Ghana",U.S. Sassuolo Calcio,10,13,12,10,12,9,12,13,8,8,9,12,13,12,9,10,10,10,10,11,10,10,8,10,9,10,10,10,13,13,12,12,14,12,13,11,2000098328,Serie A,Sassuolo
Saná Fernandes,AM RL,19,105,-75,"Portugal,Guinea-Bissau",Capitolini Celesti,11,12,14,8,13,10,4,11,4,2,12,10,4,13,9,11,7,8,11,12,12,14,7,9,4,8,11,10,15,15,11,4,9,14,10,6,2000202651,Serie A,Lazio
Tobias Slotsager,D C,19,105,-75,Denmark,Hellas Verona FC,8,6,10,6,11,3,12,10,8,12,11,6,12,11,13,12,12,11,11,11,14,7,13,7,11,13,10,13,11,10,10,14,13,11,13,13,2000178532,Serie A,Hellas Verona FC
Tommy Setford,GK ,19,105,-75,"England,Netherlands",Arsenal,5,3,1,3,11,6,6,1,2,2,12,6,3,9,10,13,8,13,10,10,13,1,7,3,11,10,10,10,12,15,10,12,14,8,10,10,2000046214,Premier League,Arsenal
Trévis Dago,ST RL,20,105,-75,"France,Ivory Coast",LOSC Lille,6,11,13,14,14,8,13,9,6,8,14,6,4,13,5,8,9,7,9,12,7,12,12,14,8,8,10,10,14,14,9,12,11,14,14,8,2000272924,Ligue 1,LOSC Lille
Yasin Özcan,D LC,19,105,-75,Türkiye,Aston Villa,7,10,8,7,11,5,12,11,11,12,11,8,12,11,13,13,14,13,11,11,17,9,8,10,11,13,12,13,10,12,11,12,14,10,12,12,2000204346,Premier League,Aston Villa
Ante Vuković,GK ,20,105,146,Croatia,Pisa Sporting Club,3,1,1,2,11,8,11,2,3,3,11,1,3,11,5,11,12,11,11,12,12,2,11,3,11,12,11,11,11,12,11,13,9,11,11,10,2000120815,Serie A,Pisa Sporting Club
Flavio Russo,ST ,20,105,145,Italy,U.S. Sassuolo Calcio,3,4,11,13,10,9,14,10,4,2,11,5,6,10,14,12,13,12,8,12,12,9,8,14,8,13,11,12,12,12,16,14,11,12,12,13,2000021606,Serie A,Sassuolo
Manuel Ángel,M/AM C,21,105,145,Spain,R. Madrid,10,12,14,12,12,10,3,8,6,5,14,8,4,13,11,13,12,10,9,12,14,15,14,11,6,10,15,8,12,14,11,5,13,11,8,6,2000146335,LaLiga,R. Madrid
Ilias Kostis,D LC,22,105,144,"Greece,Cyprus",A. Madrid,6,9,4,4,7,8,14,5,3,14,10,1,12,6,6,14,10,7,8,14,4,5,12,8,14,8,9,10,14,10,9,15,12,10,7,7,2000049483,LaLiga,A. Madrid
Álvaro Cortés,D C,20,105,-7,Spain,Barcelona,2,5,7,6,11,5,11,6,3,13,12,6,12,11,14,12,13,10,11,11,14,9,11,8,13,12,11,11,12,11,11,13,14,13,11,13,2000214885,LaLiga,Barcelona
Charles Sagoe Jr,AM RLC,21,105,-7,"England,Ghana,Liberia",Arsenal,10,9,12,10,13,8,7,10,5,5,11,8,6,12,8,9,8,10,9,10,13,10,5,12,6,11,9,12,14,13,12,9,10,14,11,7,2000047230,Premier League,Arsenal
Ismael Bekhoucha,D R,20,105,-7,"Morocco,Spain",Getafe,9,11,10,8,10,5,8,7,7,12,12,8,11,9,16,12,16,8,14,9,16,7,11,10,12,14,11,14,13,10,11,7,10,14,13,10,2000281951,LaLiga,Getafe
Jesús Owono,GK ,24,105,140,"Equatorial Guinea,Spain,Pays Basque",Alavés,4,3,1,1,9,8,9,2,3,3,9,8,1,9,9,10,11,11,10,9,15,10,11,5,13,10,9,10,12,14,8,10,14,11,10,12,67277847,LaLiga,Alavés
José Luís Català,D C,20,105,-7,Spain,Espanyol,2,6,8,5,11,4,12,7,6,12,13,5,13,11,13,11,12,11,10,11,14,10,11,7,12,10,11,10,12,11,12,13,14,12,11,13,2000116128,LaLiga,Espanyol
Oliwier Zych,GK ,21,105,-7,Poland,Aston Villa,5,1,2,3,11,7,7,3,1,2,12,5,1,11,10,11,12,12,9,9,14,1,7,3,11,10,10,10,12,13,12,14,8,11,11,12,96161974,Premier League,Aston Villa
Ousmane Touré,D RC,20,105,-7,"France,Mali",LOSC Lille,8,12,9,9,11,6,12,4,9,12,11,7,12,9,15,13,11,12,9,12,5,6,7,9,14,9,6,6,14,11,10,13,14,12,9,11,2000129410,Ligue 1,LOSC Lille
Rachad Fettal,ST ,20,105,-7,"Morocco,Spain",R. Madrid,8,9,14,14,14,8,14,9,8,8,9,4,5,14,5,13,9,10,9,11,3,13,1,8,8,8,9,9,14,12,7,11,12,14,9,8,2000300102,LaLiga,R. Madrid
Víctor Barberà,ST ,20,105,140,Spain,Barcelona,9,10,12,13,12,8,12,10,7,8,11,11,9,12,11,9,10,11,9,8,14,12,6,13,11,10,9,10,13,12,12,11,15,13,12,12,2000134239,LaLiga,Barcelona
Edan Diop,M/AM C,20,105,137,"France,Senegal,Morocco",AS Monaco,11,12,12,12,11,9,9,11,2,11,12,7,11,12,12,12,10,9,11,14,12,15,10,13,10,11,11,12,13,13,10,9,13,12,11,11,2000031554,Ligue 1,AS Monaco
Salim El Jebari,M/AM C,21,105,137,"Morocco,Spain",A. Madrid,8,8,10,14,14,8,1,14,1,9,13,10,10,14,8,9,6,12,9,14,17,13,12,12,10,9,13,13,14,14,6,10,12,14,9,7,2000049494,LaLiga,A. Madrid
Diego Méndez,DM/M C,21,105,135,Spain,Vallecano,10,9,9,10,11,9,10,12,11,12,13,10,11,12,15,13,15,12,11,10,16,5,14,12,10,14,10,13,12,11,14,11,10,11,14,13,2000209781,LaLiga,Rayo Vallecano
Lapo Nava,GK ,21,105,135,Italy,U.S. Cremonese,1,1,5,1,7,5,8,5,7,1,10,5,7,10,9,10,10,12,14,10,13,2,9,2,12,13,8,11,10,13,8,16,15,11,15,13,2000019726,Serie A,Cremonese
Pablo Rivera,DM/M C,21,105,135,Spain,Sevilla,10,9,7,8,11,9,9,11,7,8,11,3,11,10,11,12,10,12,12,12,12,6,9,7,11,11,11,12,11,13,12,9,7,12,13,10,2000214604,LaLiga,Sevilla
Ander Yoldi,M/AM RLC,24,105,132,"Spain,Pays Basque",Atlético Pamplona,6,11,12,11,12,6,11,12,6,4,12,12,8,13,7,8,11,12,11,13,13,13,7,13,9,13,13,12,13,9,11,12,13,13,12,13,2000033092,LaLiga,Osasuna
Daniel Gleiber,DM/M C,20,105,132,Germany,1. FSV Mainz 05,12,11,11,8,13,15,6,13,6,8,13,12,10,13,12,10,12,10,11,10,13,12,13,10,9,15,12,15,12,12,11,8,14,12,15,8,2000197269,Bundesliga,1. FSV Mainz 05
Jannik Robatsch,D LC,20,105,132,Austria,FC St. Pauli,3,8,10,6,8,3,12,7,12,12,10,6,12,9,13,12,14,9,11,9,14,7,8,8,13,12,9,14,12,11,14,15,13,13,12,14,2000199797,Bundesliga,FC St. Pauli
Joaquín Sosa,D C,23,105,132,"Uruguay,Italy",Bologna FC 1909,6,12,11,8,12,10,15,9,14,11,12,9,13,12,14,11,16,10,9,8,12,11,11,12,11,14,12,14,12,12,12,13,14,13,13,13,78099269,Serie A,Bologna FC 1909
Simon Simoni,GK ,21,105,132,Albania,Eintracht Frankfurt,1,3,3,2,8,2,7,2,1,3,10,3,2,9,11,10,13,11,12,10,13,5,10,2,12,11,9,12,8,14,12,17,12,8,9,12,2000172795,Bundesliga,Eintracht Frankfurt
Elysée Logbo,ST ,21,105,130,"France,Ivory Coast",Havre AC,6,7,10,12,10,6,13,8,5,6,10,12,6,11,8,11,13,13,10,10,12,9,8,12,11,9,10,12,13,14,13,15,12,12,12,14,2000108574,Ligue 1,Le Havre
Finley Burns,D/DM C,22,105,130,England,Manchester City,4,5,10,6,12,6,8,9,8,13,13,6,13,11,14,12,8,14,14,11,14,7,8,9,14,11,11,11,9,9,10,16,12,8,12,14,28126244,Premier League,Manchester City
Rayan Bamba,D/WB R,21,105,130,"France,Ivory Coast",Stade Rennais FC,9,11,11,10,14,8,8,8,7,9,12,7,15,11,6,12,10,11,13,11,12,12,7,10,11,13,9,13,13,11,10,12,14,13,12,12,2000208295,Ligue 1,Stade Rennais FC
Riccardo Turicchia,D/WB/M L,22,105,130,Italy,Juventus,5,12,12,6,12,5,9,10,5,11,13,4,11,11,11,11,12,10,10,11,9,9,10,12,13,11,11,12,13,12,11,10,12,11,12,11,43500853,Serie A,Juventus
Shio Fukuda,ST ,21,105,130,Japan,Borussia Mönchengladbach,7,8,11,12,11,8,12,9,6,6,11,12,7,12,8,12,12,11,9,9,13,12,3,12,6,12,10,13,14,14,11,11,14,14,12,9,2000142990,Bundesliga,Borussia Mönchengladbach
Unai Ropero,AM/ST RLC,23,105,130,"Spain,Pays Basque",Alavés,9,10,9,15,13,9,10,10,9,9,9,9,4,11,15,15,13,9,10,12,4,10,4,15,9,14,11,11,11,10,15,13,12,11,6,9,2000212047,LaLiga,Alavés
Rémy Riou,GK ,37,105,129,France,Paris FC,3,1,3,3,9,5,3,10,2,1,9,3,1,9,8,12,13,12,12,11,12,6,15,2,11,10,8,10,10,10,15,15,13,10,10,14,8435072,Ligue 1,Paris FC
Morgan Bokélé,M/AM RL,21,105,128,"France,Cameroon",FC Metz,9,10,12,12,12,8,9,10,7,7,11,9,8,12,10,10,12,13,11,10,13,13,8,12,9,12,11,12,13,13,12,8,12,12,11,10,2000024376,Ligue 1,FC Metz
Dani González,ST ,23,105,125,Spain,Atlético Pamplona,5,10,12,13,12,6,12,9,7,8,12,13,7,13,6,7,11,10,11,12,13,10,6,10,11,12,13,12,13,11,10,11,11,12,10,10,67295238,LaLiga,Osasuna
Florian Bähr,D/WB/M LC,22,105,125,Germany,TSG 1899 Hoffenheim,12,13,12,7,11,13,11,7,14,11,11,13,11,11,14,9,12,9,9,9,12,11,7,11,11,13,12,12,12,11,12,12,15,13,14,13,2000069205,Bundesliga,TSG 1899 Hoffenheim
Joe Whitworth,GK ,21,105,125,England,Crystal Palace,1,3,8,1,11,2,7,3,2,2,14,2,3,12,10,11,12,12,11,11,17,12,10,14,12,11,9,10,12,13,11,9,13,11,8,7,2000048058,Premier League,Crystal Palace
"Marcos Fernández(Espanyol,Spain,D/WB L)",D/WB L,22,105,125,Spain,Espanyol,6,11,10,7,11,6,8,7,9,11,12,7,13,11,13,11,12,11,10,11,12,10,9,13,12,14,10,13,13,12,12,8,14,13,14,10,2000200860,LaLiga,Espanyol
Pape Moussa Fall,ST ,21,105,125,Senegal,FC Metz,8,5,11,15,12,9,14,6,2,8,10,11,2,11,15,11,13,15,5,15,11,13,9,15,8,14,9,13,10,10,15,19,8,8,13,12,2000221473,Ligue 1,FC Metz
Daniel Luna,AM LC,22,105,124,Colombia,Mallorca,10,11,13,10,12,10,7,11,10,3,12,11,6,13,10,10,12,10,11,12,10,12,7,12,7,11,12,11,13,12,9,8,12,12,12,10,2000027383,LaLiga,Mallorca
Juan Manuel Cruz,ST ,26,105,124,"Argentina,Italy",Hellas Verona FC,6,6,12,11,13,8,13,12,8,5,9,12,6,13,9,13,12,11,10,12,12,12,8,13,8,13,11,12,12,12,13,10,13,12,13,12,14244914,Serie A,Hellas Verona FC
Darling Bladi,D/WB L,21,105,120,"France,Ivory Coast",Real Hispalis,8,12,11,9,11,4,8,5,4,8,11,6,13,11,10,10,10,10,10,11,10,8,7,4,9,10,9,13,15,14,11,9,14,15,13,9,2000025589,LaLiga,Real Betis
Efe Korkut,DM/M/AM RLC,19,105,120,"Türkiye,Germany,Pays Basque",VfB Stuttgart,8,10,8,13,13,8,5,10,4,9,14,7,11,13,10,9,9,9,8,10,14,12,3,12,10,10,11,7,14,14,10,6,13,14,12,7,2000311617,Bundesliga,VfB Stuttgart
Nico Ochojski,D/WB R,26,105,118,"Germany,Poland",Eintracht Frankfurt,12,12,12,7,12,12,8,11,13,9,11,11,10,12,16,12,11,10,9,9,13,12,12,12,9,12,11,13,13,13,11,10,12,14,13,10,91199076,Bundesliga,Eintracht Frankfurt
Arian Llugiqi,ST C,22,105,115,"Germany,Kosovo",TSG 1899 Hoffenheim,8,10,12,11,15,9,14,10,4,9,11,7,5,14,5,15,6,9,9,15,11,12,9,12,10,8,7,5,14,15,10,12,13,15,10,8,91206768,Bundesliga,TSG 1899 Hoffenheim
Raffaele Di Gennaro,GK ,31,105,115,Italy,Blu-neri Milano,3,2,3,3,7,1,6,1,1,2,7,4,3,2,10,13,12,11,10,11,15,5,10,7,12,7,6,12,8,13,13,14,16,7,11,14,43055083,Serie A,Inter
Simone Guerra,ST RL,35,105,115,Italy,Juventus,8,10,11,15,12,10,12,10,3,4,11,12,4,13,11,14,10,14,11,14,12,12,12,14,10,12,10,13,11,11,10,10,12,12,10,11,43006969,Serie A,Juventus
Jonathan Italeng,ST ,23,105,113,Cameroon,Bergamo,4,9,12,14,11,9,13,11,5,6,10,10,8,10,13,10,11,10,8,10,8,9,9,12,11,11,9,11,13,13,15,13,13,12,13,13,43500548,Serie A,Atalanta
Fabian Rüdlin,DM/M C,28,105,107,Germany,Sport-Club Freiburg,10,9,12,6,12,9,6,9,5,7,14,11,9,12,14,15,8,10,9,13,11,8,11,10,14,13,13,11,11,13,12,8,12,10,12,11,91190219,Bundesliga,Sport-Club Freiburg
Dominic Vavassori,AM/ST LC,19,104,-8,"Italy,Brazil,Poland",Bergamo,9,10,13,13,13,9,8,10,6,6,11,10,6,12,11,12,11,12,11,12,10,7,9,13,10,12,10,12,12,13,12,8,13,13,12,12,2000145303,Serie A,Atalanta
İsak Vural,M/AM C,19,104,-8,"Türkiye,Sweden",Pisa Sporting Club,11,11,12,10,15,9,8,10,5,6,14,10,7,14,13,10,12,11,11,11,13,14,6,10,8,12,12,12,11,11,10,14,12,12,14,13,2000169769,Serie A,Pisa Sporting Club
Naoufel El Hannach,D R,18,104,-8,"Morocco,France",Paris Saint-Germain,6,10,10,6,12,4,8,8,10,12,12,6,14,12,12,14,12,12,12,10,14,5,11,10,12,13,10,13,13,12,11,9,13,13,11,11,2000287938,Ligue 1,Paris Saint-Germain
Daren Mosengo,DM/M C,18,104,-75,"France,Democratic Republic of Congo",Havre AC,9,7,10,8,13,9,9,10,9,9,8,5,15,15,5,12,10,11,11,15,16,5,7,10,15,14,15,14,6,9,9,15,12,11,9,6,2000275537,Ligue 1,Le Havre
Donnell McNeilly,AM/ST RLC,19,104,-75,England,Nottingham Forest,7,7,9,13,10,4,9,8,10,6,7,10,6,9,13,12,14,12,10,10,12,7,8,10,8,14,8,16,14,7,13,11,10,14,11,14,2000184624,Premier League,Nottingham Forest
Rayan Fofana,AM/ST L,19,104,-75,France,RC Lens,5,8,11,11,11,6,10,9,4,5,11,10,7,13,12,12,11,11,9,11,12,10,10,12,8,12,10,12,13,13,12,12,12,14,12,14,2000205299,Ligue 1,RC Lens
Tomy Carbonell,DM/M C,20,104,-75,"Spain,Pays Basque",Real San Sebastián,7,4,7,9,14,8,8,14,7,14,14,6,14,14,8,12,9,10,6,14,16,5,7,9,14,9,14,13,13,12,5,9,11,11,9,8,2000411829,LaLiga,Real Sociedad
Alpha Touré,D/DM LC,19,104,-7,Senegal,FC Metz,6,9,9,6,12,5,10,9,8,14,12,7,12,10,11,11,13,11,11,10,14,8,7,10,12,13,11,13,12,13,13,11,12,12,13,10,2000271075,Ligue 1,FC Metz
Asier Osambela,M/AM C,21,104,-7,Spain,Atlético Pamplona,8,10,10,8,13,7,11,10,6,5,13,10,10,13,8,9,12,11,12,13,4,12,11,9,12,14,14,12,11,12,9,10,11,11,12,8,2000194136,LaLiga,Osasuna
Ismael Barea,DM ,20,104,-7,Spain,Real Hispalis,7,6,10,8,12,6,10,7,7,10,12,7,12,13,10,12,10,12,12,12,12,10,8,7,13,14,8,12,10,16,12,12,14,13,13,11,2000335220,LaLiga,Real Betis
Mateusz Kowalski,ST C,20,104,-7,Poland,Parma Calcio 1913,5,8,11,12,10,8,12,10,5,3,11,11,9,9,11,11,11,12,11,10,12,12,7,15,10,12,11,11,11,13,11,13,11,12,11,13,2000212891,Serie A,Parma Calcio 1913
Stefan Bajić,GK ,23,104,140,"France,Serbia",RC Strasbourg Alsace,2,1,1,2,10,7,2,2,3,3,9,1,3,10,11,11,14,12,13,10,11,3,10,3,10,11,10,12,12,14,14,12,14,12,10,12,49048342,Ligue 1,RC Strasbourg Alsace
Tommaso Del Lungo,D/WB RC,21,104,140,Italy,Bergamo,9,10,8,7,10,8,10,7,10,13,12,8,11,10,11,11,11,10,11,12,10,5,9,11,12,13,9,12,12,12,11,12,12,12,13,12,2000049889,Serie A,Atalanta
Tony Reitz,DM/M C,21,104,-7,Germany,Borussia Dortmund,13,7,11,10,13,13,11,14,4,12,13,10,14,12,13,11,12,10,10,9,16,11,12,10,13,13,12,15,10,10,12,12,13,11,12,11,2000173054,Bundesliga,Borussia Dortmund
Yakiv Kinareikin,GK ,21,104,140,Ukraine,Villarreal,3,2,3,1,2,7,1,3,2,2,12,2,2,7,6,12,15,9,10,14,17,2,9,3,11,9,9,8,9,12,9,15,9,9,6,6,2000052594,LaLiga,Villarreal
"Hugo González(Vigo,Spain)",M/AM RL,22,104,138,Spain,Vigo,11,11,12,11,11,13,8,10,5,3,11,11,3,13,8,11,11,10,12,10,12,15,8,13,3,9,12,12,13,13,8,9,11,13,10,6,67295025,LaLiga,Celta
"Diego González(Capitolini Celesti,Paraguay)",AM/ST R,22,104,133,Paraguay,Capitolini Celesti,8,12,13,11,13,7,9,11,5,6,10,13,10,13,9,12,11,12,12,8,14,12,9,11,7,12,11,12,13,12,10,12,10,13,12,9,2000106740,Serie A,Lazio
Fèlix Garreta,D C,21,104,133,Spain,Real Hispalis,5,8,10,6,12,5,11,6,10,13,11,7,13,12,8,14,8,8,12,11,12,5,12,7,14,12,8,12,12,12,10,11,15,12,13,9,2000161665,LaLiga,Real Betis
Beñat Gerenabarrena,DM/M C,22,104,132,"Spain,Pays Basque",A. Bilbao,7,8,7,7,13,8,8,10,3,8,14,8,14,13,6,7,9,10,7,13,11,5,11,10,11,9,12,13,11,14,9,5,10,13,8,7,2000125164,LaLiga,A. Bilbao
Brando Moruzzi,D/WB L,21,104,130,Italy,Juventus,9,9,9,8,10,7,11,8,13,12,11,8,14,10,8,13,11,9,11,12,8,6,7,11,13,12,8,10,13,13,12,12,13,14,12,12,2000052631,Serie A,Juventus
Matthew Craig,DM/M C,22,104,130,"Scotland,England",Tottenham Hotspur,7,9,10,8,12,7,11,7,2,11,13,6,13,12,14,14,12,12,10,12,12,6,9,11,11,11,12,13,11,10,10,11,15,10,15,9,28127311,Premier League,Tottenham Hotspur
Rhys Williams,D C,24,104,130,England,Liverpool,3,5,7,7,11,6,13,4,14,12,11,5,13,11,12,10,12,12,11,10,12,4,10,6,13,14,7,12,12,11,11,15,11,13,12,13,28115793,Premier League,Liverpool
Alessio Besio,ST ,21,104,129,"Switzerland,Spain",Sport-Club Freiburg,5,8,12,13,12,6,11,8,5,6,10,10,6,11,14,12,12,12,10,11,15,9,7,12,6,12,8,13,12,10,12,12,14,13,13,14,2000044875,Bundesliga,Sport-Club Freiburg
Antonio Foti,M/AM RLC,21,104,129,"Cyprus,Bulgaria",Borussia Dortmund,11,10,14,11,12,11,8,12,6,7,12,13,8,13,12,9,9,10,9,8,12,14,10,10,7,10,12,9,14,13,9,10,13,15,11,8,2000057844,Bundesliga,Borussia Dortmund
Diren Dağdeviren,DM/M RC,20,104,129,"Türkiye,Germany",TSG 1899 Hoffenheim,8,9,11,10,14,9,9,9,7,7,15,3,13,13,5,12,10,5,11,14,10,5,6,10,15,10,12,10,15,13,10,6,13,13,7,8,2000197374,Bundesliga,TSG 1899 Hoffenheim
Gennaro Iaccarino,DM/M C,22,104,129,Italy,Parthenope,12,8,10,6,15,11,6,8,4,10,14,9,11,13,11,14,11,12,13,12,11,8,8,12,13,13,12,13,12,11,12,4,12,12,13,10,43500376,Serie A,Napoli
Paolo Vismara,GK ,22,104,129,Italy,Bergamo,3,2,3,2,7,6,5,3,2,3,7,1,2,5,5,11,12,11,12,11,10,1,8,1,12,9,6,10,12,13,13,13,14,12,11,13,43609947,Serie A,Atalanta
Teddy Sharman-Lowe,GK ,22,104,129,England,Chelsea,2,2,1,3,1,6,1,2,1,3,9,3,2,6,8,10,10,10,9,11,13,1,7,3,12,11,11,11,9,10,9,15,12,6,12,9,29235575,Premier League,Chelsea
Lautaro Spatz,D C,23,104,125,"Argentina,Italy",Villarreal,5,8,8,7,11,5,14,7,9,12,11,7,12,11,14,12,15,10,11,11,7,10,12,9,12,12,12,14,11,10,13,13,11,11,13,12,67293829,LaLiga,Villarreal
Emmanuel Gyabuaa,M C,23,104,124,"Italy,Ghana",Bergamo,6,10,11,9,12,6,8,9,6,11,12,8,11,13,12,11,11,12,13,11,14,9,13,12,12,13,11,13,12,12,13,10,15,13,13,13,43372274,Serie A,Atalanta
Franci Bouebari,D/WB LC,21,104,122,"France,Democratic Republic of Congo",Sport-Club Freiburg,7,8,10,7,10,9,15,8,9,13,9,3,15,11,15,8,16,7,10,15,6,7,13,9,8,10,8,11,11,10,10,17,8,13,6,8,2000026079,Bundesliga,Sport-Club Freiburg
"Sergio Arribas(Real Hispalis,Spain)",D LC,22,104,122,Spain,Real Hispalis,7,11,8,7,11,6,10,6,10,11,9,8,12,10,16,12,14,12,12,11,12,8,10,8,11,12,6,12,13,12,11,12,12,14,13,13,2000324205,LaLiga,Real Betis
Mauro Vigorito,GK ,35,104,120,Italy,Como 1907,10,10,10,5,10,8,10,9,8,7,14,10,12,12,10,14,13,12,12,12,12,12,5,11,14,12,11,12,9,12,11,14,15,9,13,12,43018087,Serie A,Como 1907
Simone Panada,DM C,23,104,118,Italy,Bergamo,8,13,11,8,13,8,8,9,6,9,12,7,11,12,11,12,10,11,12,12,14,12,9,9,11,13,13,11,12,12,13,9,14,12,12,11,43425634,Serie A,Atalanta
Francesco Coppola,D C,20,104,117,Italy,Pisa Sporting Club,4,5,7,8,8,5,12,5,12,13,9,5,13,9,11,13,13,13,11,12,11,7,9,10,12,8,8,11,12,12,12,14,11,12,11,13,2000104657,Serie A,Pisa Sporting Club
Elia Giani,AM/ST RL,24,104,115,Italy,Pisa Sporting Club,8,10,13,11,12,9,13,8,7,5,12,12,6,12,9,9,10,10,10,11,10,12,8,13,7,12,10,11,13,11,12,12,10,13,11,11,43375326,Serie A,Pisa Sporting Club
Federico Bergonzi,D/WB RC,24,104,111,Italy,Bergamo,6,11,11,9,11,7,10,7,10,11,11,6,12,10,10,12,11,11,12,11,10,8,9,10,12,12,10,11,13,13,10,10,10,12,13,11,43372283,Serie A,Atalanta
Alessandro Nunziante,GK ,18,103,-85,Italy,Udinese Calcio,3,1,2,3,10,7,8,1,3,3,9,2,1,10,12,14,13,12,13,13,6,13,4,1,14,11,9,10,10,12,10,12,12,11,10,7,2000264015,Serie A,Udinese Calcio
Romelle Donovan,M/AM RC,18,103,-8,"England,Saint Kitts and Nevis",Brentford,8,11,12,12,10,8,9,11,8,7,11,6,8,12,8,10,12,12,10,9,13,13,5,10,6,12,9,13,13,12,13,10,14,13,14,11,2000300033,Premier League,Brentford
Tyrese Hall,M/AM RLC,19,103,-8,"England,Jamaica",Tottenham Hotspur,9,11,13,7,15,9,6,10,5,9,12,9,8,11,12,11,6,10,11,12,9,14,5,11,9,8,11,8,13,11,10,11,15,13,15,10,2000222071,Premier League,Tottenham Hotspur
Aitor Gismera,M C,21,103,-75,Spain,Real Hispalis,5,8,9,10,11,2,8,10,6,12,14,3,11,14,13,12,4,10,10,14,14,5,13,14,14,13,11,13,8,11,11,13,15,13,10,4,2000125964,LaLiga,Real Betis
Lanroy Machine,AM/ST RC,19,103,-75,"France,Democratic Republic of Congo",Angers SCO,7,9,10,13,10,7,13,12,4,7,8,7,7,12,12,11,6,11,11,11,16,12,3,13,6,11,8,11,12,13,13,13,15,13,12,13,2000191409,Ligue 1,Angers SCO
Maeson King,D L,19,103,-75,England,Tottenham Hotspur,9,16,9,9,8,4,11,10,10,11,9,3,10,11,6,12,11,9,7,9,2,5,2,10,11,11,8,11,12,11,19,13,15,12,14,12,2000222075,Premier League,Tottenham Hotspur
Alexis Mirbach,GK ,20,103,-7,France,FC Nantes,4,3,2,2,8,8,2,1,2,2,10,3,1,10,14,11,10,11,11,11,13,2,9,1,13,11,10,10,11,13,11,16,8,8,10,11,2000111261,Ligue 1,FC Nantes
Chilohem Onuoha,AM RLC,20,103,-7,"Germany,Nigeria",1. FC Köln,11,11,13,8,11,12,8,11,16,7,11,12,7,12,11,9,10,8,8,8,12,13,4,10,7,10,10,9,13,12,10,12,10,15,12,8,2000193534,Bundesliga,1. FC Köln
Florian Hellstern,GK ,17,103,-7,Germany,VfB Stuttgart,3,2,2,3,5,8,1,3,2,1,8,3,1,6,12,7,13,9,10,14,10,2,7,3,12,9,8,8,11,13,9,11,5,8,7,7,2000332522,Bundesliga,VfB Stuttgart
Giovanni Daffara,GK ,20,103,-7,Italy,Juventus,9,8,11,11,9,8,11,12,8,7,10,12,13,8,11,10,11,11,10,11,8,9,11,9,12,11,9,7,10,12,11,10,9,10,12,11,2000021277,Serie A,Juventus
Gorka Gorosabel,M C,19,103,-7,"Spain,Pays Basque",Real San Sebastián,6,10,13,14,14,8,8,11,7,9,12,9,6,14,9,10,9,8,9,14,16,13,8,12,10,9,14,10,11,9,7,7,12,10,9,9,2000411704,LaLiga,Real Sociedad
Kaden Amaniampong,D RC,21,103,-7,"Germany,Ghana",VfB Stuttgart,5,12,9,7,11,3,15,4,9,12,11,3,12,9,14,8,10,10,11,14,5,9,12,9,14,9,8,11,14,12,10,13,10,11,8,12,2000188077,Bundesliga,VfB Stuttgart
Kaïl Boudache,AM R,19,103,-7,"France,Algeria",OGC Nice,9,12,14,10,14,8,3,14,8,7,14,6,8,14,10,13,9,10,9,8,12,15,8,11,8,13,6,13,14,14,7,10,17,14,10,5,2000290560,Ligue 1,OGC Nice
Tarek Buchmann,D C,20,103,-7,"Germany,Togo",FC Bayern München,3,6,8,6,11,3,13,6,8,12,12,6,12,12,12,10,13,11,11,10,13,8,12,8,12,12,11,12,12,11,13,14,2,13,10,13,2000171001,Bundesliga,FC Bayern München
Owen Goodman,GK ,21,103,139,"England,Canada,Nigeria",Crystal Palace,1,3,1,1,12,4,7,1,1,2,13,3,1,12,14,11,12,12,12,11,13,14,7,3,12,11,12,12,8,13,9,16,13,8,9,11,2000048047,Premier League,Crystal Palace
Ellery Balcombe,GK ,25,103,135,"England,Saint Vincent and the Grenadines",Brentford,5,2,3,1,11,8,6,1,1,3,11,3,2,9,10,13,14,13,12,10,12,4,7,3,14,12,8,13,11,10,12,16,12,9,12,12,29174476,Premier League,Brentford
Dexter Lembikisa,D/WB RL,21,103,130,"Jamaica,England",Wolverhampton Wanderers,6,10,12,8,9,1,8,11,10,8,10,6,10,11,7,8,11,10,9,8,19,10,8,11,8,12,7,13,15,14,11,9,15,14,12,10,2000025509,Premier League,Wolverhampton Wanderers
Ismael Santana,D/WB/M/AM RLC,21,103,130,Spain,Valencia,8,10,12,9,11,7,3,6,11,10,12,6,9,13,8,8,7,9,8,12,12,13,8,11,9,11,12,13,11,12,8,7,12,12,12,8,2000131788,LaLiga,Valencia
Alessandro Debenedetti,ST ,21,103,128,Italy,Genoa Cricket and Football Club,8,9,11,12,11,6,13,8,10,5,10,11,5,10,9,10,11,10,12,11,13,8,8,14,10,11,9,12,13,12,13,13,11,11,12,11,2000199930,Serie A,Genoa Cricket and Football Club
Alessandro Pietrelli,M/AM RC,22,103,126,Italy,Juventus,7,10,11,11,12,6,13,10,10,6,12,7,10,12,10,10,12,9,11,11,9,8,7,11,9,13,11,11,13,12,12,14,12,13,12,11,43609818,Serie A,Juventus
Facundo Viveros,M/AM C,21,103,126,Argentina,Villarreal,8,11,14,10,14,8,5,8,3,7,12,4,5,13,5,13,9,10,9,14,12,10,1,10,9,13,14,10,14,13,5,6,10,11,9,4,2000185815,LaLiga,Villarreal
Eddy Cabianca,D RC,22,103,125,Italy,U.S. Cremonese,5,7,8,9,9,5,13,5,9,12,10,6,12,9,11,11,11,12,12,11,10,5,9,10,13,11,8,10,13,11,12,13,11,12,13,12,43619116,Serie A,Cremonese
Marcos Navarro,D L,21,103,125,Spain,Valencia,7,11,11,8,12,7,9,8,9,12,12,8,11,12,11,13,13,11,13,13,10,10,8,11,12,13,9,13,13,12,11,7,13,12,12,8,2000301561,LaLiga,Valencia
Felix Afena-Gyan,AM/ST RL,22,103,124,Ghana,U.S. Cremonese,4,10,10,10,9,5,8,10,5,4,8,10,6,9,12,11,11,10,9,8,11,10,4,10,4,10,7,9,15,15,14,8,14,15,12,11,2000096580,Serie A,Cremonese
Filippo Scaglia,D C,33,103,119,Italy,Juventus,7,7,6,6,9,9,13,11,8,13,9,10,12,8,12,12,11,12,12,11,15,10,12,6,12,12,8,12,11,11,13,13,12,12,12,13,43043964,Serie A,Juventus
Job Ochieng,M/AM RL,22,103,118,Kenya,Real San Sebastián,7,12,11,13,13,7,8,7,4,7,9,9,6,11,5,12,5,11,8,10,7,11,12,6,7,8,8,9,15,13,13,10,13,14,6,5,2000258074,LaLiga,Real Sociedad
Nader Jindaoui,AM RL,28,103,105,"Germany,Palestine",TSG 1899 Hoffenheim,12,11,14,10,13,12,6,10,6,4,11,12,5,13,11,9,8,10,9,9,16,16,10,11,4,8,11,11,14,14,9,6,8,14,11,8,91175638,Bundesliga,TSG 1899 Hoffenheim
Chido Obi,ST ,17,102,-85,"Denmark,England,Nigeria",Manchester United,4,7,11,13,14,5,11,9,4,5,9,11,5,12,12,13,10,13,10,8,8,10,5,13,4,10,8,12,12,12,12,14,12,14,11,11,2000382120,Premier League,Manchester United
Giacomo De Pieri,AM RC,18,102,-85,Italy,Blu-neri Milano,13,12,14,13,14,12,6,12,3,3,13,12,4,14,4,11,7,10,8,10,15,15,6,12,5,12,13,9,13,13,8,7,14,14,9,7,2000269262,Serie A,Inter
Kyllian Antonio,D RC,17,102,-85,France,RC Lens,5,8,11,7,11,6,10,8,6,11,12,8,11,12,14,11,12,12,11,11,13,11,13,10,12,12,11,12,12,11,12,11,13,13,12,12,2000388083,Ligue 1,RC Lens
Shumaira Mheuka,ST ,17,102,-85,"England,Zimbabwe",Chelsea,10,5,10,15,10,10,8,7,5,6,6,13,3,10,7,9,8,9,13,10,17,8,12,9,12,8,10,12,15,6,14,12,15,14,7,13,2000379552,Premier League,Chelsea
Albert Navarro,D/WB LC,18,102,-8,Spain,Bergamo,7,11,10,9,11,11,12,8,11,12,11,7,11,12,13,11,11,11,11,11,14,12,7,10,12,11,9,11,12,13,11,13,13,13,12,11,2000297302,Serie A,Atalanta
Artem Stepanov,ST ,17,102,-8,Ukraine,Bayer 04 Leverkusen,4,7,11,12,12,8,12,11,8,5,10,14,6,12,13,11,13,8,8,8,11,12,7,12,5,10,8,12,12,11,14,16,13,14,13,15,2000290285,Bundesliga,Bayer 04 Leverkusen
Bradel Kiwa,D C,19,102,-8,"France,Democratic Republic of Congo",AS Monaco,3,6,10,7,12,1,12,10,10,12,12,4,11,12,15,11,15,12,12,11,13,5,2,10,16,10,13,11,11,9,11,14,17,10,9,10,2000289863,Ligue 1,AS Monaco
Guy Noël Zohouri,DM/M C,18,102,-8,"France,Ivory Coast",Havre AC,7,5,12,14,14,5,8,7,8,10,14,9,14,14,15,13,9,10,10,14,6,5,10,12,13,7,9,8,12,11,14,14,12,13,8,7,2000297058,Ligue 1,Le Havre
Jan Salas,M/AM C,19,102,-8,Spain,Mallorca,11,11,12,8,13,10,9,7,8,7,13,9,7,12,12,11,10,13,10,12,11,11,9,11,9,13,13,12,12,12,11,10,14,13,13,12,2000266196,LaLiga,Mallorca
Jonah Kusi-Asare,ST ,18,102,-8,"Sweden,Ghana,Finland",FC Bayern München,6,8,12,11,13,8,12,10,6,3,10,13,5,13,10,10,12,10,9,9,13,13,4,11,5,8,9,10,12,11,13,16,10,13,11,13,2000251820,Bundesliga,FC Bayern München
Benjamin Fredrick,D C,20,102,-75,Nigeria,Brentford,5,6,8,7,10,7,13,5,6,12,9,7,12,11,13,11,13,11,11,12,14,7,10,8,12,12,11,13,11,8,12,15,12,11,12,13,2000231612,Premier League,Brentford
Farid Alfa-Ruprecht,M/AM RL,19,102,-75,"Germany,Ghana",Bayer 04 Leverkusen,10,10,13,8,10,8,6,10,6,6,10,11,6,12,8,8,8,8,7,7,10,14,8,8,6,8,8,9,16,13,11,10,7,17,11,8,2000240974,Bundesliga,Bayer 04 Leverkusen
"Fran González(R. Madrid,Spain)",GK ,20,102,-75,Spain,R. Madrid,2,3,1,2,12,7,8,2,1,2,11,3,2,8,5,10,13,9,10,10,14,2,7,2,11,9,8,10,9,11,8,19,8,7,11,15,2000218419,LaLiga,R. Madrid
Gabriel Słonina,GK ,21,102,-75,"United States,Poland",Chelsea,5,2,2,3,8,8,1,1,2,1,8,2,3,8,10,15,10,9,11,9,13,2,8,2,12,14,10,10,12,12,12,16,14,11,13,11,72053584,Premier League,Chelsea
Hindolo Mustapha,M/AM C,19,102,-75,"Sierra Leone,England",Crystal Palace,11,9,14,8,13,11,6,13,6,7,12,12,8,13,13,8,10,9,8,9,10,14,8,10,7,8,11,10,13,12,15,12,10,13,12,12,2000216083,Premier League,Crystal Palace
Iwan Morgan,ST ,19,102,-75,Wales,Brentford,6,9,12,13,12,8,11,11,5,5,11,11,7,12,13,11,12,12,11,12,14,11,6,13,6,12,11,12,12,11,12,11,13,12,10,11,2000105710,Premier League,Brentford
Jean Ives Valou,D LC,19,102,-75,"Ivory Coast,Benin,Mali",Villarreal,4,9,8,5,10,6,14,7,3,13,7,5,14,8,15,10,15,7,13,14,8,5,1,8,14,7,7,9,10,10,9,11,15,7,7,10,2000395136,LaLiga,Villarreal
Justin Bengui Joao,GK ,20,102,-75,"France,Angola",Olympique Lyonnais,3,3,2,2,10,7,2,1,3,2,11,2,1,10,12,13,13,10,8,9,13,13,9,1,11,10,10,10,11,12,13,15,14,11,12,13,2000104852,Ligue 1,Olympique Lyonnais
Nidal Čelik,D C,19,102,-75,Bosnia and Herzegovina,RC Lens,5,6,5,7,9,5,12,6,4,11,9,9,12,8,12,13,12,13,9,11,14,7,11,9,12,11,6,10,11,12,12,13,13,13,11,13,2000433421,Ligue 1,RC Lens
Pol Fortuny,AM RLC,20,102,-75,Spain,R. Madrid,8,12,10,11,14,8,9,10,8,8,14,4,9,14,7,14,9,13,9,14,12,15,10,13,9,4,15,9,12,12,9,7,13,11,11,6,2000214902,LaLiga,R. Madrid
Siren Diao,ST ,20,102,-75,"Spain,Senegal",Bergamo,5,8,13,14,11,7,12,7,7,5,10,9,5,13,6,9,10,9,9,10,7,7,7,13,7,8,9,11,15,13,12,12,10,14,10,8,2000205596,Serie A,Atalanta
Ben Winterburn,DM/M C,20,102,-7,England,AFC Bournemouth,7,8,12,8,11,6,9,10,4,9,11,9,8,10,12,12,11,12,10,12,20,5,8,11,10,13,10,15,13,11,12,10,14,12,14,9,2000138756,Premier League,AFC Bournemouth
Jordan Majchrzak,ST RC,20,102,-7,Poland,VfB Stuttgart,6,8,10,10,13,8,12,7,6,5,9,11,3,12,13,11,11,9,12,9,12,12,5,12,8,9,11,13,12,13,11,14,13,13,12,13,2000114339,Bundesliga,VfB Stuttgart
Kelven Frees,D C,20,102,-7,"Germany,Nigeria",TSG 1899 Hoffenheim,2,6,7,5,9,3,13,6,8,12,11,6,11,9,16,10,14,9,11,9,13,7,13,7,12,11,9,13,12,8,13,18,8,13,11,14,2000196886,Bundesliga,TSG 1899 Hoffenheim
Konstantin Schopp,D C,19,102,-7,Austria,1. FSV Mainz 05,3,6,10,6,10,8,13,7,8,12,11,10,14,10,16,13,15,8,9,9,13,7,8,7,12,12,9,13,11,9,14,16,12,12,11,14,2000104988,Bundesliga,1. FSV Mainz 05
Luca Di Maggio,DM/M/AM C,20,102,-7,"Italy,Argentina",Blu-neri Milano,8,11,11,9,12,8,6,13,6,9,12,12,10,12,12,12,11,13,11,12,11,11,9,13,12,13,12,12,12,12,11,6,10,12,10,10,2000097989,Serie A,Inter
Luca Marino,DM/M C,20,102,-7,"Germany,Italy",Sport-Club Freiburg,12,10,11,7,13,13,8,10,6,9,13,12,10,13,11,11,11,12,11,11,12,12,11,8,9,12,13,12,12,13,12,8,13,12,13,9,2000197337,Bundesliga,Sport-Club Freiburg
Mansour Ouro-Tagba,AM/ST RL,20,102,-7,"Togo,United States",1. FC Köln,6,8,12,9,10,7,12,9,7,7,8,12,8,11,16,8,12,8,8,8,12,13,7,10,7,8,8,12,14,12,12,15,14,15,11,13,2000100677,Bundesliga,1. FC Köln
Sam Chambers,M/AM RC,18,102,-7,Scotland,Leeds United,11,15,11,15,12,10,10,11,9,10,13,6,12,12,9,12,9,9,9,9,7,12,10,10,11,11,10,12,13,12,14,8,6,12,7,7,2000299859,Premier League,Leeds United
Tim Köhler,D RC,20,102,-7,Germany,VfB Stuttgart,2,8,8,5,11,2,13,6,8,12,11,6,12,11,14,11,13,10,11,10,13,7,11,8,12,13,10,12,11,10,13,15,10,12,12,13,2000193521,Bundesliga,VfB Stuttgart
Tyler Fredricson,D C,20,102,-7,England,Manchester United,2,5,7,5,13,4,11,2,5,12,12,6,12,12,10,14,11,13,11,11,3,3,7,4,12,13,7,12,12,12,10,13,13,13,12,10,2000123107,Premier League,Manchester United
Yoni Gomis,D C,19,102,-7,"France,Senegal",RC Strasbourg Alsace,4,8,9,8,11,4,14,6,5,11,13,5,10,10,11,10,13,11,9,10,14,8,9,10,11,14,7,9,13,13,10,15,15,13,11,14,2000193190,Ligue 1,RC Strasbourg Alsace
Edoardo Piana,GK ,21,102,138,Italy,Udinese Calcio,8,7,6,5,8,7,8,11,10,5,12,10,8,12,12,9,11,11,10,13,8,10,9,11,9,11,8,10,11,13,13,11,10,11,11,12,2000023993,Serie A,Udinese Calcio
Silas Ostrzinski,GK ,21,102,135,"Germany,Poland",Borussia Dortmund,1,2,1,2,8,4,6,1,1,2,8,3,1,8,12,10,13,9,10,9,12,5,8,3,12,12,8,13,8,13,12,18,10,9,9,12,2000069555,Bundesliga,Borussia Dortmund
"David Jiménez(R. Madrid,Spain)",D/WB R,21,102,134,Spain,R. Madrid,8,14,12,12,12,4,5,12,11,10,13,4,11,14,15,10,10,9,8,9,14,12,16,9,11,12,11,12,15,12,13,7,8,13,11,9,2000211948,LaLiga,R. Madrid
Loren Zúñiga,AM/ST RL,22,102,132,"Equatorial Guinea,Spain",R. Madrid,8,11,12,11,12,5,12,10,9,3,9,10,3,11,12,10,10,10,10,15,12,12,11,12,2,11,10,12,14,12,10,11,13,13,10,10,2000055376,LaLiga,R. Madrid
Rareş Burnete,ST ,21,102,132,Romania,Unione Sportiva Lecce,6,10,12,12,12,10,14,12,7,8,10,12,7,11,10,11,11,10,10,12,13,7,7,13,12,12,10,11,12,13,14,12,13,13,12,12,57196654,Serie A,Unione Sportiva Lecce
David Amegnaglo,M/AM RL,20,102,130,"France,Germany",Sport-Club Freiburg,8,10,12,10,11,6,10,12,6,7,10,12,8,12,11,10,11,9,8,8,12,13,3,11,7,11,9,12,14,13,12,12,12,15,12,12,2000197345,Bundesliga,Sport-Club Freiburg
Jan Urbich,ST ,21,102,130,Germany,Borussia Mönchengladbach,6,7,11,13,11,10,12,12,6,6,9,13,7,11,12,13,13,12,9,9,13,11,5,12,6,12,9,15,13,11,12,13,10,13,12,13,2000308734,Bundesliga,Borussia Mönchengladbach
Téo Barišić,D/WB RC,20,102,130,"Croatia,France",Olympique Lyonnais,6,9,9,6,11,6,12,6,11,12,11,7,13,10,14,13,15,11,11,10,13,10,12,9,12,12,9,13,11,10,12,12,14,11,12,13,2000107108,Ligue 1,Olympique Lyonnais
Álex Primo,GK ,21,102,128,Spain,Levante,2,3,1,2,11,6,4,3,2,3,10,2,3,9,10,13,11,10,11,11,18,7,7,7,12,11,8,11,10,13,10,13,12,11,11,10,2000147031,LaLiga,Levante
Dario Šits,AM/ST RL,21,102,127,Latvia,Parma Calcio 1913,5,7,11,12,10,8,12,9,6,4,10,11,7,10,8,12,11,12,13,12,13,8,8,14,7,8,9,15,12,11,13,14,11,12,11,10,2000047973,Serie A,Parma Calcio 1913
Harry Tyrer,GK ,23,102,125,England,Everton,3,1,3,2,5,5,2,3,2,1,10,1,1,5,10,11,13,8,9,9,13,2,11,3,10,11,10,10,11,13,11,13,10,11,6,11,28122172,Premier League,Everton
Jeremy de León,AM RL,21,102,125,Puerto Rico,R. Madrid,9,14,13,12,12,8,8,9,5,8,13,8,6,14,6,8,4,9,8,9,11,14,7,13,7,8,9,13,15,10,13,9,10,14,8,5,2000211679,LaLiga,R. Madrid
Nicolò Cavuoti,M/AM C,22,102,125,Italy,Cagliari Calcio,9,10,12,8,13,10,8,10,4,7,13,10,7,12,11,12,11,10,12,12,12,9,10,12,10,12,12,12,12,12,12,8,12,12,11,12,43609519,Serie A,Cagliari Calcio
Stéphane Sparagna,D C,30,102,125,France,Olympique de Marseille,5,6,8,5,10,5,12,6,5,13,11,7,13,11,15,12,12,12,12,12,13,8,10,7,13,12,8,11,11,10,13,13,13,11,11,13,85087278,Ligue 1,Olympique de Marseille
Denis Linsmayer,DM/M C,33,102,122,Germany,1. FSV Mainz 05,8,8,8,7,11,8,12,10,7,13,12,8,13,11,15,12,13,12,12,10,13,7,15,8,13,15,11,13,11,11,12,12,14,11,13,12,91002779,Bundesliga,1. FSV Mainz 05
Gonçalo Esteves,D/WB R,21,102,122,Portugal,Udinese Calcio,6,10,12,8,12,6,5,9,8,9,12,7,11,13,15,13,14,10,9,9,13,11,7,13,8,13,11,13,14,13,13,5,14,14,11,10,2000016400,Serie A,Udinese Calcio
Luca Fiordilino,DM/M C,29,102,120,Italy,Blu-neri Milano,6,6,12,8,12,10,10,9,5,10,12,9,11,13,13,11,12,12,10,10,15,12,10,11,11,12,13,12,12,11,11,10,15,12,15,11,43124601,Serie A,Inter
Marc Hornschuh,D C,34,102,120,Germany,Sport-Club Freiburg,4,7,6,5,9,4,13,5,13,13,10,8,14,9,8,13,14,11,12,10,11,5,13,6,13,16,8,12,8,11,14,14,12,8,11,13,35011184,Bundesliga,Sport-Club Freiburg
Luís Hemir,ST ,21,102,118,"Portugal,Cape Verde Islands",Sunderland,6,10,12,12,12,6,9,12,6,5,11,12,6,14,12,8,12,13,10,11,8,12,5,10,5,6,8,7,12,12,13,13,14,13,11,13,83261903,Premier League,Sunderland
Anton Heinz,AM/ST L,27,102,113,Germany,FC Bayern München,16,12,11,13,10,18,11,12,8,6,9,14,7,11,12,12,12,12,9,9,13,12,13,13,6,11,10,14,12,11,12,12,12,13,12,12,91193887,Bundesliga,FC Bayern München
Tomás Mendes,DM/M C,20,102,112,"Spain,Guinea-Bissau",Alavés,11,11,9,12,12,11,9,14,9,11,12,7,13,13,13,9,12,11,13,9,13,5,8,7,13,14,10,13,14,14,14,12,13,14,11,9,2000143010,LaLiga,Alavés
Daniele Sommariva,GK ,28,102,110,Italy,Genoa Cricket and Football Club,1,1,7,1,10,4,9,10,12,4,10,1,4,4,7,4,11,11,11,10,12,9,7,8,14,15,11,10,12,12,13,12,11,13,12,11,43161654,Serie A,Genoa Cricket and Football Club
Joseph Boyamba,AM RLC,29,102,110,"Germany,Democratic Republic of Congo",Borussia Dortmund,10,10,13,8,11,10,8,10,6,7,11,13,7,12,13,9,10,9,8,8,10,13,12,10,7,10,11,9,14,14,9,6,12,14,11,7,91144321,Bundesliga,Borussia Dortmund
Maximilian Herwerth,D C,19,102,110,Germany,VfB Stuttgart,5,8,6,7,9,8,15,9,1,14,8,5,8,9,15,9,9,10,7,15,3,6,6,10,15,8,8,11,14,11,10,14,16,13,13,7,2000311613,Bundesliga,VfB Stuttgart
Luca Dürholtz,DM/M C,31,102,106,Germany,1. FC Köln,13,11,12,8,13,13,6,8,6,8,13,15,8,14,13,11,10,12,11,11,10,13,15,8,10,12,13,11,11,12,12,8,10,10,12,9,91108282,Bundesliga,1. FC Köln
Harry Howell,M/AM RC,17,101,-85,England,Brighton & Hove Albion,9,9,12,9,11,10,8,8,6,6,10,16,7,12,6,9,10,11,10,10,12,11,6,12,7,12,13,12,14,11,11,10,8,13,13,9,2000375174,Premier League,Brighton & Hove Albion
Tommaso Rubino,AM LC,18,101,-85,Italy,ACF Fiorentina,8,8,12,12,10,11,9,11,5,3,10,13,4,14,13,11,12,12,8,11,15,15,8,12,8,10,13,14,14,12,11,8,11,12,8,8,2000271667,Serie A,ACF Fiorentina
Benjamin Arthur,D C,19,101,-8,England,Brentford,5,7,8,6,10,6,13,7,7,11,12,5,13,12,13,11,13,12,11,11,14,7,11,7,12,11,11,12,12,10,12,14,12,12,12,13,2000231349,Premier League,Brentford
Callum Olusesi,DM/M/AM C,18,101,-8,"England,Nigeria",Tottenham Hotspur,6,8,10,14,13,4,8,10,6,10,14,4,14,12,6,12,9,11,10,14,9,9,5,10,9,9,11,13,13,10,12,9,11,13,10,13,2000298714,Premier League,Tottenham Hotspur
Dani Pérez,M C,20,101,-8,Spain,Real Hispalis,8,8,13,7,13,8,6,9,7,6,13,11,8,15,12,12,12,10,12,11,15,12,11,12,9,14,12,12,11,14,10,6,11,11,12,7,2000161668,LaLiga,Real Betis
Diego León,D/WB L,18,101,-8,Paraguay,Manchester United,7,10,11,8,11,6,5,5,4,10,10,4,12,10,15,10,13,9,7,8,3,12,4,12,8,11,6,13,15,13,13,6,15,15,13,13,2000385886,Premier League,Manchester United
"Raúl Jiménez(Valencia,Spain)",GK ,19,101,-8,Spain,Valencia,2,2,3,3,6,4,1,1,2,2,8,2,3,8,8,13,10,9,14,14,16,3,11,2,13,8,8,7,10,13,9,14,18,10,2,8,2000325319,LaLiga,Valencia
Thomas Berenbruch,M C,20,101,-8,Italy,Blu-neri Milano,5,10,14,14,13,5,8,13,3,8,14,9,10,13,11,10,10,12,10,10,13,11,7,15,10,10,13,11,11,12,10,8,14,11,11,8,2000097986,Serie A,Inter
Fellipe Jack,D C,19,101,-75,"Italy,Brazil",Como 1907,6,5,8,8,13,1,15,4,13,13,15,6,15,12,15,8,14,12,11,15,5,6,6,9,13,12,14,10,11,11,10,14,11,11,7,8,2000221615,Serie A,Como 1907
Gorka Carrera,ST ,20,101,-75,"Spain,Pays Basque",Real San Sebastián,7,8,10,13,13,7,13,8,7,7,8,6,4,13,12,13,6,6,6,13,4,13,10,13,8,7,8,8,13,11,8,9,12,13,11,9,2000411806,LaLiga,Real Sociedad
Julián Vignolo,AM/ST R,18,101,-75,"Argentina,Italy",Toulouse FC,7,9,12,13,10,8,13,9,2,3,10,10,5,11,12,11,12,11,11,13,12,13,1,12,6,11,10,9,13,12,12,12,12,12,12,12,2000289491,Ligue 1,Toulouse FC
Rubén Iranzo,D RC,22,101,146,Spain,Valencia,6,9,8,6,10,6,12,6,5,12,11,3,13,9,12,12,13,11,13,12,13,10,13,9,11,12,7,12,11,12,11,12,12,12,12,9,2000032467,LaLiga,Valencia
Dante Cassanova,D/DM RC,21,101,-7,England,Tottenham Hotspur,6,11,10,4,10,12,9,11,8,11,12,12,12,11,15,11,9,10,9,14,5,5,14,8,10,15,8,13,13,14,7,8,15,14,10,12,2000054209,Premier League,Tottenham Hotspur
Ethan Laidlaw,ST ,20,101,-7,Scotland,Brentford,7,9,11,11,11,8,11,10,6,5,11,11,6,11,8,12,11,11,12,11,11,10,6,12,6,11,10,11,13,12,11,11,11,13,11,11,2000126248,Premier League,Brentford
Kaelan Casey,D C,20,101,-7,England,West Ham United,4,8,8,10,12,3,12,9,8,12,13,8,14,12,15,16,15,13,10,12,9,5,14,10,11,14,13,14,11,6,10,13,10,11,9,11,2000118379,Premier League,West Ham United
Kaide Gordon,AM RL,20,101,-7,"England,Jamaica",Liverpool,7,11,14,10,13,8,5,10,2,4,11,8,5,14,8,12,6,12,10,9,14,13,3,11,5,10,12,11,14,14,12,6,9,14,8,8,2000086809,Premier League,Liverpool
Luken Beitia,D C,21,101,-7,"Spain,Pays Basque",Real San Sebastián,5,5,4,7,9,1,14,8,8,13,9,7,13,6,15,14,10,9,12,14,4,5,11,6,14,8,8,9,12,8,9,13,14,10,10,10,2000141451,LaLiga,Real Sociedad
Michael Olakigbe,AM RLC,21,101,-7,"England,Nigeria",Brentford,8,8,13,7,11,7,9,7,6,6,9,10,6,13,11,11,10,10,9,6,13,14,5,11,7,8,10,12,15,12,10,10,12,15,11,9,2000042503,Premier League,Brentford
Mike Aidoo,D/WB R,20,101,-7,"Italy,Ghana",Blu-neri Milano,8,12,12,7,11,5,8,9,10,10,11,4,10,12,7,10,8,10,10,9,7,11,7,13,12,13,10,12,13,14,13,8,14,11,13,11,2000121583,Serie A,Inter
Noah Fenyő,D/DM/M C,19,101,-7,"Hungary,Germany",Eintracht Frankfurt,12,10,10,6,12,11,11,9,6,11,12,11,11,12,15,11,13,12,12,10,13,10,11,7,12,13,11,13,10,10,12,12,13,11,14,12,2000212732,Bundesliga,Eintracht Frankfurt
Yannick Eduardo,AM/ST R,19,101,-7,"Czechia,Netherlands,Angola",RB Leipzig,4,8,11,10,11,8,14,9,6,4,10,13,5,12,11,9,11,9,10,8,12,14,7,11,5,9,9,11,14,12,14,16,13,14,11,13,2000241976,Bundesliga,RB Leipzig
Justin Kumi,M RC,21,101,139,"Italy,Ghana",U.S. Sassuolo Calcio,5,5,12,7,12,5,10,7,4,8,13,7,11,13,12,12,12,10,12,12,10,12,10,13,10,13,11,12,13,13,13,12,12,12,13,13,2000021531,Serie A,Sassuolo
David Stückler,ST ,21,101,128,"Denmark,Iran,Austria",U.S. Cremonese,6,9,11,14,11,9,12,8,5,5,10,13,9,11,10,13,9,11,12,11,12,10,8,12,13,13,10,13,12,12,11,12,13,12,14,11,2000091991,Serie A,Cremonese
Yannis Hör,D RC,20,101,125,Germany,TSG 1899 Hoffenheim,5,9,5,7,12,6,9,7,8,11,7,6,14,10,10,12,10,8,14,14,14,5,5,8,12,7,7,10,14,14,8,10,8,14,6,8,2000197355,Bundesliga,TSG 1899 Hoffenheim
Denis Donkor,M/AM R,21,101,124,Germany,TSG 1899 Hoffenheim,7,11,11,14,12,8,6,9,3,9,8,3,10,12,6,10,9,9,10,14,11,14,8,12,4,9,10,10,14,14,9,8,8,14,8,6,2000225830,Bundesliga,TSG 1899 Hoffenheim
Ilyes Housni,AM/ST L,20,101,124,"France,Morocco",Paris Saint-Germain,8,9,12,12,12,10,8,10,4,6,11,11,6,12,11,13,12,11,11,10,9,13,7,12,8,12,12,13,12,13,12,8,13,12,12,11,2000091572,Ligue 1,Paris Saint-Germain
"Jonathan Silva(Torino,Brazil,Italy)",AM R,21,101,124,"Brazil,Italy",Torino,8,10,12,10,13,7,9,12,8,9,12,10,11,12,12,9,12,10,10,12,11,8,6,12,11,11,12,11,13,12,11,9,11,12,12,10,2000199405,Serie A,Torino
Alessio Furlanetto,GK ,23,101,122,Italy,Capitolini Celesti,3,2,1,3,8,8,3,3,1,1,11,2,2,11,2,6,11,8,14,11,12,7,9,4,11,13,7,8,8,11,12,13,7,12,8,12,43425157,Serie A,Lazio
Yannick Onohiol,GK ,20,101,121,Germany,TSG 1899 Hoffenheim,4,1,1,1,1,7,1,2,1,2,10,2,1,4,7,9,11,9,10,13,3,1,11,1,14,9,8,8,10,16,8,14,12,10,8,5,2000197536,Bundesliga,TSG 1899 Hoffenheim
Lauri Penna,M C,19,101,117,Germany,VfB Stuttgart,8,8,5,10,15,9,7,9,7,11,13,7,9,10,13,11,7,9,11,13,11,5,10,11,5,11,14,11,15,13,6,9,13,13,11,7,2000311618,Bundesliga,VfB Stuttgart
Leonardo Loria,GK ,26,101,115,Italy,Pisa Sporting Club,5,5,5,3,7,5,7,8,8,5,8,7,6,7,11,10,12,10,11,11,13,7,11,9,12,10,10,10,10,12,12,15,12,10,10,11,43269230,Serie A,Pisa Sporting Club
Ben Opoku,ST R,21,101,112,"Germany,Ghana",TSG 1899 Hoffenheim,9,8,10,11,15,4,13,10,6,9,11,7,9,15,5,10,6,8,10,15,15,13,12,12,9,7,10,11,14,13,10,14,17,13,9,7,2000121967,Bundesliga,TSG 1899 Hoffenheim
Joel Agyekum,D LC,20,101,111,"Germany,Ghana",Hamburger Sport-Verein,2,8,11,6,9,3,12,7,12,12,11,6,12,9,16,9,14,8,9,9,13,7,11,8,12,12,10,13,13,10,13,16,15,15,12,13,2000161463,Bundesliga,Hamburger Sport-Verein
Alejandro Gomes Rodríguez,AM/ST L,17,100,-85,"England,Portugal,Venezuela",Olympique Lyonnais,8,10,12,13,12,9,9,7,5,5,11,12,5,12,12,15,13,11,8,16,14,9,7,14,7,10,12,14,14,12,13,8,15,13,9,13,2000385891,Ligue 1,Olympique Lyonnais
Kadan Young,AM RL,19,100,-85,"England,Jamaica",Aston Villa,8,12,11,9,10,7,7,9,7,7,12,3,9,11,8,9,9,7,7,8,15,12,3,13,7,12,9,12,15,14,13,7,9,14,11,12,2000198728,Premier League,Aston Villa
Ryan Kavuma-McQueen,AM/ST RL,16,100,-85,"England,Uganda",Chelsea,7,7,8,12,9,7,3,10,9,8,6,5,9,13,15,7,10,9,10,9,7,7,7,5,7,7,9,12,15,10,9,6,13,14,11,7,2000476259,Premier League,Chelsea
Trevan Sanusi,AM L,18,100,-85,England,Newcastle United,5,10,13,9,11,7,5,8,10,4,10,10,5,13,8,9,9,9,9,10,13,15,6,11,6,10,10,13,14,13,14,11,11,15,10,8,2000302092,Premier League,Newcastle United
Alessio Cacciamani,AM RL,18,100,-8,Italy,Torino,10,13,10,8,9,9,4,8,9,4,9,7,6,10,12,8,9,10,10,9,13,12,8,6,7,12,8,13,14,13,13,10,15,13,14,11,2000295087,Serie A,Torino
Alphadjo Cissé,M/AM LC,18,100,-8,"Italy,Guinea",Hellas Verona FC,8,9,13,9,13,7,7,9,4,4,11,9,9,12,12,11,10,10,10,9,8,13,7,10,10,9,10,9,12,13,12,10,16,13,15,11,2000205568,Serie A,Hellas Verona FC
David Otorbi,M/AM RL,17,100,-8,"Spain,Nigeria",Valencia,6,11,13,8,12,10,8,9,5,6,11,10,7,13,13,11,13,12,9,8,13,13,6,11,3,11,11,13,13,12,10,9,13,13,11,12,2000300159,LaLiga,Valencia
Josh Stephenson,D LC,18,100,-8,England,Brentford,6,8,10,8,11,7,12,6,8,11,11,7,11,10,12,12,14,11,11,11,14,6,10,7,11,12,10,12,14,10,11,13,12,13,11,11,2000210528,Premier League,Brentford
Reggie Walsh,DM/M/AM C,16,100,-8,England,Chelsea,7,9,8,8,13,5,9,6,9,5,13,7,10,14,6,10,10,12,9,13,10,7,11,11,7,10,13,11,14,12,13,6,8,10,8,7,2000476255,Premier League,Chelsea
Tiago Poller,M C,18,100,-8,"Germany,Colombia",TSG 1899 Hoffenheim,12,11,15,8,14,12,5,10,5,8,13,12,11,15,8,8,12,10,9,9,15,16,10,8,8,12,13,13,12,14,11,6,12,11,12,7,2000259409,Bundesliga,TSG 1899 Hoffenheim
Aladji Bamba,M C,19,100,-75,France,AS Monaco,8,9,8,9,15,8,9,11,4,11,12,3,9,15,11,12,7,9,11,15,13,12,2,11,11,10,12,12,10,10,10,11,14,11,10,8,2000188753,Ligue 1,AS Monaco
Alexei Rojas Fedorushchenko,GK ,19,100,-75,"Colombia,Russia,England",Arsenal,5,3,1,2,5,6,1,2,3,3,15,3,1,4,7,15,16,6,12,6,15,1,10,3,12,10,9,8,12,10,10,11,11,12,4,10,2000216557,Premier League,Arsenal
Álvaro Leiva,M/AM RLC,20,100,-75,Spain,R. Madrid,6,10,15,12,13,7,9,10,7,4,12,7,6,14,10,9,11,10,9,10,10,12,9,12,5,11,11,9,13,14,12,7,11,12,11,7,2000132483,LaLiga,R. Madrid
Andrés Cuenca,D C,18,100,-75,Spain,Barcelona,5,6,9,7,12,5,11,8,6,12,13,7,13,12,12,11,11,11,11,12,14,8,8,7,12,11,12,11,12,13,11,13,14,13,11,11,2000297335,LaLiga,Barcelona
Calum Scanlon,D/WB/M L,20,100,-75,England,Liverpool,7,13,10,5,10,7,6,6,6,9,12,6,11,10,10,11,8,12,10,11,12,10,4,11,10,11,9,11,15,14,13,7,14,15,11,8,2000108358,Premier League,Liverpool
Emmanuel Chukwu,D C,18,100,-75,Nigeria,TSG 1899 Hoffenheim,3,7,8,5,10,8,12,7,8,12,11,11,12,10,12,10,14,9,10,8,12,7,8,7,12,11,10,13,14,10,12,15,12,15,11,13,2000480447,Bundesliga,TSG 1899 Hoffenheim
"Ibrahim Diarra(Barcelona,Mali)",M/AM RC,18,100,-75,Mali,Barcelona,10,11,14,11,12,10,10,11,8,7,12,11,8,14,10,11,13,11,10,11,14,16,11,12,6,10,14,12,12,13,11,10,14,12,11,9,12095249,LaLiga,Barcelona
Jonathan Norbye,D C,18,100,-75,Norway,RB Leipzig,3,7,10,6,11,6,12,7,15,12,12,10,12,11,13,10,14,10,10,9,15,8,13,7,12,11,11,12,11,9,14,15,13,12,11,14,2000257038,Bundesliga,RB Leipzig
Landry Farré,D RLC,18,100,-75,"Spain,Ivory Coast",Barcelona,6,9,9,7,11,6,10,7,10,12,11,7,13,11,14,12,13,10,9,10,14,9,9,8,11,11,10,11,12,11,12,10,14,12,12,13,2000297311,LaLiga,Barcelona
Leo Salazar,AM RLC,18,100,-75,Spain,Espanyol,10,10,14,11,12,10,9,11,6,5,12,10,7,15,8,9,9,11,10,11,14,16,8,13,5,9,12,10,12,13,12,10,14,12,11,9,2000449125,LaLiga,Espanyol
Lewis Orford,M C,19,100,-75,England,West Ham United,5,8,6,10,14,7,8,7,3,7,13,4,12,13,13,14,8,13,9,14,5,10,12,14,8,9,15,12,7,10,13,10,8,10,12,13,2000183395,Premier League,West Ham United
Marco de las Sías,D R,19,100,-75,Spain,Vallecano,6,10,11,10,11,7,12,7,10,12,12,5,11,10,16,12,15,10,13,9,15,11,13,14,9,13,10,14,12,11,11,9,15,13,13,10,2000377639,LaLiga,Rayo Vallecano
Mark O'Mahony,ST ,20,100,-75,Republic of Ireland,Brighton & Hove Albion,6,8,9,11,11,7,12,9,7,7,11,12,7,12,12,10,12,11,12,11,13,11,6,13,12,12,8,13,12,12,10,12,14,12,14,13,2000161868,Premier League,Brighton & Hove Albion
Niklas Swider,DM/M C,18,100,-75,"Germany,Poland",Borussia Mönchengladbach,10,9,8,8,11,12,12,11,6,11,12,13,13,11,14,11,15,11,12,10,16,8,13,8,12,13,11,15,9,9,13,15,8,11,13,13,2000259404,Bundesliga,Borussia Mönchengladbach
"Pablo López(Valencia,Spain)",AM RLC,19,100,-75,Spain,Valencia,12,13,11,12,10,9,5,7,6,5,12,10,2,12,11,11,12,10,10,11,13,14,7,12,5,13,13,12,11,12,11,6,12,13,12,9,2000325316,LaLiga,Valencia
Paul Argney,GK ,19,100,-75,France,Havre AC,7,2,2,1,11,11,2,2,2,3,11,2,3,12,5,12,12,11,11,10,14,3,8,1,11,11,10,10,10,12,12,13,8,10,7,11,2000200559,Ligue 1,Le Havre
Samu Becerra,AM LC,19,100,-75,Spain,Vallecano,10,10,14,9,13,11,6,10,6,7,12,4,5,13,5,11,10,7,5,10,8,16,2,11,6,14,12,12,13,15,14,2,12,12,11,8,2000324215,LaLiga,Rayo Vallecano
Sékou Koné,DM/M C,19,100,-75,Mali,Manchester United,4,5,10,6,13,6,7,6,5,9,12,8,12,13,14,13,11,12,9,9,4,6,5,11,12,12,10,14,13,14,11,9,15,12,13,12,12095306,Premier League,Manchester United
Soriba Diaoune,AM RLC,17,100,-75,"France,Guinea",LOSC Lille,8,13,13,13,13,7,5,9,7,7,13,7,6,13,13,6,7,13,8,13,13,13,1,11,7,8,9,9,11,9,8,9,10,13,10,8,2000289673,Ligue 1,LOSC Lille
Xavi Espart,D/WB RC,18,100,-75,Spain,Barcelona,8,10,12,7,12,8,7,9,7,10,12,8,11,12,11,12,10,10,10,11,14,11,8,10,11,12,11,12,13,12,11,5,14,12,11,9,2000298787,LaLiga,Barcelona
Alessandro Vinciguerra,ST L,19,100,-7,Italy,Cagliari Calcio,8,11,12,12,13,7,6,6,3,3,11,11,4,13,12,10,7,7,10,11,15,13,10,13,10,8,8,11,14,13,14,4,10,13,13,13,2000103853,Serie A,Cagliari Calcio
Alexis Olmedo,D RC,19,100,-7,Spain,Barcelona,4,8,8,7,10,4,11,6,6,12,11,6,11,11,13,12,12,9,11,12,14,8,8,10,13,12,11,11,12,11,11,12,14,12,11,12,2000297397,LaLiga,Barcelona
Charles Herrmann,AM RL,19,100,-7,"Germany,Ghana",Borussia Mönchengladbach,12,11,13,7,11,12,6,8,8,8,10,11,8,12,12,8,10,8,8,8,12,13,3,8,8,12,9,11,15,14,9,9,6,14,12,8,2000180877,Bundesliga,Borussia Mönchengladbach
Dan Sinaté,D C,19,100,-7,"Mali,France",Angers SCO,6,7,4,3,9,1,14,8,4,14,9,3,14,8,15,14,10,7,10,13,17,5,1,8,11,8,8,9,12,12,9,13,6,9,7,11,2000183493,Ligue 1,Angers SCO
Daniele Padelli,GK ,39,100,140,Italy,Udinese Calcio,6,1,2,1,11,8,3,3,3,1,11,1,1,9,9,12,10,9,11,12,16,9,11,8,14,14,11,14,8,8,11,15,15,8,12,11,7991070,Serie A,Udinese Calcio
David Puczka,D/M L,20,100,-7,Austria,Juventus,6,11,10,6,9,9,10,8,8,10,9,10,10,10,5,10,11,9,10,10,11,5,4,8,11,13,11,12,13,13,11,11,12,14,13,11,2000104623,Serie A,Juventus
Enric Garcia,DM/M/AM C,19,100,-7,Spain,Girona,8,7,11,9,12,8,10,10,7,9,13,9,10,11,11,10,11,11,10,12,14,10,8,11,11,12,12,12,11,12,13,10,14,11,12,11,2000359694,LaLiga,Girona
Eryk Grzywacz,DM/M C,19,100,-7,Poland,VfL Wolfsburg,11,10,12,7,12,12,11,11,6,10,12,11,12,13,14,11,13,10,11,10,14,12,11,11,11,13,12,14,11,11,12,13,12,11,13,11,2000182185,Bundesliga,VfL Wolfsburg
Fabio Rispoli,DM/M/AM C,18,100,-7,Italy,Como 1907,7,7,14,9,14,7,5,10,6,5,14,8,11,12,10,11,10,11,10,11,15,14,8,9,7,11,13,11,12,12,12,6,16,11,13,8,2000222342,Serie A,Como 1907
Federico Cassa,AM C,19,100,-7,Italy,Bergamo,12,12,12,10,12,10,9,11,7,7,13,9,7,12,10,12,12,12,12,12,10,10,10,13,12,13,12,12,12,12,12,12,13,12,12,12,2000241431,Serie A,Atalanta
Filipe Bordon,D C,20,100,-7,"Brazil,Italy",Capitolini Celesti,7,5,9,7,10,5,11,7,7,11,11,7,13,11,12,11,12,10,11,12,16,8,10,8,11,12,11,12,11,11,14,14,10,10,11,14,2000106686,Serie A,Lazio
Jaka Čuber Potočnik,ST ,20,100,-7,Slovenia,1. FC Köln,8,8,12,12,12,14,13,10,6,4,9,17,5,12,8,11,12,10,9,9,13,12,10,12,4,10,8,11,12,11,13,13,13,12,11,12,2000196612,Bundesliga,1. FC Köln
Joseph Liteta,M/AM RC,19,100,-7,Zambia,Cagliari Calcio,9,14,11,15,10,7,7,10,6,11,12,9,10,12,13,9,10,12,9,13,9,11,11,12,8,11,13,11,12,12,9,7,11,11,13,12,2000241198,Serie A,Cagliari Calcio
Luc de Fougerolles,D C,19,100,-7,"Canada,England",Fulham,7,7,11,4,9,7,11,5,9,11,10,6,12,11,10,11,11,12,10,11,12,8,9,8,10,12,11,9,12,11,12,12,11,11,11,11,2000225029,Premier League,Fulham
Mahamadou Susoho,DM/M C,20,100,-7,"Spain,England,The Gambia",Manchester City,7,7,9,6,15,7,8,6,3,8,13,8,13,14,12,15,11,15,10,11,13,5,10,12,10,13,11,13,13,12,11,7,12,11,11,10,2000102545,Premier League,Manchester City
Miodrag Pivaš,D/DM C,20,100,-7,Serbia,Newcastle United,7,7,10,8,12,9,12,11,7,10,10,10,11,11,12,11,10,12,13,12,13,5,13,10,12,13,13,13,11,12,11,12,13,11,12,12,2000112877,Premier League,Newcastle United
Óscar Ureña,M/AM RLC,22,100,140,"Dominican Republic,Spain",Barcelona,10,10,14,11,13,10,7,11,8,6,11,10,8,13,8,9,10,10,9,10,12,15,8,12,7,9,9,10,13,13,11,4,14,13,9,9,2000119910,LaLiga,Barcelona
Paul Scholl,D C,19,100,-7,Germany,FC Bayern München,2,6,8,5,11,3,12,6,8,12,12,6,13,11,13,12,15,10,10,9,13,7,10,8,12,12,11,13,11,9,13,16,12,12,11,14,2000180859,Bundesliga,FC Bayern München
Shane van Aarle,D C,19,100,-7,"Netherlands,Belgium",Juventus,8,4,8,3,9,6,12,9,7,11,11,9,12,11,12,9,11,9,15,14,4,8,5,10,11,10,10,11,12,11,14,14,13,11,11,12,2000395639,Serie A,Juventus
Timo Schlieck,GK ,19,100,-7,Germany,RB Leipzig,1,3,2,2,11,1,7,3,1,2,12,3,3,12,11,10,12,11,9,10,13,7,7,1,12,12,12,12,8,12,12,16,12,9,10,12,2000180854,Bundesliga,RB Leipzig
Marcel Johnen,GK ,22,100,136,Germany,Borussia Dortmund,3,4,5,3,9,6,7,8,9,6,6,2,7,5,8,10,12,10,10,10,15,2,12,3,13,12,11,13,10,11,12,13,12,12,12,13,91203861,Bundesliga,Borussia Dortmund
Riccardo Stivanello,D C,21,100,136,Italy,Bologna FC 1909,3,7,6,6,10,4,13,5,12,13,12,5,13,10,12,10,10,10,9,11,11,4,9,9,12,11,9,11,11,11,12,13,14,11,13,13,2000020986,Serie A,Bologna FC 1909
Aimar Duñabeitia,D C,22,100,135,"Spain,Pays Basque",A. Bilbao,3,3,1,5,6,1,14,6,8,14,9,8,10,5,12,11,10,9,13,14,9,8,7,7,13,8,1,9,14,14,9,12,15,14,6,7,2000065893,LaLiga,A. Bilbao
"Iker Muñoz(Sevilla,Spain)",D RC,21,100,135,Spain,Sevilla,6,10,9,7,11,5,13,9,5,12,11,7,12,10,5,9,11,11,12,11,12,6,3,10,12,10,8,11,12,14,11,12,8,13,8,13,2000214595,LaLiga,Sevilla
Israel Domínguez,M/AM RL,22,100,135,Spain,Sevilla,8,10,9,13,12,6,8,8,8,8,13,8,9,14,11,10,9,9,10,12,12,13,14,13,8,9,10,10,14,14,9,8,5,14,7,7,2000122849,LaLiga,Sevilla
"Roger Martínez(Barcelona,Spain)",DM/M C,21,100,135,Spain,Barcelona,10,8,9,7,11,10,9,8,6,10,14,8,11,12,12,11,10,12,10,12,14,11,11,10,12,12,13,13,10,11,12,9,14,10,11,11,2000049429,LaLiga,Barcelona
Álex Cardero,M/AM C,21,100,132,Spain,Oviedo,12,10,13,12,13,12,10,12,5,10,12,12,9,14,8,7,9,9,9,13,4,16,10,10,11,10,14,10,12,12,11,11,14,13,11,10,2000013421,LaLiga,Oviedo
Federico Macca,M C,21,100,132,Italy,Juventus,11,11,12,9,13,11,7,8,9,11,13,12,11,13,12,13,9,10,12,11,10,10,7,11,11,13,13,12,12,12,14,11,12,12,13,13,43500440,Serie A,Juventus
Giacomo Faticanti,DM/M C,21,100,132,Italy,Unione Sportiva Lecce,3,5,10,5,13,5,8,9,3,8,13,5,13,13,17,13,14,11,11,12,16,10,7,8,12,12,11,13,12,11,12,10,14,12,13,11,2000024755,Serie A,Unione Sportiva Lecce
Tayo Adaramola,D/WB L,21,100,132,"Republic of Ireland,Nigeria,England",Crystal Palace,4,9,10,6,10,6,9,7,8,8,9,6,10,11,7,10,9,9,10,8,13,11,7,11,9,12,10,13,16,13,13,9,13,16,13,8,2000048043,Premier League,Crystal Palace
Pedro Felipe,D C,21,100,131,Brazil,Juventus,4,5,6,5,8,3,13,7,12,13,10,7,14,10,11,13,14,13,11,12,10,6,9,8,12,9,7,11,9,11,12,13,9,11,13,13,2000153028,Serie A,Juventus
"Sergio Martínez(Sevilla,Spain)",D LC,21,100,130,Spain,Sevilla,7,9,8,5,10,7,9,7,9,11,10,7,12,10,10,12,11,11,12,12,13,7,10,9,12,12,9,12,14,13,12,10,15,13,12,11,2000498430,LaLiga,Sevilla
Tyler Onyango,D/DM/M C,22,100,130,"England,Kenya",Everton,7,8,10,8,10,7,11,8,7,11,10,7,11,10,13,10,10,9,11,10,14,10,7,10,9,12,9,13,12,10,12,15,14,13,14,12,28127116,Premier League,Everton
David Lelle,D C,22,100,129,Germany,Borussia Dortmund,3,8,9,6,11,3,14,6,6,13,12,5,13,11,13,9,11,12,10,10,12,8,10,8,13,11,11,11,12,10,12,13,13,13,11,13,2000071285,Bundesliga,Borussia Dortmund
Daniel Oyegoke,D/WB RC,22,100,125,"England,Nigeria",Hellas Verona FC,7,8,9,6,9,5,9,4,9,11,8,3,11,10,10,9,12,8,11,11,11,10,7,9,9,13,8,12,14,13,11,11,12,14,13,13,28126139,Serie A,Hellas Verona FC
David Preu,M/AM RL,20,100,125,Germany,1. FC Union Berlin,8,10,13,7,11,8,6,8,8,8,8,8,9,11,8,8,11,8,8,8,13,13,2,8,8,13,8,14,15,13,9,7,12,14,13,8,2000154165,Bundesliga,1. FC Union Berlin
Ian Forns,D/WB L,21,100,125,Spain,Real Hispalis,7,11,10,8,10,7,8,8,10,10,11,7,12,12,10,11,12,10,10,12,12,11,9,11,9,13,10,12,13,12,12,7,12,13,12,11,2000117935,LaLiga,Real Betis
Jadel Katongo,D RC,20,100,125,"England,Zambia",Manchester City,7,8,9,7,13,7,10,8,7,12,12,8,12,12,6,9,10,13,10,12,12,9,6,10,12,11,11,12,12,12,11,9,10,11,13,10,2000096840,Premier League,Manchester City
Mahmut Küçükşahin,DM/M C,21,100,125,"Türkiye,Germany",FC Augsburg,8,8,11,6,13,10,11,7,6,11,13,8,12,13,13,11,13,11,10,10,12,12,11,8,11,12,13,12,11,12,11,11,10,11,13,11,2000193084,Bundesliga,FC Augsburg
Roberto Arroyo,ST RL,21,100,125,Spain,Atlético Pamplona,8,11,14,11,14,7,12,6,5,8,11,6,7,9,10,8,9,10,9,14,4,9,9,7,8,9,9,10,14,14,9,8,15,14,10,7,2000132511,LaLiga,Osasuna
Yannis Lawson,D/WB/M L,21,100,125,"Belgium,Morocco,Togo",FC Metz,8,9,12,8,10,7,11,9,8,9,12,6,9,10,11,10,13,11,11,10,13,9,7,11,10,13,10,13,13,12,13,10,8,13,13,11,2000213041,Ligue 1,FC Metz
Oso,D/WB/M L,22,100,122,Spain,Sevilla,8,11,13,2,8,8,8,4,8,13,9,6,12,9,9,14,9,10,11,11,12,5,7,12,10,7,6,12,14,13,14,11,15,14,13,7,2000157265,LaLiga,Sevilla
Marco Esteban,D C,19,100,120,Spain,Oviedo,4,8,7,5,12,8,14,7,3,15,15,3,15,12,15,11,15,10,7,15,7,5,4,9,15,9,10,11,11,8,10,10,12,8,8,8,2000247950,LaLiga,Oviedo
Sergi Puig,GK ,26,100,120,Spain,Girona,4,1,1,1,7,7,7,1,2,3,7,7,2,7,8,11,10,8,12,9,11,5,8,2,12,9,9,7,12,14,10,12,12,10,10,11,67247577,LaLiga,Girona
Xavi Pleguezuelo,D/WB L,22,100,120,Spain,Espanyol,11,11,12,7,10,9,7,10,9,10,11,8,11,12,9,10,9,9,9,10,13,9,7,12,12,13,8,13,12,12,9,9,13,14,14,9,2000053062,LaLiga,Espanyol
Yannick Pandor,GK ,24,100,120,"Comoros,France,Madagascar",RC Lens,5,2,3,3,5,8,3,1,2,3,11,1,1,10,8,11,12,10,11,12,14,2,10,3,11,11,11,8,12,12,11,16,14,11,8,10,49040181,Ligue 1,RC Lens
Jon De Luis,D C,22,100,118,"Spain,Pays Basque",A. Bilbao,5,2,1,4,6,1,14,6,1,14,9,1,14,6,13,10,10,9,11,14,10,5,5,7,13,6,2,9,12,14,9,11,12,14,12,9,2000121909,LaLiga,A. Bilbao
Ethan Kohler,D/DM C,20,100,117,"United States,Indonesia",SV Werder Bremen,6,4,7,7,13,8,12,9,6,14,13,9,16,11,15,8,10,11,14,7,6,5,10,10,16,14,9,9,12,12,11,10,17,11,13,11,2000249174,Bundesliga,SV Werder Bremen
Omar Falah,D L,21,100,117,Spain,Oviedo,10,13,10,9,13,7,9,9,6,10,13,4,12,8,12,7,10,11,7,15,15,12,12,10,11,10,11,11,15,13,10,11,10,13,13,7,2000243024,LaLiga,Oviedo
Iker Varela,M/AM RL,22,100,116,"Spain,Pays Basque",A. Bilbao,10,14,12,11,15,9,8,5,7,9,15,7,6,12,11,11,7,5,10,10,8,15,8,9,9,10,11,11,10,14,9,10,11,15,7,5,2000182729,LaLiga,A. Bilbao
Aristide Zossou,AM RL,20,100,114,Ivory Coast,AJ Auxerre,9,7,14,11,9,9,9,10,9,7,10,2,10,12,11,10,12,11,10,9,6,12,14,11,8,10,12,11,13,12,10,9,14,15,10,9,2000399513,Ligue 1,AJ Auxerre
Papa Ba,AM RLC,20,100,114,Senegal,Girona,11,10,13,10,12,9,7,11,6,4,11,10,7,14,9,10,9,10,7,11,14,14,6,12,5,7,11,8,13,14,12,8,14,12,11,8,2000357374,LaLiga,Girona
Alessandro Russo,GK ,24,100,109,Italy,U.S. Sassuolo Calcio,1,1,3,1,3,1,4,2,1,2,4,3,2,5,10,9,11,10,12,11,13,4,8,4,12,8,6,9,9,13,14,16,12,13,14,14,43384567,Serie A,Sassuolo
Hugo Caroz,D LC,20,100,107,Spain,Espanyol,5,10,9,7,10,6,12,7,9,13,11,6,12,11,12,11,11,10,10,11,12,7,10,7,12,11,10,12,11,12,10,12,12,11,12,11,2000397380,LaLiga,Espanyol
Francis Gomez,DM ,19,100,105,The Gambia,Everton,9,8,7,10,12,9,9,11,7,9,15,8,16,11,15,15,10,10,8,15,6,5,7,9,13,11,11,14,9,11,10,7,13,11,8,7,2000411859,Premier League,Everton
Harrison Jones,M/AM C,20,100,105,England,Sunderland,10,9,12,10,14,10,7,9,5,4,12,12,9,13,12,10,9,12,6,10,3,10,12,13,11,15,12,12,11,12,13,10,18,11,11,9,2000144021,Premier League,Sunderland
Lion Schweers,D C,29,100,105,Germany,Borussia Mönchengladbach,8,8,8,8,9,5,12,9,9,12,10,10,11,9,8,11,12,11,11,11,12,6,8,8,12,9,8,10,11,11,10,13,15,11,12,13,91167818,Bundesliga,Borussia Mönchengladbach
Michel Lieder,D RC,29,100,105,Germany,Borussia Mönchengladbach,4,8,8,8,9,4,14,8,9,13,11,14,13,10,17,10,15,9,11,10,13,7,15,9,13,15,9,13,10,9,12,14,14,12,14,13,91121018,Bundesliga,Borussia Mönchengladbach
Lucas Michal,ST L,20,100,104,France,AS Monaco,10,10,16,11,13,10,7,9,4,7,12,8,7,14,8,15,8,14,11,12,18,11,10,13,11,10,10,10,11,11,7,7,13,11,12,9,2000104908,Ligue 1,AS Monaco
Jesús Fortea,D/WB R,18,99,-85,Spain,R. Madrid,6,13,12,7,14,4,10,8,3,12,12,6,11,10,11,12,11,6,12,15,18,5,9,8,12,14,6,12,14,12,15,3,15,13,12,3,2000293312,LaLiga,R. Madrid
Abdelhamid Ait Boudlal,D C,19,99,-75,Morocco,Stade Rennais FC,4,1,5,3,14,4,15,7,6,12,14,3,12,14,14,10,13,10,10,14,7,5,2,6,14,8,14,9,9,9,9,16,15,9,8,12,2000267443,Ligue 1,Stade Rennais FC
Alessandro Calligaris,GK ,20,99,-75,Italy,Blu-neri Milano,2,2,3,2,7,7,7,2,2,3,9,5,3,8,12,10,10,12,12,11,8,3,7,2,12,11,6,9,12,13,11,12,11,9,10,10,2000097987,Serie A,Inter
Omar Khedr,AM L,19,99,-75,Egypt,Aston Villa,8,12,13,9,13,11,3,13,6,7,9,2,7,13,6,10,9,8,7,7,18,13,10,11,7,12,12,12,12,13,13,7,15,12,8,9,2000300961,Premier League,Aston Villa
Renato Marin,GK ,19,99,-75,"Italy,Brazil",Paris Saint-Germain,6,2,3,2,10,7,5,1,3,2,9,4,2,9,12,13,10,11,11,10,14,2,8,1,12,10,9,11,10,12,11,11,14,10,10,13,2000198858,Ligue 1,Paris Saint-Germain
Seb Ferdinand,AM RLC,19,99,-75,England,Arsenal,10,11,12,10,11,10,5,10,6,6,10,8,8,12,8,10,9,10,8,9,14,12,8,11,7,13,11,14,14,13,10,7,14,12,11,7,2000216549,Premier League,Arsenal
Vicent Abril,GK ,20,99,-75,Spain,Valencia,3,3,2,1,7,7,1,1,2,2,9,2,1,4,10,10,11,5,12,13,2,1,2,1,11,8,7,7,9,16,8,12,15,9,3,5,2000214908,LaLiga,Valencia
Gabriele Calvani,D C,21,99,141,Italy,Genoa Cricket and Football Club,5,5,5,5,10,4,12,6,11,12,11,5,12,12,12,12,13,13,12,12,12,4,10,9,12,9,6,10,13,13,12,12,15,12,12,12,2000127893,Serie A,Genoa Cricket and Football Club
Ayanda Sishuba,AM C,20,99,-7,"Belgium,South Africa",Stade Rennais FC,10,10,13,11,13,11,9,10,4,5,12,8,5,12,8,10,8,12,11,11,15,13,12,11,6,12,11,10,12,12,11,7,14,13,12,7,2000116924,Ligue 1,Stade Rennais FC
Kike Herrero,ST ,20,99,-7,Spain,R. Madrid,9,9,12,10,13,9,12,10,9,9,12,7,6,14,14,13,6,9,6,10,15,13,8,12,10,9,9,11,13,14,5,8,7,14,10,8,2000111335,LaLiga,R. Madrid
Enzo Molebe,AM/ST L,17,98,-85,"France,Democratic Republic of Congo",Olympique Lyonnais,7,9,12,12,12,9,7,9,5,6,11,10,6,13,12,8,9,11,9,9,12,10,8,12,7,12,11,11,14,13,10,9,12,14,8,10,2000288922,Ligue 1,Olympique Lyonnais
Alexis Vossah,DM/M C,17,98,-8,France,Toulouse FC,8,8,6,4,14,6,8,10,4,10,12,4,14,14,5,12,9,9,9,14,4,6,4,9,11,9,8,12,12,12,9,11,12,11,8,10,2000412744,Ligue 1,Toulouse FC
Djibril Coulibaly,DM/M/AM C,16,98,-8,"France,Mali",OGC Nice,6,5,13,9,13,7,7,13,7,9,12,6,13,11,9,8,14,8,5,12,14,10,9,11,9,12,11,7,13,10,13,14,15,12,7,13,2000462816,Ligue 1,OGC Nice
Matteo Cocchi,D/WB/M L,18,98,-8,Italy,Blu-neri Milano,9,13,9,6,10,5,8,7,6,11,11,5,11,10,12,10,12,9,11,10,14,10,6,12,12,12,11,13,12,13,12,10,13,13,13,9,2000269260,Serie A,Inter
Aaron Ciammaglichella,M/AM C,20,98,-75,"Italy,Ethiopia,Jamaica",Torino,4,6,10,9,11,8,9,10,7,9,12,9,13,12,9,14,11,10,12,12,14,8,8,12,10,13,10,11,12,12,11,9,13,12,11,11,2000098260,Serie A,Torino
Dani Díaz,AM R,19,98,-75,"Spain,Pays Basque",Real San Sebastián,8,12,13,13,13,7,8,8,2,6,13,7,8,13,11,9,3,13,6,13,8,13,7,13,5,8,9,9,13,13,8,3,9,13,11,1,2000248420,LaLiga,Real Sociedad
David Pejičić,AM C,18,98,-75,Slovenia,Udinese Calcio,7,11,14,11,11,9,4,11,4,2,12,8,7,13,15,10,9,10,10,9,15,14,13,10,6,11,14,12,13,12,12,7,13,11,11,10,2000271919,Serie A,Udinese Calcio
Enso González,AM R,20,98,-75,Paraguay,Wolverhampton Wanderers,10,8,13,16,13,10,11,11,10,7,13,9,11,13,7,8,11,11,9,9,11,13,6,11,7,12,10,14,15,16,7,5,6,9,7,5,2000238784,Premier League,Wolverhampton Wanderers
Gabin Capuano,ST ,19,98,-75,France,RC Lens,6,5,13,13,13,7,7,8,1,7,8,4,2,12,13,13,9,9,7,13,13,12,7,13,8,7,7,13,13,13,5,13,7,13,6,12,2000386007,Ligue 1,RC Lens
Jimmy-Jay Morgan,AM/ST RLC,19,98,-75,England,Chelsea,7,7,11,13,11,8,10,10,7,7,8,12,7,12,10,9,10,10,10,10,13,13,9,8,8,10,10,10,15,10,7,9,12,14,10,9,2000188757,Premier League,Chelsea
Leonard Krasniqi,AM RL,19,98,-75,"Germany,Kosovo",TSG 1899 Hoffenheim,9,12,13,11,12,8,9,13,8,5,12,4,5,14,6,12,9,9,9,13,9,12,5,14,7,9,10,10,14,14,11,12,12,12,10,10,2000312585,Bundesliga,TSG 1899 Hoffenheim
Mathys Angély,D C,18,98,-75,France,VfL Wolfsburg,3,7,8,5,11,3,12,7,10,12,12,8,12,11,14,10,13,11,11,10,14,7,11,8,12,12,11,12,12,10,12,15,10,12,11,12,2000301241,Bundesliga,VfL Wolfsburg
Noah Lahmadi,DM/M C,20,98,-75,"France,Algeria",Toulouse FC,6,6,11,7,12,7,7,10,6,12,12,8,12,11,13,12,13,11,10,12,15,11,8,13,13,12,10,12,11,12,11,7,12,11,12,11,2000188227,Ligue 1,Toulouse FC
Oliver Sorg,D/WB L,18,98,-75,Austria,FC Augsburg,10,11,12,6,11,8,8,8,12,10,11,8,11,12,13,11,12,10,9,9,12,13,6,12,10,11,10,12,13,12,11,8,12,14,13,9,2000203183,Bundesliga,FC Augsburg
Riley Owen,M C,19,98,-75,England,Brentford,9,10,11,9,11,11,7,10,8,9,12,9,11,10,11,11,11,10,11,11,15,12,6,10,10,11,12,13,14,12,10,8,12,14,11,9,2000123645,Premier League,Brentford
Ritchy Valmé,D C,20,98,-75,"France,Haiti",AS Monaco,8,8,9,7,11,6,12,10,4,11,10,9,12,10,13,10,11,9,13,10,13,7,12,8,12,10,8,11,10,11,10,16,9,10,11,13,2000104909,Ligue 1,AS Monaco
Wesley Adeh,DM/M C,18,98,-75,"Germany,Nigeria",SV Werder Bremen,6,8,11,9,11,12,13,12,6,10,12,11,12,11,13,10,15,10,10,9,16,12,12,11,10,12,11,14,12,11,12,14,13,12,13,12,2000327143,Bundesliga,SV Werder Bremen
Borna Knezović,AM C,20,98,-7,Croatia,U.S. Sassuolo Calcio,14,13,13,12,13,14,10,13,6,3,13,11,3,13,5,12,6,11,9,12,6,13,7,13,5,11,12,10,11,13,10,12,10,11,11,10,2000192458,Serie A,Sassuolo
Fran Gil,D LC,19,98,-7,Spain,Villarreal,4,11,8,9,11,2,14,9,5,14,15,4,15,12,15,13,15,13,11,14,6,5,3,5,12,10,10,11,8,11,10,12,10,11,11,11,2000221078,LaLiga,Villarreal
Javier Gil,D C,19,98,-7,Spain,Juventus,10,9,10,9,10,11,13,12,12,12,12,11,12,10,9,11,12,12,11,11,9,8,10,10,11,10,12,11,10,10,12,13,9,10,11,12,2000284428,Serie A,Juventus
Johaneko Louis-Jean,D RL,21,98,-7,"France,Pays Basque",A. Bilbao,6,12,13,7,13,4,7,6,10,10,12,8,9,13,16,12,13,9,9,11,14,13,5,8,12,13,9,13,13,11,12,8,14,14,11,12,2000096637,LaLiga,A. Bilbao
Jonas Harder,DM/M C,19,98,-7,"Italy,Germany",ACF Fiorentina,5,7,10,7,12,5,11,9,12,11,13,6,12,10,11,12,12,12,12,10,10,6,10,9,13,12,13,12,13,12,10,11,8,12,10,10,2000128559,Serie A,ACF Fiorentina
Kamari Doyle,M/AM C,20,98,-7,"England,Jamaica",Brighton & Hove Albion,10,9,12,11,12,13,8,11,7,8,12,10,8,13,10,8,8,10,9,10,13,13,8,10,9,8,12,8,11,10,10,11,11,11,9,9,2000105661,Premier League,Brighton & Hove Albion
Marco Delle Monache,AM L,20,98,-7,Italy,Unione Sportiva Lecce,9,12,13,11,12,9,8,10,3,5,11,9,8,13,14,11,10,8,10,11,13,14,9,12,8,8,11,9,12,14,14,6,10,13,11,9,2000105337,Serie A,Unione Sportiva Lecce
Nuha Jatta,M/AM RLC,19,98,-7,"Germany,The Gambia",VfB Stuttgart,6,10,13,7,12,7,10,8,8,7,12,10,8,12,7,8,10,8,8,8,12,13,8,8,7,10,11,10,13,12,11,15,10,13,13,11,2000241971,Bundesliga,VfB Stuttgart
Sam Mather,AM LC,20,98,-7,England,Manchester United,11,8,13,12,13,15,3,12,4,3,12,10,3,14,11,8,6,12,10,9,16,16,4,10,4,11,11,12,13,12,11,8,9,13,12,8,2000125551,Premier League,Manchester United
Omar Janneh,ST ,18,97,-85,"Spain,The Gambia",A. Madrid,5,2,10,12,13,5,12,2,1,5,9,10,5,14,2,10,5,10,12,10,10,10,13,11,10,10,10,12,13,10,2,12,10,10,13,12,2000300244,LaLiga,A. Madrid
Álex Marchal,AM L,17,97,-8,"Spain,Pays Basque",Real San Sebastián,10,13,14,14,11,8,8,10,4,7,14,7,8,14,6,10,4,11,7,14,10,13,9,10,8,9,11,13,9,8,9,9,12,12,12,8,2000416938,LaLiga,Real Sociedad
Carlos Macià,DM/M C,16,97,-8,Spain,Villarreal,8,6,4,10,14,8,8,10,8,11,14,7,14,14,10,10,9,7,10,14,10,5,2,9,10,13,14,13,8,10,14,5,9,10,10,4,2000494587,LaLiga,Villarreal
Kiano Dyer,DM/M C,18,97,-8,"England,Montserrat",Chelsea,8,7,9,4,13,6,5,6,5,6,11,5,10,14,8,14,8,15,10,13,13,8,7,9,10,11,11,13,15,14,7,6,15,12,13,5,2000273472,Premier League,Chelsea
"Adrián Pérez(A. Bilbao,Spain,Pays Basque)",AM/ST RC,18,97,-75,"Spain,Pays Basque",A. Bilbao,7,9,12,13,13,7,9,9,7,7,13,5,8,12,9,6,9,5,3,9,14,14,1,6,6,8,12,12,13,13,13,8,18,13,13,4,2000280111,LaLiga,A. Bilbao
Beñat García,M C,18,97,-75,"Spain,Pays Basque",A. Bilbao,5,8,10,10,15,8,9,9,2,11,14,4,11,15,15,8,6,8,9,14,11,10,11,12,11,8,9,13,12,11,15,12,13,10,8,8,2000287935,LaLiga,A. Bilbao
"Hugo López(Villarreal,Spain)",AM LC,18,97,-75,Spain,Villarreal,10,13,14,13,10,8,9,13,8,7,14,8,8,14,5,7,9,10,10,10,16,15,14,14,7,7,7,12,14,8,14,8,6,10,8,4,2000457930,LaLiga,Villarreal
Marc Jurado,AM RL,19,97,-75,Spain,Valencia,11,12,14,10,12,10,6,10,6,5,10,9,6,13,7,10,9,9,9,10,14,15,6,11,5,7,10,9,14,14,10,6,14,12,10,6,2000294063,LaLiga,Valencia
Marius Louër,D R,18,97,-75,France,Angers SCO,5,13,8,7,11,4,11,7,9,8,10,9,14,10,7,11,11,10,10,13,11,5,6,6,12,10,9,10,10,15,10,11,14,14,10,8,2000289947,Ligue 1,Angers SCO
Blessing Makanda,M/AM RL,19,97,-7,"Germany,Angola",TSG 1899 Hoffenheim,9,12,11,13,11,5,7,8,6,4,13,4,4,11,8,12,9,7,5,13,13,12,5,11,4,8,8,9,15,13,8,9,15,13,8,7,2000311601,Bundesliga,TSG 1899 Hoffenheim
Leslie Okai,D/WB/M L,19,97,-7,"Ghana,United States",Valencia,8,11,11,11,10,7,6,9,10,11,11,9,9,10,12,12,13,12,10,9,13,12,8,10,9,12,11,13,12,11,11,9,13,13,13,11,2000396167,LaLiga,Valencia
Mahamoud Barry,AM RL,19,97,-7,Mali,Villarreal,7,12,14,10,14,8,4,9,7,8,14,4,9,14,12,11,9,10,4,9,12,13,2,12,8,12,8,13,14,14,7,7,13,14,11,5,12095308,LaLiga,Villarreal
Pape Diong,M/AM RL,19,97,-7,Senegal,RC Strasbourg Alsace,10,14,15,11,15,9,13,10,7,7,15,7,10,15,13,9,9,11,10,9,6,13,11,9,9,10,11,11,13,11,10,15,12,9,7,7,2000206146,Ligue 1,RC Strasbourg Alsace
Relja Obrić,D LC,19,97,-7,"Slovenia,Serbia",Bergamo,7,7,6,6,9,6,13,7,9,12,11,8,12,11,13,12,11,11,10,12,10,10,9,7,11,10,8,10,11,10,12,14,13,12,12,13,2000246003,Serie A,Atalanta
Tomas Galvez,D/WB L,20,97,-7,"Finland,England,Spain",Manchester City,8,10,11,7,12,8,8,8,8,10,11,8,10,13,9,10,9,12,9,10,13,11,7,11,10,11,12,11,15,13,13,7,13,11,12,7,2000101281,Premier League,Manchester City
Matteo Spinaccè,AM/ST C,19,96,-8,Italy,Blu-neri Milano,7,8,10,12,11,6,13,12,9,4,12,12,7,12,9,12,11,13,11,10,18,11,8,12,7,13,12,13,10,9,14,14,12,10,10,12,2000205839,Serie A,Inter
Mattia Mosconi,ST ,18,96,-8,Italy,Blu-neri Milano,5,6,13,12,13,9,7,8,8,4,10,11,5,12,12,8,9,12,10,11,15,10,8,13,5,11,11,12,12,14,11,8,12,14,11,10,2000269293,Serie A,Inter
Daniele Quieto,AM LC,19,96,-75,"Venezuela,Italy",Blu-neri Milano,5,13,13,12,13,6,5,12,5,5,13,8,5,14,10,12,5,12,9,8,14,12,8,11,6,9,12,8,13,14,9,8,12,13,9,6,2000098004,Serie A,Inter
Emanuele Rao,AM RLC,19,96,-75,Italy,Parthenope,10,9,10,10,11,8,7,9,6,5,9,12,8,11,10,11,11,13,12,10,6,14,6,10,6,11,9,11,12,13,12,10,12,12,12,10,2000223178,Serie A,Napoli
Enock Agyei,AM RL,20,96,-75,"Belgium,Ghana",Burnley,5,11,11,8,11,7,7,8,6,8,10,9,8,14,11,11,10,8,11,11,3,14,7,9,10,15,12,13,14,12,8,8,7,14,8,8,2000044562,Premier League,Burnley
Felipe Chávez,M/AM RC,18,96,-75,"Peru,Germany",FC Bayern München,13,12,12,10,13,15,6,13,6,7,13,13,7,14,10,9,10,9,9,8,13,13,6,10,7,11,12,10,13,13,11,7,12,12,12,7,2000282469,Bundesliga,FC Bayern München
Filippo Reale,D/WB LC,19,96,-75,Italy,Associazione Sportiva Roma,5,9,12,6,8,7,11,7,9,11,10,7,11,9,14,11,12,10,12,10,12,5,9,9,11,10,9,14,12,11,12,11,14,12,12,12,2000241407,Serie A,Associazione Sportiva Roma
Giulio Misitano,ST ,20,96,-75,"Italy,United States",Bergamo,7,7,11,14,11,7,13,9,5,4,10,10,6,11,10,10,11,10,9,9,12,10,9,13,8,11,9,11,12,12,13,13,12,11,11,11,2000121640,Serie A,Atalanta
Guido Della Rovere,M/AM C,18,96,-75,"Italy,Lithuania",FC Bayern München,12,11,13,8,13,12,8,10,6,7,13,12,8,14,10,10,10,11,10,9,12,14,10,10,8,11,12,11,12,13,11,12,10,12,12,9,2000261857,Bundesliga,FC Bayern München
Lino Sousa,D/WB/M L,20,96,-75,"England,Portugal",Aston Villa,6,11,11,6,10,6,9,7,7,10,10,10,11,11,10,11,11,10,10,9,12,11,7,11,10,12,10,12,12,12,11,11,15,13,12,11,2000139648,Premier League,Aston Villa
Magnus Dalpiaz,D RL,18,96,-75,Austria,FC Bayern München,6,11,12,8,11,6,12,11,12,10,11,8,11,12,12,10,11,8,9,8,13,12,7,12,10,12,10,12,13,11,11,13,12,13,13,11,2000255277,Bundesliga,FC Bayern München
Paco Cortés,AM RLC,17,96,-75,Spain,Levante,8,10,13,9,13,10,8,9,5,5,11,9,6,14,9,10,9,10,10,10,8,14,6,12,7,10,12,11,13,13,10,7,12,12,10,8,2000372676,LaLiga,Levante
Winsley Boteli,ST ,19,96,-75,"Switzerland,Democratic Republic of Congo",Borussia Mönchengladbach,3,8,11,11,11,8,9,10,6,3,9,14,3,12,8,11,10,11,9,9,12,12,6,12,3,9,9,11,14,12,13,11,12,13,11,13,2000221876,Bundesliga,Borussia Mönchengladbach
Aiden Harangi,D RL,19,96,-7,"United States,Hungary",Eintracht Frankfurt,8,11,11,6,11,8,10,9,12,10,11,7,11,11,12,9,11,9,10,9,12,11,10,10,10,13,9,12,13,12,11,10,10,13,13,10,2000242568,Bundesliga,Eintracht Frankfurt
"Álex Pérez(Real Hispalis,Spain,Mozambique)",D C,19,96,-7,"Spain,Mozambique",Real Hispalis,4,6,8,6,9,5,13,6,7,13,10,5,12,10,12,13,9,8,9,9,12,8,7,7,12,12,8,12,12,10,11,15,13,11,12,14,2000313151,LaLiga,Real Betis
Dmytro Bogdanov,ST ,18,96,-7,Ukraine,1. FC Union Berlin,6,8,11,12,11,12,13,11,6,7,9,12,8,11,15,11,14,9,9,8,15,11,6,12,7,11,8,14,12,11,12,13,12,12,12,11,2000244204,Bundesliga,1. FC Union Berlin
Ismeal Kabia,AM RL,19,96,-7,"Netherlands,Sierra Leone",Arsenal,7,8,10,9,10,7,5,7,5,5,7,7,5,9,8,7,8,9,7,7,12,8,5,9,7,10,8,11,17,13,12,6,7,16,10,8,2000216551,Premier League,Arsenal
Mattia Piermarini,D C,19,96,-7,Italy,Casciavit Milano,3,7,6,5,8,6,12,6,11,13,9,4,12,9,13,13,11,9,12,12,9,7,9,9,13,8,7,7,11,11,11,12,9,11,11,12,2000221695,Serie A,Milan
Mohamed Seck,D C,19,96,-7,"Senegal,Italy",Associazione Sportiva Roma,6,8,9,7,9,4,12,10,10,12,9,5,12,9,12,11,12,12,12,11,10,11,7,8,11,10,8,12,12,11,11,13,12,11,10,11,2000263829,Serie A,Associazione Sportiva Roma
Neo Telle,D C,20,96,-7,"Germany,Cameroon",1. FC Köln,3,7,8,6,10,3,12,7,10,12,12,7,12,10,13,8,13,9,9,9,13,7,10,8,12,12,11,12,12,11,12,16,15,13,12,12,2000133460,Bundesliga,1. FC Köln
Salim Musah,ST ,19,96,-7,"Germany,Ghana",SV Werder Bremen,3,8,13,12,12,6,11,9,6,3,11,14,4,12,7,10,11,10,9,10,12,13,5,11,4,12,9,10,12,12,14,16,10,12,11,12,2000257675,Bundesliga,SV Werder Bremen
Tim Hoops,D C,20,96,-7,Germany,FC Augsburg,5,6,7,6,10,3,11,9,10,12,8,9,12,7,11,12,12,10,10,10,9,5,9,4,13,12,11,13,10,9,13,13,12,12,12,13,2000197549,Bundesliga,FC Augsburg
José Reyes,AM/ST RL,17,95,-9,Spain,R. Madrid,8,12,13,11,10,7,9,6,5,7,13,4,5,12,9,14,9,10,8,3,16,10,8,12,7,8,9,8,16,13,13,5,15,15,13,2,2000409386,LaLiga,R. Madrid
Ilies Belmokhtar,AM RL,17,95,-85,"Morocco,France",AS Monaco,11,11,12,11,13,12,7,11,9,6,12,5,7,13,9,7,8,11,8,8,8,16,2,13,9,10,9,6,13,15,12,7,11,11,10,7,2000406231,Ligue 1,AS Monaco
Brian Madjo,ST ,16,95,-8,"Luxembourg,England,Cameroon",FC Metz,10,12,12,12,14,10,12,10,9,10,12,10,8,9,15,12,12,12,9,10,15,15,12,10,11,13,12,13,9,10,12,15,5,11,10,14,2000466272,Ligue 1,FC Metz
Freddie Simmonds,D C,17,95,-8,England,Brighton & Hove Albion,8,6,7,6,10,8,9,10,8,9,11,6,9,11,8,9,11,12,10,10,16,5,8,6,10,10,9,10,14,12,10,14,11,13,12,10,2000375172,Premier League,Brighton & Hove Albion
Izan,M LC,19,95,-8,Spain,R. Madrid,8,13,13,7,13,7,4,8,2,8,14,4,9,12,7,12,9,13,8,13,17,12,14,12,7,11,12,8,12,13,8,6,12,10,9,3,2000223332,LaLiga,R. Madrid
Javier Boñar,D/DM C,20,95,-8,Spain,A. Madrid,8,8,3,8,10,8,14,9,7,11,6,3,14,9,15,11,12,8,11,14,4,5,10,8,14,8,10,10,11,10,9,8,15,12,10,10,2000130568,LaLiga,A. Madrid
Robinio Vaz,ST L,18,95,-8,France,Olympique de Marseille,5,7,11,12,11,5,11,10,5,5,10,10,5,12,16,10,11,10,10,9,14,12,6,11,8,12,11,13,15,11,10,13,13,15,10,11,2000290881,Ligue 1,Olympique de Marseille
Wisdom Mike,M/AM RL,16,95,-8,"Germany,Nigeria",FC Bayern München,10,9,14,8,10,10,5,11,5,3,10,12,4,11,6,8,7,7,7,7,10,15,2,8,3,8,9,8,16,15,8,6,10,15,10,5,2000375648,Bundesliga,FC Bayern München
Cristian David,D/DM RC,19,95,-75,"Spain,Colombia",R. Madrid,5,8,8,4,12,7,9,8,7,7,11,4,13,9,13,10,9,9,8,13,16,9,9,7,13,13,7,14,13,9,8,8,8,12,9,9,2000219673,LaLiga,R. Madrid
Elijah Scott,D C,19,95,-75,"Germany,United States",Unione Sportiva Lecce,3,6,7,6,8,3,12,7,10,12,9,6,13,8,13,9,14,8,9,8,13,7,8,7,12,11,8,13,13,10,13,15,12,16,11,13,2000311614,Serie A,Unione Sportiva Lecce
Gabin Bernardeau,AM C,19,95,-75,France,OGC Nice,9,13,14,10,14,8,8,10,5,8,12,5,10,13,5,9,5,8,8,14,13,14,7,13,7,13,13,9,13,12,9,10,12,12,5,10,2000413349,Ligue 1,OGC Nice
Harrison Murray-Campbell,D RLC,19,95,-75,England,Chelsea,8,9,8,7,11,10,11,5,10,10,11,8,12,12,12,13,13,10,12,9,17,5,12,7,10,14,8,14,13,8,10,12,12,12,16,8,2000184626,Premier League,Chelsea
Iaia Manco Danfa,AM/ST L,18,95,-75,"Guinea-Bissau,Portugal",Borussia Mönchengladbach,8,8,12,11,10,12,12,11,5,3,8,14,4,11,8,11,10,9,8,8,16,13,3,11,3,7,9,12,14,12,11,11,14,14,11,10,2000497358,Bundesliga,Borussia Mönchengladbach
"Javier Fernández(FC Bayern München,Spain)",DM/M C,18,95,-75,Spain,FC Bayern München,8,8,12,8,12,8,11,12,6,11,12,9,12,13,13,9,13,10,11,9,14,14,11,8,11,12,12,12,11,11,12,12,8,12,12,11,2000239293,Bundesliga,FC Bayern München
Jaydan Kamason,D/WB RL,18,95,-75,England,Manchester United,4,11,13,5,10,5,8,3,5,10,9,6,12,11,13,10,11,9,9,9,8,5,5,10,8,12,5,13,15,13,12,9,14,14,14,11,2000272808,Premier League,Manchester United
Lamine Ballo,D/WB R,18,95,-75,"Italy,Ivory Coast",Blu-neri Milano,6,11,8,8,9,4,6,8,8,10,10,4,14,10,13,12,10,9,12,14,5,9,1,7,12,9,6,9,14,14,9,6,7,12,8,7,2000297377,Serie A,Inter
Matai Akinmboni,D LC,18,95,-75,"United States,Ghana,Nigeria",AFC Bournemouth,8,7,8,4,10,5,10,6,12,12,11,7,12,9,13,11,10,8,9,8,10,4,9,8,11,10,11,10,13,10,8,14,15,14,12,14,2000207224,Premier League,AFC Bournemouth
Mateus Mané,AM/ST RLC,17,95,-75,"Portugal,Guinea-Bissau,England",Wolverhampton Wanderers,7,10,13,10,13,6,9,9,7,7,13,7,8,11,11,13,8,12,7,13,11,15,7,13,6,8,8,9,12,10,8,8,17,11,9,7,2000351894,Premier League,Wolverhampton Wanderers
Matias Mancuso,M C,18,95,-75,"Italy,Uruguay",Blu-neri Milano,7,7,8,8,13,6,7,11,3,7,13,7,13,12,15,6,9,9,9,13,5,5,3,9,8,8,12,12,11,10,8,11,13,11,12,7,2000269286,Serie A,Inter
Matthew Young,GK ,18,95,-75,England,Sunderland,4,3,1,2,11,7,3,1,2,2,11,3,3,11,10,10,12,12,9,7,17,7,6,8,10,12,10,12,11,12,10,13,14,10,10,11,2000254687,Premier League,Sunderland
Max Schmitt,GK ,19,95,-75,Germany,FC Bayern München,4,1,2,1,9,6,6,2,1,1,10,3,1,9,8,10,12,10,11,9,13,6,8,2,12,11,9,11,8,12,11,16,10,8,8,11,2000241821,Bundesliga,FC Bayern München
Maximilian Hennig,D/WB L,18,95,-75,Germany,FC Bayern München,11,12,11,5,12,8,6,6,14,10,11,6,11,12,8,9,11,10,9,9,12,12,4,10,10,12,10,12,13,12,10,8,13,13,13,9,2000180862,Bundesliga,FC Bayern München
Nico Guillén,DM/M C,17,95,-75,Spain,Sevilla,8,8,9,10,12,8,11,10,7,9,12,2,14,12,15,9,14,9,7,14,9,5,6,10,12,8,13,12,10,10,8,11,15,9,12,12,2000389009,LaLiga,Sevilla
Nils Ramming,GK ,18,95,-75,"Sweden,Germany,England",Brighton & Hove Albion,4,2,1,1,10,7,7,2,1,2,11,3,2,11,10,8,12,10,9,8,14,8,8,1,12,12,11,12,8,12,12,17,13,9,10,12,2000331706,Premier League,Brighton & Hove Albion
Precious Benjamin,ST ,18,95,-75,Nigeria,TSG 1899 Hoffenheim,8,8,12,10,12,10,10,10,5,3,10,12,4,12,10,11,11,8,8,8,13,12,3,12,3,8,9,12,14,14,11,11,15,14,12,10,2000480446,Bundesliga,TSG 1899 Hoffenheim
Sascha Britschgi,D RL,18,95,-75,Switzerland,Parma Calcio 1913,6,8,11,5,11,5,8,6,10,10,10,4,12,11,11,9,12,11,11,10,12,9,7,9,11,13,7,13,12,12,11,11,13,13,12,8,2000214745,Serie A,Parma Calcio 1913
Vincent Burlet,D/WB L,19,95,-75,Belgium,LOSC Lille,8,12,12,8,11,8,8,10,10,11,11,8,12,12,7,8,9,11,8,8,13,12,5,12,10,12,11,13,13,12,8,10,14,13,13,8,2000182981,Ligue 1,LOSC Lille
Adam Kölle,D C,19,95,-7,Germany,1. FC Heidenheim 1846,2,5,6,7,8,3,13,7,10,12,9,6,12,8,13,10,14,8,10,8,13,6,12,7,12,12,8,13,11,9,14,16,14,12,11,14,2000197396,Bundesliga,1. FC Heidenheim 1846
Alberto Espiñeira,D C,20,95,-7,Spain,Sevilla,8,5,5,4,10,7,11,3,5,12,10,4,12,8,12,14,10,9,9,14,9,5,11,7,12,8,4,9,14,14,9,11,14,14,8,7,2000300124,LaLiga,Sevilla
Alberto Manzoni,M/AM C,20,95,-7,Italy,Bergamo,9,9,11,9,12,9,9,9,4,7,13,10,10,12,10,11,10,12,11,12,10,10,10,11,10,12,11,13,12,12,11,10,13,12,12,12,2000145297,Serie A,Atalanta
Amine Moussaoui,M/AM L,18,95,-7,"France,Algeria",Angers SCO,8,12,7,13,13,7,8,4,7,7,13,10,8,13,15,8,9,11,9,13,10,13,8,13,7,8,7,9,13,13,9,8,9,13,8,6,2000334572,Ligue 1,Angers SCO
Andrik Markgraf,D/WB L,19,95,-7,Germany,1. FC Union Berlin,10,11,11,6,11,8,8,7,13,11,10,8,11,11,7,11,12,9,10,9,14,10,5,10,11,13,9,13,13,13,9,8,12,13,13,8,2000309943,Bundesliga,1. FC Union Berlin
Bodin Tomašević,D C,19,95,-7,Montenegro,Bologna FC 1909,5,6,7,5,9,5,13,5,7,13,9,5,11,8,13,11,10,10,11,12,12,5,11,5,12,9,7,10,9,9,12,16,15,9,9,13,2000325837,Serie A,Bologna FC 1909
Brian Fariñas,DM/M C,19,95,-7,Spain,Barcelona,8,7,11,9,12,8,9,10,6,9,12,9,11,12,11,11,9,9,11,12,14,14,9,11,10,12,11,12,11,12,11,10,14,11,12,10,2000297428,LaLiga,Barcelona
Charlie Tasker,D RC,19,95,-7,England,Brighton & Hove Albion,7,11,10,7,11,4,10,7,10,9,8,4,10,10,11,11,11,10,10,10,4,5,10,8,10,14,8,14,13,8,8,12,8,14,14,12,2000210136,Premier League,Brighton & Hove Albion
Emilio Lawrence,AM RLC,19,95,-7,"Scotland,England",Manchester City,8,11,14,14,12,8,9,10,4,8,13,4,6,14,7,14,7,7,6,14,17,13,8,11,6,4,12,9,13,12,6,9,12,9,9,8,2000225711,Premier League,Manchester City
Ethan Wheatley,AM/ST RL,19,95,-7,England,Manchester United,5,7,10,12,12,5,10,8,5,7,8,10,8,12,12,12,12,12,12,8,10,10,5,10,8,10,7,10,12,12,12,13,12,12,12,10,2000190311,Premier League,Manchester United
Fallou Cham,D/WB R,19,95,-7,The Gambia,Hellas Verona FC,9,9,10,7,10,6,8,8,9,10,11,6,10,9,10,11,10,9,9,10,11,7,6,12,12,13,9,10,13,12,12,10,12,13,12,9,2000407642,Serie A,Hellas Verona FC
Filippo Pagnucco,D/WB/M L,19,95,-7,Italy,Juventus,8,11,9,8,9,7,8,7,10,12,9,14,8,10,11,11,9,12,12,12,16,7,12,7,11,13,8,13,12,12,12,11,13,12,12,11,2000205918,Serie A,Juventus
Gaizka Albóniga,DM/M C,20,95,-7,"Spain,Pays Basque",A. Bilbao,8,8,10,7,13,8,5,10,4,10,12,6,14,13,15,14,9,12,7,13,5,5,13,10,9,12,10,13,13,10,13,14,11,12,8,7,2000150851,LaLiga,A. Bilbao
Grayson Dettoni,D C,20,95,-7,"United States,Italy",FC Bayern München,2,6,7,6,10,2,12,6,8,12,11,6,12,10,11,12,14,9,11,9,12,6,7,7,12,12,9,12,11,9,13,16,13,12,11,13,2000197177,Bundesliga,FC Bayern München
Harrison McMahon,DM/M/AM C,19,95,-7,"Scotland,England",Chelsea,9,8,12,7,13,9,5,6,2,6,12,7,7,13,6,13,7,12,10,12,15,7,7,9,9,14,11,13,12,9,6,5,12,11,15,6,2000184622,Premier League,Chelsea
Iker Córdoba,D C,19,95,-7,Spain,Valencia,5,9,7,6,10,5,13,6,8,12,12,6,12,10,14,12,12,9,9,10,14,8,8,8,13,12,11,10,11,12,11,16,14,11,9,10,2000227983,LaLiga,Valencia
Jack Moorhouse,M C,19,95,-7,"Republic of Ireland,England",Manchester United,8,8,14,11,12,6,4,8,3,2,11,11,4,13,15,7,8,13,9,8,13,11,5,12,4,12,10,13,14,14,13,10,12,13,13,9,2000190306,Premier League,Manchester United
Joe Gardner,AM LC,20,95,-7,"Republic of Ireland,England",Nottingham Forest,7,9,13,10,10,7,10,8,5,5,10,9,7,9,12,8,10,11,9,9,16,13,8,10,7,11,10,12,14,13,9,8,10,13,12,8,2000109164,Premier League,Nottingham Forest
Kerr Smith,D RC,20,95,-7,Scotland,Aston Villa,6,10,8,8,12,5,13,1,1,10,8,4,13,7,10,14,12,11,9,8,7,5,9,8,13,8,2,9,10,10,9,16,7,12,9,12,2000027244,Premier League,Aston Villa
Matteo Motta,D/WB L,20,95,-7,Italy,Blu-neri Milano,7,11,6,6,6,6,11,6,11,10,11,11,11,6,9,11,11,11,11,11,4,9,10,9,11,11,10,10,12,13,12,11,10,12,13,12,2000146881,Serie A,Inter
Noël Atom,D C,20,95,-7,"Germany,Cameroon",Brighton & Hove Albion,2,7,10,5,11,3,13,6,8,12,12,6,12,11,13,9,12,12,10,9,14,10,10,8,12,12,11,12,11,9,12,15,13,13,10,13,2000180843,Premier League,Brighton & Hove Albion
Oluwaseun Ogbemudia,D C,19,95,-7,"Germany,Nigeria",1. FC Union Berlin,2,6,11,6,9,3,13,7,8,12,11,6,13,9,15,10,13,8,10,9,15,11,7,7,12,11,10,13,12,11,13,13,7,13,11,13,2000258018,Bundesliga,1. FC Union Berlin
Pablo Arenzana,ST ,19,95,-7,Spain,Villarreal,5,7,10,12,12,7,11,9,6,5,10,9,8,10,12,11,11,12,10,12,12,10,9,11,7,11,9,11,11,12,11,12,14,12,10,12,2000312519,LaLiga,Villarreal
Rio Cardines,D/WB/M RL,19,95,-7,"Trinidad and Tobago,England",Crystal Palace,8,10,9,8,10,10,7,8,14,7,9,9,7,11,11,7,10,8,7,7,13,10,6,9,8,11,9,13,13,12,12,8,16,13,12,9,2000216077,Premier League,Crystal Palace
Robert Ramšak,ST C,18,95,-7,"Germany,Slovenia,Croatia",RB Leipzig,4,8,10,11,11,6,11,9,6,6,11,13,7,11,10,13,11,11,12,9,13,10,8,13,6,13,10,13,12,11,12,12,13,12,13,9,2000180883,Bundesliga,RB Leipzig
Tamiou Kpebane,D RL,19,95,-7,"Germany,Italy,Togo",Sevilla,3,10,12,7,11,3,13,7,12,11,10,8,11,11,13,11,13,8,9,8,13,12,7,11,11,13,9,13,12,10,12,16,11,13,13,13,2000242563,LaLiga,Sevilla
Timur Tutierov,AM/ST RL,20,95,-7,Ukraine,Sunderland,10,8,12,11,11,9,10,6,8,5,8,9,4,10,8,9,10,11,11,15,3,11,6,12,10,11,12,7,11,12,11,10,14,11,12,14,2000122266,Premier League,Sunderland
Valy Konaté,D L,18,95,-7,Ivory Coast,AS Monaco,12,14,10,8,11,7,7,8,9,10,12,10,13,11,10,13,12,10,10,10,3,8,12,11,11,13,12,11,12,12,10,7,10,11,11,10,12093883,Ligue 1,AS Monaco
Yanis Senhadji,ST ,20,95,-7,"Spain,Algeria",Real Hispalis,6,7,10,12,10,7,11,8,7,6,10,12,8,10,15,10,15,8,10,9,13,12,8,12,7,10,8,14,13,11,13,12,13,12,12,14,2000238351,LaLiga,Real Betis
Yannik Wagner,AM L,18,95,-7,Germany,1. FC Heidenheim 1846,10,11,11,8,10,8,11,11,6,6,8,11,6,11,8,10,11,8,8,8,13,12,4,12,6,8,8,11,14,11,11,10,10,14,12,11,2000321639,Bundesliga,1. FC Heidenheim 1846
Zak Johnson,D RC,20,95,-7,England,Sunderland,3,6,7,4,11,3,12,4,6,13,9,6,13,10,13,11,15,14,11,9,9,4,12,10,11,10,7,12,10,8,10,14,14,11,12,12,2000144013,Premier League,Sunderland
Alessandro Romano,DM/M C,19,94,-8,"Switzerland,Italy",Associazione Sportiva Roma,13,13,13,7,13,13,8,9,4,7,13,9,9,13,8,11,10,12,10,10,9,12,8,10,9,12,12,12,11,12,12,12,12,11,12,8,2000197769,Serie A,Associazione Sportiva Roma
Leo Shahar,D R,18,94,-8,England,Newcastle United,9,10,10,9,11,8,9,8,8,10,10,9,11,13,10,11,10,11,10,11,11,10,10,10,11,10,10,12,13,13,11,7,11,13,11,10,2000302088,Premier League,Newcastle United
Alfie Harrison,DM/M/AM C,19,94,-75,England,Newcastle United,8,9,10,9,11,9,8,8,2,9,10,5,8,13,8,9,9,11,10,11,12,12,9,10,7,10,14,13,12,11,11,7,10,12,15,9,2000189438,Premier League,Newcastle United
Elijah Gift,AM RL,19,94,-75,"Spain,Cuba,Pays Basque",A. Bilbao,6,13,14,10,14,4,9,9,7,8,14,3,9,13,15,11,9,7,5,8,6,12,5,7,8,9,11,12,14,14,14,6,12,14,7,1,2000191847,LaLiga,A. Bilbao
Enzo Koffi,D/WB/M/AM RL,19,94,-75,"France,Ivory Coast",Havre AC,8,13,13,9,12,7,7,11,7,8,13,6,9,7,9,7,9,9,7,9,18,8,1,11,8,8,12,12,13,10,13,7,7,11,8,3,2000297060,Ligue 1,Le Havre
Fritz Fleck,M/AM RC,18,94,-75,Germany,Borussia Mönchengladbach,13,11,13,10,14,14,6,12,4,6,12,12,6,15,8,8,8,9,9,9,12,16,3,10,6,11,12,12,13,14,9,5,8,12,11,6,2000259414,Bundesliga,Borussia Mönchengladbach
Gibson Adu,AM/ST RL,17,94,-75,Germany,FC Bayern München,8,8,12,8,11,8,8,8,6,3,9,11,5,12,11,8,9,8,7,8,12,13,1,10,3,8,8,9,15,14,9,10,8,15,10,8,2000354949,Bundesliga,FC Bayern München
Jack Fletcher,M/AM C,18,94,-75,"England,Scotland",Manchester United,13,9,9,11,14,10,4,11,4,4,13,9,5,14,7,11,8,12,9,10,14,13,5,10,4,11,13,12,11,12,13,9,13,12,10,7,2000280809,Premier League,Manchester United
"Lucas Núñez(Valencia,Spain)",DM/M C,19,94,-75,Spain,Valencia,6,8,11,11,12,7,9,12,6,8,12,5,12,12,13,11,12,11,12,11,13,12,10,12,11,15,11,12,11,10,11,11,12,11,10,13,2000300157,LaLiga,Valencia
Manu González,GK ,18,94,-75,Spain,Real Hispalis,6,3,3,3,3,8,1,3,3,1,6,3,2,6,11,10,11,9,12,14,8,2,1,2,14,9,8,8,10,11,9,16,8,10,8,5,2000335211,LaLiga,Real Betis
Noham Kamara,D C,18,94,-75,France,Paris Saint-Germain,5,1,1,4,8,4,13,3,1,13,8,3,13,6,14,11,10,8,6,13,11,8,1,4,13,7,3,8,13,13,8,13,14,13,8,9,2000386313,Ligue 1,Paris Saint-Germain
Roman Egan-Riley,D C,18,94,-75,England,Tottenham Hotspur,7,4,7,2,8,5,13,7,4,12,3,4,13,3,14,10,10,8,11,13,10,9,10,5,12,7,7,8,13,10,8,11,13,12,5,8,2000298719,Premier League,Tottenham Hotspur
Álvaro Ginés,ST C,20,94,-7,Spain,R. Madrid,12,10,14,10,13,13,7,8,7,4,11,11,5,12,7,10,6,9,8,10,8,15,7,12,6,10,13,9,14,12,10,10,8,13,9,6,2000214896,LaLiga,R. Madrid
Amara Nallo,D C,18,94,-7,"England,Sierra Leone",Liverpool,5,4,5,4,10,1,14,7,1,11,8,2,14,5,15,9,13,10,11,14,4,8,1,8,10,8,7,9,9,9,9,14,12,11,10,11,2000260919,Premier League,Liverpool
Brodi Hughes,D/WB RC,20,94,-7,England,Chelsea,3,7,6,8,8,4,9,4,9,7,7,6,9,7,10,10,8,9,11,9,7,4,8,9,9,10,6,13,14,9,9,9,11,13,14,9,2000108690,Premier League,Chelsea
Filippo Scotti,AM/ST R,18,94,-7,Italy,Casciavit Milano,4,8,12,12,11,4,9,7,4,5,9,11,4,12,8,13,12,11,9,8,11,12,6,13,7,10,9,12,13,13,10,10,13,13,11,11,2000240978,Serie A,Milan
Rhys Chadwick,DM/M/AM C,18,94,-7,England,Leeds United,10,8,10,9,12,10,7,8,5,7,13,7,8,13,11,9,8,13,8,11,15,8,8,9,8,12,13,12,10,11,13,9,8,10,11,8,2000299858,Premier League,Leeds United
Souleymane Sagnan,D C,20,94,-7,"Mali,France",RC Lens,5,6,5,7,10,3,16,10,9,11,11,9,11,5,11,12,11,6,10,11,12,5,3,8,11,10,8,11,11,12,11,14,7,12,10,12,2000205280,Ligue 1,RC Lens
Tyrell Ashcroft,D/WB RC,21,94,-7,England,Tottenham Hotspur,5,7,7,6,11,1,9,7,10,10,11,9,10,9,9,10,12,9,9,8,14,5,13,9,9,13,5,11,14,12,10,11,15,12,14,9,2000059169,Premier League,Tottenham Hotspur
Ylies Aradj,D/WB L,20,94,-7,"France,Algeria",Toulouse FC,5,12,6,7,9,3,8,6,7,11,12,5,13,9,13,7,10,7,10,13,12,5,9,10,9,9,8,7,13,13,13,8,5,13,10,9,2000104857,Ligue 1,Toulouse FC
Arman Durmiši,ST ,17,93,-8,"Albania,Slovenia",Juventus,7,11,11,12,9,7,12,9,4,3,12,12,5,12,10,10,10,13,8,10,10,12,7,10,10,10,10,10,11,9,11,15,14,11,12,13,2000375833,Serie A,Juventus
Christian McFarlane,D/WB L,18,93,-8,"England,United States,Jamaica",Manchester City,8,8,8,5,9,6,11,4,6,10,10,7,11,10,13,11,10,10,9,10,12,12,8,9,10,10,11,12,15,11,10,12,14,13,11,12,2000165742,Premier League,Manchester City
Francisco Baridó,AM/ST C,17,93,-75,"Argentina,Croatia",Parthenope,7,6,13,13,13,7,9,9,5,5,11,9,8,12,8,13,7,9,8,13,6,10,11,11,8,8,12,9,11,13,8,9,14,10,10,8,2000338373,Serie A,Napoli
Gerónimo Spina,D C,20,93,-75,"Argentina,Italy",A. Madrid,4,2,7,7,9,1,15,7,7,14,9,3,14,8,8,14,10,9,10,13,10,5,12,8,14,8,2,9,11,10,7,15,14,8,7,9,2000241167,LaLiga,A. Madrid
Òscar Masqué,D R,18,93,-75,Spain,Real Hispalis,9,13,9,8,13,6,9,1,8,14,11,2,14,8,5,8,10,8,7,13,9,10,4,9,12,10,9,13,14,14,6,7,16,14,14,5,2000423568,LaLiga,Real Betis
Wisdom Amey,D RC,19,93,-75,"Italy,Togo,Nigeria",Bologna FC 1909,4,8,8,5,9,4,10,4,8,10,9,5,12,11,15,12,12,8,9,9,13,7,8,10,11,11,9,9,13,12,14,13,14,13,12,13,2000097938,Serie A,Bologna FC 1909
Ben Krauhaus,AM RLC,21,93,-7,England,Brentford,12,11,11,10,11,8,7,11,6,6,11,9,7,12,11,11,10,10,11,10,13,13,7,11,7,12,11,11,11,11,11,9,13,11,13,8,2000159623,Premier League,Brentford
Bilal Yalçınkaya,M/AM RLC,19,93,-7,"Germany,Türkiye",Hamburger Sport-Verein,11,10,14,11,13,11,6,10,6,7,12,12,7,14,8,8,8,9,9,8,13,16,6,10,7,10,12,9,12,12,10,9,11,12,11,7,2000213826,Bundesliga,Hamburger Sport-Verein
Gabriele Re Cecconi,D RC,19,93,-7,Italy,Blu-neri Milano,3,8,6,6,8,4,12,5,6,12,8,4,11,7,13,14,11,10,11,12,13,5,10,8,10,12,7,11,12,11,12,13,11,11,11,12,2000242142,Serie A,Inter
Giacomo Stabile,D LC,20,93,-7,Italy,Blu-neri Milano,4,9,10,6,11,8,12,5,13,12,11,7,11,9,9,11,8,10,11,11,9,5,7,8,11,11,9,10,11,11,12,13,10,12,12,10,2000098010,Serie A,Inter
Ivan Sulev,M/AM C,18,93,-7,Bulgaria,Cagliari Calcio,9,10,11,10,12,11,9,11,4,6,12,11,8,12,7,7,8,9,10,10,13,13,8,10,10,11,12,11,13,14,14,8,11,13,9,12,2000155488,Serie A,Cagliari Calcio
Mathys Niflore,GK ,18,93,-7,France,Toulouse FC,4,2,3,1,7,7,1,2,1,1,13,3,2,6,8,9,15,7,9,13,8,3,5,1,10,8,7,7,10,7,8,15,14,11,4,6,2000290365,Ligue 1,Toulouse FC
Miloš Jović,ST ,19,93,-7,Serbia,Unione Sportiva Lecce,8,9,14,11,12,8,14,9,4,7,9,7,6,10,13,13,10,11,10,11,14,14,1,9,11,11,9,10,14,14,8,7,12,14,6,4,2000371821,Serie A,Unione Sportiva Lecce
Noam Obougou Jacquet,ST ,19,93,-7,"France,Cameroon",Havre AC,8,4,8,14,14,8,14,9,3,8,9,10,4,10,15,12,15,10,9,14,20,9,7,12,8,11,9,9,10,8,14,14,13,10,6,7,2000297063,Ligue 1,Le Havre
Sam Rak-Sakyi,DM/M C,20,93,-7,"England,Nigeria",Chelsea,5,6,8,6,11,10,7,6,5,10,11,8,12,10,8,11,7,12,12,13,7,5,4,10,11,13,10,13,14,10,10,8,11,13,10,8,2000108696,Premier League,Chelsea
Mathis Albert,AM RLC,16,92,-85,"United States,Germany,France",Borussia Dortmund,11,10,14,8,13,12,6,12,6,4,11,12,5,14,6,8,8,7,7,7,12,16,3,9,4,8,10,9,14,14,9,8,15,13,10,6,2000465225,Bundesliga,Borussia Dortmund
Andrea Natali,D C,17,92,-8,Italy,Bayer 04 Leverkusen,2,6,10,6,11,6,12,6,6,12,12,8,12,11,14,9,12,11,10,9,13,8,12,7,12,11,11,10,11,10,12,13,14,12,11,12,2000352129,Bundesliga,Bayer 04 Leverkusen
Ebu Bekir İş,DM/M C,16,92,-8,"Germany,Türkiye",Eintracht Frankfurt,8,9,12,7,13,8,8,11,6,8,13,10,11,13,12,10,13,10,9,9,13,13,8,8,9,13,12,13,12,13,11,8,10,11,12,7,2000457582,Bundesliga,Eintracht Frankfurt
Jaime Vázquez,D C,19,92,-8,Spain,Oviedo,8,5,4,7,9,13,14,5,3,14,13,3,12,5,6,10,10,7,9,14,15,5,12,8,14,8,12,9,9,6,9,13,9,10,7,12,2000223081,LaLiga,Oviedo
Andrea Bonanomi,M/AM C,19,92,-75,Italy,Bergamo,11,10,12,10,12,10,6,10,5,7,13,10,7,14,7,10,8,7,7,8,9,11,8,10,9,9,12,8,13,14,11,5,9,11,10,8,2000241430,Serie A,Atalanta
Cristian Carrara,ST ,17,92,-75,Italy,Blu-neri Milano,7,4,13,13,12,7,13,8,1,4,8,9,6,13,8,9,7,9,8,12,4,13,1,11,6,7,8,8,13,12,4,7,13,13,8,9,2000391589,Serie A,Inter
Illia Voloshyn,GK ,18,92,-75,Ukraine,R. Madrid,4,3,1,3,11,8,1,3,2,1,11,2,2,5,8,9,13,5,7,13,5,14,9,2,8,8,7,7,12,10,8,17,11,11,7,9,2000332815,LaLiga,R. Madrid
Jamal Iddrissou,AM R,17,92,-75,"Italy,Ghana",Blu-neri Milano,8,11,14,10,14,8,8,10,8,8,14,7,9,11,14,11,9,9,9,10,16,15,4,11,8,13,5,13,11,10,14,15,11,9,14,5,2000384848,Serie A,Inter
Oumar Konaté,AM RL,18,92,-75,Ivory Coast,AS Monaco,11,11,12,12,11,11,9,13,5,6,10,11,7,12,9,11,11,10,11,9,11,11,11,12,7,10,10,11,12,13,9,10,10,12,11,10,12095248,Ligue 1,AS Monaco
Ted Curd,GK ,19,92,-75,England,Chelsea,3,2,3,1,8,7,3,2,3,3,13,2,1,10,7,11,13,11,10,12,20,1,13,1,10,11,10,10,8,10,10,10,13,7,7,7,2000184617,Premier League,Chelsea
Alain Gómez,GK ,18,92,-7,"Argentina,Spain,Venezuela",Valencia,4,1,2,3,4,7,1,1,2,1,6,3,1,7,7,12,11,4,14,14,14,1,11,1,9,9,8,8,10,11,9,13,17,10,4,4,2000405969,LaLiga,Valencia
Bahmed Deuff,DM/M C,19,92,-7,"France,Mauritania",FC Nantes,8,7,4,7,13,8,14,12,1,10,14,6,12,13,6,13,5,4,10,14,8,5,7,3,7,9,14,13,14,11,9,14,5,12,12,8,2000191038,Ligue 1,FC Nantes
Chaka Traoré,AM RL,20,92,-7,Ivory Coast,Casciavit Milano,12,11,13,8,14,13,6,11,5,4,11,12,5,14,7,8,10,9,9,8,10,13,7,13,5,8,10,6,14,13,13,7,12,12,10,7,2000021095,Serie A,Milan
David Santos Daiber,DM/M C,18,92,-7,"Portugal,Germany,Luxembourg",FC Bayern München,8,8,12,6,13,8,11,8,6,10,13,8,10,14,8,9,12,10,10,10,12,12,8,7,10,12,12,12,12,12,11,11,10,11,13,9,2000262633,Bundesliga,FC Bayern München
Diego Aguado,D/WB LC,18,92,-7,Spain,R. Madrid,5,12,14,2,6,2,9,8,8,6,12,4,10,10,15,6,15,10,11,14,12,5,4,7,13,9,7,13,15,10,4,8,15,14,9,9,2000299717,LaLiga,R. Madrid
Gabriele Bertolini,AM RL,19,92,-7,Italy,ACF Fiorentina,9,10,11,10,9,8,5,11,7,3,9,10,3,10,11,12,11,13,12,12,13,9,13,16,5,12,7,12,13,12,11,9,14,12,10,10,2000241001,Serie A,ACF Fiorentina
James Scanlon,AM RLC,18,92,-7,"Gibraltar,England",Manchester United,14,6,11,13,11,12,5,7,4,3,10,12,4,12,8,12,6,12,10,9,16,11,4,13,4,12,9,12,12,10,9,9,11,13,12,8,2000272185,Premier League,Manchester United
Jamie Schuldes,D C,18,92,-7,Germany,RB Leipzig,3,6,10,5,10,12,12,8,14,12,12,11,11,10,13,10,13,10,9,8,13,7,8,7,12,11,11,12,11,9,12,16,14,12,10,12,2000258618,Bundesliga,RB Leipzig
Joan Cruz,AM LC,22,92,-7,Chile,Oviedo,8,10,13,8,13,10,5,12,3,4,12,8,5,13,8,12,8,9,8,11,7,15,7,11,4,8,13,8,13,13,9,7,12,12,11,7,2000050929,LaLiga,Oviedo
Joan Tincres,ST ,19,92,-7,France,AS Monaco,8,7,10,12,11,9,12,10,4,6,10,11,6,11,10,10,11,11,10,10,13,12,8,12,6,13,12,12,12,11,12,12,12,12,10,11,2000188768,Ligue 1,AS Monaco
Joselillo,AM/ST RL,18,92,-7,Spain,Villarreal,7,10,11,13,12,7,9,12,7,7,11,6,8,13,7,6,7,8,7,9,8,13,11,13,7,8,11,12,13,13,12,11,12,13,9,5,2000294487,LaLiga,Villarreal
Jussef Nasrawe,M/AM C,18,92,-7,"Germany,Iraq",FC Bayern München,13,11,13,8,14,12,6,11,5,7,13,12,7,15,8,8,10,9,9,9,13,14,8,9,7,11,12,10,12,14,11,6,12,11,12,6,2000332589,Bundesliga,FC Bayern München
Luc Dabrowski,D C,19,92,-7,"Germany,Poland",1. FC Köln,3,10,8,5,10,3,11,6,8,12,11,6,12,10,13,9,13,9,11,9,13,7,11,7,13,11,10,13,11,9,13,15,13,12,11,12,2000310889,Bundesliga,1. FC Köln
Maxim Dal,D C,19,92,-7,"Germany,Türkiye",1. FSV Mainz 05,2,7,11,6,10,2,12,6,10,12,11,6,13,10,13,10,14,9,10,9,13,8,8,8,12,12,10,13,11,10,12,14,6,12,10,12,2000180858,Bundesliga,1. FSV Mainz 05
Omar Megeed,M/AM LC,19,92,-7,"Egypt,Germany",Hamburger Sport-Verein,10,10,12,10,13,10,8,11,6,7,12,11,9,13,11,9,10,10,9,10,12,14,6,10,7,11,12,10,12,12,11,13,10,11,12,9,2000161486,Bundesliga,Hamburger Sport-Verein
Pol Rivera,AM RL,18,92,-7,Spain,Espanyol,9,10,13,10,12,9,7,10,7,2,12,9,3,13,8,10,8,9,8,11,14,15,7,12,5,9,12,9,14,13,10,7,14,12,9,7,2000277289,LaLiga,Espanyol
Stefan Smarkalev,GK ,18,92,-7,Bulgaria,SV Werder Bremen,2,1,3,1,9,2,7,1,3,1,11,12,1,10,13,9,13,11,9,8,13,8,10,1,12,12,11,15,8,12,11,14,12,9,9,11,2000266605,Bundesliga,SV Werder Bremen
Tommaso Gabellini,ST ,18,92,-7,Italy,Torino,4,6,9,12,11,8,13,9,3,3,10,11,3,10,13,12,12,12,10,11,15,10,11,14,3,12,9,12,12,12,13,13,12,12,10,10,2000291246,Serie A,Torino
Yannik Dasbach,D/WB/DM LC,19,92,-7,Germany,Borussia Mönchengladbach,2,7,8,5,11,4,11,5,5,12,13,6,11,12,13,10,10,10,10,9,13,10,6,8,12,13,11,13,12,11,12,12,13,12,11,11,2000224804,Bundesliga,Borussia Mönchengladbach
Shea Lacey,AM RC,18,91,-85,"England,Republic of Ireland",Manchester United,12,9,15,11,13,14,3,11,2,2,13,10,3,14,12,10,8,12,7,7,3,18,4,11,4,9,12,10,14,13,11,4,11,12,9,5,2000256110,Premier League,Manchester United
Bissenty Gomis,D R,17,91,-75,France,Havre AC,6,13,2,8,10,3,8,8,8,10,10,5,14,10,7,7,10,9,9,10,11,6,11,8,6,9,9,9,14,14,9,8,7,14,8,8,2000401492,Ligue 1,Le Havre
Elyh Harrison,GK ,19,91,-75,"England,Wales,South Africa",Manchester United,4,2,3,2,11,7,2,1,1,3,13,5,1,10,12,10,11,14,10,8,5,3,6,3,11,7,8,8,12,13,8,13,14,10,8,7,2000190299,Premier League,Manchester United
Samuel Nibombé,D/DM C,17,91,-75,Belgium,AS Monaco,10,9,8,9,10,7,12,5,7,11,9,10,12,11,11,12,10,11,11,9,18,11,12,9,10,10,11,10,9,8,12,16,11,10,10,12,2000254426,Ligue 1,AS Monaco
Trent Kone-Doherty,AM RL,19,91,-75,"Republic of Ireland,Northern Ireland",Liverpool,8,12,12,9,12,7,7,8,7,6,13,6,6,13,10,11,5,9,5,7,4,13,9,9,6,10,7,10,14,13,12,5,12,13,11,5,2000191248,Premier League,Liverpool
Tyler Fletcher,DM/M C,18,91,-75,"Scotland,England",Manchester United,6,7,8,8,12,5,9,5,6,10,13,9,10,12,11,12,10,12,10,11,9,6,6,9,12,14,10,12,11,10,9,10,5,12,14,10,2000280811,Premier League,Manchester United
Asier Hierro,ST ,20,91,-7,"Spain,Pays Basque",A. Bilbao,6,7,13,13,12,3,13,8,1,6,8,5,4,13,9,12,9,9,8,12,12,13,8,7,8,7,8,8,12,11,4,14,8,10,9,8,2000217184,LaLiga,A. Bilbao
Caleb Kporha,D/WB RL,19,91,-7,"England,Ghana",Crystal Palace,6,9,10,7,9,6,7,8,9,9,8,8,9,10,9,8,9,10,8,7,12,12,5,10,8,10,9,11,14,13,11,7,12,13,12,8,2000216101,Premier League,Crystal Palace
Enzo Keutgen,M C,18,91,-7,"Belgium,Democratic Republic of Congo,Italy",Juventus,5,8,11,7,11,6,10,8,6,10,12,8,10,14,9,12,10,8,9,10,9,12,6,8,9,7,12,13,12,12,13,10,15,11,12,14,2000261998,Serie A,Juventus
Hugo Cuenca,AM R,20,91,-7,"Paraguay,Spain",Genoa Cricket and Football Club,8,11,13,7,13,8,9,12,5,4,12,8,6,16,6,8,11,9,8,9,13,15,7,14,5,8,10,7,13,13,12,10,9,12,10,10,2000091624,Serie A,Genoa Cricket and Football Club
Lorenzo Ossola,AM RC,18,91,-7,Italy,Casciavit Milano,7,10,11,9,12,7,10,7,4,4,12,8,6,13,8,11,7,9,11,12,10,11,7,12,8,13,12,10,12,12,11,11,11,13,9,8,2000298508,Serie A,Milan
Malang Gomes,DM/M C,20,91,-7,France,FC Nantes,8,8,10,7,11,6,7,9,4,12,11,7,11,10,13,12,13,11,11,11,12,9,7,11,12,12,12,12,10,12,12,7,13,10,13,10,2000126071,Ligue 1,FC Nantes
Mattéo Escouflaire,D/WB R,20,91,-7,France,RC Lens,7,11,8,3,14,2,5,4,8,10,9,3,14,9,9,7,9,9,12,14,14,9,9,8,11,4,7,9,14,14,8,8,9,14,11,7,2000289155,Ligue 1,RC Lens
Osman Kamara,AM RL,18,91,-7,"Sierra Leone,England,Netherlands",Arsenal,10,10,12,10,12,10,5,8,1,2,8,8,4,13,7,7,5,9,7,7,12,14,5,11,2,11,7,12,15,14,8,6,12,14,10,6,2000216554,Premier League,Arsenal
Pablo Busto,D R,19,91,-7,Spain,Real Hispalis,6,10,9,6,10,6,9,9,9,8,11,7,11,13,10,10,10,8,10,10,12,10,7,8,9,10,8,13,13,12,12,10,15,12,14,12,2000210763,LaLiga,Real Betis
Safyan Touré,M/AM RL,19,91,-7,"France,Togo",1. FC Köln,8,12,13,12,13,7,7,3,5,7,13,3,5,12,8,9,8,9,6,13,13,15,12,13,7,8,10,11,13,13,6,8,15,13,7,6,2000311527,Bundesliga,1. FC Köln
Sergio Mestre,GK ,20,91,-7,Spain,R. Madrid,2,2,2,3,7,6,1,3,2,2,13,2,2,6,5,7,15,8,9,13,10,3,12,2,13,8,7,7,11,13,8,17,10,11,3,7,2000164447,LaLiga,R. Madrid
Taufik Seidu,DM/M C,17,90,-85,"Spain,Ghana",A. Madrid,6,6,10,3,10,2,5,9,6,8,14,10,5,12,4,7,6,10,11,12,12,5,10,12,9,12,12,10,9,12,10,5,10,9,10,9,2000379470,LaLiga,A. Madrid
Bernard Nguene,ST ,19,90,-8,Cameroon,OGC Nice,8,5,14,10,14,8,14,9,8,8,11,5,14,14,13,13,12,10,6,14,4,13,12,10,8,13,14,9,9,11,8,8,8,12,10,8,2000416511,Ligue 1,OGC Nice
Chizzy Ezenwata,ST ,16,90,-8,"England,Nigeria",Chelsea,9,6,6,13,9,9,9,7,4,6,6,13,5,9,9,10,10,10,10,10,5,6,8,11,9,13,11,14,14,7,10,10,17,13,9,10,2000476260,Premier League,Chelsea
Darryl Bakola,M C,17,90,-8,"France,Congo",Olympique de Marseille,5,10,10,10,12,4,10,10,1,9,12,5,10,10,11,11,10,10,9,11,13,14,8,10,10,11,12,9,12,12,10,12,13,12,12,12,2000398626,Ligue 1,Olympique de Marseille
Federico Steffanoni,M C,16,90,-8,Italy,Bergamo,11,6,11,9,13,8,7,7,4,5,15,7,9,13,13,7,11,14,12,13,14,11,7,10,9,13,12,12,10,10,9,9,13,10,10,8,2000386608,Serie A,Atalanta
Igor Oyono,ST R,17,90,-8,"Spain,Equatorial Guinea,Pays Basque",A. Bilbao,7,11,13,13,13,7,13,4,2,4,12,4,2,12,10,9,4,10,5,13,5,12,8,13,7,7,7,11,13,13,12,11,12,13,12,4,2000370918,LaLiga,A. Bilbao
Jamal Jimoh-Aloba,M/AM C,18,90,-8,"England,Nigeria",Aston Villa,10,14,14,11,14,9,9,15,8,10,11,5,11,10,13,10,7,13,11,10,11,15,3,15,11,11,11,11,9,11,11,12,6,11,6,5,2000310215,Premier League,Aston Villa
Jano Monserrate,M/AM C,19,90,-8,Spain,A. Madrid,12,12,13,10,11,12,3,13,2,5,10,12,6,13,7,10,9,12,8,11,17,18,11,10,6,11,11,8,12,14,10,6,11,11,9,6,2000295441,LaLiga,A. Madrid
Luke Fahrenhorst,DM/M C,16,90,-8,Germany,Borussia Dortmund,8,7,10,6,13,6,10,8,6,10,13,8,11,13,12,11,13,12,11,10,13,8,12,7,11,12,12,13,9,10,12,13,11,10,13,10,2000512563,Bundesliga,Borussia Dortmund
Manex Lozano,ST ,18,90,-8,"Spain,Pays Basque",A. Bilbao,7,6,12,13,12,7,13,8,6,5,8,9,3,13,6,10,9,13,8,13,11,13,11,13,8,7,7,8,13,13,8,7,11,13,9,6,2000489705,LaLiga,A. Bilbao
Rayane Messi,AM RL,18,90,-8,"France,Cameroon,Tunisia",RC Strasbourg Alsace,8,12,11,12,11,7,6,10,4,4,12,6,5,14,6,8,8,11,7,13,8,15,7,6,8,8,12,9,10,12,7,7,8,10,13,6,2000295410,Ligue 1,RC Strasbourg Alsace
Richi Agbonifo,M/AM/ST RC,19,90,-8,"Italy,Nigeria",Blu-neri Milano,12,11,12,8,11,5,7,5,4,5,10,7,6,10,8,11,10,8,9,9,7,9,5,11,7,12,12,10,13,14,11,9,11,13,9,9,2000205844,Serie A,Inter
Vakhtang Salia,AM/ST RC,17,90,-8,Georgia,Newcastle United,8,9,13,11,11,8,10,8,4,3,10,9,4,12,10,12,11,11,9,8,15,11,7,11,5,12,10,12,13,13,11,12,10,11,10,8,2000336547,Premier League,Newcastle United
Wael Mohya,M/AM C,16,90,-8,"Germany,Morocco",Borussia Mönchengladbach,10,9,13,8,14,10,6,10,5,6,12,12,7,15,7,8,8,8,8,8,14,16,4,8,6,11,11,12,13,13,10,6,15,12,11,6,2000468465,Bundesliga,Borussia Mönchengladbach
Adin Ličina,M/AM RC,18,90,-75,"Germany,Montenegro,Bosnia and Herzegovina",FC Bayern München,11,9,15,8,13,11,6,9,6,6,12,11,7,14,7,8,8,9,8,8,12,17,3,8,6,8,11,10,13,14,9,9,8,12,10,7,2000259412,Bundesliga,FC Bayern München
David Fernández,DM C,17,90,-75,Spain,A. Madrid,7,6,4,8,14,8,8,14,5,14,10,8,13,14,12,11,9,10,8,14,8,5,4,9,9,7,14,12,9,12,9,7,13,13,10,10,2000457929,LaLiga,A. Madrid
Fletcher Boyd,AM/ST C,17,90,-75,Scotland,Aston Villa,5,8,11,13,10,7,9,9,2,3,13,4,5,13,10,13,6,10,4,11,15,11,10,9,8,8,8,9,14,12,12,5,12,14,8,1,2000268652,Premier League,Aston Villa
Hugo de Llanos,M/AM RLC,20,90,-75,Spain,R. Madrid,8,10,14,13,12,8,4,11,6,9,9,8,13,14,8,11,6,12,9,14,17,13,9,14,9,12,6,13,12,9,8,8,13,11,13,6,2000222381,LaLiga,R. Madrid
Ibra Sow,ST RL,18,90,-75,"Spain,Senegal",Sevilla,7,9,13,13,13,7,13,8,6,5,13,8,8,9,9,11,6,9,6,12,11,9,1,8,7,8,9,9,13,13,13,11,9,13,4,5,2000300128,LaLiga,Sevilla
Jim Thwaites,DM/M/AM C,17,90,-75,England,Manchester United,14,11,8,9,11,16,1,12,1,4,14,9,5,12,5,9,7,14,7,8,11,14,2,10,4,12,9,11,11,12,9,4,14,11,10,6,2000392459,Premier League,Manchester United
Jimi Tauriainen,M C,21,90,-75,Finland,Chelsea,10,9,9,10,9,12,7,12,3,6,8,8,8,11,8,11,10,10,12,10,6,9,8,9,9,10,10,10,14,9,11,12,14,14,15,11,2000018180,Premier League,Chelsea
Jon Esenga,D LC,18,90,-75,"England,Democratic Republic of Congo",Fulham,12,11,10,2,10,12,10,8,8,14,11,6,14,12,5,6,10,8,7,14,8,5,12,7,14,8,10,11,9,9,7,12,14,11,11,10,2000276595,Premier League,Fulham
Julio Díaz,D/WB L,20,90,-75,Spain,A. Madrid,6,14,8,8,14,3,9,5,6,9,10,4,14,9,8,11,10,9,9,10,12,12,5,8,7,9,9,9,10,14,9,6,13,13,14,7,2000213969,LaLiga,A. Madrid
Kilian Sauck,M/AM LC,18,90,-75,"Germany,Cape Verde Islands",Borussia Mönchengladbach,12,9,15,8,14,12,4,10,5,6,12,12,6,15,12,8,7,8,8,8,8,19,2,8,6,8,12,8,12,14,11,6,8,12,11,7,2000259413,Bundesliga,Borussia Mönchengladbach
Lakyle Samuel,D RC,19,90,-75,"England,Trinidad and Tobago",Manchester City,5,8,10,7,13,5,9,7,7,10,13,7,10,13,10,9,10,13,9,10,14,5,7,11,9,12,11,12,12,12,13,8,13,12,12,10,2000184227,Premier League,Manchester City
Leonardo Bovio,D C,17,90,-75,Italy,Blu-neri Milano,7,5,6,2,8,7,13,7,7,13,8,2,13,7,7,8,10,8,7,13,13,5,3,5,12,7,1,8,12,13,8,11,10,10,5,11,2000391611,Serie A,Inter
Marius Savidan,ST ,18,90,-75,"France,Guadeloupe",Angers SCO,7,5,13,13,13,7,13,8,5,7,8,11,2,10,7,13,4,13,8,12,8,10,3,13,8,7,8,8,13,11,8,6,10,12,6,6,2000394912,Ligue 1,Angers SCO
Naba Mensah,DM/M C,18,90,-75,"Germany,Ghana",Bayer 04 Leverkusen,8,8,12,6,14,8,7,8,6,8,13,12,9,14,13,8,11,11,9,8,12,12,7,8,8,12,12,13,12,13,11,9,12,12,13,7,2000259408,Bundesliga,Bayer 04 Leverkusen
Natnael Abraha,D R,17,90,-75,"Germany,Ethiopia",TSG 1899 Hoffenheim,8,11,12,6,10,8,10,10,12,11,11,11,11,10,11,11,12,8,8,8,13,12,7,11,11,12,10,13,12,10,12,11,15,13,12,12,2000332384,Bundesliga,TSG 1899 Hoffenheim
Neno Žeželj,M/AM RC,17,90,-75,"Germany,Croatia,Serbia",VfB Stuttgart,11,9,14,8,14,12,6,12,6,5,13,12,6,14,7,8,9,9,8,9,12,15,6,10,5,11,12,10,12,13,11,7,15,12,11,7,2000332332,Bundesliga,VfB Stuttgart
Òscar Gistau,ST ,17,90,-75,Spain,Barcelona,2,6,9,13,11,8,12,9,6,5,8,11,7,11,12,9,9,11,8,9,14,12,7,12,5,8,8,9,12,11,11,12,14,13,10,10,2000352027,LaLiga,Barcelona
Park Seung-Soo,M/AM L,18,90,-75,South Korea,Newcastle United,3,10,13,13,11,5,7,8,7,7,11,6,8,11,10,6,6,11,6,9,17,16,4,12,10,11,8,9,16,11,12,8,13,12,10,9,2000276958,Premier League,Newcastle United
Pedro Rodríguez,DM/M/AM C,17,90,-75,Spain,Barcelona,8,7,10,9,11,8,6,9,7,8,13,8,10,12,12,11,10,11,11,12,14,11,10,10,10,12,12,12,10,11,12,5,14,10,11,8,2000370427,LaLiga,Barcelona
Preston Fearon,M C,18,90,-75,"England,Jamaica",West Ham United,9,13,13,9,10,10,10,12,10,9,10,7,11,12,14,11,10,10,12,9,17,9,10,16,12,15,8,12,13,10,8,9,14,14,8,8,2000260914,Premier League,West Ham United
Rio Kyerematen,M C,20,90,-75,England,Tottenham Hotspur,5,6,13,12,11,8,9,9,5,10,12,5,9,13,15,8,5,8,11,10,14,14,9,10,11,9,11,13,13,11,15,12,15,13,12,8,2000123642,Premier League,Tottenham Hotspur
Salvatore Mule,M/AM LC,17,90,-75,"Germany,Italy",VfB Stuttgart,10,10,15,8,13,8,6,11,5,3,10,10,4,13,7,8,8,8,7,7,11,16,3,10,3,8,9,9,14,13,11,8,8,13,11,8,2000332521,Bundesliga,VfB Stuttgart
Sama Nomoko,AM RL,17,90,-75,"Spain,Mali",Barcelona,9,9,12,8,10,8,7,8,7,4,9,7,7,11,11,7,10,8,6,8,14,15,7,10,5,8,8,9,15,15,10,8,16,15,8,7,2000402956,LaLiga,Barcelona
Samuel Amissah,D C,18,90,-75,"England,Ghana",Fulham,7,2,2,7,8,3,12,8,4,12,13,5,14,13,15,12,15,11,7,14,8,7,11,8,14,8,11,9,8,6,9,12,9,9,10,10,2000276593,Premier League,Fulham
Tommaso Ravaglioli,ST L,19,90,-75,Italy,Bologna FC 1909,12,10,11,12,10,12,7,11,4,3,9,12,4,10,11,11,11,11,11,9,14,11,10,13,4,12,10,12,13,12,14,7,13,12,11,9,2000184652,Serie A,Bologna FC 1909
Tyler Meiser,D C,18,90,-75,"Germany,United States",Borussia Mönchengladbach,2,7,8,5,9,3,12,7,13,12,11,10,13,9,12,8,14,8,10,8,13,7,11,8,12,12,10,13,12,10,12,13,12,12,11,12,2000259383,Bundesliga,Borussia Mönchengladbach
Viggo Gebel,M/AM RLC,17,90,-75,Germany,RB Leipzig,13,11,12,8,12,12,8,11,6,7,12,11,8,12,14,8,12,8,9,8,16,13,7,10,7,13,12,15,12,12,10,8,14,12,11,7,2000330436,Bundesliga,RB Leipzig
Aaron Malouda,AM RLC,19,90,-7,"France,French Guiana",LOSC Lille,8,12,14,11,14,8,3,9,8,6,14,8,8,14,6,8,7,9,10,10,12,15,1,13,7,9,10,9,13,10,10,11,5,12,6,8,2000201225,Ligue 1,LOSC Lille
Adam Žulevič,ST ,17,90,-7,Slovakia,Genoa Cricket and Football Club,7,3,13,13,13,7,13,8,2,6,7,4,5,13,9,9,7,13,4,13,1,13,9,13,8,7,7,8,8,10,4,18,9,11,8,11,2000398590,Serie A,Genoa Cricket and Football Club
Alexander Gurendal,M/AM L,20,90,-7,"Norway,Portugal",Valencia,8,12,11,9,13,7,9,7,7,4,13,4,8,13,15,9,9,9,8,9,16,15,13,11,7,7,9,12,9,11,12,12,7,12,10,6,2000217555,LaLiga,Valencia
Alin Kumer Čelik,D LC,18,90,-7,Slovenia,Genoa Cricket and Football Club,8,14,9,8,7,4,13,8,6,10,9,7,11,10,10,10,11,10,10,11,4,5,13,8,8,10,8,10,11,11,10,16,15,11,11,9,2000272157,Serie A,Genoa Cricket and Football Club
Carlos Lumbreras,ST ,20,90,-7,"Spain,Pays Basque",Atlético Pamplona,5,7,11,13,10,6,10,10,4,5,10,12,6,11,6,13,12,6,8,12,8,11,7,13,11,13,7,12,13,12,10,9,7,12,11,7,2000230858,LaLiga,Osasuna
Charlie McArthur,D C,20,90,-7,Scotland,Newcastle United,7,8,9,7,10,9,12,8,8,11,10,8,12,10,11,10,13,11,9,8,12,8,9,7,10,9,9,11,14,11,11,13,13,12,12,13,2000126895,Premier League,Newcastle United
"Cristo(Capitolini Celesti,Spain)",M/AM C,20,90,-7,Spain,Capitolini Celesti,9,8,11,8,12,9,10,10,5,6,12,9,7,13,10,8,10,11,8,11,14,16,8,12,7,11,12,7,11,13,12,11,14,11,12,10,2000228103,Serie A,Lazio
Dani Muñoz,D/WB L,19,90,-7,Spain,A. Madrid,8,14,10,7,13,7,7,7,8,8,13,5,9,13,10,11,10,10,11,12,8,10,5,14,8,10,13,10,13,14,10,5,13,12,12,8,2000425089,LaLiga,A. Madrid
Davis Rath,DM/M C,19,90,-7,Germany,Hamburger Sport-Verein,12,11,12,7,13,16,6,11,6,7,13,14,8,13,8,9,8,11,9,10,12,13,8,10,7,11,12,9,12,13,10,6,14,11,13,6,2000214304,Bundesliga,Hamburger Sport-Verein
Eder Aller,GK ,18,90,-7,Spain,Barcelona,3,3,1,2,10,6,7,2,1,1,11,6,1,9,7,9,11,10,8,11,14,7,9,2,10,8,10,7,11,13,9,11,14,9,7,8,2000298440,LaLiga,Barcelona
Eman Košpo,D C,18,90,-7,"Bosnia and Herzegovina,Switzerland",ACF Fiorentina,3,5,10,6,10,3,12,6,6,11,12,6,12,10,12,10,12,10,10,9,14,8,10,8,12,11,10,11,11,10,12,14,14,11,10,12,2000260079,Serie A,ACF Fiorentina
Étienne Borié,AM RLC,19,90,-7,Germany,1. FC Köln,12,9,13,8,12,12,5,9,6,6,12,12,6,13,7,8,8,8,7,7,12,16,4,8,6,8,11,10,13,13,11,8,8,12,13,7,2000263460,Bundesliga,1. FC Köln
"Fallou Fall(Olympique Lyonnais,Senegal)",DM/M C,19,90,-7,Senegal,Olympique Lyonnais,4,6,8,6,13,7,7,9,3,13,13,3,13,13,15,8,14,6,9,13,16,6,7,4,10,12,13,10,13,12,12,9,6,11,7,12,2000377137,Ligue 1,Olympique Lyonnais
Fayssal Harchaoui,DM/M C,19,90,-7,"Germany,Morocco",1. FC Köln,10,8,11,7,12,10,8,8,6,10,12,12,11,12,13,10,12,11,11,9,16,10,7,8,10,13,12,14,11,11,10,8,12,11,12,9,2000180870,Bundesliga,1. FC Köln
Ferran Gómez,DM/M C,19,90,-7,Spain,Espanyol,7,8,10,8,12,7,11,9,6,9,12,7,10,12,14,10,12,11,10,12,14,10,8,11,11,11,10,12,10,11,11,12,14,10,12,10,2000397382,LaLiga,Espanyol
Genesis Antwi,D/WB RL,18,90,-7,"Sweden,England,Ghana",Chelsea,7,9,8,8,9,4,6,3,9,6,7,7,7,9,10,7,7,8,6,7,12,8,11,6,7,12,8,11,16,8,10,14,14,15,9,9,2000251829,Premier League,Chelsea
Isaac Mabaya,D/WB/M RC,20,90,-7,"England,Zimbabwe",Liverpool,9,11,10,5,12,9,9,6,9,11,14,6,13,11,5,10,9,10,12,6,4,10,4,15,7,14,12,13,12,6,13,14,8,15,8,12,2000108376,Premier League,Liverpool
Isaac Smith,D C,20,90,-7,England,Manchester City,6,3,11,7,12,1,5,7,3,13,7,6,12,7,15,12,11,11,10,13,3,10,4,4,13,4,6,9,12,10,8,11,15,12,9,11,2000109354,Premier League,Manchester City
Ismaël Aouad,AM/ST C,19,90,-7,"France,Morocco",RC Lens,9,9,14,11,10,9,11,10,9,6,15,5,10,11,10,13,4,10,10,10,9,14,4,14,10,6,12,11,12,10,10,8,17,13,11,8,2000289163,Ligue 1,RC Lens
Jacob Slater,D/WB L,20,90,-7,"Republic of Ireland,England",Brighton & Hove Albion,6,12,9,10,12,2,11,10,10,14,12,8,11,12,9,8,11,11,8,16,2,5,2,10,11,11,7,11,9,11,11,12,12,10,9,8,2000112607,Premier League,Brighton & Hove Albion
Jakes Gorosabel,ST ,21,90,-7,"Spain,Pays Basque",Real San Sebastián,3,3,13,13,13,4,12,8,7,7,8,6,7,12,10,10,6,11,4,8,17,12,9,13,8,7,3,8,13,12,3,11,14,12,7,7,2000245593,LaLiga,Real Sociedad
Jan Bürger,D/WB R,18,90,-7,Germany,VfL Wolfsburg,11,12,12,7,11,10,6,8,12,8,11,8,9,11,11,8,10,8,8,8,12,12,8,11,9,12,10,13,13,12,11,8,11,13,12,9,2000259397,Bundesliga,VfL Wolfsburg
Jan Peries,AM RLC,17,90,-7,Spain,Espanyol,10,10,13,8,12,10,7,9,7,5,11,9,7,14,7,8,9,10,9,11,14,14,8,10,5,10,11,9,13,12,11,7,14,12,9,8,2000497000,LaLiga,Espanyol
Jorge Castillo,M C,19,90,-7,Spain,A. Madrid,8,7,8,8,13,8,8,8,2,10,13,1,10,14,6,14,5,7,9,13,15,6,2,4,9,8,13,13,13,13,8,10,11,13,8,6,2000447646,LaLiga,A. Madrid
Joseph Namatane,DM/M/AM LC,18,90,-7,Senegal,FC Metz,6,7,15,10,14,8,12,11,5,11,10,6,9,12,8,8,9,12,12,11,18,12,1,12,11,13,12,14,10,11,10,13,12,9,10,8,12095902,Ligue 1,FC Metz
Juan Hernández,M/AM LC,18,90,-7,Spain,Barcelona,10,9,14,9,13,10,6,9,6,5,12,9,6,14,8,9,9,10,9,12,14,16,7,10,5,9,12,8,12,14,11,5,14,11,8,5,2000297543,LaLiga,Barcelona
Kyle McAdam,D/WB/M/AM L,20,90,-7,England,Nottingham Forest,7,9,9,7,12,7,11,2,3,9,8,4,11,9,15,10,15,11,12,13,13,13,12,9,6,8,5,14,14,8,8,8,15,12,14,12,2000109154,Premier League,Nottingham Forest
Lander Astiazarán,M/AM C,19,90,-7,"Spain,Pays Basque",Real San Sebastián,5,7,9,10,13,7,7,8,6,8,13,7,6,13,15,10,9,8,8,13,4,13,8,11,9,8,13,11,11,13,8,9,14,13,7,7,2000411820,LaLiga,Real Sociedad
Lluc Castell,AM/ST RLC,18,90,-7,Spain,Espanyol,10,10,12,8,13,10,5,10,4,5,11,9,6,13,7,8,8,11,9,10,12,14,5,11,6,9,11,10,12,13,11,4,12,11,10,6,2000299750,LaLiga,Espanyol
Louis Babatz,GK ,19,90,-7,Germany,1. FSV Mainz 05,2,2,3,1,7,7,4,1,2,3,10,1,2,8,7,8,12,9,10,8,13,5,7,1,13,10,9,10,8,12,11,15,13,8,8,11,2000311534,Bundesliga,1. FSV Mainz 05
Marwin Schmitz,DM/M C,18,90,-7,Germany,FC St. Pauli,11,9,11,7,11,10,8,11,7,11,11,8,11,11,12,10,12,10,11,10,12,11,7,8,11,13,11,12,11,11,11,10,13,11,13,9,2000258045,Bundesliga,FC St. Pauli
Mauro Echegoyen,M/AM C,20,90,-7,"Spain,Pays Basque",Atlético Pamplona,9,10,12,8,13,9,6,7,5,5,12,11,6,13,5,6,12,13,10,12,10,13,6,7,6,11,13,10,13,13,10,7,9,12,9,7,2000230859,LaLiga,Osasuna
Max Merrick,GK ,19,90,-7,England,Chelsea,6,3,1,3,8,7,3,3,1,3,9,2,1,11,10,12,11,9,9,8,1,1,3,1,11,11,10,9,10,11,12,12,14,10,4,9,2000184625,Premier League,Chelsea
Melvin Onos,M/AM C,18,90,-7,"Germany,Nigeria",TSG 1899 Hoffenheim,7,7,9,12,13,7,10,9,1,8,11,7,9,13,8,5,4,6,9,13,7,13,1,9,5,6,13,11,11,10,8,11,10,13,6,6,2000311591,Bundesliga,TSG 1899 Hoffenheim
Mick Schmetgens,D C,17,90,-7,Germany,SV Werder Bremen,2,6,8,5,10,3,12,6,8,12,11,6,13,10,13,8,14,8,9,9,13,6,8,7,12,12,10,13,12,9,12,15,15,13,10,12,2000327151,Bundesliga,SV Werder Bremen
Miguel Londoño,DM/M C,18,90,-7,"Spain,Colombia",Espanyol,8,7,10,9,11,8,9,10,6,9,12,8,10,12,11,9,10,10,9,11,14,11,10,10,10,12,12,11,11,12,11,9,14,11,12,9,2000264235,LaLiga,Espanyol
"Nemanja Milojević(Unione Sportiva Lecce,Slovenia)",ST ,18,90,-7,Slovenia,Unione Sportiva Lecce,8,7,14,11,13,8,12,7,3,6,8,2,7,14,11,12,7,12,10,12,4,13,1,12,7,8,9,10,11,11,10,14,15,11,14,11,2000436645,Serie A,Unione Sportiva Lecce
Nick Cherny,M/AM RLC,18,90,-7,"Germany,Russia",Borussia Dortmund,6,6,11,12,9,6,5,6,1,4,9,5,8,12,13,8,8,6,7,11,7,15,9,12,6,7,11,11,12,12,7,6,14,12,8,5,2000259219,Bundesliga,Borussia Dortmund
Oscar Lenne,D/WB L,18,90,-7,France,RC Lens,7,11,9,6,13,2,9,9,9,11,11,1,14,11,8,12,10,7,11,15,17,8,10,8,9,10,10,10,14,12,10,10,12,11,8,8,2000290361,Ligue 1,RC Lens
Owen Bosch,GK ,18,90,-7,"Spain,Nigeria",Elche,2,2,2,2,5,5,1,3,3,1,10,2,1,8,5,13,12,6,8,13,12,2,2,2,9,9,8,8,13,7,5,9,12,14,6,10,2000510300,LaLiga,Elche
Pharell Kegni,ST ,18,90,-7,Germany,Borussia Dortmund,8,7,14,14,14,7,11,7,1,8,9,7,2,13,5,8,9,11,8,14,7,12,9,14,9,7,9,9,14,12,9,12,14,13,7,7,2000259167,Bundesliga,Borussia Dortmund
Pierre Dorival,DM/M C,19,90,-7,Senegal,Olympique Lyonnais,5,8,4,5,14,7,8,14,3,10,14,7,14,14,14,9,9,4,4,13,17,5,11,10,13,9,7,13,14,11,9,10,8,13,9,8,2000377139,Ligue 1,Olympique Lyonnais
Quim Junyent,M/AM C,18,90,-7,Spain,Barcelona,10,9,12,9,13,10,6,9,6,6,12,8,7,14,8,9,9,11,8,12,14,14,8,10,7,11,14,9,11,12,12,6,14,9,11,7,2000297440,LaLiga,Barcelona
Roman Dixon,D/WB R,20,90,-7,England,Everton,8,13,9,6,12,8,5,8,8,5,8,6,11,12,14,7,9,10,11,9,5,6,5,9,8,9,10,12,15,14,9,6,10,16,10,7,2000143998,Premier League,Everton
Rory Mahady,GK ,18,90,-7,Scotland,Leeds United,5,3,2,1,6,8,1,2,1,3,14,3,1,12,6,11,8,10,7,14,16,3,5,1,7,9,8,8,9,12,9,11,16,9,4,9,2000190647,Premier League,Leeds United
Shane Nti,M/AM/ST C,18,90,-7,"England,Malaysia,Ghana",Brighton & Hove Albion,10,13,8,12,9,10,9,8,6,11,8,11,12,10,14,9,10,10,9,8,13,9,6,9,7,9,8,10,13,9,9,11,12,12,12,10,2000301600,Premier League,Brighton & Hove Albion
Till Neininger,D C,18,90,-7,Germany,VfL Wolfsburg,8,8,8,7,11,12,12,12,10,12,11,13,12,11,8,9,13,8,9,8,12,7,8,8,11,12,10,13,12,10,13,12,12,12,11,13,2000259390,Bundesliga,VfL Wolfsburg
Tim Müller,D/WB L,20,90,-7,Germany,1. FSV Mainz 05,6,13,12,7,11,6,6,7,12,10,11,7,11,12,11,8,8,8,7,8,13,12,3,13,10,11,11,11,14,12,12,9,15,13,13,8,2000197264,Bundesliga,1. FSV Mainz 05
Tomàs Marqués,DM/M C,18,90,-7,Spain,Barcelona,9,7,10,8,11,8,11,9,5,9,12,8,10,12,11,10,10,10,10,12,14,11,7,9,11,11,12,11,10,11,11,12,14,11,12,11,2000297470,LaLiga,Barcelona
Tommaso Ebone,ST ,19,90,-7,Italy,Bologna FC 1909,3,5,11,11,11,4,13,7,4,3,10,11,3,11,8,11,8,9,11,9,12,7,8,14,4,11,8,11,11,11,13,13,12,11,11,13,2000125170,Serie A,Bologna FC 1909
Tommi O'Reilly,M/AM RC,21,90,-7,"England,Republic of Ireland",Aston Villa,9,9,13,9,12,9,5,12,5,6,12,10,5,13,8,8,8,9,7,8,12,15,5,10,7,10,12,10,13,14,13,5,13,11,10,6,2000047457,Premier League,Aston Villa
Travis Patterson,D/WB L,19,90,-7,England,Aston Villa,8,10,10,13,12,8,8,5,7,9,14,7,14,8,5,11,9,9,11,13,4,7,11,11,7,8,5,10,13,13,8,7,14,13,6,6,2000198730,Premier League,Aston Villa
Will Dickson,AM/ST RLC,20,90,-7,England,Manchester City,6,7,12,11,9,6,7,8,4,6,9,12,6,10,10,10,10,11,7,8,16,9,5,10,8,12,9,13,12,11,11,11,12,12,12,10,2000109372,Premier League,Manchester City
Yacine Chaib,D/WB L,20,90,-7,France,Olympique Lyonnais,12,12,11,7,12,12,5,8,10,10,11,9,10,12,12,13,12,10,9,10,12,9,6,12,10,12,12,12,12,13,8,4,12,13,10,7,2000094885,Ligue 1,Olympique Lyonnais
Yoon Do-Young,AM R,18,90,-7,South Korea,Brighton & Hove Albion,10,10,11,7,16,7,10,9,5,8,11,5,12,11,15,11,8,8,9,8,11,8,10,9,10,12,11,12,11,11,10,7,13,10,10,9,2000332599,Premier League,Brighton & Hove Albion
Zane Albarus,DM/M C,19,90,-7,England,Brighton & Hove Albion,6,7,10,6,9,6,7,7,5,9,9,8,11,9,11,11,11,9,10,10,14,11,6,8,10,14,8,16,15,11,11,8,7,14,14,10,2000210133,Premier League,Brighton & Hove Albion
Gaël Lafont,M/AM C,19,89,-8,France,Genoa Cricket and Football Club,10,10,11,12,12,12,7,12,5,4,11,12,4,12,9,11,10,10,11,10,10,11,7,11,10,11,11,11,11,11,12,7,11,11,11,10,2000214877,Serie A,Genoa Cricket and Football Club
Kieran Morrison,M/AM RLC,18,89,-8,"Northern Ireland,England",Liverpool,12,14,11,9,14,11,7,8,5,7,12,7,9,13,9,7,5,13,9,14,16,10,3,14,7,13,10,9,14,12,9,10,15,11,7,4,2000276761,Premier League,Liverpool
Rory Wilson,ST ,19,89,-8,Scotland,Aston Villa,9,8,7,15,14,9,9,10,8,9,7,11,6,9,11,12,9,13,10,8,16,7,7,9,7,9,9,12,13,12,10,12,16,13,10,9,2000106725,Premier League,Aston Villa
Yaël Thébault,D/DM C,18,89,-8,France,Stade Rennais FC,6,7,8,6,6,7,9,9,4,10,12,1,14,8,9,14,8,9,8,14,15,5,11,7,14,8,9,9,14,13,8,10,13,13,10,6,2000289509,Ligue 1,Stade Rennais FC
Andrea Cogoni,D RC,19,89,-75,Italy,Cagliari Calcio,4,9,8,7,9,2,12,6,10,10,11,5,9,10,11,13,12,11,12,11,12,7,7,10,12,10,10,11,13,11,11,10,11,13,10,9,2000204673,Serie A,Cagliari Calcio
Daniel Yáñez,M/AM RL,18,89,-75,Spain,R. Madrid,7,9,10,14,13,7,7,5,7,7,14,7,4,14,5,10,8,9,6,9,19,11,8,12,7,8,14,13,13,12,8,9,12,14,8,5,2000299363,LaLiga,R. Madrid
Jeremy Kandje Mbambi,D C,17,89,-75,Belgium,Pisa Sporting Club,7,8,9,7,10,8,12,6,8,12,10,1,13,10,15,11,15,10,9,14,10,8,10,6,11,7,12,5,9,9,8,17,14,10,4,10,2000368788,Serie A,Pisa Sporting Club
Maxime De Brul,D C,16,89,-75,Belgium,Juventus,4,4,7,4,8,1,13,7,6,13,8,6,13,7,15,8,10,6,10,13,8,5,7,5,10,8,6,8,13,12,11,12,11,13,4,6,2000449325,Serie A,Juventus
Thomas Lissi,D/WB RC,17,89,-75,Italy,Blu-neri Milano,6,8,6,6,9,2,9,7,7,14,7,7,14,9,15,7,9,7,8,14,6,6,7,7,5,8,6,9,14,11,8,11,13,14,14,6,2000394914,Serie A,Inter
Boubakar Dembaga,DM/M C,19,89,-7,France,AS Monaco,7,7,6,7,14,7,14,9,4,9,14,3,14,14,5,10,8,7,7,11,10,5,5,8,10,8,14,13,14,8,8,14,10,12,9,5,2000375515,Ligue 1,AS Monaco
Diego Ripani,DM/M C,19,89,-7,Italy,Juventus,7,11,11,7,11,14,7,14,5,7,9,11,10,9,12,11,14,12,10,10,13,8,7,9,11,12,9,12,12,13,11,7,11,11,12,9,2000098466,Serie A,Juventus
Francesco Verde,D C,18,89,-7,Italy,Juventus,3,8,6,7,7,4,9,5,6,10,10,5,10,11,12,13,10,12,13,13,13,5,12,8,11,14,13,13,11,10,10,11,13,11,11,9,2000265964,Serie A,Juventus
Harvey Davies,GK ,21,89,140,England,Liverpool,3,3,1,2,8,4,3,3,2,2,8,3,1,8,13,10,11,11,10,11,12,2,7,3,10,11,7,11,8,9,12,15,12,9,8,11,2000049216,Premier League,Liverpool
Iker Lizaso,D L,18,89,-7,"Spain,Pays Basque",Atlético Pamplona,5,13,3,2,14,3,9,8,8,9,9,5,15,9,12,10,6,9,9,15,10,5,11,6,11,9,8,9,13,13,9,9,15,11,14,8,2000462062,LaLiga,Osasuna
Isaac Holland,AM R,19,89,-7,England,Brentford,7,10,11,10,11,9,8,10,8,7,10,8,8,12,11,9,12,10,11,11,10,10,9,11,7,11,10,12,11,11,11,9,12,11,13,9,2000198121,Premier League,Brentford
Jaden Heskey,M/AM C,19,89,-7,England,Manchester City,7,7,11,8,11,7,8,8,5,8,11,3,9,11,10,9,9,11,8,9,10,9,7,10,9,12,9,13,13,12,12,8,8,11,12,10,2000185230,Premier League,Manchester City
Jorge Rajado,M/AM RL,19,89,-7,Spain,A. Madrid,7,12,13,13,11,6,3,7,6,4,13,8,7,8,9,11,8,8,6,11,5,8,1,11,5,7,8,8,12,10,7,10,9,11,9,6,2000396085,LaLiga,A. Madrid
Kamarni Ryan,M/AM RLC,19,89,-7,England,Burnley,9,13,8,13,10,8,9,9,6,3,13,5,6,11,13,11,7,10,9,6,11,13,4,9,4,10,15,11,15,11,9,12,10,12,9,8,2000216560,Premier League,Burnley
Luke Mbete,D LC,21,89,-7,"England,Democratic Republic of Congo",Manchester City,5,5,7,5,12,5,12,5,8,12,12,3,12,12,10,10,10,12,9,9,10,5,8,10,10,12,13,10,12,12,10,12,10,12,8,12,2000014931,Premier League,Manchester City
Mathis Saka,DM/M C,18,89,-7,France,Toulouse FC,7,8,11,10,12,7,7,7,1,9,14,2,13,11,14,11,8,9,9,14,3,8,5,9,9,8,11,11,11,12,10,7,14,10,8,8,2000290382,Ligue 1,Toulouse FC
Maurice Spahn,D/WB R,18,89,-7,Germany,Eintracht Frankfurt,7,11,8,9,11,4,10,8,6,14,9,9,8,11,10,11,10,10,13,12,9,6,10,9,14,10,6,11,13,14,11,9,13,13,8,9,2000311586,Bundesliga,Eintracht Frankfurt
Mofe Jemide,D C,18,89,-7,"England,Nigeria",Crystal Palace,4,7,9,6,9,6,10,6,7,11,9,6,11,11,12,9,12,11,9,9,12,7,9,7,9,12,9,12,13,12,11,15,14,12,10,11,2000216070,Premier League,Crystal Palace
Nacim Dendani,AM/ST L,19,89,-7,"Tunisia,France",AS Monaco,7,10,14,12,11,7,14,8,3,7,12,5,7,14,8,13,8,12,11,14,12,13,3,10,7,7,9,9,11,12,3,10,12,11,10,8,2000188767,Ligue 1,AS Monaco
Oğuzcan Büyükarslan,M/AM RLC,21,89,-7,"Germany,Türkiye",Borussia Mönchengladbach,6,11,10,9,13,6,5,7,6,6,10,11,7,12,8,8,8,11,7,8,11,12,8,13,6,12,10,12,12,12,13,8,11,12,9,7,2000070218,Bundesliga,Borussia Mönchengladbach
Amir Ibragimov,M/AM RLC,17,88,-85,"England,Russia",Manchester United,5,6,12,12,12,11,3,9,1,3,9,11,5,12,16,12,11,10,8,7,11,15,8,10,4,11,9,12,12,12,13,4,13,11,11,9,2000392429,Premier League,Manchester United
Jun'ai Byfield,D C,16,88,-85,England,Tottenham Hotspur,3,4,8,3,9,6,11,5,4,10,9,6,11,7,9,10,9,6,9,8,20,5,10,8,9,8,3,9,16,15,8,11,11,17,11,14,2000485995,Premier League,Tottenham Hotspur
David Boly,D/WB R,16,88,-8,France,Paris Saint-Germain,8,14,8,8,10,4,8,7,8,10,10,7,9,10,8,7,10,6,10,13,5,12,3,8,10,9,5,9,10,13,9,11,12,15,6,8,2000497044,Ligue 1,Paris Saint-Germain
Elyaz,D LC,19,88,-8,"France,Spain,Algeria",Real Hispalis,6,10,10,6,8,6,14,6,9,11,9,6,11,12,13,12,11,10,7,7,12,10,7,6,11,12,9,11,11,10,7,16,13,11,13,12,2000220037,LaLiga,Real Betis
Jack Porter,GK ,17,88,-8,England,Arsenal,3,1,3,3,7,3,4,1,3,1,9,3,3,8,11,11,10,10,10,10,13,2,12,3,10,10,9,9,9,15,10,11,11,9,9,8,2000407543,Premier League,Arsenal
Rory Finneran,DM/M C,17,88,-8,Republic of Ireland,Newcastle United,9,7,9,6,13,9,5,6,3,5,13,7,8,13,15,8,13,8,8,8,15,10,9,7,9,13,13,13,12,12,13,8,15,11,11,8,2000271404,Premier League,Newcastle United
Erawan Garnier,WB/M/AM R,19,88,-75,"Thailand,France",Olympique Lyonnais,6,9,10,10,13,6,7,7,4,7,13,6,8,12,6,5,8,7,6,9,18,15,13,8,7,6,8,8,13,9,7,13,15,12,13,7,2000217387,Ligue 1,Olympique Lyonnais
Iván Corralejo,M C,18,88,-75,Spain,Real Hispalis,7,8,7,9,14,7,5,9,3,9,14,6,9,13,14,14,3,7,5,12,5,9,8,12,9,13,14,9,14,14,8,5,15,10,5,1,2000335218,LaLiga,Real Betis
Leon Klanac,GK ,18,88,-75,"Germany,Croatia",FC Bayern München,3,2,3,3,12,5,7,8,2,3,12,1,2,12,13,8,12,10,8,8,13,12,10,3,12,12,12,12,8,12,11,13,13,8,8,10,2000259380,Bundesliga,FC Bayern München
Matteo Lavelli,ST RL,18,88,-75,Italy,Blu-neri Milano,8,12,12,13,8,6,13,7,1,4,13,4,2,9,13,10,8,6,3,11,11,14,9,7,6,6,8,8,13,13,7,12,16,13,9,8,2000205837,Serie A,Inter
Mattia Zanchetta,DM/M C,19,88,-75,Italy,Blu-neri Milano,7,7,8,8,14,7,7,10,7,9,14,1,14,14,14,12,8,7,9,14,16,5,12,8,8,8,13,12,10,13,8,16,5,14,7,6,2000242145,Serie A,Inter
Ousmane Diallo,AM RL,18,88,-75,"Spain,Senegal",Borussia Dortmund,7,12,13,10,13,6,7,7,6,6,10,4,7,13,7,13,8,8,6,13,17,13,2,9,6,7,13,11,12,10,7,8,12,11,6,6,2000310724,Bundesliga,Borussia Dortmund
Patrik Kristal,M/AM C,17,88,-75,Estonia,1. FC Köln,8,8,12,9,12,8,6,8,4,4,12,10,8,13,10,8,8,12,10,11,10,14,8,10,6,11,12,10,11,12,10,7,14,10,10,7,2000330947,Bundesliga,1. FC Köln
Rémi Himbert,AM/ST RL,17,88,-75,France,Olympique Lyonnais,8,13,12,12,14,7,9,8,7,4,14,7,4,13,9,8,8,8,8,14,9,12,6,13,6,8,8,9,12,14,4,12,8,13,7,6,2000395183,Ligue 1,Olympique Lyonnais
Seny Koumbassa,D C,18,88,-75,France,Toulouse FC,5,1,1,2,7,6,13,5,5,13,7,3,13,6,8,6,9,7,8,12,13,8,9,5,13,6,6,7,12,13,7,10,14,13,7,5,2000290392,Ligue 1,Toulouse FC
Sergio Esteban,ST L,18,88,-75,Spain,A. Madrid,6,10,13,13,13,6,13,7,2,6,12,4,5,10,8,11,4,9,6,13,10,10,1,12,7,6,8,8,13,12,4,12,12,13,7,6,2000447757,LaLiga,A. Madrid
"Tiago Gonçalves(Olympique Lyonnais,Portugal,France)",AM LC,17,88,-75,"Portugal,France",Olympique Lyonnais,6,8,13,11,12,6,6,8,2,4,13,5,5,13,6,10,8,9,6,13,6,13,1,13,5,7,12,12,13,13,7,10,14,13,7,5,2000395184,Ligue 1,Olympique Lyonnais
Vincenzo Prisco,DM/M C,16,88,-75,Italy,Parthenope,11,7,9,8,12,10,4,9,4,7,11,11,10,12,14,12,8,12,11,12,10,10,13,13,12,12,13,12,11,11,12,7,11,10,11,6,2000386619,Serie A,Napoli
Yvann Konan,GK ,18,88,-75,"Ivory Coast,Switzerland,France",Olympique Lyonnais,4,3,2,2,1,5,1,2,1,1,14,1,3,1,7,11,10,7,11,14,17,2,5,3,13,8,7,7,12,6,3,15,12,14,4,6,2000260077,Ligue 1,Olympique Lyonnais
Alex Castiello,AM/ST RLC,18,88,-7,Italy,Casciavit Milano,6,10,13,13,13,6,8,8,6,6,8,7,4,12,11,10,8,9,6,10,15,12,10,6,6,7,11,8,13,13,8,11,12,13,6,6,2000292096,Serie A,Milan
Amadou Cissé,D C,19,88,-7,Guinea,RC Strasbourg Alsace,2,4,5,4,8,3,12,5,3,11,10,3,12,8,15,13,12,8,7,9,16,5,7,9,13,9,8,10,10,8,12,14,12,10,11,15,2000438922,Ligue 1,RC Strasbourg Alsace
Ander Alonso,D C,18,88,-7,"Spain,Pays Basque",Atlético Pamplona,2,6,1,1,5,1,12,2,7,14,8,2,13,7,8,14,9,8,7,14,7,5,4,6,14,7,6,8,13,7,8,14,12,8,6,11,2000462060,LaLiga,Osasuna
Christian Corradi,D RC,20,88,-7,Italy,Hellas Verona FC,3,9,8,5,10,3,13,9,13,12,9,4,12,6,13,11,12,7,9,8,10,4,6,8,12,8,5,9,12,10,11,14,11,13,12,13,2000147019,Serie A,Hellas Verona FC
Enzo Kana-Biyik,ST ,18,88,-7,"France,Cameroon",Manchester United,5,3,13,13,13,3,13,7,4,5,7,5,6,13,11,10,7,7,6,13,13,13,9,6,6,6,4,7,13,12,7,9,12,12,7,8,2000401490,Premier League,Manchester United
Felix Meiser,D C,18,88,-7,Germany,FC Augsburg,2,6,8,5,10,3,12,6,7,12,11,6,12,10,12,10,13,9,10,8,12,7,8,7,12,11,9,12,12,10,12,13,12,13,10,12,2000259389,Bundesliga,FC Augsburg
Grady Makiobo,D C,18,88,-7,Belgium,Juventus,6,7,6,8,7,6,11,8,8,12,9,8,13,11,8,12,8,12,12,11,9,9,6,7,12,10,8,7,11,10,8,11,8,12,10,11,2000307484,Serie A,Juventus
Jorge Oreiro,D RC,19,88,-7,Spain,Real Hispalis,6,7,7,6,9,6,12,7,8,12,9,7,12,11,13,11,10,10,8,9,12,8,10,7,12,10,7,11,12,10,8,15,14,11,11,12,2000223117,LaLiga,Real Betis
Kane Taylor,D/DM/M LC,20,88,-7,England,Aston Villa,9,13,9,9,11,8,9,9,8,13,15,8,8,10,6,6,9,10,7,15,5,5,6,9,9,9,10,10,14,9,10,8,6,13,8,7,2000098750,Premier League,Aston Villa
Kenny Quetant,ST ,19,88,-7,France,Havre AC,7,9,14,14,13,7,14,6,7,6,8,6,2,12,9,8,5,10,8,12,8,11,5,11,7,7,9,9,14,13,8,15,12,12,9,6,2000335934,Ligue 1,Le Havre
Leonard Ngenge,D LC,17,88,-7,Nigeria,Leeds United,5,8,8,5,10,6,11,6,9,12,10,6,11,10,11,11,13,11,10,10,16,8,7,8,12,13,9,12,11,11,10,12,11,11,11,12,2000398515,Premier League,Leeds United
Lisandru Olmeta,GK ,20,88,-7,France,LOSC Lille,3,1,1,1,1,6,1,3,3,3,13,3,3,1,11,6,15,7,11,13,16,2,9,3,13,7,6,6,13,7,7,13,10,13,2,6,2000104854,Ligue 1,LOSC Lille
Lorenzo Riccio,DM/M C,19,88,-7,Italy,Bergamo,8,8,7,9,15,6,8,10,4,11,12,5,15,15,15,12,9,11,8,12,16,7,12,7,10,13,12,12,10,10,7,15,14,10,7,5,2000184400,Serie A,Atalanta
Lovro Chelfi,M/AM RC,18,88,-7,Croatia,Barcelona,10,8,13,7,14,10,5,8,3,4,11,10,5,14,6,10,9,10,6,8,11,16,5,11,5,9,11,9,13,14,10,6,12,11,10,8,2000273448,LaLiga,Barcelona
Luca Höcker,D/WB/M R,18,88,-7,Germany,SV Werder Bremen,9,13,8,7,11,7,7,4,7,9,8,7,12,7,7,8,8,9,10,13,13,7,11,8,8,8,9,9,14,11,8,11,12,10,10,7,2000327147,Bundesliga,SV Werder Bremen
Mahamadou Sangaré,ST ,18,88,-7,"France,Mali",Manchester City,7,9,9,14,14,7,14,9,2,7,9,6,5,14,10,14,5,8,8,13,5,13,1,12,5,7,9,9,14,9,9,10,15,12,7,5,2000288733,Premier League,Manchester City
Moritz Reimers,AM RLC,18,88,-7,Germany,Hamburger Sport-Verein,11,10,14,8,12,10,6,12,6,6,12,13,6,13,12,8,8,9,8,8,12,14,4,8,6,10,11,8,13,13,10,8,11,12,11,7,2000257927,Bundesliga,Hamburger Sport-Verein
Nico Vidic,DM/M/AM C,18,88,-7,"Germany,Croatia",Borussia Mönchengladbach,12,11,12,7,13,11,6,11,6,8,13,11,9,13,11,9,10,10,9,9,13,14,7,8,8,11,12,10,12,12,11,8,7,11,12,10,2000180868,Bundesliga,Borussia Mönchengladbach
Nicolás Barattucci,AM LC,19,88,-7,"Spain,Argentina,Italy",Villarreal,11,13,13,6,13,12,6,8,6,3,10,6,6,11,13,12,8,7,8,10,12,15,12,12,7,12,10,11,13,13,5,5,5,13,10,3,2000455747,LaLiga,Villarreal
Pape Cabral,DM/M C,18,88,-7,"France,Senegal",AS Monaco,3,6,8,6,14,7,5,8,7,8,14,7,13,13,6,11,8,9,9,10,4,5,1,9,7,8,12,11,14,14,8,8,9,13,7,6,2000263154,Ligue 1,AS Monaco
Peio Huestamendia,M/AM RLC,18,88,-7,"Spain,Pays Basque",A. Bilbao,9,12,13,9,10,7,6,9,7,6,14,6,9,14,12,11,3,8,8,9,14,13,3,13,7,13,9,13,13,11,9,7,13,11,8,2,2000217190,LaLiga,A. Bilbao
Reece Munro,D C,18,88,-7,England,Manchester United,3,3,7,5,11,3,12,2,6,10,11,5,10,10,8,12,11,12,8,9,4,3,8,4,11,10,5,10,14,11,11,13,13,14,11,11,2000272807,Premier League,Manchester United
Ronnie Stutter,ST RL,20,88,-7,England,Chelsea,8,7,9,10,8,5,7,7,4,5,6,6,7,9,7,11,12,9,10,10,15,14,11,12,6,12,9,14,16,12,6,5,15,14,8,5,2000108699,Premier League,Chelsea
Rouven Tarnutzer,DM/M/AM C,18,88,-7,"Switzerland,Germany",Sport-Club Freiburg,5,6,8,12,13,6,6,8,6,4,13,8,6,10,12,6,8,8,8,13,3,10,2,8,6,7,13,10,13,10,7,11,10,10,8,7,2000419697,Bundesliga,Sport-Club Freiburg
Taiyu Yamasaki,M/AM RL,20,88,-7,Japan,1. FSV Mainz 05,7,12,11,10,13,6,6,7,2,5,13,2,7,13,14,11,8,7,7,13,14,13,9,13,6,7,10,11,13,13,5,3,8,13,6,1,2000446762,Bundesliga,1. FSV Mainz 05
Tommaso Vannucchi,GK ,18,88,-7,Italy,ACF Fiorentina,4,1,3,1,11,9,8,3,1,2,10,1,2,11,7,10,8,8,11,10,8,5,7,4,10,11,8,9,11,13,12,17,9,10,11,11,2000264017,Serie A,ACF Fiorentina
Triston Rowe,D RC,18,88,-7,England,Aston Villa,7,11,8,4,10,3,8,5,8,11,9,2,15,10,12,7,9,8,9,10,15,5,12,8,14,9,9,6,15,12,8,11,9,14,11,8,2000283795,Premier League,Aston Villa
Landon Emenalo,DM LC,17,87,-8,"England,United States,Nigeria",Chelsea,12,8,7,8,10,12,7,11,2,8,8,5,12,12,10,11,11,13,10,11,12,4,14,7,10,12,8,13,12,8,10,10,13,12,8,10,2000379556,Premier League,Chelsea
Pierre Mounguengue,ST ,17,87,-8,France,Paris Saint-Germain,7,8,14,14,14,7,11,8,2,5,8,6,1,10,11,11,4,8,5,9,4,10,4,14,7,7,8,8,14,14,8,12,12,14,8,6,2000426369,Ligue 1,Paris Saint-Germain
Samuele Inácio,M/AM C,17,87,-8,"Italy,Brazil",Borussia Dortmund,10,10,14,8,14,10,6,10,5,5,12,10,6,15,11,8,8,9,8,8,11,15,5,8,5,10,11,9,13,14,10,8,14,12,11,6,2000338374,Bundesliga,Borussia Dortmund
"Aimar(R. Madrid,Spain)",M/AM LC,19,87,-75,Spain,R. Madrid,5,5,14,14,14,7,7,9,7,8,12,6,9,14,6,8,7,6,5,9,4,13,8,13,9,13,13,9,14,10,8,6,6,9,5,4,2000223324,LaLiga,R. Madrid
Ali Jaber,D C,16,87,-75,"Tunisia,Germany,Lebanon",Bologna FC 1909,3,7,9,5,10,4,12,6,7,11,11,6,11,10,12,9,11,9,10,9,14,7,6,8,11,12,10,13,12,11,13,14,12,15,10,12,2000330205,Serie A,Bologna FC 1909
Edoardo Tartaglia,D/WB L,17,87,-75,Italy,Casciavit Milano,6,10,12,7,11,4,8,9,5,10,10,7,9,11,11,12,13,9,11,9,10,7,8,11,11,13,8,11,13,13,11,8,13,12,10,7,2000422583,Serie A,Milan
Eduardo San Miguel,M C,17,87,-75,"Spain,Pays Basque",Atlético Pamplona,7,7,8,8,14,7,7,12,6,13,14,3,12,14,8,7,4,8,6,11,14,10,10,7,8,8,12,11,14,14,8,9,12,14,6,5,2000462066,LaLiga,Osasuna
Mervin Gbeme,M/AM R,18,87,-75,France,Stade Rennais FC,8,13,14,14,14,7,7,4,6,6,9,4,5,14,13,10,8,8,7,12,11,15,7,12,6,8,11,11,14,12,8,13,18,12,8,6,2000289537,Ligue 1,Stade Rennais FC
"Roberto(R. Madrid,Spain)",DM/M C,18,87,-75,Spain,R. Madrid,7,13,6,7,11,12,6,13,1,6,11,3,13,13,9,13,8,11,6,12,14,14,10,13,11,12,13,11,12,10,4,9,8,11,4,11,2000223330,LaLiga,R. Madrid
Wesley Okoduwa,D/WB R,17,87,-75,"England,Nigeria",Wolverhampton Wanderers,6,7,7,8,8,2,7,9,8,7,6,9,11,13,10,10,8,8,12,8,4,7,6,8,7,10,8,11,16,8,8,13,13,15,11,11,2000380590,Premier League,Wolverhampton Wanderers
Yoann Chauvin,D/WB R,18,87,-75,France,FC Nantes,6,13,7,7,9,2,8,5,7,8,6,3,14,9,7,9,9,6,10,14,15,5,4,6,7,8,8,8,14,14,8,10,9,14,7,9,2000280401,Ligue 1,FC Nantes
Borja Cortina,D C,19,87,-7,Spain,Levante,6,6,7,6,12,7,13,7,7,13,11,8,12,1,12,11,12,10,11,10,10,8,10,8,12,11,9,11,8,9,9,13,12,10,9,12,2000300093,LaLiga,Levante
Cristian Cama,D/WB L,18,87,-7,Italy,Associazione Sportiva Roma,12,15,11,7,11,10,4,7,8,7,11,7,7,9,14,10,8,9,11,9,4,12,9,12,8,12,9,9,14,12,9,8,11,13,11,6,2000266584,Serie A,Associazione Sportiva Roma
Dujuan Richards,AM/ST RL,19,87,-7,Jamaica,Chelsea,8,7,8,11,7,8,7,13,7,3,7,7,6,12,10,8,10,10,9,9,13,15,6,10,7,11,9,11,16,5,14,13,13,13,11,12,2000237116,Premier League,Chelsea
Gabriele Biancheri,ST L,18,87,-7,"Wales,Canada,Italy",Manchester United,5,6,9,13,12,6,6,5,3,4,10,11,4,12,12,14,9,12,10,10,10,8,5,14,3,12,6,13,13,12,10,7,7,12,12,8,2000271959,Premier League,Manchester United
Gaëtan Bakhouche,D C,20,87,-7,France,Toulouse FC,2,5,2,2,11,1,14,7,3,11,12,3,13,11,15,14,9,8,12,14,14,5,13,7,13,13,4,8,13,10,8,12,9,9,7,5,2000187495,Ligue 1,Toulouse FC
Giacomo Arduini,DM/M C,18,87,-7,Italy,Associazione Sportiva Roma,9,10,10,8,10,8,6,6,5,7,11,8,10,12,15,11,12,12,9,11,14,12,8,10,8,12,10,14,12,12,11,7,13,12,13,9,2000266585,Serie A,Associazione Sportiva Roma
Matteo Plaia,D C,19,87,-7,"Italy,Belgium",Bergamo,4,7,7,4,10,3,13,4,11,12,9,4,12,11,12,11,11,9,10,10,10,4,7,5,11,9,7,7,12,12,11,13,12,11,10,11,2000184280,Serie A,Atalanta
Matteo Venturini,DM/M C,18,87,-7,Italy,Blu-neri Milano,7,7,4,8,11,7,7,10,4,12,14,1,10,14,13,8,8,8,9,14,5,6,9,8,8,8,5,13,14,14,7,9,16,14,9,6,2000205842,Serie A,Inter
Richard Olise,D/WB RL,20,87,-7,"England,Nigeria,France",Chelsea,8,9,8,7,8,6,7,5,5,7,8,4,8,10,7,10,10,10,11,10,12,10,4,10,8,12,12,12,14,11,8,7,7,13,8,8,2000108692,Premier League,Chelsea
Will Sweet,D LC,18,87,-7,"Wales,England",Arsenal,6,6,9,6,12,6,12,6,6,9,13,6,11,13,10,11,10,12,10,10,11,10,10,9,9,13,13,13,11,10,12,12,12,11,10,10,2000301021,Premier League,Arsenal
Yusuf Akhamrich,AM RL,19,87,-7,"England,Morocco",Tottenham Hotspur,6,10,9,13,13,6,5,7,6,3,8,6,7,13,5,8,8,9,7,11,13,13,11,13,6,7,9,12,12,11,7,4,16,12,9,13,2000222067,Premier League,Tottenham Hotspur
Jaime Barroso,ST ,17,86,-85,Spain,R. Madrid,7,8,9,14,13,7,15,8,1,3,8,14,7,8,15,12,15,14,8,14,14,7,5,14,6,13,8,8,9,7,10,10,17,7,4,13,2000404501,LaLiga,R. Madrid
Jayden Ngwashi,D C,16,86,-85,"England,Italy",Manchester United,2,3,7,5,11,2,10,1,4,11,11,4,10,12,10,12,8,12,10,9,18,5,5,3,11,10,7,10,13,11,10,13,8,14,11,11,2000474164,Premier League,Manchester United
Jeremiah Debrah,M/AM C,16,86,-8,"Germany,Ghana",1. FSV Mainz 05,11,10,15,8,13,10,6,9,6,7,12,10,8,15,7,7,8,8,7,7,12,16,3,8,7,10,11,10,13,15,9,6,15,12,11,6,2000375700,Bundesliga,1. FSV Mainz 05
"Joan(R. Madrid,Spain)",D C,17,86,-8,Spain,R. Madrid,3,3,1,4,7,1,14,1,6,13,6,3,13,5,15,12,15,10,9,13,19,5,13,6,11,6,6,7,8,8,7,15,12,7,7,13,2000299435,LaLiga,R. Madrid
Stephan Zagadou,D C,16,86,-8,France,Havre AC,2,1,2,1,7,1,13,6,1,13,7,1,13,6,15,12,9,3,9,12,7,6,6,4,13,6,1,7,12,13,7,13,7,13,9,9,2000475043,Ligue 1,Le Havre
Alessandro Longoni,GK ,17,86,-75,Italy,Casciavit Milano,6,1,2,3,7,7,3,2,2,3,7,3,2,6,13,9,12,9,8,8,10,2,8,1,12,11,6,10,8,13,9,11,14,8,9,11,2000336209,Serie A,Milan
Alexander Staff,ST ,17,86,-75,"Germany,United States",Eintracht Frankfurt,6,8,10,13,10,8,12,9,6,4,9,15,5,11,10,13,12,9,8,8,12,12,7,13,4,10,8,13,11,11,12,11,12,12,11,9,2000332383,Bundesliga,Eintracht Frankfurt
Andre Harriman-Annous,M/AM/ST RLC,17,86,-75,"England,Lebanon,Nigeria",Arsenal,8,11,12,9,13,6,7,8,2,3,11,4,6,12,7,11,8,9,6,8,11,10,11,11,4,3,9,8,13,12,3,8,18,12,4,7,2000407507,Premier League,Arsenal
Ben Hawighorst,D LC,17,86,-75,Germany,Bayer 04 Leverkusen,3,8,10,6,11,3,12,6,8,12,12,5,11,11,10,8,12,10,10,8,13,8,11,8,11,12,11,12,12,10,12,13,12,12,12,12,2000330883,Bundesliga,Bayer 04 Leverkusen
Can Armando Güner,M/AM RLC,17,86,-75,"Argentina,Germany,Türkiye",Borussia Mönchengladbach,13,10,14,8,13,14,5,13,5,3,12,13,4,13,8,8,7,9,7,7,13,16,3,8,3,8,11,7,13,13,10,7,7,12,10,6,2000331100,Bundesliga,Borussia Mönchengladbach
Elia Plicco,M/AM C,18,86,-75,Italy,Parma Calcio 1913,9,10,10,8,11,6,2,9,7,6,11,7,5,10,15,13,10,9,10,9,11,10,9,11,9,10,12,10,13,13,7,3,10,11,9,6,2000293712,Serie A,Parma Calcio 1913
Emanuele Sala,DM/M C,17,86,-75,Italy,Casciavit Milano,8,10,11,7,13,9,8,11,7,9,12,8,11,13,12,11,13,9,11,9,11,13,7,11,12,14,11,12,12,12,7,11,14,12,10,8,2000328959,Serie A,Milan
Isaiah Dada-Mascoll,D/DM C,19,86,-75,"England,Nigeria",Manchester City,3,6,4,5,13,6,8,8,6,7,7,2,13,8,6,11,8,7,9,13,3,5,4,6,12,7,8,10,11,13,7,9,12,13,10,12,2000185040,Premier League,Manchester City
Jon Eceizabarrena,M C,20,86,-75,"Spain,Pays Basque",Real San Sebastián,6,3,4,4,12,6,6,8,1,7,13,2,9,13,7,13,8,12,7,8,8,5,9,8,12,7,13,12,13,13,5,9,8,13,7,7,2000312515,LaLiga,Real Sociedad
Maik Afri Akumu,AM RLC,17,86,-75,"Germany,Poland,Kenya",1. FC Köln,10,10,14,8,12,12,10,10,6,3,10,12,4,12,10,7,8,7,7,7,12,15,3,8,3,8,8,8,14,13,9,11,11,13,10,7,2000327237,Bundesliga,1. FC Köln
Roko Mijatović,D C,17,86,-75,"Croatia,Germany",FC Bayern München,3,7,10,5,11,4,12,6,8,11,11,7,11,11,13,8,13,9,9,8,12,7,10,7,12,12,9,12,11,10,12,15,10,12,11,12,2000332592,Bundesliga,FC Bayern München
Steeve Mvodo Mvodo,M/AM C,18,86,-75,"France,Cameroon",Stade Rennais FC,6,6,8,13,13,6,7,8,2,7,11,8,4,13,14,13,8,13,4,13,6,15,10,12,5,7,12,8,13,10,5,4,14,11,12,1,2000289206,Ligue 1,Stade Rennais FC
Amil Siljevic,GK ,18,86,-7,"Germany,Serbia",Eintracht Frankfurt,3,1,1,3,9,1,6,3,3,2,9,3,2,9,12,8,12,8,8,8,13,6,6,3,11,10,9,10,8,13,10,14,8,8,8,10,2000332367,Bundesliga,Eintracht Frankfurt
Daryl Leunga Leunga,D C,17,86,-7,"Belgium,Cameroon",AS Monaco,6,7,8,5,10,2,13,4,5,11,8,2,11,12,10,10,9,4,10,14,3,5,11,7,14,12,10,11,10,9,11,13,14,10,5,5,2000368257,Ligue 1,AS Monaco
Daryll Benlahlou,AM RL,19,86,-7,"France,Algeria",Olympique Lyonnais,7,12,11,10,13,6,5,8,6,6,13,4,7,12,6,6,8,8,3,12,13,14,13,12,6,7,9,8,13,13,8,6,9,13,6,12,2000185929,Ligue 1,Olympique Lyonnais
David Delgado,D C,17,86,-7,Spain,Elche,2,4,3,5,8,4,9,7,1,14,6,7,13,7,12,14,9,8,10,14,17,5,9,3,12,7,6,8,8,9,8,13,12,10,5,12,2000510308,LaLiga,Elche
Elias Benkara,D C,18,86,-7,"Germany,Algeria",Borussia Dortmund,2,7,8,5,9,3,12,6,10,12,12,6,12,10,12,8,13,8,9,8,12,7,8,7,11,12,11,13,11,9,13,15,7,12,11,13,2000273442,Bundesliga,Borussia Dortmund
Faik Sakar,M/AM C,17,86,-7,"Germany,France,Türkiye",RB Leipzig,8,9,13,8,12,8,6,10,5,6,12,11,7,12,8,8,10,8,8,8,12,15,3,8,6,11,12,13,13,13,10,7,12,13,11,7,2000330431,Bundesliga,RB Leipzig
Federico Matarán,DM/M C,17,86,-7,"Uruguay,Argentina,Spain",ACF Fiorentina,7,7,7,8,14,6,7,10,3,13,14,5,14,13,14,12,8,4,8,11,6,6,5,4,10,8,11,13,10,14,8,12,12,13,9,7,2000396350,Serie A,ACF Fiorentina
Fernando Dickes,GK ,17,86,-7,Germany,Hamburger Sport-Verein,2,2,1,3,10,4,6,1,2,2,11,3,1,11,7,10,11,9,8,8,12,7,8,1,12,12,11,11,8,12,11,16,12,9,8,11,2000312010,Bundesliga,Hamburger Sport-Verein
Ibrahim Kanté,AM/ST R,18,86,-7,"France,Mali",Stade Brestois 29,7,11,13,13,13,6,10,7,6,6,13,3,4,13,7,7,7,8,7,5,8,13,9,12,6,7,5,8,13,13,7,15,9,13,12,6,2000288364,Ligue 1,Stade Brestois 29
Iker Luque,AM RL,20,86,-7,Spain,A. Madrid,7,11,13,8,13,6,6,7,6,6,7,6,7,13,12,4,3,8,7,8,14,13,2,13,6,7,8,12,13,13,13,6,14,13,9,1,2000300220,LaLiga,A. Madrid
Jeremiah Mensah,M/AM C,17,86,-7,"Germany,Ghana",Bayer 04 Leverkusen,13,11,13,8,13,13,6,10,6,7,12,12,7,13,10,8,8,9,7,8,12,14,7,8,7,10,11,8,13,13,9,6,14,12,12,7,2000330882,Bundesliga,Bayer 04 Leverkusen
Jesse Derry,M/AM RLC,18,86,-7,England,Chelsea,10,9,11,10,9,11,7,9,4,6,9,11,6,10,7,9,7,10,9,8,15,14,7,9,7,9,10,9,13,11,12,9,13,12,11,8,2000292320,Premier League,Chelsea
Kaan Firat,ST ,17,86,-7,"Türkiye,Germany",Borussia Mönchengladbach,6,3,13,13,13,3,13,7,6,5,6,5,4,10,11,5,8,8,7,10,15,12,9,13,6,6,7,7,13,11,4,16,12,11,7,8,2000426806,Bundesliga,Borussia Mönchengladbach
Kwame Sosu,AM R,19,86,-7,Ghana,Real Hispalis,6,10,10,12,13,6,6,11,6,3,13,7,7,10,6,7,6,8,7,7,11,9,3,6,4,7,12,12,13,13,13,7,14,14,7,4,2000499114,LaLiga,Real Betis
Louis Thomas Buffon,AM/ST L,17,86,-7,"Czechia,Italy",Pisa Sporting Club,8,9,10,15,10,8,13,9,8,7,10,6,4,10,15,11,16,9,9,12,19,10,12,10,8,14,8,10,10,10,8,7,15,10,10,7,2000447105,Serie A,Pisa Sporting Club
Marvin Dills,M/AM C,18,86,-7,"Germany,United States",Eintracht Frankfurt,10,9,13,8,12,10,6,10,6,7,12,13,8,13,13,8,11,9,8,8,12,13,4,8,7,11,11,12,13,13,12,6,8,12,12,7,2000332371,Bundesliga,Eintracht Frankfurt
Meso,M/AM C,19,86,-7,Spain,R. Madrid,5,6,12,13,13,6,3,13,5,6,12,8,12,13,9,6,8,7,5,13,11,15,8,11,10,7,11,12,12,13,7,6,5,13,8,6,2000221943,LaLiga,R. Madrid
"Mohamed Koné(Aston Villa,Ivory Coast)",M C,18,86,-7,Ivory Coast,Aston Villa,7,4,8,8,14,7,7,9,3,9,14,4,8,14,5,10,8,9,8,14,13,6,8,12,6,8,11,12,8,13,8,12,13,10,7,8,12095721,Premier League,Aston Villa
Nathan Mbala,M/AM/ST RL,17,86,-7,"France,Democratic Republic of Congo",FC Metz,7,9,14,10,13,7,9,8,7,7,14,7,6,9,12,10,8,9,9,13,11,10,10,14,7,8,6,9,6,10,8,8,13,11,9,10,2000349260,Ligue 1,FC Metz
Paco Esteban,ST ,19,86,-7,Spain,Unione Sportiva Lecce,6,7,13,13,13,6,8,13,2,6,11,5,4,13,5,13,2,7,6,8,9,13,12,12,7,7,8,12,13,13,5,11,13,13,8,4,2000300233,Serie A,Unione Sportiva Lecce
Rubén Muñoz,D L,18,86,-7,Spain,Valencia,6,12,8,3,9,2,7,7,7,11,13,4,10,12,11,11,9,8,10,14,2,6,7,7,9,13,8,8,14,13,4,4,15,14,9,1,2000390109,LaLiga,Valencia
Rudy Matondo,M/AM C,17,86,-7,"France,Democratic Republic of Congo",AJ Auxerre,4,6,7,9,13,6,6,8,6,7,13,4,8,13,5,8,8,5,4,13,5,13,11,8,6,7,13,8,13,10,7,10,14,12,5,6,2000412322,Ligue 1,AJ Auxerre
Sebastiano Nava,GK ,17,86,-7,Italy,Juventus,4,3,1,1,1,7,1,2,3,3,9,3,2,6,6,8,13,5,12,14,15,3,1,3,9,8,7,7,10,8,8,12,9,12,5,5,2000386590,Serie A,Juventus
Thiago Romano,AM RL,19,86,-7,"Argentina,Greece",Blu-neri Milano,13,10,14,13,16,13,4,10,5,4,11,12,5,14,7,10,6,12,9,10,10,13,7,10,3,7,10,6,12,13,9,7,12,10,9,6,2000214248,Serie A,Inter
Wellity Lucky,D RC,19,86,-7,"England,Spain,Nigeria",Liverpool,4,9,7,3,9,4,13,7,7,14,3,3,13,8,15,11,15,11,9,10,18,5,10,7,13,7,6,8,11,10,8,12,11,12,7,8,2000191774,Premier League,Liverpool
Asier Bonel,ST ,17,85,-85,"Spain,Pays Basque",Atlético Pamplona,6,7,13,13,13,6,13,7,6,4,7,6,6,13,12,10,7,10,7,11,12,13,9,13,7,6,7,7,12,11,7,11,9,11,12,9,2000407413,LaLiga,Osasuna
Bendito Mantato,AM RL,17,85,-8,"England,Angola",Manchester United,7,9,12,10,11,6,4,5,1,5,9,10,5,11,14,9,9,10,7,7,4,13,5,11,6,10,7,10,15,12,10,8,11,14,10,7,2000392431,Premier League,Manchester United
Benjamín,D/WB R,18,85,-8,"Italy,Spain,Brazil",R. Madrid,5,11,13,11,13,1,7,4,4,10,11,3,12,10,7,8,9,11,6,12,15,8,11,10,13,12,7,13,12,9,13,7,13,11,11,9,2000299832,LaLiga,R. Madrid
Cassiano Kiala,D C,16,85,-8,"Germany,Angola",FC Bayern München,3,6,10,5,11,3,11,6,8,12,11,6,12,11,11,9,12,10,10,8,13,10,10,7,11,11,9,11,12,10,12,13,12,13,10,11,2000459742,Bundesliga,FC Bayern München
Giacomo Gabbiani,ST ,19,85,-8,Italy,U.S. Cremonese,6,7,10,14,12,9,10,10,6,5,10,10,7,10,10,13,10,10,12,12,14,8,8,11,10,10,10,10,10,10,8,10,10,10,14,10,2000179918,Serie A,Cremonese
Jan-Luca Riedl,D C,16,85,-8,Germany,Borussia Dortmund,3,7,11,6,12,4,11,6,8,12,12,7,12,12,12,10,13,10,9,8,15,10,10,7,11,12,11,12,12,11,12,11,11,12,11,11,2000515504,Bundesliga,Borussia Dortmund
Mussa Kaba,DM/M C,16,85,-8,"Germany,Guinea",Borussia Dortmund,3,8,8,6,11,4,12,7,8,11,11,7,12,11,12,10,14,8,11,8,12,8,6,7,11,12,9,13,11,9,14,16,10,12,13,14,2000461757,Bundesliga,Borussia Dortmund
Sam Alabi,DM/M C,16,85,-8,"England,Nigeria",Newcastle United,6,6,9,11,13,5,5,13,6,8,10,3,12,13,11,4,8,7,6,9,10,11,7,8,7,7,11,12,13,13,7,8,14,13,9,12,2000494868,Premier League,Newcastle United
Seth Ridgeon,DM/M C,16,85,-8,"England,Sri Lanka",Fulham,7,7,7,8,14,7,7,7,1,11,11,5,14,14,11,9,8,7,5,14,4,5,6,11,9,13,14,11,13,13,11,6,12,11,7,4,2000493921,Premier League,Fulham
Telmo Zarandona,D C,17,85,-8,"Spain,Pays Basque",A. Bilbao,3,3,3,6,4,1,7,5,5,12,7,1,13,6,10,13,9,7,11,13,11,5,9,6,13,6,4,7,13,13,7,12,5,13,7,11,2000489677,LaLiga,A. Bilbao
Théodore Pizarro,GK ,17,85,-8,"Switzerland,Cameroon",Sport-Club Freiburg,6,3,3,3,7,10,6,2,1,2,11,3,2,7,15,11,10,11,9,9,13,2,10,3,10,12,9,12,7,11,11,15,15,8,7,12,2000406405,Bundesliga,Sport-Club Freiburg
Tyler Silsby,M/AM RL,17,85,-8,England,Brighton & Hove Albion,8,12,14,14,14,13,7,14,7,7,11,14,8,14,6,8,8,15,9,11,9,13,4,10,7,8,9,9,13,10,9,9,14,10,5,6,2000375173,Premier League,Brighton & Hove Albion
Unax,AM/ST C,18,85,-8,Spain,A. Bilbao,7,7,13,10,14,6,12,9,7,7,11,7,6,14,11,10,1,13,4,8,3,13,1,13,7,5,9,9,12,10,8,7,13,11,14,7,2000489700,LaLiga,A. Bilbao
Aimar Blázquez,ST LC,19,85,-75,Spain,Valencia,6,4,12,11,13,6,12,8,1,4,11,11,6,13,13,11,6,8,7,10,12,13,2,8,6,6,5,7,13,13,13,13,13,13,3,10,2000325320,LaLiga,Valencia
Alessandro Di Nunzio,DM/M C,18,85,-75,Italy,Associazione Sportiva Roma,7,7,6,8,14,7,7,12,7,8,14,2,12,9,15,10,8,7,7,14,15,5,2,9,9,8,14,10,14,14,8,4,10,14,8,1,2000266581,Serie A,Associazione Sportiva Roma
Anartz Segurola,D C,19,85,-75,"Spain,Pays Basque",Real San Sebastián,3,3,1,6,6,1,13,5,4,13,7,3,13,6,13,11,9,7,9,13,6,7,8,6,11,6,2,7,13,9,7,14,18,12,7,8,2000411717,LaLiga,Real Sociedad
Antón Uría,D C,16,85,-75,Spain,Espanyol,2,6,9,5,10,5,11,6,6,12,10,7,11,10,12,10,11,10,9,11,14,9,9,6,11,10,10,11,10,11,10,13,14,11,10,9,2000460427,LaLiga,Espanyol
Chibuzo Nwoko,DM/M C,19,85,-75,"England,Nigeria",Fulham,8,13,10,9,14,7,7,11,7,9,14,6,9,14,14,8,8,13,9,14,17,8,5,13,9,9,10,9,12,12,5,5,6,10,9,4,2000225031,Premier League,Fulham
"Dani Martín(Levante,Spain)",GK ,19,85,-75,Spain,Levante,6,3,2,3,5,8,1,3,2,2,13,3,1,6,14,11,15,2,9,13,6,1,2,3,12,7,6,6,11,13,7,14,13,12,1,5,2000291561,LaLiga,Levante
David Arza,D R,19,85,-75,Spain,A. Madrid,7,14,8,4,12,2,8,8,8,13,9,6,15,9,12,7,10,9,12,15,9,6,12,7,8,9,6,9,12,8,9,11,12,11,7,8,2000485207,LaLiga,A. Madrid
Diego Ngambia Dzonga,AM/ST RL,17,85,-75,"Belgium,Germany",Borussia Dortmund,6,10,9,10,13,6,9,8,6,5,11,9,7,8,13,10,8,13,7,9,4,12,10,9,6,7,8,8,13,12,5,10,15,13,5,6,2000330814,Bundesliga,Borussia Dortmund
Eddy Kouadio,D C,19,85,-75,"Italy,Ivory Coast",ACF Fiorentina,4,7,5,8,6,3,11,4,7,10,7,5,10,5,10,14,9,9,9,9,10,5,7,7,10,10,5,11,13,12,12,12,12,13,12,13,2000184141,Serie A,ACF Fiorentina
Ezra Mayers,D LC,18,85,-75,England,West Ham United,4,9,7,7,11,1,12,6,2,9,12,4,14,14,8,10,14,11,7,12,5,10,15,7,14,7,11,8,9,11,8,8,8,12,7,7,2000260917,Premier League,West Ham United
Gabri Castrelo,M/AM RLC,19,85,-75,Spain,R. Madrid,8,11,12,12,13,6,6,7,6,6,10,6,8,11,11,7,8,6,7,8,2,15,8,13,6,7,11,8,13,10,7,5,13,11,13,4,2000396069,LaLiga,R. Madrid
Georges Gomis,D C,17,85,-75,"Senegal,France",Havre AC,7,7,5,2,6,4,8,1,7,10,8,3,14,4,13,8,9,6,14,14,15,5,9,7,9,7,7,8,14,14,8,11,12,14,11,5,2000401491,Ligue 1,Le Havre
Ibai Cabo,M/AM L,19,85,-75,"Spain,Pays Basque",Real San Sebastián,8,13,14,14,11,7,7,5,7,7,14,8,3,14,15,8,8,8,6,9,17,13,11,14,7,8,7,11,13,10,14,7,13,12,7,4,2000411690,LaLiga,Real Sociedad
Iker Gil,ST ,20,85,-75,Spain,R. Madrid,6,7,13,14,13,6,12,7,6,5,7,3,1,12,10,13,2,11,5,10,3,15,2,12,13,6,3,8,11,9,5,5,9,9,12,12,2000163757,LaLiga,R. Madrid
Isaac Davies,M/AM RC,17,85,-75,"Wales,England",Nottingham Forest,6,8,7,12,13,6,6,10,6,6,10,2,8,13,15,6,8,8,7,13,7,13,10,7,4,12,8,12,13,9,13,5,12,13,10,6,2000369125,Premier League,Nottingham Forest
Ismail Bouneb,AM C,19,85,-75,"France,Algeria",Havre AC,11,5,7,9,13,11,5,12,2,6,13,6,8,12,6,13,3,6,7,13,10,12,11,13,8,7,10,11,13,10,7,10,11,12,9,4,2000242845,Ligue 1,Le Havre
"Iván López(Juventus,Spain)",ST ,17,85,-75,Spain,Juventus,6,8,9,14,14,5,14,7,4,4,7,4,7,13,14,11,5,9,10,14,13,12,7,14,8,7,7,8,12,9,14,14,12,9,5,9,2000366535,Serie A,Juventus
Jakub Zieliński,GK ,17,85,-75,Poland,VfL Wolfsburg,2,3,1,2,8,1,7,3,1,2,8,3,2,8,8,9,12,9,8,8,15,4,8,7,12,11,8,15,8,12,12,16,17,9,9,12,2000239333,Bundesliga,VfL Wolfsburg
Jhon Arcila,AM RLC,19,85,-75,Colombia,Real Hispalis,6,9,13,8,13,6,4,8,6,6,13,2,8,13,8,9,8,8,7,8,6,13,3,5,6,11,8,11,13,13,13,8,5,13,7,5,2000246075,LaLiga,Real Betis
Joël-Emmanuel Coulibaly,DM/M C,18,85,-75,France,Stade Rennais FC,5,7,5,8,10,7,7,9,7,8,13,3,14,7,11,11,8,8,9,11,10,5,1,8,12,8,14,13,11,9,8,16,6,8,8,7,2000289214,Ligue 1,Stade Rennais FC
Lucas Rosier,AM/ST L,18,85,-75,"France,Guadeloupe",Stade Rennais FC,6,11,13,13,13,4,8,12,4,6,8,6,7,13,5,8,8,7,5,8,10,13,5,11,6,7,12,12,13,13,9,8,13,13,9,3,2000289228,Ligue 1,Stade Rennais FC
Mathieu Nguefack,DM/M C,17,85,-75,"Germany,Cameroon",Borussia Mönchengladbach,12,10,13,7,13,12,5,10,5,7,12,12,9,14,7,8,9,8,8,8,12,16,8,8,8,11,11,10,12,14,11,6,10,11,12,7,2000331099,Bundesliga,Borussia Mönchengladbach
Samba Konate,ST ,16,85,-75,"France,Senegal",RB Leipzig,7,10,7,8,16,9,13,10,8,9,5,6,4,11,15,12,8,9,7,15,4,8,4,16,5,15,10,10,11,9,6,14,15,10,7,8,2000503477,Bundesliga,RB Leipzig
Sebas Salazar,M/AM RL,17,85,-75,"Spain,Colombia",Getafe,8,13,14,14,14,7,7,5,6,7,13,4,8,14,11,8,8,8,7,10,15,13,1,9,6,9,6,9,14,10,9,10,15,12,8,10,2000442278,LaLiga,Getafe
Sol Gordon,M/AM RLC,17,85,-75,England,Chelsea,8,8,9,12,8,8,8,10,1,7,8,8,10,11,12,8,9,8,10,8,14,9,9,15,10,9,12,11,14,11,7,8,7,13,12,8,2000379555,Premier League,Chelsea
Tomás Méndez,D C,17,85,-75,Spain,Sevilla,5,4,7,2,8,1,14,6,2,14,8,2,14,7,10,13,9,5,8,14,15,6,1,3,10,7,5,8,11,11,8,13,13,10,13,12,2000445823,LaLiga,Sevilla
Tony Mendy,AM/ST R,18,85,-75,"France,Senegal",AJ Auxerre,7,12,13,13,13,6,8,7,6,5,13,8,5,10,5,6,8,12,6,6,12,12,9,10,6,7,8,8,13,13,7,10,18,12,12,6,2000287974,Ligue 1,AJ Auxerre
Vincenzo Damiano,AM/ST C,17,85,-75,Italy,Bergamo,6,6,11,13,13,6,11,8,6,6,13,7,1,12,10,12,8,7,7,9,18,15,9,13,7,7,13,8,9,12,4,11,5,12,9,8,2000386625,Serie A,Atalanta
Àlex Bombardó,DM/M C,17,85,-7,Spain,Espanyol,8,7,9,7,12,8,9,9,6,9,12,7,11,11,11,9,10,10,9,11,12,8,8,10,10,11,11,11,11,10,11,9,12,11,12,10,2000449124,LaLiga,Espanyol
Àlex Campos,D/DM C,17,85,-7,Spain,Barcelona,3,4,8,7,10,5,11,7,6,10,11,6,11,10,12,11,12,10,10,11,14,7,7,6,12,11,11,10,10,11,11,13,14,10,11,10,2000404069,LaLiga,Barcelona
Alex Murphy,D/WB LC,21,85,-7,Republic of Ireland,Newcastle United,4,9,9,4,12,6,12,5,8,9,10,3,12,11,11,11,10,11,9,10,13,8,4,9,10,11,10,10,12,11,12,11,14,13,13,11,2000157274,Premier League,Newcastle United
Alexis Ciria,ST ,17,85,-7,Spain,Sevilla,6,6,7,13,14,6,13,8,5,6,12,5,3,12,8,11,4,9,6,7,15,12,1,13,2,7,6,7,14,13,13,8,15,13,8,6,2000389019,LaLiga,Sevilla
Angel Yondjo,ST ,18,85,-7,Cameroon,LOSC Lille,6,7,13,13,13,6,13,7,1,6,7,7,6,11,14,13,6,13,7,8,2,11,3,13,7,6,7,7,13,13,6,10,12,13,11,5,2000435516,Ligue 1,LOSC Lille
Bradley Burrowes,AM/ST RLC,17,85,-7,England,Aston Villa,6,9,11,12,13,4,8,8,6,6,10,5,3,13,5,7,4,8,6,8,13,13,9,8,5,7,9,8,14,12,6,7,6,14,7,5,2000414242,Premier League,Aston Villa
Bradley de Jesus,D/AM RLC,19,85,-7,"Portugal,England",Fulham,7,12,13,8,13,6,6,3,6,12,9,1,13,13,12,9,8,4,8,13,2,13,13,12,11,12,8,8,12,10,5,8,12,11,11,3,2000225033,Premier League,Fulham
Cheveyo Balentien,AM RC,18,85,-7,"Suriname,Netherlands",Casciavit Milano,7,13,12,8,12,7,12,9,6,5,10,9,3,11,11,7,11,7,6,7,13,12,3,12,5,8,12,10,12,10,13,16,13,14,7,10,2000408376,Serie A,Milan
Christ Okou,AM/ST R,19,85,-7,"France,Ivory Coast",Paris FC,6,8,13,13,13,6,7,7,1,3,13,5,6,13,5,11,8,13,6,13,6,13,1,7,7,6,8,8,13,9,7,15,13,12,11,6,2000514487,Ligue 1,Paris FC
Cormac Daly,M/AM R,18,85,-7,Scotland,Nottingham Forest,8,11,13,8,13,6,6,7,6,6,6,3,7,13,13,10,6,7,6,9,7,13,3,13,3,7,10,12,13,13,7,8,12,13,13,5,2000289187,Premier League,Nottingham Forest
Dani Ángel,ST ,19,85,-7,"Spain,Equatorial Guinea",Wolverhampton Wanderers,6,6,12,11,13,6,13,3,1,6,7,4,1,13,5,8,5,6,7,8,7,13,12,13,5,6,7,10,13,12,7,15,12,13,5,9,2000324042,Premier League,Wolverhampton Wanderers
Daniel Rigge,AM C,19,85,-7,England,West Ham United,10,14,12,11,16,9,9,11,9,7,12,8,11,13,10,11,9,11,10,7,13,10,4,8,11,15,13,11,12,10,4,6,10,10,6,4,2000183398,Premier League,West Ham United
Deli Hajdini,M/AM L,18,85,-7,Kosovo,VfB Stuttgart,7,12,12,12,13,6,6,7,5,6,13,6,8,13,7,12,8,3,8,12,7,13,10,13,5,7,7,8,13,13,7,5,12,13,12,2,2000422535,Bundesliga,VfB Stuttgart
Dilan Zárate,DM/M C,18,85,-7,"Colombia,Spain",Blu-neri Milano,7,5,9,9,14,7,4,12,2,9,11,5,14,12,11,13,8,9,6,14,9,6,10,9,14,8,14,12,9,9,8,8,5,11,7,7,2000263138,Serie A,Inter
Doro Diop,DM/M C,18,85,-7,France,Parma Calcio 1913,7,7,7,7,10,7,7,11,1,11,14,5,14,8,10,9,8,9,8,14,7,5,10,6,11,8,14,11,12,9,8,14,9,11,6,9,2000401479,Serie A,Parma Calcio 1913
Elias Vali Fard,D C,17,85,-7,"Germany,Iran",Borussia Mönchengladbach,2,6,8,4,10,3,13,6,6,12,10,6,12,10,14,8,14,8,10,8,14,7,8,7,12,11,9,12,11,10,12,14,12,12,10,12,2000331102,Bundesliga,Borussia Mönchengladbach
Francesco Buono,DM/M C,18,85,-7,"Germany,Italy",Bayer 04 Leverkusen,6,6,9,8,12,8,4,8,3,8,12,7,10,12,9,11,10,11,10,10,12,10,10,10,9,12,11,13,11,12,9,6,10,11,12,7,2000259410,Bundesliga,Bayer 04 Leverkusen
Harouna Djibirin,AM R,18,85,-7,Cameroon,Angers SCO,8,12,13,13,12,6,5,5,6,6,13,5,7,13,5,9,1,9,3,6,3,15,1,11,6,7,11,11,13,9,3,8,15,11,7,4,2000501353,Ligue 1,Angers SCO
Harry Mills,D/WB L,19,85,-7,"England,Cyprus",Brighton & Hove Albion,6,12,12,9,10,6,5,5,7,9,13,1,13,13,8,9,8,9,8,13,13,13,14,9,11,12,9,12,13,14,14,6,10,12,7,4,2000210140,Premier League,Brighton & Hove Albion
Iliesse Salhi,D/WB LC,18,85,-7,"France,Morocco",Mallorca,8,11,13,2,11,3,9,5,4,7,5,2,13,14,12,8,9,8,9,13,10,7,7,10,11,9,7,13,12,12,6,6,17,11,11,1,2000290833,LaLiga,Mallorca
Jacob Vickers,D C,18,85,-7,England,Brighton & Hove Albion,7,3,3,3,5,6,14,4,5,7,8,3,13,6,15,13,9,8,7,14,14,5,5,7,14,7,1,8,13,12,8,14,12,12,7,8,2000328161,Premier League,Brighton & Hove Albion
Javier Olaizola,D C,18,85,-7,"Spain,Pays Basque",Mallorca,5,1,6,3,9,1,12,7,3,14,7,4,10,10,14,11,12,11,7,14,3,5,12,7,12,7,7,8,9,10,8,11,12,10,5,7,2000455699,LaLiga,Mallorca
Jesper Schlich,GK ,18,85,-7,Germany,Bayer 04 Leverkusen,2,1,1,3,8,1,1,3,3,3,11,5,3,9,7,11,11,11,11,9,12,8,6,3,12,11,11,10,9,11,10,11,10,9,10,10,2000259376,Bundesliga,Bayer 04 Leverkusen
José Antonio Morante,AM/ST L,18,85,-7,Spain,Real Hispalis,8,12,13,8,13,6,8,7,5,4,13,3,1,12,11,7,8,8,7,8,3,12,4,13,6,12,8,8,13,9,10,13,12,12,10,5,2000384299,LaLiga,Real Betis
Kembo Diliwidi,AM/ST RL,19,85,-7,"France,Democratic Republic of Congo",RC Lens,6,8,13,13,13,6,9,7,5,4,12,8,5,13,6,8,6,9,7,13,9,15,5,8,6,7,8,8,13,9,7,9,7,11,10,6,2000205295,Ligue 1,RC Lens
Kepa,D C,18,85,-7,"Spain,Pays Basque",Atlético Pamplona,5,6,4,6,6,1,14,7,4,14,8,7,14,7,11,10,9,8,8,14,7,6,11,5,12,7,5,8,10,10,8,15,11,9,9,7,2000462065,LaLiga,Osasuna
Keziah Oteng-Mensah,M/AM RL,17,85,-7,"Germany,Ghana",Eintracht Frankfurt,8,9,13,8,10,8,11,11,6,3,8,11,4,12,8,8,7,7,7,7,11,13,3,10,3,7,8,8,14,12,10,12,7,14,11,8,2000332374,Bundesliga,Eintracht Frankfurt
Kristian Clarke,DM/M C,18,85,-7,"England,Zimbabwe",Nottingham Forest,7,7,4,7,9,7,7,8,3,7,12,1,13,6,13,12,8,11,9,11,18,5,1,5,7,8,14,13,15,14,6,11,14,12,8,7,2000281054,Premier League,Nottingham Forest
Leon Chiwome,ST ,19,85,-7,"England,Zimbabwe",Wolverhampton Wanderers,6,6,13,12,13,6,13,7,4,5,7,11,2,13,9,13,5,10,7,8,8,14,3,12,7,6,7,7,10,9,7,9,12,13,9,11,2000197992,Premier League,Wolverhampton Wanderers
Lionel Voufack,D/WB L,17,85,-7,"Germany,Cameroon",RB Leipzig,13,12,11,7,10,11,10,8,12,9,9,8,10,10,12,8,12,7,8,7,12,12,3,10,9,12,8,12,13,12,11,11,12,13,12,10,2000330443,Bundesliga,RB Leipzig
Marcell Washington,D/WB L,17,85,-7,"England,Jamaica",Arsenal,8,9,8,8,10,4,6,4,6,7,7,6,12,12,9,8,10,6,9,8,17,9,10,8,8,10,8,13,15,11,8,2,12,14,13,7,2000273470,Premier League,Arsenal
Mattheos Tsigkas,ST ,18,85,-7,Greece,VfB Stuttgart,6,7,12,13,13,6,12,7,3,6,7,10,4,8,9,10,8,10,5,7,9,15,5,13,7,6,3,7,13,13,7,9,13,13,9,6,2000332526,Bundesliga,VfB Stuttgart
Miguel Cuevas,D C,18,85,-7,Spain,Real Hispalis,4,6,5,4,6,1,14,7,2,10,7,7,14,7,15,8,13,9,11,14,4,5,11,7,14,5,4,8,6,9,8,11,12,9,9,10,2000335242,LaLiga,Real Betis
Moustapha Dabo,M/AM C,17,85,-7,France,FC Nantes,5,8,9,13,14,7,7,9,5,7,14,1,5,13,5,7,7,8,8,14,4,12,4,9,9,8,14,12,11,14,8,8,10,14,7,7,2000280486,Ligue 1,FC Nantes
Nick Mokabakila,D C,18,85,-7,"France,Congo",AS Monaco,1,5,1,4,7,3,12,3,1,13,7,5,13,6,6,6,9,6,13,13,16,5,11,2,12,6,3,7,12,10,7,14,14,10,6,7,2000294117,Ligue 1,AS Monaco
Nick Schmidt,DM/M C,17,85,-7,"Japan,Germany",FC St. Pauli,12,10,11,7,12,12,6,8,6,9,12,12,11,12,12,10,12,10,9,9,12,12,5,10,10,11,12,12,12,12,10,8,12,11,12,7,2000330405,Bundesliga,FC St. Pauli
Patrick Götzelmann,M/AM LC,20,85,-7,Germany,SV Werder Bremen,3,7,7,10,14,7,7,9,6,9,12,7,8,10,7,11,8,9,9,12,12,12,12,9,9,8,14,13,9,12,8,7,10,12,8,5,2000193612,Bundesliga,SV Werder Bremen
Pedro Villar,DM/M C,17,85,-7,Spain,Barcelona,5,5,7,6,11,8,10,10,6,9,12,6,11,12,12,9,11,10,9,11,14,7,10,8,10,11,12,11,10,11,12,11,14,10,11,10,2000403065,LaLiga,Barcelona
Pol Durán,DM/M C,18,85,-7,Spain,R. Madrid,7,4,8,5,14,7,5,13,7,7,14,1,13,15,13,10,8,12,14,14,19,15,10,10,7,13,13,12,9,7,14,12,9,7,7,5,2000299373,LaLiga,R. Madrid
Remy Rees-Dottin,AM/ST RL,19,85,-7,England,AFC Bournemouth,8,11,13,8,13,6,7,7,4,6,8,6,7,11,5,9,8,7,4,8,9,11,2,8,6,9,7,11,13,13,13,8,14,13,6,3,2000185025,Premier League,AFC Bournemouth
Salem Albè,D/WB R,17,85,-7,"Italy,Democratic Republic of Congo",Genoa Cricket and Football Club,5,12,7,4,14,2,8,7,3,9,7,5,14,9,6,10,9,8,13,14,2,6,5,7,7,8,4,8,14,14,8,9,15,14,8,5,2000361790,Serie A,Genoa Cricket and Football Club
Stephane Noumbissie,D/WB RL,18,85,-7,Cameroon,LOSC Lille,8,12,6,7,13,7,8,6,7,9,8,4,14,8,15,8,9,6,14,12,13,6,9,7,9,8,6,9,13,13,9,15,8,14,6,7,2000435528,Ligue 1,LOSC Lille
Theo Mawéné,M/AM RC,18,85,-7,"England,France,Democratic Republic of Congo",Brentford,7,9,11,11,14,7,7,10,3,7,11,7,10,11,12,5,8,9,9,14,7,11,7,14,7,8,9,8,11,10,9,13,13,9,8,7,2000282359,Premier League,Brentford
Tristan Spranger,D/WB LC,17,85,-7,Germany,TSG 1899 Hoffenheim,7,12,5,4,8,4,11,5,6,11,6,3,11,8,15,7,9,6,6,12,6,5,6,5,11,12,7,13,13,12,7,12,11,10,6,11,2000332348,Bundesliga,TSG 1899 Hoffenheim
Adil Hamdani,AM RL,16,84,-85,"France,Algeria,Senegal",Olympique Lyonnais,8,11,9,10,9,6,6,5,6,1,13,4,7,13,15,9,8,7,7,13,6,13,5,11,3,6,8,8,13,12,6,5,12,10,13,6,2000497719,Ligue 1,Olympique Lyonnais
Jayce Fitzgerald,DM/M C,18,84,-8,England,Manchester United,5,6,12,9,12,6,5,10,4,6,14,7,9,13,14,11,11,12,10,9,13,7,8,10,9,12,8,13,12,11,9,7,14,13,12,11,2000272176,Premier League,Manchester United
Adam Ayari,M/AM C,17,84,-75,"France,Tunisia",Paris Saint-Germain,7,7,9,14,14,7,4,12,4,7,14,4,7,14,13,5,3,8,4,14,10,13,4,11,5,6,14,11,8,13,8,7,12,13,7,5,2000386356,Ligue 1,Paris Saint-Germain
Carter Pinnington,D/DM C,18,84,-75,England,Liverpool,3,6,5,2,12,6,13,7,5,11,12,3,13,9,15,9,15,9,7,13,20,5,11,6,13,6,13,8,8,8,7,14,13,9,3,7,2000276756,Premier League,Liverpool
Hermann Diandaga,D C,17,84,-75,France,Paris Saint-Germain,6,2,6,1,8,7,14,7,6,14,8,6,14,7,15,8,9,7,10,14,15,7,6,6,14,7,7,8,8,11,8,8,10,13,7,7,2000385920,Ligue 1,Paris Saint-Germain
Jaric Prat,ST ,17,84,-75,Spain,Alavés,5,5,12,12,12,5,12,6,1,5,6,6,4,9,11,12,5,9,5,11,11,13,1,12,6,5,4,7,12,11,6,12,8,11,12,8,2000449023,LaLiga,Alavés
Klaus Camara,AM/ST R,17,84,-75,France,FC Nantes,7,10,13,13,11,6,6,7,6,3,13,8,7,13,6,12,7,11,7,13,10,13,2,13,6,7,8,8,12,9,7,11,12,9,8,8,2000390057,Ligue 1,FC Nantes
Ljubo Puljić,D C,18,84,-75,Croatia,FC Bayern München,1,6,8,6,9,2,12,6,8,12,11,6,12,9,15,9,12,9,10,8,16,8,8,7,12,11,10,12,11,8,12,15,13,12,9,13,2000264596,Bundesliga,FC Bayern München
Mathis Jangeal,AM/ST RL,17,84,-75,France,Paris Saint-Germain,8,11,13,13,13,6,6,6,6,4,9,4,6,13,5,5,7,9,6,13,6,13,5,11,6,7,5,8,13,11,7,9,12,13,9,4,2000386347,Ligue 1,Paris Saint-Germain
Ricardo Bordon,D C,18,84,-75,"Brazil,Italy",Capitolini Celesti,4,6,7,7,10,4,12,8,6,10,9,7,11,9,12,10,12,9,9,9,6,6,11,4,10,11,8,11,9,9,7,13,8,9,12,11,2000272640,Serie A,Lazio
Riccardo Braschi,ST ,18,84,-75,Italy,ACF Fiorentina,3,6,9,11,10,4,11,7,5,6,10,9,7,8,10,14,11,7,9,9,8,6,8,11,9,12,7,10,11,11,11,12,10,11,8,8,2000184135,Serie A,ACF Fiorentina
Ryan McAidoo,AM RLC,17,84,-75,England,Manchester City,6,7,12,8,10,7,7,7,4,4,8,8,4,10,7,8,8,9,6,7,17,7,4,10,5,8,9,10,15,13,13,7,13,13,10,8,2000416598,Premier League,Manchester City
Sydney Osazuwa,ST ,18,84,-75,"Spain,Nigeria,Pays Basque",Real San Sebastián,4,2,13,13,13,6,13,7,6,5,7,8,5,11,12,5,6,13,6,13,17,13,1,13,5,6,2,7,13,12,7,14,7,12,6,10,2000335245,LaLiga,Real Sociedad
Tom Raiani,D/WB L,17,84,-75,France,FC Nantes,8,13,9,7,10,7,7,7,6,8,8,2,10,9,9,14,8,4,13,14,13,9,6,7,9,8,8,9,14,12,8,8,10,12,13,5,2000392969,Ligue 1,FC Nantes
Víctor Fernández,AM C,17,84,-75,Spain,Levante,9,8,12,10,12,12,7,12,4,5,11,10,6,13,9,10,9,10,8,9,9,14,6,11,7,9,12,10,12,13,9,7,11,11,9,9,2000319779,LaLiga,Levante
"Adrián Pérez(R. Madrid,Spain)",M/AM RL,17,84,-7,Spain,R. Madrid,7,12,14,12,13,6,6,6,1,5,13,1,7,13,16,6,14,4,7,7,15,17,8,13,3,7,8,8,14,13,7,8,11,13,6,3,2000409354,LaLiga,R. Madrid
Agustín Luna,ST ,19,84,-7,"Argentina,Italy",Hellas Verona FC,4,6,8,13,7,6,13,5,7,5,7,8,6,9,15,12,14,12,9,10,15,6,7,12,8,9,7,13,12,8,11,13,12,13,11,11,2000270733,Serie A,Hellas Verona FC
Alen Vukaj,AM/ST C,17,84,-7,"Albania,Italy",Blu-neri Milano,6,6,13,13,13,6,7,8,6,1,5,5,7,13,13,5,3,11,6,13,8,13,8,12,5,7,10,8,13,11,7,11,10,12,8,6,2000401461,Serie A,Inter
"Álex Pérez(R. Madrid,Spain)",D C,20,84,-7,Spain,R. Madrid,2,1,6,5,7,1,13,5,5,12,9,5,13,6,14,13,15,10,7,7,13,5,9,6,13,6,4,7,8,10,7,15,12,10,12,13,2000248044,LaLiga,R. Madrid
Amal Boura,AM RL,19,84,-7,"Comoros,France",AS Monaco,10,13,13,13,11,8,9,5,4,8,10,7,7,13,6,11,9,9,9,10,6,14,10,15,8,9,13,10,12,10,9,12,12,12,8,7,2000217388,Ligue 1,AS Monaco
Enzo Faty,ST ,18,84,-7,France,Toulouse FC,6,5,13,13,10,6,13,7,6,6,7,1,2,13,10,13,5,6,7,9,12,13,5,9,7,6,4,7,13,11,7,11,9,13,8,10,2000290405,Ligue 1,Toulouse FC
Federico Magro,GK ,20,84,-7,Italy,Hellas Verona FC,2,3,2,2,10,4,1,2,1,2,11,2,3,9,12,12,9,9,10,9,7,6,9,6,13,12,11,13,9,11,10,14,8,10,11,12,2000098058,Serie A,Hellas Verona FC
Fynn Schenten,AM/ST RLC,17,84,-7,"Germany,France",1. FC Köln,6,8,13,12,9,6,7,8,3,2,13,5,6,13,11,10,8,10,3,11,13,13,11,13,6,7,9,8,11,12,7,12,7,9,7,6,2000331119,Bundesliga,1. FC Köln
Harrison Dudziak,M/AM C,19,84,-7,"England,Poland",Arsenal,9,8,12,6,12,9,5,6,5,6,12,7,9,12,7,8,10,10,8,11,14,8,11,8,7,14,13,13,12,10,9,7,8,12,12,7,2000216545,Premier League,Arsenal
Hodei Iriarte,M C,18,84,-7,"Spain,Pays Basque",Atlético Pamplona,5,6,7,6,13,1,5,13,1,13,12,2,8,13,5,6,8,7,7,13,3,5,11,11,4,7,13,9,13,13,7,6,13,13,6,6,2000462068,LaLiga,Osasuna
Igor Brzyski,M/AM C,18,84,-7,Poland,Torino,6,6,8,13,10,6,6,8,6,8,12,6,7,10,12,8,8,5,7,7,5,10,1,13,4,7,13,12,13,13,7,13,12,13,8,5,2000209824,Serie A,Torino
Jonas Feddersen,D/DM/M LC,18,84,-7,Germany,Borussia Dortmund,6,10,5,4,14,7,13,8,3,12,7,2,9,9,12,10,9,9,5,14,12,5,9,4,12,8,6,9,13,10,8,14,16,11,9,7,2000259405,Bundesliga,Borussia Dortmund
Jonathan Do Marcolino,D C,19,84,-7,France,Stade Rennais FC,5,3,3,2,7,1,13,5,1,13,6,4,13,3,12,8,9,4,9,13,12,5,1,6,13,5,6,7,11,12,7,12,9,13,10,5,2000191925,Ligue 1,Stade Rennais FC
Josiah Uwakhonye,ST ,17,84,-7,"Germany,Nigeria",Borussia Mönchengladbach,6,6,13,13,13,6,9,7,3,2,7,5,4,13,14,12,4,12,4,8,13,15,1,13,7,6,8,8,13,13,3,7,14,13,13,4,2000375622,Bundesliga,Borussia Mönchengladbach
Junior Atemkeng Afuetozia,D/DM C,19,84,-7,"Germany,Spain",Sport-Club Freiburg,1,4,1,1,8,6,13,7,1,13,6,1,13,7,5,11,9,7,12,13,5,5,11,4,13,6,8,8,9,11,7,15,14,13,5,7,2000419685,Bundesliga,Sport-Club Freiburg
Kaiden Wilson,D C,19,84,-7,England,Chelsea,2,4,7,5,8,3,12,4,7,10,8,6,8,8,10,10,9,12,10,10,10,5,7,8,10,9,7,11,15,8,13,15,7,14,10,8,2000184629,Premier League,Chelsea
Louis Jackson,D C,19,84,-7,"Scotland,England",Manchester United,2,3,5,3,11,3,13,2,6,10,12,8,11,11,12,12,11,12,9,10,9,4,6,3,12,11,5,8,11,10,11,12,7,12,10,11,2000190301,Premier League,Manchester United
Matteo Colombo,D/WB R,17,84,-7,Italy,Bergamo,8,13,8,8,14,3,9,7,8,10,9,7,14,10,10,8,9,9,9,14,5,5,1,5,9,9,9,8,14,15,9,3,8,15,10,4,2000386598,Serie A,Atalanta
Oliver Whatmuff,GK ,17,84,-7,England,Manchester City,5,1,2,2,12,6,7,2,2,1,12,3,3,12,10,8,10,12,7,9,12,8,6,10,9,10,10,10,11,11,11,11,13,10,9,9,2000417087,Premier League,Manchester City
Yanis Khafi,M C,19,84,-7,France,Paris Saint-Germain,7,7,4,8,13,7,7,10,3,8,12,5,10,8,11,5,8,8,8,13,5,5,2,8,13,8,14,11,12,14,8,9,7,14,6,7,2000179732,Ligue 1,Paris Saint-Germain
Chinaza Nwosu,M C,17,83,-8,England,Nottingham Forest,6,6,12,5,13,4,6,8,4,8,13,3,13,10,15,11,8,5,7,13,15,5,10,10,10,12,8,12,11,10,13,5,12,12,7,13,2000386937,Premier League,Nottingham Forest
Justin Clarke,AM/ST RL,17,83,-8,England,Everton,8,11,10,9,6,7,4,4,7,6,3,7,5,12,8,4,4,6,8,3,4,11,1,7,2,6,3,6,18,11,4,6,12,14,8,10,2000396129,Premier League,Everton
Chivano Wijks,D/WB RC,17,83,-75,"Netherlands,Suriname",FC Bayern München,8,11,11,5,11,8,10,6,12,9,10,8,10,11,12,8,11,8,8,7,13,10,5,8,9,12,8,12,13,12,10,10,13,13,11,8,2000375666,Bundesliga,FC Bayern München
Fadi Zarqelain,M/AM RLC,16,83,-75,"Germany,Morocco",Borussia Dortmund,8,10,14,7,13,8,4,10,6,6,11,10,6,13,6,7,8,7,7,7,10,16,2,8,6,9,11,8,13,13,11,6,14,12,11,7,2000515503,Bundesliga,Borussia Dortmund
Safouane Benzahra,M/AM C,16,83,-75,Netherlands,AS Monaco,3,6,8,13,13,6,6,9,3,8,13,9,5,9,6,6,8,8,7,13,11,13,9,7,8,7,10,12,12,8,6,5,12,10,13,9,2000381320,Ligue 1,AS Monaco
Simone Lontani,ST RL,17,83,-75,Italy,Casciavit Milano,7,9,14,14,14,7,9,9,4,6,10,7,7,14,13,10,8,14,6,14,6,13,6,13,4,13,14,9,8,8,14,13,12,5,4,9,2000395975,Serie A,Milan
"Thiago(R. Madrid,Spain,Morocco)",M/AM C,18,83,-75,"Spain,Morocco",R. Madrid,8,12,11,13,14,6,6,13,1,6,12,8,8,13,8,8,8,12,6,13,17,14,10,13,6,7,13,8,13,12,7,7,14,9,5,3,2000310973,LaLiga,R. Madrid
Aaron Maguire,GK ,21,83,-7,"England,Republic of Ireland",Tottenham Hotspur,5,3,3,3,3,6,1,1,1,2,9,2,3,4,5,7,8,8,7,14,14,2,1,2,14,8,7,6,9,15,8,11,14,9,2,7,2000054214,Premier League,Tottenham Hotspur
Aliou Badra Fofana,AM RL,17,83,-7,Mali,Blu-neri Milano,7,11,13,13,12,6,8,7,4,5,12,4,2,13,5,8,8,7,4,13,8,13,10,13,6,4,8,5,13,13,7,4,13,13,10,6,2000391590,Serie A,Inter
Ayoub Akabou,GK ,18,83,-7,"France,Morocco",Stade Rennais FC,3,3,3,1,1,5,1,2,1,2,12,1,3,2,10,6,12,3,11,12,14,3,7,1,8,6,5,5,11,14,6,16,10,11,5,5,2000289513,Ligue 1,Stade Rennais FC
Benjamin Džanović,M/AM LC,17,83,-7,"Bosnia and Herzegovina,Germany,Croatia",Eintracht Frankfurt,6,8,12,13,13,6,6,8,3,6,13,5,8,13,12,13,8,9,4,13,14,15,5,13,6,7,11,8,12,9,7,6,13,12,6,5,2000332380,Bundesliga,Eintracht Frankfurt
Daniel Batty,M C,18,83,-7,"England,Hong Kong (China PR)",Tottenham Hotspur,9,13,15,11,14,9,7,11,4,7,12,8,11,11,6,13,8,13,10,11,5,13,4,11,11,10,9,11,13,12,9,12,14,11,7,6,2000290100,Premier League,Tottenham Hotspur
Emanuele Lulli,D R,17,83,-7,Italy,Associazione Sportiva Roma,7,12,7,3,14,3,8,7,7,7,8,4,13,9,7,7,9,7,9,12,7,8,4,7,7,8,8,8,13,14,8,10,13,14,7,6,2000298875,Serie A,Associazione Sportiva Roma
George Feeney,DM/M/AM/ST C,17,83,-7,"Northern Ireland,Wales,England",Tottenham Hotspur,4,7,11,12,9,1,6,7,4,6,12,4,7,12,11,7,8,7,7,12,20,13,10,7,4,6,10,11,12,12,7,7,9,12,12,5,2000317981,Premier League,Tottenham Hotspur
Guillermo Monroy,ST ,17,83,-7,"Spain,Pays Basque",Atlético Pamplona,5,5,12,12,12,6,12,6,6,6,6,8,1,12,6,12,8,12,3,6,2,13,1,12,5,5,7,6,12,10,6,10,14,12,11,5,2000462070,LaLiga,Osasuna
Kevin Moressa,AM/ST C,17,83,-7,"Italy,Brazil",Blu-neri Milano,5,6,13,13,13,3,8,8,2,2,13,6,7,13,5,5,8,4,7,13,13,13,10,13,5,7,13,8,13,13,4,8,8,13,4,6,2000391598,Serie A,Inter
Lander Olasagasti,GK ,21,83,-7,"Spain,Pays Basque",Real San Sebastián,6,3,3,1,1,8,1,1,3,2,11,1,3,1,12,8,12,6,8,12,18,2,10,3,12,6,5,5,9,9,6,12,17,12,4,3,2000310447,LaLiga,Real Sociedad
Miguel Boog,DM/M C,17,83,-7,"Germany,Cameroon",VfL Wolfsburg,5,6,2,7,13,6,6,10,4,13,13,1,13,13,12,10,8,7,7,13,10,5,1,7,13,7,10,12,13,13,4,8,12,13,8,7,2000330438,Bundesliga,VfL Wolfsburg
Nordan Mukiele,ST ,19,83,-7,France,Stade Rennais FC,6,6,14,14,14,5,9,8,7,7,9,8,3,11,12,14,8,11,8,9,16,10,1,7,7,13,9,8,8,9,12,8,13,9,4,7,2000191928,Ligue 1,Stade Rennais FC
Pablo Agudín,AM/ST LC,17,83,-7,Spain,Oviedo,6,8,13,13,6,6,8,7,6,6,7,5,5,11,13,6,8,9,6,9,13,11,8,13,6,7,13,8,13,12,7,7,13,13,8,7,2000291539,LaLiga,Oviedo
Sean Neave,ST ,18,83,-7,England,Newcastle United,6,2,12,13,13,6,13,3,3,4,7,6,4,9,5,12,8,12,7,13,9,9,8,13,6,6,2,7,13,12,7,9,11,13,9,6,2000302080,Premier League,Newcastle United
Tim Degener,DM/M C,18,83,-7,Germany,Borussia Dortmund,6,6,4,7,12,6,6,8,4,8,13,5,13,9,12,7,8,6,7,13,14,5,5,7,8,7,11,12,13,13,7,16,7,13,7,6,2000314994,Bundesliga,Borussia Dortmund
Yoel Villamayor,M C,17,83,-7,"Spain,Pays Basque",Atlético Pamplona,7,7,8,8,14,7,7,10,7,9,14,5,7,14,10,12,6,5,8,9,16,5,8,10,10,8,11,8,12,10,8,10,14,9,11,7,2000462067,LaLiga,Osasuna
Miguel Cubo,ST ,17,82,-85,Spain,A. Madrid,6,7,9,10,9,6,13,7,2,6,7,5,6,12,15,11,8,10,6,9,12,12,4,9,4,6,7,7,10,11,7,7,13,13,10,6,2000485210,LaLiga,A. Madrid
Archie Stevens,AM RLC,19,82,-8,England,Arsenal,8,6,8,7,14,8,8,6,8,8,8,6,6,10,8,9,7,10,9,14,10,14,7,11,9,11,13,13,10,9,9,16,11,10,7,11,2000183425,Premier League,Arsenal
Shina Ayodele,ST ,19,82,-8,Nigeria,LOSC Lille,5,4,13,13,13,6,13,7,3,6,5,3,6,10,8,10,8,10,7,10,11,13,4,13,4,6,7,7,13,13,7,11,8,13,10,7,2000320734,Ligue 1,LOSC Lille
Eneko Ellakuria,M C,18,82,-75,"Spain,Pays Basque",A. Bilbao,7,10,8,4,14,7,7,9,4,9,14,6,9,14,10,12,7,10,4,13,11,9,7,9,6,13,14,9,14,12,8,4,13,11,6,1,2000287681,LaLiga,A. Bilbao
Farès Bousnina,AM/ST L,19,82,-75,"Tunisia,France",Bologna FC 1909,6,8,13,13,12,6,8,10,2,5,12,10,5,12,5,9,5,12,6,9,9,12,8,8,7,6,8,11,13,12,7,8,15,13,6,4,2000192301,Serie A,Bologna FC 1909
Godwill Kukonki,D LC,17,82,-75,"England,Democratic Republic of Congo",Manchester United,2,4,8,6,11,4,12,5,8,11,10,5,12,11,11,9,10,10,7,7,15,4,5,5,11,10,8,9,12,8,11,15,13,14,10,13,2000392430,Premier League,Manchester United
Herbie James,AM/ST RL,18,82,-75,England,Tottenham Hotspur,6,8,10,8,13,6,8,6,1,6,12,4,7,12,13,7,4,11,7,7,15,10,7,13,6,7,4,8,13,12,7,2,13,13,11,1,2000298718,Premier League,Tottenham Hotspur
Luca Fletcher,ST ,18,82,-75,England,Manchester City,6,4,13,13,13,6,13,7,1,3,9,7,6,13,12,13,7,10,7,6,16,13,1,13,7,6,5,7,14,13,13,9,13,13,7,4,2000271708,Premier League,Manchester City
Matthias Wamu Oyatambwe,DM ,16,82,-75,"Belgium,Togo",AS Monaco,5,6,4,7,12,6,7,8,1,7,13,6,13,10,5,10,8,4,3,13,12,7,3,12,13,7,13,11,13,13,7,13,12,13,6,11,2000449303,Ligue 1,AS Monaco
Néhémie Lurika,ST ,17,82,-75,"France,Democratic Republic of Congo",Olympique Lyonnais,4,8,14,14,13,7,11,8,6,4,8,5,7,14,9,10,8,10,8,9,6,14,2,12,7,4,9,9,14,14,8,7,5,14,8,7,2000395180,Ligue 1,Olympique Lyonnais
Otis Caporusso,ST ,17,82,-75,Italy,OGC Nice,6,6,13,13,12,6,13,7,3,4,13,9,3,7,12,11,4,13,7,10,8,7,5,13,6,6,7,7,13,13,8,7,13,13,3,11,2000407852,Ligue 1,OGC Nice
Yanis Sellami,DM L,18,82,-75,"Algeria,France",Olympique de Marseille,7,9,9,7,14,7,7,9,3,9,7,3,14,12,13,11,8,7,8,14,3,9,1,8,14,8,12,10,12,13,8,3,17,13,7,4,2000292793,Ligue 1,Olympique de Marseille
"Adrián Guerrero(Barcelona,Spain)",AM/ST LC,17,82,-7,Spain,Barcelona,9,9,12,11,12,9,6,10,6,4,11,9,6,14,5,9,6,10,8,11,12,16,5,12,6,9,11,7,11,12,11,6,14,9,8,7,2000402975,LaLiga,Barcelona
Alejandro Moya,D R,20,82,-7,Spain,R. Madrid,5,12,6,10,13,1,6,7,4,9,7,5,14,9,10,8,9,8,11,12,5,5,11,4,14,8,8,7,14,10,8,4,12,12,14,5,2000402079,LaLiga,R. Madrid
Ander Peciña,ST R,19,82,-7,"Spain,Pays Basque",A. Bilbao,6,7,13,13,13,6,13,6,4,5,7,7,4,10,14,7,8,11,7,12,17,10,12,11,7,6,8,8,13,13,7,7,15,12,9,9,2000384490,LaLiga,A. Bilbao
Ange Lago,ST ,20,82,-7,Ivory Coast,Olympique de Marseille,5,2,13,12,13,6,13,6,1,6,7,2,1,13,9,13,7,6,7,10,17,13,8,13,2,6,5,7,13,13,7,9,12,13,12,8,2000245872,Ligue 1,Olympique de Marseille
Bryan Meyo,AM/ST RL,19,82,-7,"Gabon,France",Olympique Lyonnais,8,12,13,13,13,6,8,7,6,4,13,7,4,10,8,8,1,6,7,9,12,10,10,8,4,7,8,8,11,10,7,6,6,10,9,7,2000185932,Ligue 1,Olympique Lyonnais
Ceadach O'Neill,AM/ST RLC,17,82,-7,Northern Ireland,Arsenal,5,8,6,10,12,5,4,12,1,5,12,3,5,12,9,8,5,5,4,7,13,15,1,9,5,6,11,11,11,11,12,7,13,11,12,2,2000317977,Premier League,Arsenal
Christian Prenaj,M/AM C,17,82,-7,"Germany,Kosovo",Eintracht Frankfurt,6,5,9,10,11,7,7,10,2,6,14,8,7,11,8,11,8,10,6,14,18,10,14,8,9,12,11,12,12,12,6,14,13,12,7,7,2000332387,Bundesliga,Eintracht Frankfurt
Dani Martínez,D LC,21,82,-7,Spain,A. Madrid,4,7,7,2,14,2,14,5,3,14,11,3,11,13,15,9,12,9,9,14,9,5,13,7,9,7,14,8,9,9,8,11,14,9,9,10,2000213929,LaLiga,A. Madrid
Daniel Le Duigou,GK ,18,82,-7,France,FC Nantes,3,3,2,3,2,8,1,2,1,1,8,3,1,4,6,4,14,6,10,12,14,2,10,1,12,6,5,5,11,11,6,11,13,10,3,3,2000280298,Ligue 1,FC Nantes
Darris Zema,DM/M C,18,82,-7,France,Toulouse FC,6,5,7,4,13,6,6,8,1,8,11,3,13,13,11,6,8,7,8,13,10,5,9,5,6,7,13,10,11,12,7,3,13,10,13,2,2000290395,Ligue 1,Toulouse FC
David Weiss,DM/M C,18,82,-7,"Finland,Poland",U.S. Sassuolo Calcio,6,4,5,7,13,6,6,13,1,7,13,2,13,12,6,5,8,6,6,13,14,5,11,8,9,12,13,11,11,11,13,6,8,10,6,3,2000291031,Serie A,Sassuolo
Davide Sorino,D/WB L,17,82,-7,Italy,Blu-neri Milano,5,12,7,5,12,2,9,5,8,10,8,8,15,10,5,7,9,9,13,13,14,5,5,6,7,9,9,9,15,15,9,4,11,15,11,1,2000391599,Serie A,Inter
Diego Pisani,M C,18,82,-7,Italy,Bologna FC 1909,8,8,10,10,15,8,8,10,7,9,12,5,15,15,9,15,7,9,9,11,4,13,11,15,11,14,14,12,10,5,9,10,16,5,8,5,2000271665,Serie A,Bologna FC 1909
Dino Putsén,AM C,17,82,-7,Sweden,Blu-neri Milano,7,7,9,14,14,7,6,10,3,7,14,6,7,14,9,7,5,7,8,11,11,13,10,12,9,8,9,13,14,11,8,9,12,10,8,7,2000392498,Serie A,Inter
Duje Slišković,DM/M C,16,82,-7,Germany,1. FC Union Berlin,6,7,10,6,10,6,11,8,8,10,11,12,13,10,15,11,14,8,10,8,14,8,10,7,11,12,10,13,11,10,11,13,14,11,12,10,2000423058,Bundesliga,1. FC Union Berlin
Elijah Ly,AM L,17,82,-7,France,Paris Saint-Germain,7,10,11,12,12,5,7,5,5,4,11,8,4,11,12,7,8,12,5,12,9,12,11,7,4,6,7,7,12,12,6,7,15,12,9,5,2000386352,Ligue 1,Paris Saint-Germain
Federico Serra,ST ,19,82,-7,Italy,Capitolini Celesti,6,10,10,11,11,7,7,9,6,3,11,11,6,10,9,13,7,8,11,12,8,9,6,14,6,8,9,10,11,12,12,7,11,12,10,7,2000205877,Serie A,Lazio
Jon Garro,D R,20,82,-7,"Spain,Pays Basque",Real San Sebastián,6,13,7,3,9,2,6,6,1,9,9,7,14,9,5,9,9,7,10,13,17,9,8,7,5,8,9,9,13,14,8,6,9,14,9,5,2000312508,LaLiga,Real Sociedad
Karlo Pajsar,D RC,17,82,-7,Croatia,Parma Calcio 1913,6,9,10,7,12,8,12,7,12,12,10,10,12,11,10,11,12,11,8,7,13,10,7,10,9,12,8,11,11,10,9,13,11,11,11,10,2000365947,Serie A,Parma Calcio 1913
Ken Izekor,ST L,18,82,-7,"Germany,Nigeria",Bayer 04 Leverkusen,10,8,11,9,10,10,9,8,5,4,10,13,5,10,11,7,10,8,7,7,13,12,4,10,4,7,7,10,15,12,11,8,14,14,10,11,2000259421,Bundesliga,Bayer 04 Leverkusen
Khari Ranson,GK ,17,82,-7,"England,Nigeria,Ghana",Arsenal,3,3,1,1,12,6,5,1,1,2,13,3,3,12,12,9,9,9,8,8,18,2,6,2,9,10,12,10,10,13,9,13,16,8,9,9,2000407546,Premier League,Arsenal
Léo Bamballi,D RC,17,82,-7,"France,Central African Republic",Juventus,7,11,7,2,9,4,12,7,4,11,9,3,13,8,14,5,9,9,7,12,15,6,11,4,12,8,5,9,12,11,9,18,13,11,8,8,2000395186,Serie A,Juventus
Louis Zecevic-John,M/AM/ST RL,17,82,-7,"Serbia,England,Saint Lucia",Arsenal,9,7,12,10,11,9,5,9,1,3,10,7,4,11,8,10,6,7,6,6,12,14,4,10,3,10,11,10,14,13,7,5,12,13,8,6,2000407550,Premier League,Arsenal
Matthew Henderson-Hall,M/AM RL,18,82,-7,England,Manchester City,6,9,12,12,12,5,1,5,4,5,12,6,4,11,12,7,6,7,2,12,17,13,10,9,5,6,7,7,13,12,3,9,9,12,12,4,2000296039,Premier League,Manchester City
Max Mergner,DM/M C,19,82,-7,Germany,FC Bayern München,7,7,8,3,14,7,7,14,5,11,14,2,14,11,7,6,8,5,9,11,5,5,9,8,7,8,11,12,14,12,8,14,8,13,8,7,2000241827,Bundesliga,FC Bayern München
Miguel João da Silva,AM/ST L,17,82,-7,Portugal,Como 1907,7,11,13,13,13,6,8,7,5,6,13,4,1,8,15,10,8,9,7,13,10,8,9,13,6,7,8,8,10,12,7,11,15,12,9,8,2000350894,Serie A,Como 1907
Niko Horvat,M/AM LC,17,82,-7,"Croatia,Belgium",Borussia Mönchengladbach,11,9,13,8,13,11,6,11,6,5,13,8,5,13,7,8,7,8,7,8,11,14,5,8,5,10,12,8,12,13,11,7,7,11,11,7,2000331091,Bundesliga,Borussia Mönchengladbach
Reiss Russell-Denny,DM/M/AM C,19,82,-7,England,Tottenham Hotspur,13,8,10,12,11,14,5,12,5,7,11,6,5,12,8,9,9,12,11,9,18,8,8,8,8,11,12,10,13,12,7,8,15,11,8,8,2000184628,Premier League,Tottenham Hotspur
Salifou Sylla,D C,18,82,-7,"France,Guinea",Angers SCO,2,4,4,4,8,6,14,2,2,10,8,3,13,6,12,9,9,7,6,13,13,5,1,6,13,6,7,8,13,8,7,14,12,11,8,6,2000280407,Ligue 1,Angers SCO
Shane Kluivert,AM/ST RL,17,82,-7,"Netherlands,Suriname",Barcelona,8,8,12,11,11,8,7,10,6,5,9,10,6,12,7,8,9,9,7,10,14,14,7,12,5,9,8,8,13,14,11,5,14,11,7,6,2000297774,LaLiga,Barcelona
Simeon Rapsch,GK ,17,82,-7,"Germany,Nigeria",Bayer 04 Leverkusen,3,1,1,1,9,2,6,1,3,3,10,3,2,10,8,8,12,9,9,8,13,6,7,3,11,11,10,10,8,12,11,16,11,8,8,11,2000375507,Bundesliga,Bayer 04 Leverkusen
Yll Gashi,ST ,17,82,-7,"Germany,Kosovo",FC Bayern München,8,8,11,11,11,12,10,10,6,4,8,12,5,11,13,11,11,9,8,8,13,12,8,11,4,8,8,12,12,12,11,9,12,12,11,8,2000332588,Bundesliga,FC Bayern München
Andrea Luongo,AM/ST RLC,17,81,-75,Italy,Torino,9,7,12,8,12,8,8,12,4,4,9,9,4,13,12,8,10,11,9,10,14,16,8,11,5,9,10,9,12,12,11,8,13,11,10,10,2000459182,Serie A,Torino
Bruno Galassi,D/DM C,18,81,-75,"Spain,Argentina,Italy",R. Madrid,6,6,5,7,12,6,8,6,5,12,13,3,13,11,15,13,14,11,13,13,12,5,12,6,12,11,8,12,8,8,7,11,10,8,10,11,2000310956,LaLiga,R. Madrid
Kornel Miściur,GK ,18,81,-75,"England,Poland",Liverpool,3,2,3,3,1,7,1,2,1,2,12,2,2,1,9,8,9,7,9,13,14,3,3,2,13,7,6,6,13,6,7,10,15,11,3,7,2000276737,Premier League,Liverpool
Tynan Thompson,AM/ST L,17,81,-75,England,Tottenham Hotspur,8,11,9,12,12,6,8,7,6,6,11,8,7,11,9,4,8,9,3,11,9,11,7,10,6,7,8,8,13,8,7,5,15,11,13,1,2000389904,Premier League,Tottenham Hotspur
Aaron Bétéhé,D/WB R,17,81,-7,"France,Cameroon",Havre AC,8,12,7,7,13,5,8,4,7,8,9,5,12,8,12,10,9,8,9,13,13,5,2,7,8,8,8,8,12,14,8,11,10,14,8,6,2000502695,Ligue 1,Le Havre
Abdoulaye Nassoko,D RC,17,81,-7,"France,Guinea",FC Metz,5,8,6,6,6,6,8,1,4,12,8,4,13,7,10,10,9,8,5,13,9,5,11,4,7,7,5,8,9,12,7,12,15,13,5,9,2000349258,Ligue 1,FC Metz
"Álvaro(R. Madrid,Spain)",GK ,18,81,-7,Spain,R. Madrid,4,3,1,1,1,6,1,3,3,3,12,1,1,6,5,12,10,12,12,12,8,3,5,1,11,7,6,6,3,11,7,14,5,5,5,13,2000296991,LaLiga,R. Madrid
Djamy Olax,D R,18,81,-7,France,Paris Saint-Germain,5,13,8,5,15,3,9,5,8,10,7,4,13,10,12,6,10,9,7,7,17,9,6,6,8,8,9,9,15,14,9,12,15,14,8,7,2000295450,Ligue 1,Paris Saint-Germain
Dominik Kartelo,M C,17,81,-7,Croatia,Blu-neri Milano,6,6,4,7,11,6,6,6,4,10,13,6,11,13,11,12,8,8,5,12,14,6,10,8,11,7,13,11,13,13,7,5,17,13,6,6,2000394211,Serie A,Inter
Flavio Sulejmani,ST ,19,81,-7,"Albania,Italy",Capitolini Celesti,4,8,10,12,10,8,11,9,5,5,10,11,5,10,11,11,9,10,9,10,15,7,8,9,5,12,9,11,12,11,13,11,10,13,13,14,2000187865,Serie A,Lazio
Jayden Lienou,D L,17,81,-7,"Wales,England,Cameroon",Leeds United,5,13,7,1,13,3,8,7,7,9,14,5,13,14,10,10,9,8,5,11,5,5,9,7,6,7,9,12,14,14,13,7,14,14,8,4,2000437634,Premier League,Leeds United
Jules Ouaknine,D C,18,81,-7,France,Toulouse FC,3,4,6,3,6,1,12,4,1,13,7,1,13,6,14,9,9,5,6,13,12,5,4,5,13,6,1,7,13,12,7,9,14,13,8,10,2000290394,Ligue 1,Toulouse FC
Kurt Rüger,DM/M/AM C,19,81,-7,Germany,FC Bayern München,6,6,8,10,13,3,10,8,1,8,13,3,13,13,15,8,8,8,6,13,16,13,9,8,11,12,8,8,12,8,7,11,5,9,12,8,2000241828,Bundesliga,FC Bayern München
Luca Gunter,GK ,20,81,-7,England,Tottenham Hotspur,2,1,3,2,10,6,1,3,1,2,11,1,3,10,12,9,12,10,9,10,4,2,7,3,10,11,8,11,9,12,10,11,12,9,9,8,2000123639,Premier League,Tottenham Hotspur
Lucas Pitt,D RC,18,81,-7,England,Liverpool,5,9,7,7,8,7,11,4,7,10,1,2,14,4,15,14,15,9,10,14,11,5,9,7,13,8,7,8,7,9,8,14,8,10,9,6,2000276738,Premier League,Liverpool
Luigi Esposito,AM/ST R,17,81,-7,Italy,Parthenope,14,8,11,11,9,13,7,12,3,3,7,13,3,12,8,11,10,8,8,13,14,10,8,8,4,12,7,11,11,14,11,8,8,13,9,9,2000405268,Serie A,Napoli
Martin James,GK ,17,81,-7,France,Paris Saint-Germain,4,1,1,1,1,5,1,1,1,3,9,2,3,1,14,8,15,6,9,13,15,3,8,1,10,7,6,6,9,14,3,10,13,13,5,4,2000426249,Ligue 1,Paris Saint-Germain
Matteo Farronato,GK ,17,81,-7,Italy,Blu-neri Milano,4,3,2,2,4,7,1,3,3,3,14,3,3,5,8,11,13,8,5,11,4,3,6,2,13,8,7,7,12,12,8,14,16,10,5,7,2000401446,Serie A,Inter
Paolo Ceppi,DM/M C,17,81,-7,Italy,Juventus,6,3,4,7,13,6,6,13,2,9,13,4,13,13,12,8,8,8,6,13,6,7,10,7,7,6,13,8,13,9,7,9,13,9,8,9,2000444353,Serie A,Juventus
Pietro La Torre,DM/M C,17,81,-7,Italy,Blu-neri Milano,6,2,7,7,13,6,6,9,6,7,13,3,13,10,10,9,8,8,6,12,18,6,8,7,10,7,12,12,7,10,7,9,11,12,7,6,2000401450,Serie A,Inter
Rafael Ximenez Fasanella,M C,17,81,-7,"Brazil,Italy",Associazione Sportiva Roma,3,6,7,7,13,6,6,6,1,13,13,4,12,13,10,9,7,8,4,13,10,13,11,5,9,7,13,12,9,11,3,1,17,7,8,4,2000391491,Serie A,Associazione Sportiva Roma
Raul Zinni,D C,18,81,-7,Italy,Associazione Sportiva Roma,2,5,1,5,4,1,13,5,6,13,7,6,13,1,11,11,9,5,8,10,20,5,9,6,13,6,1,7,13,10,7,8,10,12,4,9,2000274252,Serie A,Associazione Sportiva Roma
Rica,M C,18,81,-7,Spain,Real Hispalis,6,7,11,9,14,7,7,8,5,9,14,7,11,10,8,10,5,8,7,14,13,7,6,14,9,13,12,9,9,13,8,3,7,10,5,1,2000420815,LaLiga,Real Betis
Rikardo Sheji,AM R,17,81,-7,"Albania,Italy",Torino,6,11,12,11,12,5,7,5,2,5,10,2,6,12,6,10,7,6,1,9,12,13,10,7,4,6,7,7,12,11,6,8,13,12,9,5,2000425729,Serie A,Torino
Ryan Rodin,ST ,19,81,-7,France,AJ Auxerre,7,6,14,14,11,7,12,7,1,7,5,6,7,12,7,14,8,11,8,14,10,12,3,14,8,7,8,8,12,7,8,7,16,10,9,12,2000183496,Ligue 1,AJ Auxerre
Tidiane Devernois,M/AM C,17,81,-7,"France,Senegal",AJ Auxerre,6,5,7,12,13,6,6,8,6,6,13,3,6,13,15,8,7,3,7,13,7,13,5,8,6,7,13,8,13,13,7,6,12,13,8,4,2000412561,Ligue 1,AJ Auxerre
Tommaso Della Mora,D/WB R,19,81,-7,Italy,Blu-neri Milano,6,12,8,5,11,4,8,8,8,10,10,2,15,10,14,12,10,7,10,9,6,5,5,7,10,9,9,9,8,11,9,5,11,10,13,8,2000205834,Serie A,Inter
Ariel,D LC,18,80,-8,"Spain,Equatorial Guinea,Gabon",R. Madrid,6,9,3,5,8,2,12,6,3,10,6,3,13,5,15,9,9,8,8,10,13,5,5,6,13,7,6,8,13,10,8,11,14,12,9,12,2000305094,LaLiga,R. Madrid
Brad Mantsounga,D C,17,80,-8,"Congo,France",OGC Nice,6,2,3,1,13,6,13,3,1,13,13,5,13,9,8,13,15,9,7,13,13,9,11,4,13,6,5,6,8,8,7,12,9,8,5,6,2000407808,Ligue 1,OGC Nice
Charlie Holland,DM/M/AM C,16,80,-8,England,Chelsea,8,7,7,7,11,10,9,14,4,6,10,3,7,12,7,10,9,11,8,10,13,5,6,8,7,11,8,10,12,8,11,8,12,12,10,8,2000476256,Premier League,Chelsea
Christian Imga,M/AM RL,16,80,-8,"Spain,Cameroon,Pays Basque",A. Bilbao,6,6,11,13,13,6,3,5,6,3,13,7,4,10,5,13,7,9,8,8,15,14,9,8,4,7,12,12,10,8,13,13,15,10,7,17,2000503369,LaLiga,A. Bilbao
Ethan Degny,D C,16,80,-8,"France,United States,Ivory Coast",OGC Nice,1,5,4,6,13,1,14,6,1,13,11,4,13,10,15,9,15,6,10,12,14,5,1,2,11,2,9,7,7,9,7,14,15,10,3,6,2000474103,Ligue 1,OGC Nice
Federico Ciucci,D C,16,80,-8,Italy,Capitolini Celesti,5,2,5,3,8,2,12,7,5,10,8,3,14,7,6,14,9,5,10,14,8,5,9,7,12,7,3,8,7,11,8,12,11,8,5,12,2000456855,Serie A,Lazio
Ibrahim Rabbaj,AM RLC,16,80,-8,"Morocco,England",Chelsea,8,10,14,11,13,9,3,10,9,9,9,3,10,15,6,12,9,10,10,7,4,13,12,9,7,7,10,6,13,14,6,4,10,12,6,4,2000476257,Premier League,Chelsea
Marcos Viega,M/AM C,18,80,-8,Spain,R. Madrid,7,12,8,8,13,6,6,15,2,8,13,4,9,12,9,10,9,7,8,13,20,14,14,11,8,12,13,9,13,9,5,11,12,9,3,3,2000408888,LaLiga,R. Madrid
Mattéo Bancillon,AM C,16,80,-8,France,OGC Nice,8,11,13,9,14,7,7,9,7,8,14,6,9,14,7,5,6,8,8,7,8,13,4,14,8,13,14,9,13,10,6,7,7,9,6,4,2000491758,Ligue 1,OGC Nice
Wassim Slama,M C,16,80,-8,"Tunisia,France",Paris Saint-Germain,9,10,12,14,13,9,9,9,4,5,11,6,7,12,10,11,8,10,9,8,9,15,10,9,6,10,12,10,10,11,13,12,11,12,9,10,2000487229,Ligue 1,Paris Saint-Germain
Aimar Peña,ST ,21,80,-75,"Spain,Pays Basque",Mallorca,5,6,12,12,12,4,12,6,2,3,6,4,1,8,6,12,7,10,1,12,2,15,4,12,6,5,2,7,12,11,6,11,13,12,12,5,2000134130,LaLiga,Mallorca
Alex Alcalá,AM LC,19,80,-75,"Mexico,United States",Manchester City,8,13,12,9,11,12,7,8,1,7,12,3,4,12,9,10,5,12,9,13,8,14,10,12,8,13,12,9,13,14,11,2,13,12,8,2,2000084534,Premier League,Manchester City
Ato Ampah,WB/AM RL,19,80,-75,"England,Ghana",Chelsea,6,8,11,7,6,5,3,4,7,5,6,4,5,8,7,6,5,7,5,7,13,15,4,7,7,6,7,10,16,10,11,9,14,15,8,8,2000184613,Premier League,Chelsea
Baba Korouma,D/DM C,16,80,-75,"Guinea,Spain",Barcelona,4,5,10,7,11,6,11,7,6,11,12,5,12,11,15,9,12,8,9,11,14,9,6,7,10,11,11,10,12,11,12,12,16,12,10,10,2000403932,LaLiga,Barcelona
Frankie Runham,AM RLC,18,80,-75,England,Chelsea,12,10,7,12,9,15,6,12,8,5,7,8,6,12,9,15,7,8,10,7,17,8,3,6,7,7,8,9,14,7,9,9,8,13,11,7,2000273473,Premier League,Chelsea
Ilan Jourdren,GK ,17,80,-75,France,RC Lens,4,3,1,3,3,8,1,3,3,1,13,4,3,1,9,4,14,7,10,13,13,2,10,3,13,7,6,6,11,5,7,13,9,10,2,6,2000401277,Ligue 1,RC Lens
Javi Tena,DM/M C,17,80,-75,Spain,A. Madrid,6,11,5,7,13,6,6,8,4,6,11,3,12,13,14,12,8,7,10,13,8,5,9,5,11,12,13,12,8,8,12,15,10,8,9,11,2000385014,LaLiga,A. Madrid
Jay McEvoy,DM/M RC,16,80,-75,"Republic of Ireland,Northern Ireland",Manchester United,4,5,9,8,10,5,5,9,4,4,12,9,8,11,14,9,11,12,8,7,7,8,6,9,5,10,9,11,12,11,9,8,12,11,10,9,2000474167,Premier League,Manchester United
Keyliane Abdallah,ST ,19,80,-75,"Mayotte,France",Olympique de Marseille,6,7,12,13,9,6,13,7,5,6,7,6,3,13,13,13,8,7,7,13,8,13,1,13,7,6,6,7,11,13,7,13,12,13,12,9,2000292795,Ligue 1,Olympique de Marseille
"Koke(A. Madrid,Spain,ST R)",ST R,20,80,-75,Spain,A. Madrid,7,12,13,12,9,6,13,7,1,6,13,4,3,9,14,7,4,10,7,13,13,14,12,8,7,6,8,8,13,12,7,13,13,13,12,6,2000370557,LaLiga,A. Madrid
"Liberto(R. Madrid,Spain)",D/WB L,18,80,-75,Spain,R. Madrid,5,10,12,4,10,2,6,5,5,11,12,4,12,12,15,6,16,4,7,12,20,7,13,4,5,11,3,10,14,12,11,3,13,13,12,1,2000299809,LaLiga,R. Madrid
Marco Virtuani,M C,16,80,-75,Italy,Blu-neri Milano,9,8,10,6,12,8,2,8,3,5,10,9,8,14,13,8,12,10,8,8,14,14,11,11,6,12,12,12,12,12,11,8,12,11,8,9,2000401454,Serie A,Inter
Mason Miley,DM/M C,16,80,-75,England,Newcastle United,6,6,6,7,13,6,6,5,1,8,13,3,12,12,8,9,8,8,8,13,19,5,5,7,6,7,10,12,13,13,4,8,12,13,8,5,2000494899,Premier League,Newcastle United
Michael Mills,AM/ST L,16,80,-75,England,Newcastle United,8,11,12,13,13,6,7,7,6,4,11,5,6,13,14,10,2,7,7,13,6,15,10,8,6,7,8,8,13,12,7,9,9,13,8,6,2000494885,Premier League,Newcastle United
Migue Romero,DM C,17,80,-75,Spain,Real Hispalis,8,9,10,4,15,8,8,10,5,10,13,1,14,10,15,7,9,6,10,12,12,10,5,9,13,14,10,11,9,10,9,8,11,8,7,7,2000419159,LaLiga,Real Betis
Mudaser Sadat,M/AM C,18,80,-75,"Germany,Afghanistan",FC Bayern München,3,7,8,13,13,5,4,6,5,7,13,4,7,10,10,4,8,8,7,13,14,15,11,8,7,7,12,12,13,13,7,13,9,13,10,6,2000270860,Bundesliga,FC Bayern München
Ognjen Obradovic,M/AM C,17,80,-75,"France,Serbia",RC Lens,6,6,8,12,13,6,3,9,6,5,13,3,8,13,15,7,7,7,2,13,11,13,7,10,6,7,13,12,10,9,7,7,10,9,13,4,2000388087,Ligue 1,RC Lens
Oier Unamuno,D R,17,80,-75,"Spain,Pays Basque",A. Bilbao,8,13,9,3,9,4,7,7,7,12,8,4,12,14,15,8,9,6,11,12,16,5,4,6,10,13,5,13,13,10,14,4,15,13,10,2,2000489673,LaLiga,A. Bilbao
Orian Goren,DM/M C,16,80,-75,"Israel,Czechia",Barcelona,9,8,11,7,12,9,8,8,6,7,13,8,8,14,10,8,8,9,8,12,14,16,8,10,9,10,12,8,10,11,12,8,14,9,10,7,2000467065,LaLiga,Barcelona
Roberto Tomás,M/AM/ST C,16,80,-75,Spain,Barcelona,8,8,11,10,11,8,9,9,6,7,10,10,8,12,8,9,9,10,8,10,14,14,8,12,7,10,10,9,11,12,11,9,14,10,9,8,2000466871,LaLiga,Barcelona
Sacha Lung,D C,17,80,-75,France,RC Strasbourg Alsace,4,1,1,3,6,1,8,1,4,13,7,1,13,1,11,8,9,7,4,13,16,5,10,6,10,6,6,7,13,12,6,12,15,13,8,9,2000396428,Ligue 1,RC Strasbourg Alsace
Sanah Camara,DM C,17,80,-75,France,FC Nantes,3,7,8,8,8,4,7,14,7,9,11,6,14,12,11,8,8,9,4,14,5,5,3,8,8,8,14,12,9,11,8,12,12,10,9,5,2000393035,Ligue 1,FC Nantes
Tayo Subuloye,D C,17,80,-75,"England,Nigeria",Chelsea,7,7,6,9,7,3,6,9,7,7,10,7,7,11,10,9,10,10,12,9,11,5,15,8,10,13,9,14,16,6,14,14,13,13,11,8,2000379558,Premier League,Chelsea
Thomas Rousseau,M/AM C,17,80,-75,France,Havre AC,6,6,8,13,13,6,6,8,1,1,13,5,5,13,8,7,8,7,7,13,4,13,6,10,4,7,11,8,13,13,7,7,12,13,7,6,2000502673,Ligue 1,Le Havre
Vinnie Hayward,ST C,17,80,-75,England,Aston Villa,5,6,12,12,12,5,12,7,3,2,7,7,4,11,6,5,2,7,6,10,14,12,10,12,3,5,10,7,12,12,6,7,12,12,10,10,2000414239,Premier League,Aston Villa
Airidas Golambeckis,D C,17,80,-7,"England,Lithuania",West Ham United,4,4,15,8,15,3,13,8,7,9,10,8,14,10,15,13,13,14,13,9,12,5,4,6,8,8,9,10,12,7,11,10,12,13,6,10,2000368701,Premier League,West Ham United
Albi,M/AM C,18,80,-7,"Spain,Pays Basque",A. Bilbao,6,5,8,13,10,6,8,8,2,6,13,9,8,13,5,11,8,10,5,11,7,15,11,9,6,7,7,8,13,13,7,6,12,13,11,2,2000489696,LaLiga,A. Bilbao
Andrei Roateș,ST C,17,80,-7,Romania,Levante,6,7,12,13,13,6,13,6,6,6,8,3,3,9,10,7,6,8,7,8,16,9,7,10,5,7,7,5,13,9,7,16,10,10,5,5,2000412543,LaLiga,Levante
Antonio Pirrò,AM C,17,80,-7,Italy,ACF Fiorentina,7,9,10,14,13,4,9,9,7,3,11,3,8,12,6,6,8,7,8,7,5,11,3,14,7,8,14,9,14,14,8,6,11,14,10,7,2000442528,Serie A,ACF Fiorentina
Benno Kaltefleiter,DM/M C,17,80,-7,Germany,RB Leipzig,8,7,10,7,12,8,8,10,6,8,12,8,10,13,10,9,11,10,9,8,12,10,8,8,9,12,11,12,11,12,12,8,14,11,12,8,2000465708,Bundesliga,RB Leipzig
Carlos De Roa,D LC,18,80,-7,Spain,Real Hispalis,5,11,8,3,11,1,7,6,6,8,13,5,8,13,13,9,9,9,7,13,5,5,5,8,8,12,11,12,13,10,7,14,11,10,9,5,2000420813,LaLiga,Real Betis
Charlie Penman,D C,19,80,-7,England,Brighton & Hove Albion,4,1,1,1,13,1,14,4,4,14,8,6,14,14,15,7,15,8,6,7,6,5,1,5,14,4,7,8,9,8,8,16,12,8,9,9,2000128099,Premier League,Brighton & Hove Albion
Dachi Lordkipanidze,DM/M C,20,80,-7,Georgia,U.S. Cremonese,10,8,9,8,10,8,9,8,7,8,10,8,11,10,10,12,10,12,11,10,14,10,13,10,12,12,10,12,10,10,10,10,10,10,13,11,2000098449,Serie A,Cremonese
Daniel Cantero,M/AM RL,19,80,-7,Spain,Villarreal,8,10,13,9,11,9,4,8,3,6,9,9,8,13,10,9,11,12,8,8,12,16,6,9,6,7,11,11,13,17,12,4,8,11,8,5,2000295466,LaLiga,Villarreal
Dean Benamar,D/WB/M L,17,80,-7,"England,Algeria",Crystal Palace,8,10,9,7,9,7,8,6,8,8,9,7,7,8,10,11,10,9,8,7,11,13,6,9,7,11,8,12,14,11,12,9,15,13,12,9,2000380878,Premier League,Crystal Palace
Emmanuel Mbemba,D LC,17,80,-7,France,Paris Saint-Germain,8,13,7,3,10,8,10,5,8,12,9,3,15,9,12,9,10,9,12,13,14,5,11,8,10,9,9,9,11,10,9,8,11,10,7,6,2000386325,Ligue 1,Paris Saint-Germain
Enzo Duarte,M C,16,80,-7,"Luxembourg,Cape Verde Islands",Borussia Dortmund,7,7,12,7,14,3,7,6,1,9,14,7,11,10,15,10,8,12,4,14,9,11,11,14,7,13,11,13,9,10,8,12,15,8,9,4,2000466273,Bundesliga,Borussia Dortmund
Eric Gómez,M/AM L,21,80,-7,Spain,R. Madrid,8,12,13,13,13,6,5,7,6,7,12,2,8,13,15,10,4,6,7,6,7,13,8,12,7,7,6,8,12,12,7,7,8,11,5,7,2000217596,LaLiga,R. Madrid
Ferdinand Pohl,D C,18,80,-7,Germany,Bayer 04 Leverkusen,3,5,9,4,11,4,10,6,6,11,11,5,12,10,11,11,11,11,11,11,12,8,9,7,11,11,9,11,10,10,9,9,10,10,12,9,2000259384,Bundesliga,Bayer 04 Leverkusen
Finlay Herrick,GK ,19,80,-7,England,West Ham United,5,3,3,3,6,9,1,3,2,1,10,3,2,9,6,12,15,7,7,13,11,3,3,1,13,7,6,6,9,9,6,12,13,8,2,9,2000183393,Premier League,West Ham United
Finn Sherlock,D/WB L,17,80,-7,Republic of Ireland,TSG 1899 Hoffenheim,6,9,7,6,11,3,6,3,5,8,11,1,13,8,10,5,14,8,11,13,6,11,7,5,10,14,5,15,13,12,7,6,13,13,8,4,2000370632,Bundesliga,TSG 1899 Hoffenheim
Ghianny Kodia,AM RL,17,80,-7,"France,Ivory Coast",RC Strasbourg Alsace,7,12,13,11,10,6,9,7,6,6,13,4,4,13,5,6,7,8,6,13,15,13,11,8,6,7,9,12,13,9,7,9,16,12,9,6,2000396426,Ligue 1,RC Strasbourg Alsace
Giorgio Vezzosi,D C,18,80,-7,Italy,U.S. Sassuolo Calcio,2,1,5,4,8,2,13,1,4,12,9,1,12,8,14,12,11,8,12,10,8,5,7,6,12,9,5,10,10,10,12,13,16,10,10,12,2000268213,Serie A,Sassuolo
Idrissa Sabaly,M C,17,80,-7,France,RC Strasbourg Alsace,6,6,3,7,13,6,5,10,6,6,10,4,11,13,5,8,8,5,7,13,10,5,3,7,12,7,10,9,13,10,7,8,7,13,7,5,2000396456,Ligue 1,RC Strasbourg Alsace
Iker Villar,ST ,19,80,-7,Spain,Sevilla,6,5,13,13,13,6,13,3,1,6,7,6,3,13,13,4,5,10,7,6,13,13,12,11,5,6,7,7,13,12,3,10,9,13,10,9,2000211220,LaLiga,Sevilla
Imdad Charifou,D/DM C,18,80,-7,"France,Comoros",Olympique Lyonnais,5,6,4,6,8,6,11,4,3,13,8,6,13,7,9,9,9,7,7,13,8,5,11,6,12,6,8,8,13,13,7,12,15,13,4,8,2000217386,Ligue 1,Olympique Lyonnais
Jules Stawiecki,GK ,18,80,-7,France,AS Monaco,3,3,3,1,6,6,1,3,2,3,12,3,3,3,5,9,9,7,9,13,2,1,10,1,8,7,6,6,12,13,5,12,10,11,3,4,2000295393,Ligue 1,AS Monaco
Kévin Sitou,D C,19,80,-7,France,AS Monaco,1,1,3,6,7,1,13,5,3,13,6,6,13,3,12,12,9,7,6,13,15,8,8,6,11,6,3,7,13,10,7,12,15,11,6,8,2000188741,Ligue 1,AS Monaco
Luke Rawlings,M C,17,80,-7,England,Wolverhampton Wanderers,7,7,6,8,14,7,7,9,5,14,12,4,14,13,13,7,8,8,10,12,13,5,4,9,10,12,8,13,9,7,14,7,14,6,10,5,2000380588,Premier League,Wolverhampton Wanderers
Marcos Goñi,ST ,18,80,-7,"Spain,Pays Basque",A. Bilbao,7,4,12,14,9,7,14,8,4,6,6,4,1,13,9,11,7,9,3,12,6,12,1,14,7,5,7,8,12,10,8,11,12,11,7,10,2000403790,LaLiga,A. Bilbao
Mathys Silistrie,GK ,19,80,-7,"France,Guadeloupe",Stade Rennais FC,2,1,3,3,1,5,1,3,2,1,9,5,1,6,13,7,6,11,11,14,16,2,7,1,12,8,3,7,8,6,8,17,12,9,3,5,2000201223,Ligue 1,Stade Rennais FC
Miguel Gil,D C,17,80,-7,Spain,A. Madrid,4,4,4,6,7,1,13,6,1,13,7,6,13,4,7,11,9,7,5,12,8,5,3,6,13,6,2,7,10,10,7,10,17,9,4,9,2000510976,LaLiga,A. Madrid
Nehemiah Oriola,AM RL,18,80,-7,"England,Nigeria",Brighton & Hove Albion,8,13,13,14,14,7,8,13,7,6,14,7,8,14,13,8,8,11,9,14,4,15,6,10,7,8,8,9,11,10,8,7,13,10,7,4,2000315332,Premier League,Brighton & Hove Albion
Nicolò Artesani,M/AM RC,18,80,-7,Italy,Bergamo,8,10,11,7,11,8,8,8,6,6,9,7,6,12,8,12,8,8,10,11,18,14,5,11,7,11,12,11,11,12,9,8,15,11,11,9,2000267925,Serie A,Atalanta
Nikolas Matic,D/WB R,17,80,-7,"Croatia,Germany",VfB Stuttgart,6,10,4,4,12,1,7,7,7,8,9,7,14,9,15,6,8,9,7,13,8,9,3,7,10,8,9,9,14,12,8,10,8,13,5,7,2000332523,Bundesliga,VfB Stuttgart
Óscar López,M C,18,80,-7,"Bolivia,Spain",Mallorca,4,4,7,7,13,6,5,10,1,5,13,2,8,13,10,9,7,8,7,13,14,5,8,7,11,7,13,12,13,13,4,7,12,13,12,5,2000424587,LaLiga,Mallorca
Patrik Johnsen,M/AM RL,16,80,-7,Norway,RB Leipzig,10,8,12,10,11,12,7,12,5,4,10,12,4,12,13,7,7,8,7,7,12,16,7,8,4,8,10,8,12,13,8,7,13,12,8,6,2000465585,Bundesliga,RB Leipzig
Sergiu Perciun,M/AM LC,19,80,-7,"Moldova,Romania",Torino,13,12,11,10,11,13,6,12,4,4,11,12,5,11,11,9,10,9,9,10,13,15,8,10,6,10,12,11,11,11,7,8,11,11,9,7,2000199410,Serie A,Torino
Steeve Kango,D RC,18,80,-7,"France,Algeria",Olympique Lyonnais,7,9,7,6,9,6,10,5,7,12,4,2,13,7,5,7,9,8,8,12,16,5,5,4,14,4,7,9,14,11,6,6,14,11,10,8,2000288934,Ligue 1,Olympique Lyonnais
Thierry Fidjeu-Tazemeta,AM/ST RL,18,80,-7,Austria,Borussia Dortmund,7,11,11,13,11,6,12,7,6,6,10,5,4,13,10,8,8,8,5,13,11,13,11,9,6,7,8,8,12,11,7,14,15,12,8,6,2000251683,Bundesliga,Borussia Dortmund
Timothée Dutot,D/WB L,18,80,-7,France,Olympique Lyonnais,6,13,7,1,13,2,8,7,7,9,9,1,13,9,8,10,9,7,11,9,10,9,4,5,11,8,8,8,12,14,8,10,8,14,7,8,2000303764,Ligue 1,Olympique Lyonnais
Toni Langsteiner,DM/M C,17,80,-7,Germany,RB Leipzig,11,10,11,8,11,11,7,11,6,8,11,12,10,11,12,8,10,8,9,8,12,12,8,10,8,12,10,13,12,12,10,7,15,11,14,7,2000465705,Bundesliga,RB Leipzig
Xabi Gómez,ST ,18,80,-7,"Spain,Pays Basque",A. Bilbao,7,7,9,14,11,7,12,8,5,7,6,11,4,10,5,13,7,12,12,14,8,10,1,14,8,7,7,8,13,7,5,11,13,8,4,5,2000370916,LaLiga,A. Bilbao
Davide Pavesi,D C,17,79,-8,Italy,U.S. Cremonese,1,1,5,5,7,1,13,6,1,13,7,4,13,3,9,9,9,7,6,12,1,5,9,6,13,6,5,7,9,9,4,17,12,10,9,7,2000375461,Serie A,Cremonese
Benoît Sida,AM RL,17,79,-75,"France,Guyana",Havre AC,5,10,10,10,12,5,5,5,5,5,12,4,6,12,13,11,7,6,5,8,15,15,8,10,5,6,7,7,12,12,7,3,12,12,12,2,2000502648,Ligue 1,Le Havre
Ewan Simpson,DM/M/AM C,19,79,-75,Scotland,Aston Villa,8,12,6,13,11,6,6,12,3,6,13,7,7,13,13,13,8,10,8,13,10,15,3,13,6,7,13,8,10,8,7,5,6,10,7,5,2000198744,Premier League,Aston Villa
"Jacobo(R. Madrid,Spain)",ST ,19,79,-75,Spain,R. Madrid,5,5,8,12,10,6,13,7,3,6,7,4,6,8,15,13,14,11,6,13,11,8,8,8,6,9,7,12,7,7,7,15,14,9,8,13,2000220036,LaLiga,R. Madrid
Lorenzo Calvani,D/WB L,17,79,-75,Italy,Capitolini Celesti,5,11,7,5,13,3,8,7,4,9,9,6,14,9,6,10,9,8,9,6,10,12,2,5,6,8,8,9,14,14,8,8,9,14,13,7,2000386596,Serie A,Lazio
Samuele Pirola,D/WB/M L,16,79,-75,Italy,Blu-neri Milano,12,14,8,6,9,6,4,5,9,7,7,6,7,10,12,9,8,8,8,9,13,11,9,9,7,11,11,12,12,12,12,9,13,14,10,8,2000492094,Serie A,Inter
Alexi Koum,AM/ST L,19,79,-7,France,Olympique de Marseille,7,10,13,13,11,6,11,7,6,3,11,4,3,13,14,6,5,10,7,13,2,13,1,11,3,6,6,8,13,13,7,13,12,13,7,6,2000183495,Ligue 1,Olympique de Marseille
Bala Keita,DM/M C,18,79,-7,"Ivory Coast,Italy",ACF Fiorentina,9,8,9,5,9,4,7,5,3,8,12,7,11,11,13,10,9,10,9,11,12,10,6,8,9,11,12,9,12,12,12,10,13,12,11,12,2000332994,Serie A,ACF Fiorentina
Ben Schiffer,D C,17,79,-7,Germany,Borussia Mönchengladbach,4,1,5,6,7,1,13,2,6,13,7,4,13,6,6,6,9,5,11,13,7,5,1,5,13,6,6,7,11,10,7,9,13,10,7,8,2000331092,Bundesliga,Borussia Mönchengladbach
Carey Bloedorn,GK ,19,79,-7,England,Tottenham Hotspur,4,2,3,1,4,8,1,2,3,2,13,2,1,6,11,10,14,9,9,10,5,3,11,2,8,6,8,8,14,10,9,16,14,9,8,7,2000222079,Premier League,Tottenham Hotspur
Chema Aragüés,M/AM/ST R,21,79,-7,Spain,Alavés,9,10,12,9,11,7,6,10,5,6,8,10,5,11,8,10,12,9,10,9,12,14,12,14,6,12,10,11,12,11,8,7,12,12,9,7,2000165973,LaLiga,Alavés
Joshua Ajala,ST ,18,79,-7,"England,Nigeria",West Ham United,9,8,7,10,9,9,6,8,4,4,7,9,7,10,5,11,9,10,10,9,11,8,12,8,7,7,9,9,15,11,9,16,15,13,8,8,2000260912,Premier League,West Ham United
Kenny Olinga,DM C,18,79,-7,Belgium,Torino,7,7,8,8,12,7,7,12,7,8,14,3,14,9,15,10,8,6,7,14,5,6,7,8,10,6,9,9,11,9,12,12,6,5,9,12,2000254423,Serie A,Torino
Luca Reggiani,D RC,17,79,-7,Italy,Borussia Dortmund,3,10,7,7,9,1,10,4,3,14,8,3,13,7,6,12,9,6,6,12,4,6,1,6,13,7,4,8,13,9,8,10,17,10,7,8,2000333549,Bundesliga,Borussia Dortmund
Melvin,D/WB R,18,79,-7,"Spain,Nigeria",R. Madrid,4,10,11,4,11,1,8,2,4,7,14,1,13,9,9,12,11,7,9,9,9,5,4,9,9,13,5,14,16,12,5,10,13,15,7,4,2000330857,LaLiga,R. Madrid
Michael Laffey,DM/M C,19,79,-7,England,Liverpool,4,7,4,7,12,7,7,9,1,11,13,6,10,13,13,12,8,12,7,11,8,5,8,14,12,13,14,9,9,7,14,7,12,8,7,4,2000191792,Premier League,Liverpool
Vincent Ibrahimović,DM/M C,17,79,-7,"Sweden,Bosnia and Herzegovina",Casciavit Milano,6,4,7,7,13,6,6,8,3,12,13,4,13,13,5,7,8,8,8,8,8,7,7,5,13,7,11,7,13,13,7,7,13,13,7,5,2000395196,Serie A,Milan
Destiny Elimoghale,AM L,16,78,-85,"Italy,Nigeria",Juventus,7,8,14,10,11,7,3,9,4,3,10,9,2,13,8,6,7,8,5,7,14,15,5,8,3,7,7,7,14,13,10,6,14,13,9,9,2000487699,Serie A,Juventus
Kenan Doganay,DM/M C,16,78,-8,France,Olympique Lyonnais,7,7,6,7,13,7,6,6,3,8,13,1,14,8,13,9,8,9,9,14,12,5,11,8,10,8,12,12,14,14,4,7,15,12,7,5,2000497713,Ligue 1,Olympique Lyonnais
Dennis Rufo,ST ,19,78,-75,Spain,Alavés,6,8,8,11,9,5,13,10,4,4,7,13,6,9,13,10,13,11,10,8,12,11,10,11,6,11,7,12,10,10,8,14,13,13,8,11,2000295465,LaLiga,Alavés
Ebroni Gnoan,AM R,20,78,-75,"France,Ivory Coast",Havre AC,6,8,13,11,11,6,13,7,6,5,12,5,5,9,15,11,6,4,7,12,2,9,8,10,6,7,8,8,13,13,13,8,10,13,4,8,2000130980,Ligue 1,Le Havre
Edward Ibrović-Fletcher,AM LC,16,78,-75,"Serbia,England",Manchester United,10,9,11,9,11,9,2,11,1,2,11,12,4,11,7,9,7,10,7,7,10,14,4,11,2,9,9,11,12,12,7,4,13,11,8,6,2000474174,Premier League,Manchester United
Enzo Evora Dias,GK ,16,78,-75,"France,Portugal",Havre AC,4,1,3,2,1,7,1,2,3,2,10,1,1,1,9,11,14,6,7,12,9,1,1,3,10,6,5,4,12,12,4,12,13,8,1,7,2000502691,Ligue 1,Le Havre
Gioele Giammattei,M C,16,78,-75,Italy,Associazione Sportiva Roma,7,5,9,10,10,6,8,10,4,6,9,8,11,10,12,11,10,10,12,10,15,12,12,11,8,13,8,13,11,11,9,8,13,12,12,10,2000492108,Serie A,Associazione Sportiva Roma
Jacob Howard,D C,16,78,-75,England,Leeds United,2,1,1,1,5,1,12,5,3,12,6,5,12,1,12,10,8,5,5,12,11,6,10,2,12,5,5,6,12,12,6,14,9,12,11,5,2000500941,Premier League,Leeds United
Justin Oboavwoduo,M/AM/ST RLC,18,78,-75,"England,Nigeria",Manchester City,7,12,13,11,9,6,8,8,5,3,13,2,7,8,9,8,2,3,7,8,3,13,1,7,5,12,8,10,13,13,13,10,15,12,11,3,2000185228,Premier League,Manchester City
Oskar Engel,ST ,17,78,-75,Germany,1. FC Union Berlin,6,7,13,13,11,6,13,7,3,6,6,6,3,13,6,13,7,6,7,5,12,15,10,13,3,6,7,7,13,13,7,8,13,13,9,9,2000423056,Bundesliga,1. FC Union Berlin
Samual Archer,GK ,18,78,-75,"England,South Africa",Tottenham Hotspur,5,1,2,3,1,9,1,1,3,1,10,2,1,1,13,7,14,6,9,12,15,1,3,2,8,6,5,5,7,12,6,11,11,6,1,5,2000298720,Premier League,Tottenham Hotspur
Will Wright,ST ,17,78,-75,England,Liverpool,5,7,9,13,9,6,9,8,4,6,8,12,6,9,10,9,8,10,7,8,14,6,4,11,6,10,8,13,12,9,10,12,13,14,10,9,2000388194,Premier League,Liverpool
Álex Fernandorena,D L,20,78,-7,"Spain,Pays Basque",Real San Sebastián,6,14,8,3,10,3,10,7,8,15,9,5,10,9,6,12,9,9,8,11,15,5,9,8,12,9,7,9,14,12,9,9,12,10,13,9,2000141552,LaLiga,Real Sociedad
Batuhan Şahin,M/AM C,17,78,-7,"Türkiye,Germany",Bayer 04 Leverkusen,6,8,13,8,13,6,3,8,6,5,10,3,8,13,11,6,8,11,7,13,17,13,8,6,3,7,9,12,13,13,3,6,15,13,13,4,2000427870,Bundesliga,Bayer 04 Leverkusen
Checkina Dzabatou Ecko,D/DM C,17,78,-7,France,AS Monaco,6,6,4,1,8,6,13,4,4,13,8,3,13,7,15,5,9,2,6,13,18,5,1,4,13,6,8,5,12,13,7,15,10,13,4,5,2000404827,Ligue 1,AS Monaco
Daniel Mikołajewski,ST ,19,78,-7,"Poland,Germany",Parma Calcio 1913,7,9,9,11,11,11,10,9,5,6,8,7,9,9,10,8,9,10,9,10,9,6,13,10,10,9,10,10,11,12,8,9,15,11,11,9,2000150888,Serie A,Parma Calcio 1913
Elikya Legros,D C,17,78,-7,France,AJ Auxerre,4,4,4,3,8,2,14,6,7,12,8,2,14,7,6,13,9,6,7,9,6,6,9,7,14,7,3,8,10,12,8,11,14,9,5,8,2000407289,Ligue 1,AJ Auxerre
Emeka Adiele,D/WB/AM L,18,78,-7,"England,Nigeria",West Ham United,6,11,5,7,13,5,2,6,1,12,11,2,12,10,13,9,8,8,9,13,13,13,5,13,6,12,6,9,15,12,8,6,12,13,4,10,2000260911,Premier League,West Ham United
Emeric Etondé,D C,18,78,-7,"France,Cameroon",Olympique Lyonnais,1,1,1,6,7,1,13,3,6,13,6,1,13,6,15,9,9,7,10,13,7,5,9,5,11,6,6,7,12,10,7,9,9,10,12,10,2000288936,Ligue 1,Olympique Lyonnais
Ethan Luvambano,AM/ST R,18,78,-7,France,Paris Saint-Germain,6,7,13,10,13,6,11,7,6,3,11,6,7,13,7,5,6,11,4,6,6,13,1,12,6,7,8,7,13,13,7,10,18,13,5,6,2000297053,Ligue 1,Paris Saint-Germain
Fabio Pandolfi,DM/M/AM C,17,78,-7,Italy,Casciavit Milano,6,1,8,12,13,6,5,10,6,8,9,6,13,10,10,6,8,6,7,13,9,12,1,8,4,5,10,10,13,9,7,5,12,12,7,6,2000386609,Serie A,Milan
Franz Hantschmann,GK ,16,78,-7,Germany,RB Leipzig,4,2,1,3,4,8,1,3,1,2,8,3,1,4,9,11,10,7,8,12,14,1,7,1,11,3,6,6,4,12,7,17,13,8,1,6,2000503432,Bundesliga,RB Leipzig
Gabriel Ramaj,D C,19,78,-7,"Italy,Albania",Bergamo,3,1,1,6,7,1,13,3,2,11,7,3,13,6,12,13,9,4,9,13,2,8,10,6,10,6,1,7,13,13,7,13,12,12,12,7,2000184406,Serie A,Atalanta
"Ignacio(R. Madrid,Spain)",M/AM C,18,78,-7,Spain,R. Madrid,6,6,7,12,13,6,6,8,1,8,10,3,8,13,9,8,6,7,5,13,9,15,9,8,8,6,13,8,13,10,7,10,12,10,10,6,2000406707,LaLiga,R. Madrid
Jason Bissi-Mouelle,D C,17,78,-7,"Germany,Cameroon",Hamburger Sport-Verein,2,5,4,5,3,1,13,4,1,13,7,3,13,2,15,13,9,4,9,13,7,5,4,2,13,6,5,7,5,10,7,13,15,8,4,7,2000422942,Bundesliga,Hamburger Sport-Verein
Joan Mascaró,M/AM LC,19,78,-7,Spain,R. Madrid,6,10,12,11,9,6,5,8,4,5,11,3,8,10,7,6,8,6,7,10,9,13,8,10,6,12,11,8,12,13,7,8,9,13,10,4,2000220094,LaLiga,R. Madrid
Lorenzo Ferrari,D/WB RL,19,78,-7,Italy,Capitolini Celesti,6,14,5,8,10,3,8,7,8,10,10,7,15,10,14,9,8,9,6,13,9,5,9,8,9,9,10,10,9,12,9,10,9,11,11,7,2000211639,Serie A,Lazio
Marco Libra,M/AM C,17,78,-7,"Venezuela,Italy",Bologna FC 1909,7,10,11,8,14,7,4,7,1,4,11,1,7,12,9,7,6,12,7,11,13,9,8,7,4,13,10,9,12,14,4,11,15,13,7,6,2000394909,Serie A,Bologna FC 1909
Matteo Papaccioli,M/AM C,17,78,-7,"Italy,Brazil",Como 1907,8,13,11,14,12,7,7,14,3,7,10,5,9,11,8,12,8,9,6,14,14,13,11,6,9,8,14,9,13,12,5,7,13,12,4,4,2000373764,Serie A,Como 1907
Mykola Petrovskyi,D/WB/DM L,17,78,-7,Ukraine,VfB Stuttgart,8,13,8,2,10,7,7,8,5,8,11,1,14,9,10,11,8,4,8,9,3,7,2,7,10,8,8,6,14,11,8,13,11,11,9,6,2000332519,Bundesliga,VfB Stuttgart
Nacho Pérez,D R,16,78,-7,Spain,Levante,3,11,11,7,12,7,8,7,8,9,12,8,11,11,10,11,11,9,10,9,10,10,8,11,9,11,10,11,13,11,10,8,12,12,9,9,2000445700,LaLiga,Levante
Niko Tomašević,M C,17,78,-7,Croatia,RB Leipzig,10,9,10,7,12,10,7,9,6,7,13,11,8,13,8,9,8,9,8,8,13,10,8,7,8,11,11,9,10,12,10,12,12,11,11,9,2000395248,Bundesliga,RB Leipzig
Nilo Neuendorff,D/WB RL,17,78,-7,Germany,Eintracht Frankfurt,4,11,4,7,9,2,8,5,6,9,8,6,13,9,15,10,9,3,10,12,4,9,7,4,9,4,6,8,14,12,8,13,16,12,13,7,2000332377,Bundesliga,Eintracht Frankfurt
Noel Pafla,D LC,17,78,-7,Germany,1. FSV Mainz 05,4,10,3,6,8,1,12,2,6,13,7,1,13,6,9,9,9,5,7,13,15,7,6,4,13,6,6,7,13,10,7,7,15,12,7,9,2000425988,Bundesliga,1. FSV Mainz 05
Rodrigo Gamón,AM RL,18,78,-7,Spain,Valencia,6,8,13,10,13,2,13,7,4,6,8,6,4,11,15,10,6,7,7,13,10,11,10,11,6,7,8,8,13,12,13,7,8,12,10,7,2000404520,LaLiga,Valencia
Samuel Lusale,AM RL,17,78,-7,"Slovakia,England,Zambia",Manchester United,7,8,11,9,12,6,4,7,2,4,8,3,4,12,5,9,9,10,8,6,6,11,3,9,5,9,7,11,14,12,11,7,12,13,10,7,2000313548,Premier League,Manchester United
Sohrab Samandari,M/AM RC,17,78,-7,"Germany,Afghanistan",VfB Stuttgart,6,8,9,10,12,6,6,7,3,7,6,1,8,13,5,11,4,6,7,8,5,13,2,10,7,6,11,11,12,12,7,5,10,13,12,7,2000332511,Bundesliga,VfB Stuttgart
Tamay Dügdü,AM RLC,17,78,-7,"Germany,Türkiye",TSG 1899 Hoffenheim,8,11,13,13,13,6,6,8,5,6,8,6,5,13,5,6,8,6,3,13,13,13,2,12,5,7,13,8,11,9,8,8,15,12,9,5,2000419574,Bundesliga,TSG 1899 Hoffenheim
Lenny Savin,AM/ST R,17,77,-75,France,FC Nantes,7,12,13,13,8,6,12,4,3,3,12,4,4,13,6,11,6,9,7,12,8,13,11,10,7,6,8,8,13,12,6,11,8,11,9,6,2000393054,Ligue 1,FC Nantes
Thibo Nègre,AM/ST R,17,77,-75,France,Toulouse FC,6,10,10,12,10,5,11,6,5,4,12,10,6,12,9,7,8,11,2,12,2,15,1,12,5,6,7,7,12,9,6,11,16,9,12,4,2000406722,Ligue 1,Toulouse FC
Alessandro De Luca,D C,18,77,-7,Italy,Bologna FC 1909,3,7,7,7,10,3,11,4,6,9,10,4,10,9,8,13,10,8,8,8,14,10,10,9,11,11,10,12,10,10,12,12,13,11,12,12,2000266366,Serie A,Bologna FC 1909
Andrea Cullotta,D C,17,77,-7,Italy,Casciavit Milano,3,2,2,6,6,1,13,6,5,13,7,1,13,1,15,13,9,6,7,13,6,5,3,5,6,6,2,7,13,13,7,14,7,13,5,8,2000443854,Serie A,Milan
Andrija Vukoje,M C,17,77,-7,"Montenegro,Croatia",Blu-neri Milano,3,7,12,10,14,7,3,7,5,10,11,5,10,11,5,11,7,11,8,11,6,13,1,10,10,8,13,13,10,10,8,15,14,10,10,7,2000441611,Serie A,Inter
Dion Cakolli,ST ,18,77,-7,"Switzerland,Kosovo",Bergamo,3,6,10,10,12,5,11,8,4,5,9,11,6,12,9,11,10,9,8,8,15,10,6,11,5,10,10,12,12,11,12,12,12,12,10,12,2000261241,Serie A,Atalanta
Gabriel Morisoli,D/WB R,17,77,-7,Switzerland,Parma Calcio 1913,6,13,7,5,14,2,8,3,7,8,9,5,14,9,5,11,9,8,8,11,14,6,8,7,13,8,8,8,14,11,8,9,8,10,8,7,2000394144,Serie A,Parma Calcio 1913
Ilyas Azizi,ST ,17,77,-7,France,Toulouse FC,5,2,13,13,13,6,13,7,6,3,7,4,4,13,12,13,8,8,6,8,8,13,6,9,5,6,7,7,13,13,7,9,10,13,7,7,2000406728,Ligue 1,Toulouse FC
Justin Hoy,M/AM RC,17,77,-7,"Poland,Germany",Borussia Dortmund,5,7,13,13,13,6,4,8,6,5,13,7,8,13,8,13,8,7,2,12,16,13,9,9,7,7,13,8,10,9,7,8,14,12,7,5,2000330816,Bundesliga,Borussia Dortmund
Kelvin Dongopandji,ST ,18,77,-7,France,Stade Rennais FC,6,5,12,13,11,6,13,7,6,5,7,7,1,13,12,12,5,8,6,13,5,13,7,5,2,6,8,8,11,13,7,11,15,13,13,7,2000399532,Ligue 1,Stade Rennais FC
Kevin Ahlberg,ST ,17,77,-7,Germany,Borussia Mönchengladbach,6,7,12,12,12,5,12,6,2,4,6,4,4,12,7,10,8,12,5,5,19,13,11,12,6,5,6,6,12,12,7,13,12,12,3,8,2000331093,Bundesliga,Borussia Mönchengladbach
Leo Cardoso,AM RLC,18,77,-7,"Portugal,England,São Tomé and Príncipe",Chelsea,9,8,12,9,8,10,5,8,4,5,8,6,5,12,6,7,6,9,10,8,5,14,4,7,6,8,11,8,14,10,6,6,12,13,6,6,2000147686,Premier League,Chelsea
Louis Dore,D/WB L,17,77,-7,France,FC Nantes,6,13,7,7,7,1,8,7,7,9,9,4,14,8,13,9,9,8,10,14,2,5,11,5,9,8,4,8,12,11,8,10,12,11,13,6,2000390041,Ligue 1,FC Nantes
Mario Navarro,D R,17,77,-7,Spain,Real Hispalis,7,11,11,1,9,5,8,6,7,8,10,6,14,10,8,10,9,8,10,14,9,5,8,7,6,11,8,13,14,12,6,12,5,12,10,5,2000419324,LaLiga,Real Betis
Max Knoll,DM/M C,17,77,-7,Germany,1. FSV Mainz 05,6,3,1,7,13,2,7,8,6,9,13,2,13,13,8,12,8,8,7,13,4,5,1,7,9,7,12,11,13,12,4,6,16,13,7,2,2000332489,Bundesliga,1. FSV Mainz 05
Saido Baldé,AM R,17,77,-7,"Portugal,Guinea-Bissau",VfL Wolfsburg,8,11,12,13,13,6,6,7,6,4,13,7,7,13,10,7,8,10,7,13,9,13,4,12,5,7,9,11,13,12,7,8,13,12,6,4,2000257942,Bundesliga,VfL Wolfsburg
Sebastiano Araboni,DM/M C,16,77,-7,Italy,Bergamo,3,6,2,7,13,5,7,8,4,6,13,6,12,8,12,5,8,7,3,13,2,5,8,7,13,7,10,9,12,13,7,10,9,13,6,8,2000457756,Serie A,Atalanta
Trebu,M C,17,77,-7,Spain,Real Hispalis,7,7,8,6,14,7,6,9,1,9,14,4,10,13,13,9,6,9,6,14,12,5,1,6,9,13,14,13,9,9,5,4,11,8,9,4,2000419320,LaLiga,Real Betis
Ukko Happonen,GK ,18,77,-7,Finland,Bologna FC 1909,3,2,3,2,1,5,1,1,3,1,8,3,1,5,13,4,10,7,8,13,15,1,10,1,5,7,6,6,8,11,7,14,11,8,2,4,2000274049,Serie A,Bologna FC 1909
Yanel Zeze,GK ,17,77,-7,France,FC Nantes,4,1,2,3,1,7,1,3,2,3,9,2,3,2,7,6,10,7,10,13,11,3,5,1,9,7,6,6,12,5,3,16,13,13,2,8,2000389311,Ligue 1,FC Nantes
Billy-Paul Mavudia,DM/M C,16,76,-8,"France,Democratic Republic of Congo",Olympique Lyonnais,5,6,8,13,13,6,6,12,1,4,13,8,10,13,12,13,8,8,3,13,7,13,9,8,7,7,13,12,13,12,5,11,15,12,8,5,2000496292,Ligue 1,Olympique Lyonnais
Josh Sonni-Lambie,AM/ST RLC,17,76,-8,England,Liverpool,5,7,12,9,12,5,6,7,1,5,7,5,5,7,13,8,7,8,6,12,3,8,10,9,5,6,11,7,12,12,6,8,14,12,7,4,2000399869,Premier League,Liverpool
Bili,AM L,18,76,-75,Spain,Real Hispalis,6,9,13,8,13,6,8,6,6,5,13,3,6,8,8,10,10,9,9,10,13,14,9,11,8,11,10,12,13,10,7,4,15,12,6,3,2000328858,LaLiga,Real Betis
Carlos,DM/M/AM C,18,76,-75,Spain,R. Madrid,6,7,13,8,12,6,6,8,1,8,13,5,8,11,6,13,8,11,4,13,6,9,10,13,8,9,13,8,10,8,7,9,9,8,6,3,2000310925,LaLiga,R. Madrid
"Diego Martínez(R. Madrid,Spain)",DM/M C,18,76,-75,Spain,R. Madrid,7,7,7,8,10,7,7,9,5,9,14,1,14,14,7,9,8,11,8,14,7,5,2,11,11,11,13,11,9,5,8,11,11,8,6,7,2000508384,LaLiga,R. Madrid
Ekene Chukwuani,AM/ST R,16,76,-75,"Denmark,Nigeria",AS Monaco,6,7,12,13,13,6,6,6,3,5,13,3,6,13,10,12,8,6,7,8,14,13,3,6,6,6,8,8,13,13,7,7,15,13,6,7,2000500824,Ligue 1,AS Monaco
Floyd Samba,M C,16,76,-75,"England,France",Manchester City,6,4,9,4,12,6,6,8,1,8,13,1,10,13,15,7,8,5,7,4,4,5,9,7,8,12,7,11,13,9,13,11,8,12,13,13,2000511340,Premier League,Manchester City
Jaume Durà,M/AM C,17,76,-75,Spain,Valencia,7,12,10,7,13,6,6,12,1,5,12,5,7,10,8,7,8,7,7,13,12,14,9,12,8,9,12,8,12,10,5,5,11,8,6,6,2000399536,LaLiga,Valencia
Joi Nuredini,AM/ST L,18,76,-75,"Albania,Italy",Genoa Cricket and Football Club,3,5,9,12,8,4,12,10,3,3,7,11,3,9,12,12,11,10,8,8,9,9,9,9,3,8,10,8,12,11,8,12,14,13,11,12,2000266443,Serie A,Genoa Cricket and Football Club
Mathieu Hoareau,AM/ST L,17,76,-75,"France,Réunion",Olympique Lyonnais,6,10,11,13,13,5,8,5,2,1,13,5,6,12,11,12,8,6,5,12,12,13,1,11,2,6,7,7,12,12,6,10,12,12,9,5,2000395179,Ligue 1,Olympique Lyonnais
Moctar Guirassy,DM/M C,17,76,-75,France,Olympique de Marseille,6,1,7,7,13,6,6,8,5,8,13,4,13,13,6,9,8,8,4,13,13,6,4,8,8,7,13,11,13,9,7,8,15,11,7,6,2000413419,Ligue 1,Olympique de Marseille
Paul Bourdin,DM ,16,76,-75,France,Paris Saint-Germain,3,6,3,7,12,5,7,5,1,13,13,5,13,8,5,7,8,8,10,13,16,5,4,6,7,7,13,11,13,12,6,12,13,13,6,4,2000490733,Ligue 1,Paris Saint-Germain
Samir Haribou,ST ,18,76,-75,"France,Mayotte",FC Lorient,6,2,13,11,7,6,13,4,6,6,7,2,4,10,6,7,7,11,7,13,8,11,4,10,7,6,7,7,13,12,5,9,14,13,12,8,2000290021,Ligue 1,FC Lorient
Spike Brits,GK ,18,76,-75,"England,South Africa",Manchester City,4,2,1,2,10,6,3,2,2,1,11,3,3,10,5,16,11,10,9,8,17,3,8,2,9,8,11,10,13,9,8,11,14,15,7,7,2000266542,Premier League,Manchester City
Carlos Alós,D C,18,76,-7,Spain,Valencia,3,1,6,2,6,1,14,6,5,12,7,5,14,7,15,10,14,7,11,7,16,5,8,7,13,7,7,8,8,10,8,12,8,12,6,10,2000382572,LaLiga,Valencia
Diego Di Salvatore,GK ,16,76,-7,Italy,Associazione Sportiva Roma,5,3,3,2,1,7,1,1,2,3,10,1,2,6,6,9,15,4,8,13,15,2,11,2,10,7,6,5,13,10,7,12,14,10,1,8,2000397115,Serie A,Associazione Sportiva Roma
"Gabriele Gori(Torino,Italy)",D/WB L,16,76,-7,Italy,Torino,8,13,8,6,12,4,9,3,6,7,10,4,12,10,14,7,10,5,13,12,10,6,6,5,10,9,6,10,9,10,9,9,16,13,14,7,2000456853,Serie A,Torino
Haktan Şener,DM/M C,18,76,-7,"Türkiye,France",Olympique Lyonnais,6,6,5,7,10,6,6,8,2,10,13,6,12,10,10,7,8,8,8,13,15,5,5,5,12,7,6,6,13,13,8,8,7,13,8,5,2000288939,Ligue 1,Olympique Lyonnais
Joel Pleguezuelos,D C,17,76,-7,Spain,R. Madrid,3,5,3,2,7,1,12,3,2,13,7,4,13,6,8,12,9,2,8,13,15,5,7,5,13,6,5,7,13,10,7,9,8,11,10,9,2000443248,LaLiga,R. Madrid
Kenta,D LC,17,76,-7,"Japan,Spain",Real Hispalis,5,10,12,6,9,1,12,1,7,14,8,2,14,8,15,10,12,7,5,14,19,5,9,11,5,7,6,12,14,14,8,6,13,14,8,8,2000419158,LaLiga,Real Betis
Mattia Arrigoni,DM/M C,19,76,-7,Italy,Bergamo,6,6,7,7,13,6,6,13,1,7,11,6,13,13,10,6,8,5,4,12,13,5,1,8,8,7,10,12,13,12,7,13,8,12,7,5,2000184392,Serie A,Atalanta
Melvyn Otobo,D C,17,76,-7,"France,Nigeria",Olympique Lyonnais,2,6,6,5,7,1,11,5,6,13,7,1,13,6,12,11,9,7,7,11,13,9,11,3,12,6,2,7,11,11,7,13,11,10,10,12,2000395230,Ligue 1,Olympique Lyonnais
Oluwaseyi Wilson,M/AM L,17,76,-7,"Germany,Nigeria",FC Bayern München,7,11,11,12,12,5,5,6,5,1,12,5,6,10,8,6,7,5,6,12,15,13,2,12,2,6,8,9,12,12,6,6,9,12,11,5,2000259418,Bundesliga,FC Bayern München
Pharell Hensel,M C,18,76,-7,Germany,VfL Wolfsburg,7,5,7,6,12,7,7,9,3,7,14,4,9,14,7,6,6,5,8,12,16,5,5,8,7,8,10,13,14,13,8,4,17,13,10,1,2000330215,Bundesliga,VfL Wolfsburg
Rafa Oya,AM LC,17,76,-7,Spain,Real Hispalis,7,10,10,8,13,6,6,6,6,6,5,5,7,13,15,8,5,8,5,8,8,13,7,9,6,12,4,12,13,13,13,6,15,10,7,3,2000419347,LaLiga,Real Betis
Rio Bromfield,D/WB L,17,76,-7,"Germany,England,Jamaica",Borussia Mönchengladbach,6,11,7,3,13,1,6,6,7,8,9,4,14,8,12,7,9,8,9,11,8,11,2,7,10,8,8,8,14,11,8,11,8,11,12,7,2000375610,Bundesliga,Borussia Mönchengladbach
Ruben Akalé,AM RC,18,76,-7,"France,Ivory Coast",Hellas Verona FC,6,10,6,7,9,3,6,8,6,6,13,3,7,13,5,8,8,10,7,13,4,14,11,12,5,7,9,7,13,11,4,6,6,13,8,4,2000289676,Serie A,Hellas Verona FC
Theo Julienne,D/DM/M RC,17,76,-7,England,Arsenal,8,7,8,5,9,5,7,6,9,6,11,7,13,12,14,10,14,11,8,9,13,8,8,7,8,12,9,13,12,10,8,8,6,12,12,7,2000407522,Premier League,Arsenal
Tim Blaszczak,DM/M C,17,76,-7,Germany,1. FC Union Berlin,6,6,7,7,9,6,6,4,1,9,13,2,13,12,10,10,8,6,7,13,15,5,9,5,11,7,13,11,12,11,7,10,13,10,6,6,2000330307,Bundesliga,1. FC Union Berlin
Tom Wisbereit,GK ,17,76,-7,Germany,1. FC Union Berlin,3,3,1,3,6,3,1,3,3,2,8,3,2,5,5,7,13,7,7,12,13,3,9,2,5,7,6,5,9,9,7,15,10,9,1,6,2000330318,Bundesliga,1. FC Union Berlin
Tyrone Jarrett,D/DM C,17,76,-7,Germany,1. FSV Mainz 05,5,5,7,3,8,2,14,8,2,14,8,7,14,8,15,10,9,8,9,12,13,5,4,6,6,7,9,9,11,12,8,10,11,9,12,12,2000375693,Bundesliga,1. FSV Mainz 05
Aidan Borland,DM/M C,18,75,-8,Scotland,Aston Villa,6,6,6,7,13,6,6,9,6,11,8,1,13,9,9,10,8,8,8,13,15,6,3,6,11,6,11,11,8,13,7,5,13,11,6,6,2000283799,Premier League,Aston Villa
Freddy Bernal,GK ,16,75,-8,"England,Colombia",Chelsea,5,2,3,1,3,9,1,2,2,2,8,1,2,7,6,12,12,10,9,8,10,1,11,3,8,8,7,7,10,9,8,16,15,9,4,11,2000476248,Premier League,Chelsea
Leke Drake,D C,17,75,-8,England,Manchester City,1,6,2,6,7,1,11,5,1,13,7,1,13,6,7,5,9,7,9,11,8,5,8,6,12,6,6,7,10,13,7,14,15,13,8,5,2000283864,Premier League,Manchester City
Lewi Richards,D/WB RC,16,75,-8,England,Chelsea,14,9,8,9,7,10,15,8,8,6,6,7,8,9,11,9,14,8,10,8,7,6,13,7,9,14,7,15,13,6,9,6,11,11,10,6,2000476249,Premier League,Chelsea
Mathis Eboué,AM RLC,16,75,-8,"England,Ivory Coast",Chelsea,7,6,9,9,7,7,6,9,7,7,7,7,7,11,8,10,4,7,5,6,10,12,8,6,3,6,6,6,14,8,7,8,9,13,10,7,2000476261,Premier League,Chelsea
Slim Bouaskar,GK ,16,75,-8,"Tunisia,Italy",Associazione Sportiva Roma,4,1,1,1,6,8,5,1,1,2,8,5,2,7,9,12,10,6,10,8,14,2,10,1,10,12,6,14,11,12,9,13,12,7,8,7,2000470795,Serie A,Associazione Sportiva Roma
Yanis Monkolot,D C,16,75,-8,France,Havre AC,4,4,4,3,6,2,9,4,4,14,8,7,14,7,9,13,9,6,9,14,11,5,11,4,7,7,6,8,11,12,8,12,13,13,8,6,2000502643,Ligue 1,Le Havre
Alvin Ayman,D/WB/DM/M LC,17,75,-75,"Egypt,England",Liverpool,3,7,6,12,12,5,6,6,5,10,9,5,8,11,8,9,7,3,5,12,1,12,8,5,11,6,8,7,9,10,6,14,13,9,12,5,2000399893,Premier League,Liverpool
Andrea Michieletto,ST ,17,75,-75,Italy,Bergamo,5,5,8,12,12,5,12,6,4,5,6,9,4,9,14,5,7,11,6,12,7,10,4,12,6,5,4,6,12,10,1,13,13,12,8,4,2000380843,Serie A,Atalanta
Andria Svanidze,ST ,16,75,-75,"Georgia,France",OGC Nice,6,7,9,11,12,6,13,7,1,6,13,2,1,13,9,13,5,7,7,10,16,13,10,9,7,6,7,7,12,12,8,10,12,12,5,7,2000475103,Ligue 1,OGC Nice
Antoine Valero,ST ,17,75,-75,France,Olympique de Marseille,5,5,12,12,12,5,7,6,5,5,6,5,1,7,11,12,7,10,6,12,12,8,10,8,6,5,4,7,12,12,6,10,11,12,12,6,2000413424,Ligue 1,Olympique de Marseille
Anton Palmer,M C,16,75,-75,"England,Jamaica",Brighton & Hove Albion,6,5,8,8,10,6,6,7,1,8,11,6,9,13,14,9,5,6,3,12,11,11,11,8,10,7,13,11,13,13,7,7,15,11,6,5,2000510959,Premier League,Brighton & Hove Albion
Bailey Palmer,AM RLC,16,75,-75,"England,Jamaica",Brighton & Hove Albion,8,11,11,13,13,6,6,8,1,3,13,7,7,8,11,8,5,8,5,9,6,15,6,13,3,7,8,8,13,13,7,10,9,13,6,3,2000510958,Premier League,Brighton & Hove Albion
Calvin Diakite,D LC,16,75,-75,"England,Ivory Coast",Chelsea,5,7,12,7,8,1,6,8,8,7,11,6,8,12,15,7,14,13,8,8,16,5,3,7,8,9,9,11,15,13,10,11,13,14,7,8,2000476254,Premier League,Chelsea
David Dunne,AM L,16,75,-75,Republic of Ireland,AS Monaco,8,11,13,8,13,6,5,7,4,6,11,5,6,13,7,7,8,5,7,13,15,14,5,6,3,7,8,8,13,12,7,8,11,12,7,3,2000491189,Ligue 1,AS Monaco
Demba Sy,DM/M C,16,75,-75,France,RC Strasbourg Alsace,6,5,4,7,13,6,6,8,6,7,13,2,13,13,12,9,8,5,8,13,4,5,7,3,11,7,13,10,8,12,7,8,18,11,9,6,2000484552,Ligue 1,RC Strasbourg Alsace
Elías Legendre,AM R,17,75,-75,"France,Ecuador",Stade Rennais FC,7,10,12,9,13,7,7,9,7,7,11,4,8,12,14,12,7,9,4,10,3,13,6,14,7,13,14,11,9,13,8,11,13,12,7,4,2000399539,Ligue 1,Stade Rennais FC
Elias Sahraoui,D C,16,75,-75,"France,Algeria",OGC Nice,1,2,3,5,5,3,12,5,2,8,11,1,12,10,15,10,14,5,9,12,13,5,4,2,10,5,8,6,8,9,6,16,5,9,3,5,2000491754,Ligue 1,OGC Nice
Esteban Vasseur,D C,17,75,-75,France,OGC Nice,4,4,5,3,12,1,13,1,6,13,11,3,13,12,15,9,15,7,7,13,7,7,1,6,11,6,9,7,6,8,7,18,7,8,5,8,2000491755,Ligue 1,OGC Nice
Francesco Castaldo,ST ,18,75,-75,Italy,Bologna FC 1909,4,5,10,12,8,9,9,9,3,2,6,10,3,9,14,11,11,10,10,6,4,14,10,12,3,4,7,8,12,10,10,8,11,12,10,8,2000266294,Serie A,Bologna FC 1909
Gianni Calisto,D/WB L,16,75,-75,France,Olympique de Marseille,6,13,4,2,7,2,8,5,7,9,9,7,11,9,6,9,9,8,11,14,16,8,11,6,10,8,3,8,12,12,8,7,15,11,8,3,2000480025,Ligue 1,Olympique de Marseille
Iker Quintero,D L,17,75,-75,"Spain,Pays Basque,Colombia",A. Bilbao,5,12,13,7,9,3,8,7,4,9,11,5,8,10,5,7,9,8,9,14,4,7,7,13,12,13,8,11,12,14,14,6,9,14,7,2,2000370997,LaLiga,A. Bilbao
Jack McGrath,M C,16,75,-75,"England,Scotland",Aston Villa,5,3,8,13,13,6,6,5,1,6,13,7,5,13,14,6,5,5,3,13,3,14,6,4,5,7,13,8,11,13,7,8,18,12,12,6,2000503990,Premier League,Aston Villa
Jah-Mason Telusson,AM/ST L,17,75,-75,France,OGC Nice,5,9,12,12,10,3,7,11,5,5,12,5,4,10,6,12,7,9,5,7,16,11,3,12,3,6,10,11,12,12,12,9,13,11,6,2,2000491784,Ligue 1,OGC Nice
Joél Drakes-Thomas,M/AM RL,16,75,-75,"England,Jamaica",Crystal Palace,6,10,11,8,13,6,6,8,3,6,11,5,5,11,5,7,8,6,8,7,14,11,2,9,6,11,8,8,12,10,9,8,17,11,9,7,2000451471,Premier League,Crystal Palace
Kaden Braithwaite,D LC,17,75,-75,"England,Jamaica",Manchester City,4,6,6,3,9,1,13,6,3,12,13,4,13,4,15,10,12,11,7,13,12,8,11,6,10,7,10,7,8,6,7,13,15,10,8,6,2000415453,Premier League,Manchester City
Keilan Quinn,M C,17,75,-75,Republic of Ireland,Aston Villa,6,2,5,5,13,5,6,8,3,8,13,6,7,13,9,13,6,5,5,13,6,5,9,5,8,7,10,7,12,12,7,11,14,11,12,4,2000414245,Premier League,Aston Villa
Kingsley Olufade,ST ,17,75,-75,"France,Togo",LOSC Lille,2,6,11,13,13,5,13,7,1,6,7,8,1,13,12,9,8,9,4,13,5,15,8,7,6,6,3,7,13,13,7,11,17,13,9,4,2000392651,Ligue 1,LOSC Lille
Leon Routh,D C,17,75,-75,England,Aston Villa,3,6,1,2,7,1,10,6,6,13,7,5,13,6,13,13,9,7,11,13,15,7,2,4,12,6,5,7,12,9,7,12,8,8,5,7,2000414256,Premier League,Aston Villa
Macaulay Zepa,AM/ST RL,17,75,-75,France,Fulham,6,11,12,12,12,5,7,7,5,2,12,1,2,12,9,10,7,5,6,7,18,13,4,5,5,6,12,11,12,12,12,7,13,12,6,5,2000495413,Premier League,Fulham
Markie Meade,ST C,16,75,-75,England,Aston Villa,6,7,13,13,13,6,13,8,6,6,8,7,1,13,15,12,6,13,7,8,10,13,10,6,7,6,5,8,12,13,7,7,7,10,12,7,2000503991,Premier League,Aston Villa
Marlon Pineau,AM C,17,75,-75,France,Olympique de Marseille,6,6,13,13,7,6,7,8,3,4,12,4,7,12,9,6,8,12,7,11,15,13,6,13,7,7,12,8,13,13,7,4,14,13,7,2,2000413422,Ligue 1,Olympique de Marseille
Martin Ponsot,GK ,16,75,-75,France,OGC Nice,4,1,1,1,1,8,1,3,2,1,7,3,2,5,9,5,10,6,10,14,8,1,7,3,10,8,6,7,9,7,8,14,13,9,6,6,2000491620,Ligue 1,OGC Nice
Mattia Marello,WB/M L,17,75,-75,Italy,Udinese Calcio,7,12,13,2,13,6,6,6,6,11,13,4,9,13,9,10,8,6,7,13,2,8,5,6,6,12,5,9,13,9,8,9,15,12,11,3,2000366060,Serie A,Udinese Calcio
Milan Leccese,AM LC,16,75,-75,"France,Italy",Olympique de Marseille,6,8,13,13,13,6,6,8,1,6,10,5,8,13,5,9,8,9,7,13,6,14,8,13,1,6,8,11,13,9,7,7,9,12,8,1,2000480032,Ligue 1,Olympique de Marseille
Nassim Laarej,DM/M/AM C,16,75,-75,"France,Morocco",OGC Nice,7,7,9,9,14,7,7,9,5,8,9,5,11,14,9,9,8,10,9,14,18,13,11,9,9,12,9,8,6,8,10,8,14,5,9,7,2000491762,Ligue 1,OGC Nice
Owen Asemota,GK ,17,75,-75,"England,Nigeria",Aston Villa,6,3,2,3,2,9,1,2,1,1,9,4,2,6,5,8,13,7,9,13,5,2,9,3,11,7,6,5,11,10,4,10,9,11,1,6,2000414255,Premier League,Aston Villa
Ruben Lomet,D C,16,75,-75,France,Stade Rennais FC,3,2,3,4,12,1,9,6,6,13,13,5,13,10,15,7,14,9,6,13,5,6,2,2,13,6,8,7,8,8,7,8,13,9,3,6,2000379333,Ligue 1,Stade Rennais FC
Sam Alker,M/AM C,16,75,-75,England,Leeds United,6,7,5,9,11,7,6,14,6,6,14,7,9,11,13,6,3,12,8,10,14,14,10,6,7,8,14,13,13,11,7,4,8,12,10,2,2000500959,Premier League,Leeds United
Sami Wattel,M C,19,75,-75,"France,Central African Republic",OGC Nice,6,6,7,5,7,6,6,9,6,12,13,1,13,8,10,6,8,8,8,13,5,7,12,8,10,7,13,12,13,8,7,3,8,10,11,1,2000192282,Ligue 1,OGC Nice
Teddie Lamb,ST ,16,75,-75,England,Manchester City,1,4,13,13,13,6,10,4,5,6,3,7,2,13,7,13,3,7,6,13,6,14,1,13,4,6,7,7,13,8,4,14,5,10,7,9,2000511353,Premier League,Manchester City
Tyrese Noubissie,M C,16,75,-75,"France,Cameroon,England",RC Strasbourg Alsace,6,5,4,3,13,6,6,8,5,11,12,2,6,13,15,11,7,5,8,13,8,8,9,8,7,7,13,12,13,12,7,13,16,12,12,8,2000511933,Ligue 1,RC Strasbourg Alsace
Warren Ngana,D C,16,75,-75,"Sweden,Democratic Republic of Congo",RB Leipzig,4,2,3,1,7,1,13,5,2,13,3,3,12,3,12,13,9,7,9,13,15,5,8,1,8,6,3,6,12,13,7,8,10,11,7,8,2000460122,Bundesliga,RB Leipzig
Zinedine Hasni,M/AM C,17,75,-75,"France,Tunisia",OGC Nice,6,6,8,10,13,6,6,7,1,7,12,1,8,11,13,7,8,8,7,12,14,12,9,6,8,7,8,8,13,13,3,6,10,13,6,3,2000407849,Ligue 1,OGC Nice
Aaron Mayol,DM C,17,75,-7,Spain,Valencia,7,6,4,8,11,7,7,9,7,9,12,7,14,11,13,8,8,9,7,14,17,5,2,14,7,11,12,12,9,9,8,10,10,9,14,12,2000479804,LaLiga,Valencia
Aidan Harris,GK ,18,75,-7,England,Newcastle United,2,1,2,3,3,6,1,3,2,3,9,2,2,6,12,10,15,7,9,13,8,1,10,3,8,7,5,6,9,9,3,15,12,8,4,8,2000302058,Premier League,Newcastle United
Alastair Graham,GK ,16,75,-7,Scotland,Nottingham Forest,4,2,1,3,7,5,1,3,2,3,13,3,2,6,13,13,10,10,10,12,12,2,10,3,8,7,7,7,9,6,8,10,12,9,3,5,2000305265,Premier League,Nottingham Forest
Alexandre Tunkadi,AM C,19,75,-7,France,Olympique de Marseille,5,5,12,12,11,5,6,7,1,1,8,5,6,12,5,11,7,12,3,12,12,13,9,11,6,6,12,7,12,11,6,7,17,11,11,3,2000210610,Ligue 1,Olympique de Marseille
Amir Kernif,D C,17,75,-7,France,Olympique de Marseille,4,6,5,5,8,1,13,4,4,10,7,2,13,6,8,6,9,4,6,8,16,5,11,5,13,6,3,7,13,11,7,15,12,9,4,7,2000480027,Ligue 1,Olympique de Marseille
Anton Hofbauer,D/WB/DM LC,16,75,-7,"United States,Germany",TSG 1899 Hoffenheim,6,11,7,2,12,6,8,3,6,7,6,2,13,8,11,8,8,5,7,13,16,10,9,6,10,7,5,8,13,12,7,8,8,12,7,6,2000419567,Bundesliga,TSG 1899 Hoffenheim
Arnau Cases,D/WB R,16,75,-7,Spain,Espanyol,7,10,9,6,11,6,7,7,9,9,10,7,10,12,12,10,10,9,9,11,12,11,7,10,8,11,9,10,11,12,10,7,14,11,10,8,2000479923,LaLiga,Espanyol
Berkan Ermec,ST ,17,75,-7,"Türkiye,Germany",Bayer 04 Leverkusen,5,4,11,12,12,5,12,5,1,5,6,6,3,12,10,8,7,8,5,12,11,13,5,8,6,5,1,7,12,12,6,4,15,12,12,8,2000330870,Bundesliga,Bayer 04 Leverkusen
Byron Mendoza,AM RLC,16,75,-7,Spain,Barcelona,10,11,13,9,12,8,7,9,7,5,11,9,7,14,9,7,9,10,8,10,14,17,7,11,6,10,11,9,11,12,10,5,14,10,8,5,2000470320,LaLiga,Barcelona
Callan McKenna,GK ,18,75,-7,Scotland,AFC Bournemouth,6,7,8,4,10,7,6,4,12,2,11,2,7,10,6,10,15,12,7,8,9,10,6,10,8,7,10,7,7,8,8,13,12,7,11,14,2000256212,Premier League,AFC Bournemouth
Carl-Anton Sticherling,ST ,17,75,-7,Germany,VfL Wolfsburg,6,5,13,13,13,3,12,7,4,2,7,6,2,13,12,6,4,9,7,10,8,13,9,7,4,6,7,8,11,13,7,10,12,11,12,7,2000423089,Bundesliga,VfL Wolfsburg
Charlie Gray,DM/M C,19,75,-7,England,Manchester City,10,8,8,6,12,10,6,7,4,6,12,9,7,12,7,8,8,12,7,9,6,5,5,10,8,11,13,12,10,10,11,6,9,9,10,6,2000191862,Premier League,Manchester City
Daniel Fitzgerald,AM LC,17,75,-7,"Spain,England",A. Madrid,6,9,13,11,12,6,8,9,2,6,13,3,4,13,6,10,8,8,7,8,12,13,9,9,7,7,12,12,11,10,7,10,8,10,9,2,2000485059,LaLiga,A. Madrid
Darius Lane,DM/M C,17,75,-7,"United States,France",Brighton & Hove Albion,5,5,7,11,12,5,5,12,1,7,10,4,10,11,15,7,8,6,6,12,11,5,8,9,11,11,4,11,12,9,12,11,6,10,6,5,2000378587,Premier League,Brighton & Hove Albion
Duje Slatina,D R,16,75,-7,Croatia,Blu-neri Milano,4,13,9,6,9,3,9,6,7,8,7,4,14,7,8,11,9,6,9,14,9,5,1,7,7,13,8,12,13,10,6,9,14,12,8,7,2000477941,Serie A,Inter
Eddy Nsasi,D C,17,75,-7,England,Fulham,1,4,1,2,7,1,13,1,1,13,1,1,13,5,15,13,13,6,9,5,13,5,11,5,13,6,4,7,9,8,7,15,6,10,7,10,2000276591,Premier League,Fulham
Egoitz,DM/M C,17,75,-7,"Spain,Pays Basque",A. Bilbao,4,6,8,3,13,6,7,10,6,11,7,3,11,13,13,13,8,6,7,13,4,5,9,13,6,8,8,11,12,13,10,10,11,13,6,3,2000467244,LaLiga,A. Bilbao
Emanuele Margheri,D C,16,75,-7,Italy,Capitolini Celesti,1,2,5,1,7,1,13,4,3,11,7,1,13,6,5,10,9,5,8,13,11,5,9,5,12,6,2,7,11,9,7,11,9,11,5,9,2000456856,Serie A,Lazio
Emilio Fritschi,DM/M C,17,75,-7,Germany,Sport-Club Freiburg,7,7,6,8,10,7,7,10,7,12,14,1,13,11,6,12,8,4,6,14,16,5,7,8,11,8,8,7,14,14,6,8,12,14,7,1,2000419799,Bundesliga,Sport-Club Freiburg
Èric Aragonés,AM RL,16,75,-7,Spain,Espanyol,10,9,12,9,10,8,6,9,7,5,9,8,7,11,6,7,9,8,8,9,12,14,7,10,5,9,8,9,12,13,10,6,12,11,9,7,2000498339,LaLiga,Espanyol
Ethan Brissaud,D C,17,75,-7,France,Stade Brestois 29,3,1,6,1,7,1,13,1,1,9,7,1,13,6,10,12,9,6,8,12,16,5,10,4,8,6,6,7,10,12,7,15,12,12,5,6,2000385236,Ligue 1,Stade Brestois 29
Ezra Carrington,D R,19,75,-7,England,Manchester City,7,10,7,4,8,5,8,3,7,9,9,1,14,9,9,6,9,8,12,14,17,7,8,7,6,8,7,8,13,11,8,10,16,10,10,5,2000106509,Premier League,Manchester City
François Mendy,D C,18,75,-7,"France,Senegal",RC Strasbourg Alsace,6,4,5,4,12,4,13,1,6,13,9,2,13,13,15,9,14,7,6,13,6,5,7,4,10,6,8,7,9,6,7,14,8,9,4,11,2000289869,Ligue 1,RC Strasbourg Alsace
George Murray-Jones,GK ,20,75,-7,England,Nottingham Forest,5,1,1,2,6,6,1,1,1,2,8,2,3,5,5,9,10,7,9,13,4,1,9,1,7,7,6,6,8,13,6,11,14,8,6,4,2000109060,Premier League,Nottingham Forest
Germán Mesonero,D C,17,75,-7,Spain,Vallecano,6,7,4,4,14,3,9,7,4,15,11,8,10,12,15,9,8,11,9,12,14,13,3,5,11,8,12,9,9,7,9,9,8,9,8,10,2000395164,LaLiga,Rayo Vallecano
Hamadou Moubarak,ST ,18,75,-7,Cameroon,Villarreal,6,6,13,13,13,6,13,7,3,4,7,4,1,13,5,10,5,9,7,6,3,14,5,6,5,6,7,5,12,10,3,10,13,8,9,10,2000344804,LaLiga,Villarreal
Han Willhoft-King,DM/M C,19,75,-7,England,Manchester City,6,6,6,7,13,6,6,5,1,13,13,3,13,9,15,11,8,8,4,13,2,5,5,5,8,7,12,7,11,10,3,5,8,10,12,6,2000222069,Premier League,Manchester City
Holmes Júnior,D C,16,75,-7,"Spain,Colombia",Girona,2,5,7,5,10,5,10,6,6,12,10,5,11,10,11,9,11,10,8,9,12,8,8,6,10,10,10,9,10,11,10,12,12,11,10,10,2000490976,LaLiga,Girona
Ilyas El Arbaoui,D/WB/M/AM L,17,75,-7,"Morocco,Spain,Pays Basque",A. Bilbao,7,10,9,13,14,7,7,5,7,3,13,7,9,13,13,9,8,6,9,14,1,12,4,11,9,8,9,9,11,10,8,10,8,8,7,7,2000503365,LaLiga,A. Bilbao
Ioannis Kechlimparis,ST ,17,75,-7,"Greece,Germany",VfB Stuttgart,6,4,13,13,13,5,13,7,4,6,5,7,6,13,7,10,3,9,6,11,6,13,5,13,7,6,7,7,11,8,7,11,11,11,12,7,2000422628,Bundesliga,VfB Stuttgart
Isaac Moran,D C,16,75,-7,England,Newcastle United,1,6,1,6,5,1,13,3,3,13,6,1,13,5,8,9,9,4,7,13,16,5,7,3,10,6,3,7,13,12,7,9,12,11,10,6,2000494866,Premier League,Newcastle United
Ismael Ziani,ST ,16,75,-7,"Morocco,Spain",Barcelona,5,7,11,12,11,8,10,9,6,6,9,10,7,12,11,8,8,10,7,10,14,15,7,11,6,8,9,9,10,11,11,12,12,10,9,10,2000472440,LaLiga,Barcelona
Ïu Martínez,AM RL,16,75,-7,Spain,Barcelona,8,9,12,8,11,8,7,9,6,6,10,8,7,11,10,8,8,9,7,8,14,14,7,11,6,10,9,8,12,13,10,6,14,11,8,7,2000466880,LaLiga,Barcelona
Jacob Watson,D LC,16,75,-7,England,Manchester United,5,6,6,5,11,5,9,3,5,9,12,7,11,12,10,11,9,11,10,9,5,4,8,4,11,12,7,11,10,10,11,12,12,11,10,9,2000474161,Premier League,Manchester United
Jacopo Del Fabro,D/WB L,16,75,-7,Italy,Juventus,7,11,8,8,9,8,8,9,11,8,8,6,9,10,14,13,8,8,8,7,16,9,6,13,9,11,10,9,13,9,9,11,14,13,9,9,2000492093,Serie A,Juventus
Jahnoa Hensel,D/WB RC,17,75,-7,Germany,Hamburger Sport-Verein,6,12,6,3,8,1,8,6,6,7,5,3,13,7,12,4,9,5,13,13,18,8,4,4,10,7,3,8,11,13,8,8,15,12,13,7,2000422941,Bundesliga,Hamburger Sport-Verein
Jakob Benz,M C,17,75,-7,Germany,Sport-Club Freiburg,6,6,3,7,13,6,6,10,4,8,9,1,10,13,11,9,8,4,8,12,13,5,5,5,9,8,13,12,9,11,8,6,15,12,8,7,2000419800,Bundesliga,Sport-Club Freiburg
Jesper Becker,DM/M/AM C,16,75,-7,Germany,FC St. Pauli,9,12,12,12,12,7,7,14,7,7,14,5,9,12,9,5,8,12,6,12,12,9,9,11,6,8,13,9,12,9,4,8,11,10,4,4,2000515506,Bundesliga,FC St. Pauli
Joan Inglés,D C,16,75,-7,Spain,Barcelona,5,7,9,7,10,6,10,7,6,11,10,8,12,10,12,10,11,10,9,10,14,8,8,7,11,9,11,9,10,11,10,9,14,10,8,9,2000472385,LaLiga,Barcelona
Joel Philbert,AM RLC,16,75,-7,England,Chelsea,6,10,8,6,7,7,7,9,6,6,6,1,6,9,12,6,8,9,8,6,7,8,10,11,6,6,9,10,15,9,7,10,9,14,6,7,2000476258,Premier League,Chelsea
Jonah Berghoff,DM/M C,17,75,-7,Germany,Bayer 04 Leverkusen,6,5,8,6,12,3,5,13,6,7,10,6,12,8,9,10,5,7,7,13,4,5,8,6,10,7,13,11,8,13,7,7,15,13,8,4,2000330879,Bundesliga,Bayer 04 Leverkusen
Josh Landers,ST ,18,75,-7,Scotland,West Ham United,9,8,7,11,8,7,8,9,7,9,8,8,3,6,15,8,12,8,8,8,18,10,6,7,8,15,9,10,13,6,14,12,12,12,10,13,2000308098,Premier League,West Ham United
Jules Bouffandeau,M/AM C,16,75,-7,France,Angers SCO,7,5,9,11,11,5,7,12,3,6,14,7,12,14,8,11,7,8,6,10,13,15,4,9,4,8,12,12,13,10,8,9,10,9,7,7,2000502430,Ligue 1,Angers SCO
Junior Njimbam,D C,17,75,-7,France,FC Nantes,2,5,6,6,7,1,13,3,1,13,6,5,13,2,9,8,9,5,10,13,13,7,9,6,13,6,5,3,7,11,7,10,5,9,6,9,2000389272,Ligue 1,FC Nantes
Kelian Le Pironnec,M/AM C,19,75,-7,France,Olympique de Marseille,6,6,8,12,13,6,6,6,1,8,12,4,8,13,13,8,8,8,7,10,6,13,13,8,8,7,13,8,13,12,4,1,12,13,7,1,2000289433,Ligue 1,Olympique de Marseille
Kilian Ghaud,AM L,17,75,-7,"France,Ivory Coast",Olympique de Marseille,6,11,13,13,13,6,8,7,4,6,13,3,6,9,5,11,7,6,7,13,16,12,5,13,6,6,8,8,13,9,7,17,16,12,5,6,2000480031,Ligue 1,Olympique de Marseille
Kimi Baur,M C,17,75,-7,Germany,Sport-Club Freiburg,7,5,4,9,14,7,6,11,2,9,6,8,8,10,6,7,5,13,7,12,5,7,10,7,5,8,14,12,14,13,3,10,11,13,7,5,2000419809,Bundesliga,Sport-Club Freiburg
Kryštof Čížek,M/AM C,17,75,-7,Czechia,TSG 1899 Hoffenheim,6,6,8,13,13,6,6,6,6,5,12,2,4,13,13,4,7,6,7,13,14,15,11,8,7,7,11,8,13,13,7,2,13,13,4,1,2000419576,Bundesliga,TSG 1899 Hoffenheim
Kyle-Warreeck Magaud,AM RL,18,75,-7,France,Olympique de Marseille,6,11,13,9,10,6,8,7,6,6,13,6,2,9,12,4,8,8,7,8,10,14,1,13,6,7,8,8,13,11,7,10,14,12,13,6,2000305679,Ligue 1,Olympique de Marseille
Leo Black,D/DM/M RC,19,75,-7,England,Tottenham Hotspur,6,8,11,2,8,6,13,8,6,12,8,3,13,8,15,12,14,10,5,13,14,5,1,7,12,7,8,12,11,7,7,11,14,10,13,6,2000222072,Premier League,Tottenham Hotspur
Levin Vogt,D RL,16,75,-7,"Germany,Nigeria",Borussia Dortmund,7,12,4,4,10,7,8,7,6,9,7,4,14,9,10,10,9,8,9,12,12,7,8,6,6,9,8,7,14,10,6,6,13,14,12,6,2000515512,Bundesliga,Borussia Dortmund
Luc Holzwarth,D LC,17,75,-7,Germany,VfB Stuttgart,4,10,5,1,8,1,13,5,4,11,6,2,13,6,15,8,9,5,11,12,18,7,5,3,11,4,2,7,13,12,7,15,5,10,9,8,2000422627,Bundesliga,VfB Stuttgart
Luca Hampel,AM LC,16,75,-7,Germany,1. FSV Mainz 05,6,9,13,8,12,6,7,8,6,3,12,2,8,11,14,10,8,6,6,8,12,11,6,10,5,7,8,11,13,13,12,7,12,13,7,3,2000515508,Bundesliga,1. FSV Mainz 05
Malachi Hardy,D C,17,75,-7,England,Tottenham Hotspur,4,1,1,1,6,3,12,5,5,12,5,2,12,5,10,8,8,6,11,12,19,5,3,5,12,5,1,6,11,10,6,10,13,10,5,6,2000389894,Premier League,Tottenham Hotspur
Malik Kassassir,M C,16,75,-7,"Germany,Lebanon",Sport-Club Freiburg,6,4,8,9,11,7,7,9,1,9,14,6,9,13,9,9,7,9,8,6,6,9,6,9,4,4,14,9,14,14,8,5,13,14,9,6,2000419802,Bundesliga,Sport-Club Freiburg
Márkó Mándity,AM C,17,75,-7,Hungary,VfL Wolfsburg,6,6,13,7,12,6,2,11,6,3,13,5,7,11,6,8,8,10,5,11,13,13,9,10,7,7,11,12,13,13,7,6,9,13,8,6,2000375383,Bundesliga,VfL Wolfsburg
Mason Cotcher,ST RL,18,75,-7,England,Aston Villa,6,7,9,10,9,6,7,7,5,4,6,10,3,8,14,8,8,9,8,14,4,12,3,14,7,7,9,14,11,11,8,10,13,11,14,10,2000254690,Premier League,Aston Villa
Matteo Davide Villa,GK ,16,75,-7,Italy,Bergamo,3,3,1,2,1,5,1,1,2,3,13,4,2,3,8,6,13,7,10,13,4,1,11,1,8,7,6,6,12,11,7,12,12,9,1,5,2000401944,Serie A,Atalanta
Matthew Moore,DM/M C,18,75,-7,Republic of Ireland,TSG 1899 Hoffenheim,10,8,12,8,12,10,6,8,4,8,12,10,11,12,10,8,9,9,8,8,13,13,11,8,10,11,12,12,12,12,8,6,13,11,11,6,2000263164,Bundesliga,TSG 1899 Hoffenheim
Mattia Zaramella,ST ,17,75,-7,Italy,Casciavit Milano,6,7,13,13,13,6,13,4,1,6,5,9,2,9,7,13,8,13,6,13,3,11,7,10,6,6,7,7,7,11,4,11,11,8,5,9,2000388374,Serie A,Milan
Maurice Schossee,D LC,17,75,-7,Germany,Eintracht Frankfurt,6,12,5,3,10,4,10,2,8,9,10,3,13,6,13,10,10,10,8,8,14,9,10,8,8,9,9,10,10,14,10,11,14,11,13,8,2000425824,Bundesliga,Eintracht Frankfurt
Max-Edgar Chabot,GK ,17,75,-7,France,Angers SCO,6,3,3,2,1,10,1,3,3,3,5,1,1,4,10,8,13,2,9,12,5,1,6,2,11,6,5,5,10,10,5,10,10,11,5,4,2000392591,Ligue 1,Angers SCO
Mehdi Husson,GK ,17,75,-7,France,Stade Rennais FC,2,1,1,3,6,5,1,3,1,1,12,2,1,3,5,13,15,7,7,13,13,2,5,1,10,7,5,6,9,7,7,6,6,7,1,5,2000399518,Ligue 1,Stade Rennais FC
Michał Żuk,DM/M C,16,75,-7,"Spain,Poland",Barcelona,8,9,10,7,11,7,8,8,6,8,12,7,9,12,9,10,9,10,8,10,14,12,8,9,9,11,11,9,9,10,11,9,14,9,10,8,2000466853,LaLiga,Barcelona
Mirko Loreti,AM L,16,75,-7,Italy,Associazione Sportiva Roma,7,10,11,13,11,6,8,7,6,1,12,7,7,13,14,9,7,8,5,13,14,13,6,12,6,7,8,8,13,13,7,5,13,13,9,1,2000441381,Serie A,Associazione Sportiva Roma
Moha Touray,AM/ST RL,16,75,-7,"The Gambia,Spain",Girona,8,8,12,10,11,8,9,9,6,2,9,8,5,12,8,7,8,8,7,8,14,15,5,10,4,6,7,9,12,11,9,10,14,12,9,7,2000477207,LaLiga,Girona
Mohamed Chebbi,AM R,17,75,-7,"France,Tunisia",Stade Rennais FC,8,12,13,12,13,6,7,7,6,6,13,4,4,9,8,6,8,7,6,9,10,10,1,9,6,7,7,8,13,13,7,6,7,13,6,1,2000399076,Ligue 1,Stade Rennais FC
Moritz Göttlicher,M/AM C,17,75,-7,Germany,FC Bayern München,6,6,6,9,13,6,6,7,5,8,11,3,5,13,5,7,8,7,8,13,16,13,2,8,5,8,13,12,9,10,8,12,12,11,12,5,2000375655,Bundesliga,FC Bayern München
Nabil Kaaouach,AM/ST RC,16,75,-7,"Morocco,Spain",Espanyol,10,9,13,11,12,10,8,11,6,5,11,10,7,14,8,9,8,10,9,10,12,15,8,12,5,7,11,7,10,12,10,9,12,10,8,8,2000477197,LaLiga,Espanyol
Nassim El Massoudi,D RC,17,75,-7,"Morocco,Germany",Bayer 04 Leverkusen,7,12,3,7,9,3,13,7,7,13,9,1,13,7,12,10,9,7,9,11,10,5,9,6,10,7,6,9,14,10,9,12,10,13,6,5,2000427872,Bundesliga,Bayer 04 Leverkusen
Nebe-Sirak Domnic,D RC,16,75,-7,"Germany,Ethiopia",Bayer 04 Leverkusen,6,9,3,3,8,5,8,6,6,6,8,1,12,7,9,4,9,8,6,13,5,5,10,6,13,7,4,7,13,10,8,15,15,10,7,6,2000461758,Bundesliga,Bayer 04 Leverkusen
Nicholas Callarà,AM RC,16,75,-7,Italy,Capitolini Celesti,6,9,12,10,8,5,6,7,3,5,10,9,6,12,12,7,5,12,6,6,17,13,1,8,5,6,8,7,12,10,2,15,12,12,11,5,2000456857,Serie A,Lazio
Nico Biedermann,GK ,17,75,-7,Germany,TSG 1899 Hoffenheim,5,2,1,1,1,7,1,3,1,1,13,2,1,5,12,10,12,5,11,11,15,1,10,1,7,7,6,6,9,11,7,16,11,10,3,5,2000332333,Bundesliga,TSG 1899 Hoffenheim
Pau Bergés,D/WB LC,16,75,-7,Spain,Barcelona,7,10,9,8,11,7,9,8,10,8,11,7,10,11,12,9,11,8,8,9,14,10,7,8,9,10,10,10,11,10,11,10,14,11,10,10,2000468639,LaLiga,Barcelona
Paul Bahoya,D/WB R,17,75,-7,"France,Cameroon",Eintracht Frankfurt,7,12,9,2,13,4,5,8,7,8,10,8,14,8,5,10,9,6,9,15,15,7,9,8,7,10,10,10,8,10,10,6,13,12,11,7,2000425820,Bundesliga,Eintracht Frankfurt
Paul Caumeil,M/AM C,17,75,-7,France,Paris Saint-Germain,7,7,9,12,14,7,7,8,1,6,11,1,9,14,5,7,8,5,6,14,10,15,10,11,4,8,13,6,12,10,4,7,11,11,10,7,2000386344,Ligue 1,Paris Saint-Germain
Philipp Licht,D/DM/M C,17,75,-7,Germany,VfL Wolfsburg,6,6,6,7,7,6,8,8,6,7,11,5,13,8,7,6,8,8,9,13,17,5,1,7,11,7,11,12,8,8,6,14,9,7,7,10,2000423092,Bundesliga,VfL Wolfsburg
Raphael Pavlić,D C,17,75,-7,Germany,FC Bayern München,3,6,2,6,7,5,13,2,3,13,7,1,12,2,7,10,9,7,6,13,16,5,11,3,11,6,1,7,8,9,7,16,11,12,6,7,2000375665,Bundesliga,FC Bayern München
Raúl Expósito,D/WB RC,16,75,-7,Spain,Barcelona,7,10,9,8,9,10,9,8,9,10,11,10,11,10,15,9,11,9,9,10,14,10,9,9,8,11,10,10,11,10,10,9,14,11,9,9,2000472427,LaLiga,Barcelona
Rubén Bravo,AM R,16,75,-7,Spain,Real Hispalis,6,8,9,10,13,1,8,8,6,5,10,5,7,13,9,8,8,6,9,13,7,13,11,9,6,7,8,12,13,12,7,5,13,9,7,4,2000503220,LaLiga,Real Betis
Samuele Belmonte,AM LC,18,75,-7,Italy,Associazione Sportiva Roma,5,10,12,11,12,5,5,7,5,5,12,5,6,12,11,6,7,5,7,11,5,13,8,9,4,7,12,10,12,12,4,3,16,12,5,1,2000293721,Serie A,Associazione Sportiva Roma
Sebastian Ademola,D C,17,75,-7,"Norway,England",Brighton & Hove Albion,4,6,1,3,7,3,10,7,6,14,6,1,14,2,8,6,15,3,10,8,10,9,15,5,7,15,7,8,9,11,7,14,12,12,8,8,2000378591,Premier League,Brighton & Hove Albion
Shakur Samuels,AM R,16,75,-7,England,Nottingham Forest,8,11,9,10,13,6,6,5,4,6,13,3,7,13,13,7,5,4,6,7,4,14,2,12,4,7,12,11,13,12,7,8,9,12,7,4,2000479074,Premier League,Nottingham Forest
Tom Faust,AM R,17,75,-7,Germany,Borussia Dortmund,8,13,14,12,11,7,3,8,7,3,8,7,8,14,7,6,6,6,8,12,16,13,1,14,7,7,11,12,12,12,7,6,10,11,10,1,2000423434,Bundesliga,Borussia Dortmund
Tom Fiederer,D C,17,75,-7,Germany,TSG 1899 Hoffenheim,3,1,1,2,7,1,10,1,1,13,7,6,13,6,10,9,9,7,9,13,9,5,1,6,12,6,3,7,12,13,7,12,17,12,9,5,2000332338,Bundesliga,TSG 1899 Hoffenheim
Wassim Dardake,M/AM C,17,75,-7,"Morocco,France",Toulouse FC,6,7,8,11,7,6,6,8,1,5,8,4,8,10,12,8,8,4,5,9,11,10,3,6,8,7,13,11,13,13,7,8,13,13,13,7,2000406721,Ligue 1,Toulouse FC
Alfonso,ST ,17,74,-75,Spain,R. Madrid,4,7,8,12,13,4,14,2,5,5,7,6,5,8,15,13,15,12,5,6,11,8,8,13,7,12,7,7,8,8,13,15,13,8,6,6,2000499224,LaLiga,R. Madrid
"Babacar Dione(Olympique de Marseille,France)",D C,16,74,-75,France,Olympique de Marseille,1,2,3,3,6,1,13,6,5,13,7,5,12,2,9,12,9,6,8,13,19,5,9,1,12,6,2,7,7,10,7,14,12,8,7,11,2000490088,Ligue 1,Olympique de Marseille
Ethan Sutherland,D/WB L,19,74,-75,"Zimbabwe,Scotland",Wolverhampton Wanderers,8,11,11,9,9,7,6,6,4,4,14,4,5,12,6,6,5,9,8,10,2,12,10,12,7,8,8,9,13,13,5,4,16,13,11,4,2000270289,Premier League,Wolverhampton Wanderers
Ferran Seco,D C,18,74,-75,Spain,R. Madrid,5,3,1,6,7,1,12,2,1,13,11,1,9,6,15,13,9,7,8,13,16,5,5,6,13,6,3,8,9,6,7,10,12,8,13,6,2000299720,LaLiga,R. Madrid
Issiaga Soumah,ST ,16,74,-75,"France,Guinea",Olympique Lyonnais,5,5,9,13,12,1,13,7,3,3,2,2,6,13,15,7,4,8,7,13,10,13,7,9,7,6,8,8,13,13,7,10,12,13,12,8,2000497721,Ligue 1,Olympique Lyonnais
Joshua Dago,AM/ST L,16,74,-75,France,FC Nantes,7,10,13,10,13,4,7,7,6,6,8,6,7,12,12,13,6,8,5,11,14,14,9,7,3,7,8,8,10,12,7,7,13,13,4,7,2000481260,Ligue 1,FC Nantes
Kassim Mnamdji,D/DM RC,16,74,-75,"France,Comoros",Olympique Lyonnais,8,11,6,6,13,6,8,7,3,13,5,6,13,8,8,11,9,6,4,13,16,10,8,5,11,2,8,7,13,10,8,12,5,10,6,8,2000496285,Ligue 1,Olympique Lyonnais
Kyrylo Khadasevych,GK ,17,74,-75,Ukraine,VfL Wolfsburg,5,1,3,3,4,7,1,2,2,3,12,2,2,3,11,5,14,5,7,12,15,1,3,2,12,6,5,5,10,11,6,14,9,10,3,5,2000368008,Bundesliga,VfL Wolfsburg
Ollie Harrison,DM/M C,17,74,-75,England,Chelsea,7,6,6,7,10,5,8,6,6,8,11,6,8,11,10,12,10,10,11,9,7,3,12,10,11,12,9,12,11,8,13,12,13,10,14,10,2000287548,Premier League,Chelsea
Angel Garcia,D/WB L,17,74,-7,"France,Spain",Olympique Lyonnais,7,12,10,5,11,5,8,5,8,7,10,5,13,10,12,6,8,5,8,11,4,5,6,12,10,9,8,10,11,11,9,13,5,11,14,8,2000395229,Ligue 1,Olympique Lyonnais
Azhar Ali,AM/ST RL,17,74,-7,"France,Comoros",Olympique de Marseille,6,10,13,9,13,6,8,7,6,3,13,5,4,13,11,5,4,10,4,9,5,13,4,7,6,7,8,7,13,13,7,11,14,13,5,6,2000413423,Ligue 1,Olympique de Marseille
Fran Batán,AM RLC,16,74,-7,Spain,Real Hispalis,7,11,14,12,14,7,8,9,5,5,14,6,5,10,12,7,8,8,6,10,2,10,8,12,6,8,14,9,14,12,8,8,8,11,4,4,2000503200,LaLiga,Real Betis
Hocine Boulegroun,AM RC,17,74,-7,"France,Algeria",Olympique Lyonnais,7,12,10,11,13,6,7,8,6,4,12,7,5,13,14,4,7,10,6,13,9,14,4,11,4,7,13,8,10,13,7,8,12,9,9,4,2000497724,Ligue 1,Olympique Lyonnais
Iker Ropero,D C,19,74,-7,"Spain,Pays Basque",Real San Sebastián,1,2,1,1,4,1,12,5,3,12,6,1,12,1,13,9,8,6,10,12,13,5,7,4,11,5,1,6,12,12,6,9,9,12,9,5,2000301570,LaLiga,Real Sociedad
Javi Navarro,GK ,18,74,-7,Spain,R. Madrid,4,3,1,3,1,6,1,2,1,1,13,1,1,6,5,10,15,4,10,13,6,1,5,3,11,7,4,6,10,5,7,11,17,9,2,6,2000299380,LaLiga,R. Madrid
Niccolò Gariani,DM/M C,18,74,-7,Italy,Bergamo,5,5,3,6,12,5,5,10,2,6,12,1,12,12,5,10,7,4,6,12,3,5,2,7,9,6,12,9,10,9,6,7,11,9,12,5,2000275722,Serie A,Atalanta
Roberto Malfitano,M C,18,74,-7,Italy,Cagliari Calcio,6,6,7,7,13,6,1,10,4,12,12,5,8,10,5,13,4,8,8,12,12,5,6,8,7,7,13,12,12,11,2,8,9,7,12,6,2000268065,Serie A,Cagliari Calcio
Yanik Boos,D C,17,74,-7,Germany,Sport-Club Freiburg,3,4,2,1,7,5,12,5,1,13,7,3,13,6,12,10,9,7,11,13,12,5,1,2,13,3,5,7,13,13,7,6,9,13,12,6,2000419795,Bundesliga,Sport-Club Freiburg
Massimo Pessina,GK ,17,73,-75,Italy,Bologna FC 1909,3,2,1,3,10,7,7,1,1,1,11,2,3,9,9,10,8,9,8,8,14,10,5,3,11,8,9,8,8,11,10,11,14,8,9,11,2000336212,Serie A,Bologna FC 1909
Oliver Boast,ST C,16,73,-75,England,Tottenham Hotspur,6,7,13,13,12,6,11,8,5,5,8,6,3,8,6,12,4,8,4,13,5,8,4,13,5,6,7,8,13,12,7,6,13,11,9,6,2000485994,Premier League,Tottenham Hotspur
Axel Decrenisse,GK ,16,73,-7,France,AS Monaco,4,3,3,2,2,6,1,3,3,1,12,1,2,5,7,12,14,1,6,12,9,2,8,1,4,6,5,5,9,13,6,15,13,6,1,5,2000491154,Ligue 1,AS Monaco
Casti,AM C,17,73,-7,Spain,Real Hispalis,6,10,13,12,13,6,8,8,1,6,11,4,7,12,7,11,6,6,7,10,5,14,11,12,8,7,12,8,13,12,5,3,14,9,7,2,2000504187,LaLiga,Real Betis
Fer Olmo,M C,16,73,-7,Spain,Real Hispalis,7,7,6,9,14,7,7,9,1,9,14,6,8,14,10,6,6,8,5,12,3,8,10,9,9,13,14,10,9,10,8,3,10,10,12,2,2000505888,LaLiga,Real Betis
Mahmoud Akim Soumahoro,D/WB L,16,73,-7,France,Havre AC,5,10,8,1,9,1,7,7,7,9,7,2,14,9,9,9,8,7,10,14,3,6,3,2,10,8,7,9,13,10,8,11,15,11,8,11,2000513300,Ligue 1,Le Havre
Max Maréchal,DM/M C,18,73,-7,France,RC Strasbourg Alsace,9,5,6,5,10,10,7,9,9,8,10,8,9,9,11,12,9,10,8,14,11,5,14,8,7,10,10,7,12,8,10,8,10,10,11,10,2000289868,Ligue 1,RC Strasbourg Alsace
Noha Tiehi,ST ,16,73,-7,France,Paris Saint-Germain,5,7,8,13,11,6,13,7,6,2,7,6,1,10,8,10,6,9,7,13,14,11,3,13,4,6,3,7,13,9,7,11,10,11,6,7,2000490732,Ligue 1,Paris Saint-Germain
Pladi Nzinga-Pambani,D C,18,73,-7,France,Olympique de Marseille,1,4,3,5,6,1,8,1,3,12,6,2,12,5,11,12,8,6,12,12,16,5,8,2,10,5,3,6,12,10,6,16,8,11,11,6,2000294786,Ligue 1,Olympique de Marseille
Ratón,AM RLC,18,73,-7,Spain,Vigo,7,10,13,11,13,6,6,8,3,5,12,5,3,13,12,9,8,12,7,6,10,13,3,11,6,7,10,10,13,13,7,8,15,13,5,5,2000295458,LaLiga,Celta
Ziyad Baha,ST ,15,73,-7,"Morocco,Spain",Real Hispalis,4,3,9,14,10,7,14,8,4,7,8,7,6,11,12,14,8,7,9,6,9,10,10,14,6,7,8,8,12,8,11,13,11,8,5,4,2000504183,LaLiga,Real Betis
Ajdin Muminovic,ST ,16,72,-8,"France,Bosnia and Herzegovina",Olympique Lyonnais,6,7,13,10,13,6,13,7,3,6,7,5,1,10,10,12,7,6,7,10,5,12,9,13,4,6,6,7,13,13,4,8,5,13,6,5,2000497722,Ligue 1,Olympique Lyonnais
Antonio Arena,ST ,16,72,-8,"Italy,Australia",Associazione Sportiva Roma,5,5,7,12,8,5,9,6,4,3,9,11,4,9,12,11,12,11,11,12,15,11,10,12,6,12,10,11,10,10,10,11,14,11,9,10,2000461946,Serie A,Associazione Sportiva Roma
Manuel Carrascosa,D LC,16,72,-8,Spain,Torino,2,5,5,4,8,3,8,3,6,10,7,3,8,7,13,12,9,10,12,12,14,8,6,6,9,11,8,9,12,11,10,11,12,11,10,11,2000392956,Serie A,Torino
Amin Dabbabi,AM C,16,72,-75,"France,Tunisia",LOSC Lille,2,2,12,12,12,5,7,7,1,2,12,7,6,12,11,4,7,9,6,12,13,13,4,8,6,6,8,7,12,9,6,9,11,11,11,6,2000491232,Ligue 1,LOSC Lille
Timeo Whisker,AM RL,16,72,-75,"England,France",Manchester City,6,11,6,12,12,5,6,5,5,5,12,6,6,12,8,8,4,6,6,8,14,15,2,12,5,6,7,7,12,11,2,5,10,11,12,7,2000511337,Premier League,Manchester City
Chibuike Ugochukwu,DM ,17,72,-7,France,Stade Rennais FC,5,4,4,6,12,3,5,6,3,10,10,3,12,10,10,12,7,5,6,12,17,7,1,4,5,6,12,11,11,11,6,10,15,11,6,5,2000399527,Ligue 1,Stade Rennais FC
Cristian Cuzzarella,M/AM RL,18,72,-7,Italy,Capitolini Celesti,7,10,13,10,13,6,5,7,1,5,10,1,7,12,15,13,8,9,6,13,12,14,10,8,5,7,6,11,12,11,7,1,10,10,7,1,2000293685,Serie A,Lazio
Filippo Plazzotta,M C,16,72,-7,Italy,Casciavit Milano,6,6,7,8,13,6,4,6,4,4,13,5,8,12,8,6,7,9,5,12,10,9,2,6,7,7,12,12,13,11,3,6,13,11,13,6,2000443870,Serie A,Milan
Finn Geragusian,AM/ST R,17,72,-7,"Armenia,England",Sunderland,6,9,9,13,9,7,10,7,6,7,8,5,5,10,12,8,11,11,8,14,6,7,1,9,7,8,9,9,8,9,11,15,12,9,8,10,2000364895,Premier League,Sunderland
Harrison Parker,D C,18,72,-7,England,Manchester City,2,4,7,5,12,3,10,2,4,8,12,6,10,12,8,10,8,12,10,9,1,3,6,8,10,10,9,10,12,10,8,12,15,13,10,9,2000272785,Premier League,Manchester City
Jarell Paisley,D L,16,72,-7,"France,Guadeloupe",Paris Saint-Germain,7,13,8,4,14,2,7,5,8,10,10,2,11,9,6,9,9,9,11,7,12,5,10,7,8,9,9,9,15,13,9,9,14,11,12,7,2000490716,Ligue 1,Paris Saint-Germain
João Gabriel,D C,18,72,-7,"Brazil,Italy",Como 1907,3,1,5,4,7,1,12,5,1,13,7,2,11,6,8,11,9,6,8,11,10,5,1,6,13,6,2,7,10,13,7,13,7,11,7,9,2000302961,Serie A,Como 1907
Kian Noble,D C,18,72,-7,England,Manchester City,6,6,3,5,8,1,14,7,7,14,8,1,14,7,6,7,8,5,11,14,16,5,1,5,8,7,7,8,12,11,8,11,13,12,6,6,2000282868,Premier League,Manchester City
Lorenzo Kana-Biyik,AM R,16,72,-7,"France,Cameroon",Paris Saint-Germain,6,9,12,9,12,4,6,6,2,1,11,1,4,12,15,4,4,3,3,12,12,13,2,9,5,6,6,7,12,12,6,5,12,12,12,5,2000490724,Ligue 1,Paris Saint-Germain
Luca Gobbo,D/WB RC,19,72,-7,Italy,Bergamo,4,12,8,4,9,2,7,6,7,14,9,5,14,9,15,11,9,9,9,11,7,5,12,7,7,8,8,9,11,12,8,9,14,12,6,7,2000333546,Serie A,Atalanta
Seth Chingwaro,DM/M C,17,72,-7,England,Fulham,6,5,7,7,13,4,6,11,1,11,11,1,13,10,13,5,4,4,8,13,3,5,3,8,5,7,12,10,9,13,7,6,15,13,6,6,2000426368,Premier League,Fulham
Thomas Sajous,GK ,17,72,-7,France,LOSC Lille,3,2,1,1,3,6,1,1,1,1,4,1,3,1,7,6,14,3,9,11,8,2,1,1,11,7,6,6,9,6,7,10,18,12,6,4,2000419715,Ligue 1,LOSC Lille
Harrison Miles,DM ,17,71,-75,England,Manchester City,6,5,7,7,13,6,7,6,6,8,8,6,13,8,9,13,8,6,5,13,8,5,11,6,12,7,7,7,13,10,2,6,15,13,10,5,2000438102,Premier League,Manchester City
Borja,D C,19,71,-7,Spain,Alavés,1,1,6,6,7,3,12,6,4,13,7,4,12,6,10,12,9,7,5,13,14,5,8,4,13,6,6,7,12,9,7,9,15,11,7,9,2000222572,LaLiga,Alavés
Christ Dégnan Konan,D/WB L,16,71,-7,France,Olympique de Marseille,6,11,4,6,12,2,7,5,6,8,7,1,8,8,5,4,9,5,6,12,14,8,9,4,7,7,7,8,13,13,7,8,12,13,13,6,2000490108,Ligue 1,Olympique de Marseille
Daivy Lefranc-Yeboah,GK ,17,71,-7,France,RC Lens,5,3,3,3,1,7,1,3,3,2,8,1,2,1,14,9,14,5,7,11,9,2,9,1,4,5,4,4,9,14,6,14,12,10,1,4,2000388092,Ligue 1,RC Lens
Fabio Desole,D C,19,71,-7,Italy,Torino,4,4,1,7,8,1,14,7,3,11,7,1,14,7,10,7,9,8,9,14,6,6,8,6,14,7,7,8,6,7,8,16,10,7,6,8,2000189327,Serie A,Torino
Kiliane Assougrou,M/AM R,16,71,-7,France,AJ Auxerre,6,11,13,8,13,6,6,6,6,3,11,6,8,13,5,6,8,3,5,6,19,13,1,8,6,5,8,8,13,13,7,5,15,13,6,4,2000489716,Ligue 1,AJ Auxerre
Ben Vickery,GK ,16,70,-8,"England,Scotland",Manchester City,3,2,1,1,4,5,1,2,3,1,12,3,1,3,13,10,11,6,8,12,10,1,8,3,11,2,5,5,9,12,6,16,13,9,1,8,2000508642,Premier League,Manchester City
Dee-Shawn Jacinthe,ST ,16,70,-8,France,Stade Rennais FC,6,3,8,12,13,5,13,5,5,5,7,6,3,8,15,10,12,11,4,13,14,8,7,13,7,12,7,7,11,7,6,13,13,11,3,10,2000473923,Ligue 1,Stade Rennais FC
Marcello Fugazzola,AM/ST C,16,70,-8,Italy,Bergamo,6,6,13,13,13,6,7,7,6,5,10,6,7,8,14,8,8,11,5,13,5,12,9,5,5,7,13,8,13,9,7,10,13,11,7,5,2000488623,Serie A,Atalanta
Abdulbaki Al-Khalaf,ST C,17,70,-75,"Syria,Germany",RB Leipzig,6,8,13,9,13,6,8,8,1,6,10,4,6,13,7,11,3,7,7,13,12,13,1,13,7,8,13,8,12,9,12,8,11,9,3,4,2000476445,Bundesliga,RB Leipzig
Alfie Bradshaw,M/AM C,18,70,-75,England,Nottingham Forest,8,8,7,8,10,6,7,6,8,10,9,8,10,10,11,9,9,10,9,15,10,8,7,9,9,9,8,9,10,9,8,8,10,11,9,8,2000288084,Premier League,Nottingham Forest
Ben Broggio,AM RLC,18,70,-75,"England,Italy",Aston Villa,4,9,9,8,7,6,6,7,6,6,6,2,7,9,12,13,2,5,7,6,9,9,6,13,5,12,7,12,15,12,9,8,14,11,9,6,2000283791,Premier League,Aston Villa
Calum Logan,D LC,18,70,-75,England,Tottenham Hotspur,2,6,1,6,8,5,13,3,2,11,7,2,13,5,6,6,9,6,8,12,7,5,2,6,8,6,5,8,7,10,7,13,15,7,13,9,2000298716,Premier League,Tottenham Hotspur
Charlie Hardy,GK ,16,70,-75,England,Manchester United,4,2,3,1,5,6,1,1,3,1,8,2,1,2,14,8,14,6,12,12,13,1,5,1,12,6,5,5,8,12,6,13,11,10,5,8,2000507469,Premier League,Manchester United
Dante Headley,D/WB RL,16,70,-75,England,Manchester City,6,10,11,1,11,1,3,5,5,12,12,1,10,12,15,7,8,2,10,10,4,6,8,8,3,11,4,9,11,12,12,5,11,13,12,5,2000503433,Premier League,Manchester City
DJ Esdaille,D/WB/DM R,17,70,-75,"England,Saint Kitts and Nevis",Liverpool,6,10,7,6,12,6,6,7,5,7,7,5,13,7,5,7,8,7,8,13,5,5,7,1,13,7,8,8,13,13,7,6,9,13,7,6,2000399755,Premier League,Liverpool
Finlay Gorman,M/AM C,16,70,-75,England,Manchester City,8,11,14,9,14,7,7,9,4,7,12,2,9,14,13,8,8,9,5,14,8,13,1,13,6,13,12,9,8,10,8,8,13,7,7,4,2000498739,Premier League,Manchester City
Jacob Hall,D LC,16,70,-75,England,Chelsea,4,10,5,5,12,2,7,8,3,7,15,5,8,11,15,11,14,8,7,8,12,5,12,8,10,8,11,9,14,6,10,14,10,11,10,10,2000476251,Premier League,Chelsea
Kobe Barbour,AM RLC,17,70,-75,"England,Saint Vincent and the Grenadines",Chelsea,6,6,7,7,6,6,6,8,6,6,6,1,7,8,12,5,8,8,7,7,12,11,9,6,6,12,8,11,15,10,6,5,10,14,7,4,2000379553,Premier League,Chelsea
Mattia Angelicchio,DM/M C,16,70,-75,Italy,Casciavit Milano,8,8,9,7,13,7,4,7,3,5,11,6,6,12,9,9,14,11,10,12,12,11,10,9,7,12,10,10,9,10,8,8,9,8,11,7,2000492097,Serie A,Milan
Mladen Mijajlovic,AM C,17,70,-75,Switzerland,Sport-Club Freiburg,6,6,8,10,13,6,6,8,6,7,13,5,8,13,8,7,8,6,3,7,14,13,5,8,7,7,13,8,11,9,2,11,8,10,13,4,2000313013,Bundesliga,Sport-Club Freiburg
Saïd Remadnia,AM/ST L,16,70,-75,"France,Algeria",Olympique de Marseille,6,10,5,13,13,6,8,7,4,1,11,5,6,12,6,4,5,8,3,10,4,12,7,13,4,7,8,8,13,13,7,6,13,13,9,6,2000490112,Ligue 1,Olympique de Marseille
Stephen Mfuni,D C,17,70,-75,"England,Democratic Republic of Congo",Manchester City,4,3,3,6,12,2,12,4,1,11,13,6,13,7,15,9,15,13,9,12,17,5,3,6,9,6,13,7,9,9,7,11,13,11,3,5,2000404708,Premier League,Manchester City
Yahya Idrissi,AM/ST RLC,17,70,-75,"Morocco,England",Chelsea,6,7,10,9,7,6,8,8,6,4,6,5,3,9,14,5,3,7,4,5,11,14,1,5,7,5,13,6,13,9,9,8,15,12,8,6,2000379554,Premier League,Chelsea
Yannis Addich,AM C,16,70,-75,France,RC Strasbourg Alsace,5,5,7,12,12,5,2,7,2,1,12,7,7,9,10,8,7,7,5,11,5,15,8,7,7,6,12,11,8,12,6,11,12,12,7,7,2000484546,Ligue 1,RC Strasbourg Alsace
Yohann Obin,D C,16,70,-75,England,Manchester City,2,1,3,1,7,5,10,5,3,12,6,1,12,3,11,11,8,6,12,11,17,10,6,2,9,5,5,6,11,11,6,12,9,12,8,5,2000510837,Premier League,Manchester City
Zyan Blake,ST ,17,70,-75,England,Nottingham Forest,5,2,8,12,12,5,12,3,3,3,6,6,1,12,14,12,4,12,6,11,4,13,6,12,4,5,6,7,12,9,6,5,9,8,11,1,2000369120,Premier League,Nottingham Forest
"Abdoulaye Camara(OGC Nice,Mauritania,France)",M C,17,70,-7,"Mauritania,France",OGC Nice,6,2,6,7,9,6,6,12,2,13,13,3,12,12,6,6,8,8,6,13,17,5,8,4,13,7,7,12,10,10,2,8,11,11,7,5,2000401482,Ligue 1,OGC Nice
Abdourazak Mahamoud,DM/M C,16,70,-7,"France,Comoros",OGC Nice,7,5,6,7,14,5,7,9,6,7,14,7,11,13,5,7,8,9,5,13,9,5,5,9,6,13,14,13,4,7,14,9,12,5,10,9,2000491772,Ligue 1,OGC Nice
Adam Brett,AM/ST RL,17,70,-7,"England,Wales",Brighton & Hove Albion,6,11,13,13,13,6,13,7,2,3,8,6,7,13,15,12,5,7,6,6,11,13,10,10,6,7,5,11,13,7,10,6,10,11,6,4,2000378585,Premier League,Brighton & Hove Albion
Aitor Araque,ST ,16,70,-7,Spain,Real Hispalis,7,4,9,14,14,7,13,8,3,7,8,11,6,9,15,14,13,13,6,11,18,8,6,11,6,7,8,8,6,8,14,13,9,7,5,5,2000508862,LaLiga,Real Betis
Aldiyar Nurgali,AM L,17,70,-7,Kazakhstan,Levante,7,10,13,8,13,6,1,7,6,5,13,2,5,13,5,9,5,8,7,8,11,13,11,11,6,12,8,12,13,8,8,3,14,11,7,1,2000417051,LaLiga,Levante
Alfie Lynskey,M/AM RL,17,70,-7,"England,Republic of Ireland",Aston Villa,6,9,11,13,8,6,5,7,3,5,13,5,3,6,5,10,8,5,4,12,18,14,9,13,6,7,9,12,9,13,7,9,13,13,8,4,2000414246,Premier League,Aston Villa
Álvaro Lezcano,D C,17,70,-7,Spain,R. Madrid,4,1,6,3,7,6,13,3,3,13,7,1,13,3,12,7,9,6,6,13,6,6,5,4,13,6,1,7,13,12,7,8,12,13,6,6,2000499217,LaLiga,R. Madrid
Bartosz Żelazowski,GK ,20,70,-7,Poland,OGC Nice,6,1,1,2,4,8,1,2,2,3,7,2,3,1,5,12,6,7,9,13,14,3,1,1,12,7,6,5,7,8,2,17,11,4,1,7,2000096695,Ligue 1,OGC Nice
Bradley Lévy,M C,17,70,-7,France,Olympique de Marseille,6,4,5,8,13,4,4,12,6,8,13,4,8,13,15,7,7,6,4,10,18,5,10,6,7,7,7,12,11,13,2,10,16,12,7,6,2000413420,Ligue 1,Olympique de Marseille
Braiden Graham,ST ,17,70,-7,Northern Ireland,Everton,4,5,7,8,5,6,7,5,2,5,7,10,4,9,15,8,9,10,7,8,15,10,10,15,7,8,9,10,11,9,9,9,12,13,11,13,2000252560,Premier League,Everton
Caden Voice,D C,18,70,-7,England,Wolverhampton Wanderers,2,1,1,1,12,1,12,3,5,12,12,5,12,12,15,12,14,10,8,12,17,5,9,4,12,5,10,6,8,7,6,10,12,10,4,8,2000292936,Premier League,Wolverhampton Wanderers
Charlie Stevens,M/AM C,18,70,-7,"Wales,England",AFC Bournemouth,8,13,14,7,14,7,4,7,1,9,14,3,9,14,15,12,8,10,9,8,17,13,11,12,9,7,11,5,11,9,8,9,11,7,6,4,2000309010,Premier League,AFC Bournemouth
Cheick Diarra,GK ,17,70,-7,"France,Mali",Olympique de Marseille,4,3,2,2,1,6,1,3,2,3,12,2,1,3,12,10,13,6,7,12,5,2,7,2,7,6,5,5,10,9,1,11,13,11,3,7,2000398642,Ligue 1,Olympique de Marseille
Cole Brannigan,AM RLC,18,70,-7,Northern Ireland,Aston Villa,7,11,14,7,14,4,7,9,4,7,14,4,8,14,15,11,8,7,4,8,15,13,1,11,8,13,12,9,11,11,8,5,17,11,4,1,2000269134,Premier League,Aston Villa
Cristiano De Paoli,D C,17,70,-7,Italy,Udinese Calcio,2,4,1,6,7,1,13,2,1,10,6,1,13,6,15,13,15,7,7,13,10,5,9,4,13,6,1,7,9,8,7,8,13,9,7,7,2000488639,Serie A,Udinese Calcio
Dani Gil,D C,18,70,-7,Spain,Sevilla,4,3,5,4,6,1,12,4,3,12,6,4,12,5,14,12,8,6,8,12,8,7,3,4,11,5,5,6,12,10,6,9,14,12,4,4,2000300120,LaLiga,Sevilla
Djibril Diallo,D C,16,70,-7,"Italy,Guinea",Parma Calcio 1913,6,1,5,6,7,6,8,1,6,13,5,1,13,6,10,7,9,5,9,12,16,5,6,6,13,6,6,7,13,12,7,12,10,13,4,6,2000488637,Serie A,Parma Calcio 1913
Elies Araar Fernandez,D L,18,70,-7,"Tunisia,France",RC Strasbourg Alsace,7,13,7,7,9,5,8,5,7,9,9,3,14,9,12,9,9,8,9,11,14,5,8,7,8,8,8,8,14,11,8,10,15,10,6,7,2000289865,Ligue 1,RC Strasbourg Alsace
Ethan Apkakou,DM/M C,18,70,-7,France,LOSC Lille,5,5,3,6,12,4,5,6,1,8,12,5,12,10,5,6,3,4,7,12,6,5,9,6,6,6,10,11,12,12,6,10,15,12,6,7,2000289620,Ligue 1,LOSC Lille
Evan Baranik,DM/M C,16,70,-7,"France,Réunion",OGC Nice,6,5,9,9,13,6,6,11,6,5,11,6,11,12,15,12,8,6,6,12,15,5,6,8,10,12,7,12,8,5,12,5,12,6,8,6,2000491752,Ligue 1,OGC Nice
Everton Pereira,DM/M C,18,70,-7,"France,Brazil",OGC Nice,5,6,8,10,9,3,6,12,1,8,13,5,13,4,15,10,8,9,8,12,11,6,6,7,13,10,8,11,11,9,12,6,12,10,6,6,2000290595,Ligue 1,OGC Nice
Finley Grigg,GK ,16,70,-7,England,Manchester City,2,2,2,3,1,7,1,2,1,1,7,2,2,2,12,11,9,5,10,10,8,1,10,1,12,8,7,7,11,10,4,10,7,13,2,7,2000506287,Premier League,Manchester City
Freddie Murdock,M C,16,70,-7,"Northern Ireland,England",Everton,9,5,7,6,12,14,5,13,3,9,10,5,7,9,13,5,7,6,6,12,15,12,9,4,6,10,11,15,11,10,9,9,12,10,8,3,2000498186,Premier League,Everton
George Hemmings,DM/M C,18,70,-7,England,Aston Villa,3,6,2,7,13,6,3,10,5,13,6,5,13,13,6,7,8,7,6,13,4,5,8,6,8,7,13,5,9,13,7,10,18,11,6,5,2000442835,Premier League,Aston Villa
Hayden Ford,D/WB R,16,70,-7,"England,Jamaica",Wolverhampton Wanderers,7,10,12,7,10,5,5,5,5,9,11,4,11,12,14,11,7,6,4,12,5,13,10,8,5,11,6,9,11,12,12,10,9,12,11,2,2000491433,Premier League,Wolverhampton Wanderers
"Hugo Fernández(Valencia,France,Spain,Pays Basque)",D C,17,70,-7,"France,Spain,Pays Basque",Valencia,2,6,6,4,12,6,13,1,4,11,7,3,12,7,15,13,15,4,4,11,10,5,3,5,13,6,8,7,5,8,7,14,10,8,8,9,2000497883,LaLiga,Valencia
Hugo Giner,D L,16,70,-7,Spain,Valencia,5,10,13,6,14,1,8,1,6,9,12,5,14,11,11,8,9,5,10,12,12,5,7,5,6,11,7,7,13,12,14,7,12,9,11,4,2000500545,LaLiga,Valencia
Ishaq Zantour,GK ,17,70,-7,"France,Tunisia",OGC Nice,4,2,1,2,1,7,1,3,1,3,9,4,2,1,13,5,9,6,12,12,8,3,10,2,8,6,5,5,7,13,6,11,12,7,4,3,2000399903,Ligue 1,OGC Nice
Ismael Mmadi Fatima,M/AM R,17,70,-7,"France,Comoros",OGC Nice,8,12,12,8,11,6,5,7,2,6,13,6,8,13,10,8,8,4,7,8,11,13,1,10,6,6,5,11,13,11,12,6,15,10,9,3,2000491783,Ligue 1,OGC Nice
Ismaël Sidibé,D C,16,70,-7,Spain,AJ Auxerre,5,4,3,3,7,6,11,5,5,13,7,1,12,6,13,9,9,4,7,12,9,5,9,4,12,6,6,7,13,10,6,9,12,10,4,7,2000489310,Ligue 1,AJ Auxerre
Jack Wint,GK ,18,70,-7,England,Manchester City,2,2,13,2,11,6,2,2,2,3,12,3,1,12,5,8,11,12,7,7,9,2,2,1,8,12,11,12,10,10,9,10,15,9,11,8,2000282495,Premier League,Manchester City
Jacob Parsons,ST ,16,70,-7,England,Brighton & Hove Albion,8,4,8,11,7,8,7,8,4,5,7,7,6,8,10,14,8,8,7,15,12,8,8,7,5,6,6,8,11,7,8,9,12,12,10,7,2000475508,Premier League,Brighton & Hove Albion
Jahmi Kellyman,M C,16,70,-7,"England,Northern Ireland",Aston Villa,7,7,9,11,13,7,6,8,5,7,14,6,9,14,6,7,6,5,7,14,13,13,6,9,9,8,10,12,9,10,8,8,15,11,7,3,2000503989,Premier League,Aston Villa
Jalen Foucan,AM C,16,70,-7,France,FC Nantes,3,5,7,12,12,5,10,7,4,6,11,2,4,9,15,3,7,4,4,9,3,12,1,7,4,4,12,9,12,12,6,10,12,12,12,4,2000481249,Ligue 1,FC Nantes
Jassim Waazane,ST ,16,70,-7,"France,Morocco",Olympique de Marseille,5,6,12,12,12,4,12,6,1,1,3,6,1,8,10,12,4,7,4,11,9,12,7,9,2,5,6,7,12,12,6,9,12,12,12,5,2000490113,Ligue 1,Olympique de Marseille
"Javier Mena(R. Madrid,Spain)",D/DM C,18,70,-7,Spain,R. Madrid,6,6,3,1,5,6,13,7,1,6,8,6,12,7,12,9,9,7,10,13,20,5,10,2,10,6,6,8,12,9,7,15,7,11,6,10,2000305003,LaLiga,R. Madrid
Jean-Baptiste Bosey,AM RL,17,70,-7,France,RC Strasbourg Alsace,7,10,12,7,12,4,5,6,5,5,12,3,2,12,13,6,7,10,3,11,6,13,5,9,5,6,11,11,12,10,6,10,15,12,6,4,2000396403,Ligue 1,RC Strasbourg Alsace
Jeffrey Baffoh,DM/M C,16,70,-7,"Italy,Ghana",U.S. Sassuolo Calcio,6,6,7,7,13,6,6,12,3,11,11,3,12,9,10,11,8,8,8,13,14,7,9,6,5,7,11,11,11,8,7,5,8,10,13,6,2000488633,Serie A,Sassuolo
Kelyann Bezahaf,D/WB R,19,70,-7,France,Olympique de Marseille,6,10,5,2,10,2,6,4,6,8,8,3,9,8,11,9,8,8,8,13,4,5,1,4,6,7,6,8,13,13,7,8,9,13,11,5,2000292782,Ligue 1,Olympique de Marseille
Kenneth Mensah,AM/ST LC,16,70,-7,"Italy,England",Leeds United,7,11,6,12,13,5,8,8,6,3,13,4,5,12,14,6,5,10,4,13,16,13,3,11,6,7,13,7,9,12,7,13,14,11,6,5,2000500948,Premier League,Leeds United
Krys Foleu Téné,AM L,18,70,-7,France,Olympique de Marseille,7,11,12,10,12,5,6,7,5,4,12,4,2,12,10,10,6,8,6,8,8,13,10,8,5,6,7,7,12,12,3,8,13,12,8,3,2000399275,Ligue 1,Olympique de Marseille
Kylian Negri,D/WB R,16,70,-7,France,Olympique Lyonnais,6,12,5,6,11,2,6,1,6,7,6,1,13,8,8,7,9,7,10,13,14,9,11,6,5,7,7,8,13,10,7,11,13,12,13,5,2000496286,Ligue 1,Olympique Lyonnais
Loan Merrifield,ST ,16,70,-7,France,FC Nantes,5,6,11,12,12,5,10,4,1,3,6,3,1,12,6,8,6,5,4,6,3,14,8,12,6,5,5,6,12,12,2,10,14,12,11,5,2000481783,Ligue 1,FC Nantes
Lucas Daubenfeld,D C,19,70,-7,France,Olympique de Marseille,1,3,1,1,6,1,12,4,3,12,6,4,9,3,15,12,8,6,8,12,10,6,12,4,12,5,3,6,11,8,6,14,9,10,5,7,2000292784,Ligue 1,Olympique de Marseille
Ludovico Varali,D C,16,70,-7,Italy,Hellas Verona FC,3,1,4,1,6,5,8,5,2,12,6,4,12,5,13,12,8,4,8,10,7,5,8,4,12,5,3,6,12,11,3,14,8,12,9,4,2000491914,Serie A,Hellas Verona FC
Luis Brown,D LC,19,70,-7,"England,Spain",West Ham United,6,9,7,4,10,2,15,8,5,7,8,4,12,6,13,8,13,8,7,10,9,5,15,8,9,14,6,13,12,7,10,8,11,11,7,10,2000216563,Premier League,West Ham United
Malik Olayiwola,M C,16,70,-7,England,Everton,7,11,14,8,14,7,6,7,4,9,7,4,9,11,7,5,11,7,9,13,12,11,4,9,4,10,14,9,11,8,8,9,16,10,5,5,2000498185,Premier League,Everton
Marc-Aurel Koffi,ST ,16,70,-7,"Ivory Coast,France",OGC Nice,5,6,11,12,12,5,12,6,1,3,10,3,1,12,6,11,7,8,3,12,9,13,2,12,5,5,6,6,12,9,12,5,6,6,7,5,2000491786,Ligue 1,OGC Nice
Mathis Clément,D R,19,70,-7,France,Olympique de Marseille,8,11,9,6,14,4,7,7,7,9,4,3,12,9,13,8,8,9,9,13,15,7,5,7,6,8,9,9,9,12,8,8,15,12,6,6,2000214882,Ligue 1,Olympique de Marseille
Mathis-Tony Loue,AM L,16,70,-7,"France,Ivory Coast",AJ Auxerre,7,10,13,13,13,5,7,3,5,5,12,4,7,13,5,13,8,6,7,12,6,13,10,13,3,7,7,8,13,12,7,12,12,12,7,4,2000489745,Ligue 1,AJ Auxerre
Mathys Plessis,DM ,16,70,-7,France,AS Monaco,6,6,5,6,13,2,6,13,2,13,13,5,9,13,6,5,8,7,8,13,9,5,1,7,12,7,13,11,13,9,7,12,17,8,7,8,2000491177,Ligue 1,AS Monaco
Nassim El Fatmi,M C,16,70,-7,"France,Morocco",LOSC Lille,6,6,6,7,13,6,6,10,2,4,12,3,8,13,5,7,7,7,7,8,10,5,1,5,7,7,13,11,8,13,5,4,14,13,6,6,2000491231,Ligue 1,LOSC Lille
Nazim Benchaita,D R,16,70,-7,"England,Algeria",Fulham,5,9,4,7,11,4,8,6,6,8,12,3,14,11,9,7,9,8,8,10,5,5,9,15,13,13,8,12,12,10,3,8,12,11,13,2,2000516471,Premier League,Fulham
Noham Diop,AM C,16,70,-7,"France,Morocco,Senegal",Stade Rennais FC,7,12,8,6,13,6,6,4,1,3,13,6,8,13,10,9,8,13,7,12,2,13,11,10,6,10,13,8,11,8,7,6,17,7,8,1,2000486570,Ligue 1,Stade Rennais FC
Pablo Rigal,GK ,17,70,-7,France,Olympique de Marseille,1,3,3,2,3,6,1,3,2,2,7,2,3,5,10,7,14,6,8,11,9,1,11,1,7,6,5,5,11,10,6,9,12,10,1,4,2000399266,Ligue 1,Olympique de Marseille
Paolo Trigano,D LC,19,70,-7,"Italy,Brazil",Olympique de Marseille,5,13,6,7,9,2,11,2,6,8,8,5,14,8,11,10,9,8,13,14,3,7,1,7,6,8,8,8,11,13,4,7,17,11,10,7,2000292787,Ligue 1,Olympique de Marseille
Pierre Réale,GK ,16,70,-7,"France,Italy",AJ Auxerre,4,2,3,2,3,7,1,3,3,1,9,2,2,1,8,7,15,6,8,13,6,3,8,2,11,7,6,5,11,9,7,11,12,11,1,4,2000489307,Ligue 1,AJ Auxerre
Ramy Benkhiat,M/AM RC,16,70,-7,"France,Algeria",OGC Nice,5,12,12,11,12,2,2,7,6,3,13,6,6,11,10,7,8,6,7,13,6,11,11,13,7,7,13,12,10,9,7,14,11,9,8,4,2000491766,Ligue 1,OGC Nice
Reuben Gokah,D C,16,70,-7,England,Everton,1,3,1,3,7,2,11,1,1,11,7,4,10,11,15,13,14,9,6,11,11,5,10,1,17,4,6,5,4,7,5,14,13,9,1,6,2000507889,Premier League,Everton
Samuele Perrone,AM R,18,70,-7,Italy,Unione Sportiva Lecce,8,11,12,8,13,6,8,3,1,6,13,5,6,13,14,11,8,6,4,4,7,13,7,8,6,7,6,8,13,12,7,6,6,12,9,7,2000267803,Serie A,Unione Sportiva Lecce
"Simón García(A. Bilbao,Spain,Pays Basque)",GK ,18,70,-7,"Spain,Pays Basque",A. Bilbao,3,1,3,1,1,7,1,3,1,2,11,2,1,1,9,7,14,3,6,10,10,1,9,3,4,5,4,4,10,14,5,11,13,10,3,3,2000394746,LaLiga,A. Bilbao
Teo Bou,D C,18,70,-7,Spain,Villarreal,1,3,2,5,11,1,13,3,5,12,10,3,13,13,15,8,13,9,7,13,8,5,9,6,10,6,8,8,7,9,7,15,15,11,8,6,2000478674,LaLiga,Villarreal
Ugo Lamare El Kadmiri,ST ,18,70,-7,"Sweden,France",Olympique de Marseille,6,3,13,13,13,6,13,7,6,6,6,6,1,8,5,10,3,13,5,13,6,15,6,11,4,6,4,7,7,12,7,13,7,10,6,7,2000399274,Ligue 1,Olympique de Marseille
Wajid Enjolras,M/AM L,16,70,-7,"France,Morocco",OGC Nice,3,7,12,7,12,5,4,9,5,6,12,3,10,11,12,3,7,5,1,6,4,12,1,7,4,11,12,10,11,12,12,9,15,12,11,2,2000491757,Ligue 1,OGC Nice
Walid Nechab,AM RC,16,70,-7,"France,Algeria",Olympique Lyonnais,7,11,9,7,13,6,6,5,6,2,8,6,7,13,7,9,8,13,6,12,7,13,10,10,2,7,6,12,12,9,4,9,12,10,13,4,2000497715,Ligue 1,Olympique Lyonnais
William Betehe,AM C,17,70,-7,France,OGC Nice,7,5,9,9,10,7,7,9,1,5,12,7,11,9,15,6,8,9,13,11,9,8,6,9,5,13,9,13,9,9,8,12,15,9,8,5,2000407800,Ligue 1,OGC Nice
Xavier Mandza,DM ,16,70,-7,"France,Gabon",OGC Nice,7,7,5,8,14,4,7,9,2,7,14,2,13,9,15,11,8,7,7,14,11,5,8,5,6,13,6,13,8,9,8,13,12,7,8,10,2000491763,Ligue 1,OGC Nice
Yakyne Youssouf Moumini,ST ,16,70,-7,"France,Comoros",Olympique de Marseille,4,2,11,12,12,5,12,6,4,2,6,7,1,8,11,11,7,8,6,10,8,10,1,12,4,5,4,7,12,9,5,11,17,11,11,7,2000490115,Ligue 1,Olympique de Marseille
Yann Ndzana,D C,15,70,-7,France,LOSC Lille,2,3,1,1,3,1,13,6,6,13,7,6,13,5,11,7,9,2,7,13,4,6,1,2,7,6,6,7,12,10,7,12,12,12,5,8,2000491249,Ligue 1,LOSC Lille
Yazid Moussa,M/AM L,16,70,-7,"Comoros,France",Stade Brestois 29,8,11,13,13,10,6,6,5,6,5,13,7,6,13,6,7,4,9,4,8,4,13,10,8,6,7,11,10,13,13,7,5,11,13,5,4,2000489526,Ligue 1,Stade Brestois 29
Yoann Becker,D C,16,70,-7,France,RC Strasbourg Alsace,1,3,1,5,6,1,12,3,5,12,6,1,12,5,10,9,8,2,9,12,4,7,3,3,11,5,5,6,12,11,6,14,13,12,10,6,2000484547,Ligue 1,RC Strasbourg Alsace
Younes Ibrahim,M/AM C,17,70,-7,"Australia,England",Brighton & Hove Albion,12,12,8,10,11,15,8,10,3,7,15,6,8,9,9,10,6,9,9,10,10,11,5,14,9,11,10,10,9,13,9,5,11,9,5,5,2000378584,Premier League,Brighton & Hove Albion
Francesco Gasparello,M/AM C,16,69,-75,Italy,Bergamo,8,9,9,10,10,8,8,9,5,4,8,8,5,9,10,12,11,9,8,13,8,10,6,10,5,9,10,7,10,10,11,11,8,11,8,7,2000491924,Serie A,Atalanta
Joe Bradshaw,AM/ST RLC,17,69,-75,"England,Republic of Ireland",Liverpool,6,10,12,9,8,4,6,6,4,3,12,3,5,11,8,8,6,5,6,11,14,12,8,11,1,5,5,6,9,11,2,7,11,11,6,5,2000399830,Premier League,Liverpool
Steven Gaote,AM R,17,69,-75,Bulgaria,Stade Rennais FC,7,10,12,10,13,5,6,10,5,5,8,11,6,10,14,9,15,4,7,11,15,15,8,10,5,6,7,7,12,12,10,9,9,12,8,6,2000273652,Ligue 1,Stade Rennais FC
Bamir Sadiku,ST ,17,69,-7,Sweden,Bologna FC 1909,6,2,8,14,13,6,14,7,1,6,7,7,6,9,15,11,11,10,7,12,11,11,5,10,6,11,7,7,8,5,14,18,8,6,4,8,2000294201,Serie A,Bologna FC 1909
Charlie Holt,M C,16,69,-7,England,Manchester City,5,5,7,6,13,3,5,12,1,7,13,4,12,13,15,3,6,8,4,8,17,11,9,13,8,12,7,12,13,10,13,6,12,10,8,5,2000511345,Premier League,Manchester City
"Jorge(R. Madrid,Spain)",ST ,18,69,-7,Spain,R. Madrid,5,6,13,13,11,5,13,3,2,4,6,5,1,12,10,7,3,5,6,13,11,12,5,13,4,5,6,6,13,12,6,13,12,13,7,6,2000412849,LaLiga,R. Madrid
"Marc Martínez(Valencia,Spain)",AM C,16,68,-75,Spain,Valencia,7,10,7,8,14,6,5,8,3,4,14,6,8,14,11,10,7,10,6,7,8,14,8,10,8,13,12,8,12,9,6,8,12,8,8,3,2000500550,LaLiga,Valencia
Riccardo Paonessa,ST ,16,68,-75,Italy,Juventus,4,2,12,12,12,4,12,5,1,1,1,7,4,12,6,11,6,9,5,6,6,13,8,11,4,4,5,5,12,12,4,5,14,12,6,7,2000488630,Serie A,Juventus
Alessandro Zonta,DM/M C,17,68,-7,Italy,Bologna FC 1909,6,6,4,5,14,6,6,8,4,7,14,6,13,14,5,5,7,7,5,14,7,5,9,7,14,13,14,12,8,6,5,10,13,6,7,6,2000267512,Serie A,Bologna FC 1909
Andrea Donato,D C,16,68,-7,Italy,Blu-neri Milano,4,1,4,1,6,1,6,3,1,13,6,1,13,5,7,12,8,5,9,13,19,5,4,3,11,5,5,6,12,10,6,12,14,8,11,9,2000491921,Serie A,Inter
Francesco Ferrara,D L,16,68,-7,Italy,Casciavit Milano,5,12,5,5,10,2,7,6,6,11,7,3,14,7,13,4,8,5,8,12,8,9,9,2,11,7,7,8,11,12,7,5,13,13,13,1,2000443879,Serie A,Milan
Giovanni Andrea Cardu,AM R,17,68,-7,Italy,Cagliari Calcio,6,10,12,12,12,4,5,5,4,4,9,4,5,12,5,5,6,5,5,9,11,15,8,3,3,5,6,5,12,12,2,7,12,11,10,5,2000461316,Serie A,Cagliari Calcio
Jorge Sálamo,D LC,17,68,-7,Spain,Vigo,4,9,6,6,8,4,9,5,4,14,7,1,11,6,15,12,8,7,7,12,7,5,9,6,10,6,4,7,9,11,7,12,9,13,8,7,2000327183,LaLiga,Celta
Leonard Ruland,GK ,17,68,-7,Germany,FC Bayern München,3,1,3,3,4,2,1,1,2,2,6,2,2,1,5,2,11,5,11,12,10,2,10,1,12,5,4,4,11,10,5,14,12,6,1,4,2000332584,Bundesliga,FC Bayern München
Max Alex Petersson,D L,18,68,-7,"Spain,Sweden,Ecuador",Villarreal,6,11,3,1,8,4,7,4,6,6,8,1,12,8,5,8,8,7,8,12,17,5,9,6,9,7,7,7,14,13,7,5,14,13,10,6,2000483037,LaLiga,Villarreal
Neithan Barbosa,AM R,16,68,-7,Portugal,Manchester United,5,8,10,8,9,5,3,5,1,2,7,2,3,11,8,7,7,9,8,5,14,13,3,9,5,8,6,11,14,12,10,5,15,13,8,6,2000474177,Premier League,Manchester United
Reigan Heskey,AM RL,17,68,-7,England,Manchester City,4,8,11,12,12,4,4,6,4,4,6,8,1,9,5,6,7,7,6,6,6,11,3,12,4,6,6,11,12,8,12,9,13,10,12,2,2000416048,Premier League,Manchester City
Rhys Thomas,D R,18,68,-7,Wales,Manchester City,5,12,6,4,12,3,7,6,3,10,7,3,13,7,10,10,6,6,7,11,9,5,10,3,11,7,4,7,14,13,4,7,7,14,9,9,2000282899,Premier League,Manchester City
Sam Wadsworth,M/AM C,16,68,-7,England,Manchester City,5,5,7,13,13,5,5,10,1,3,7,1,7,12,12,8,5,7,7,13,12,12,4,7,10,6,9,11,13,13,6,9,11,13,7,7,2000510938,Premier League,Manchester City
Shaun Wade,AM RL,18,68,-7,"Republic of Ireland,England",Chelsea,7,8,11,7,7,7,4,8,3,4,6,5,9,11,13,8,4,6,9,6,14,14,8,6,5,10,6,14,14,14,4,3,7,12,9,3,2000273471,Premier League,Chelsea
Teddie Bloomfield,D/WB L,17,68,-7,England,Aston Villa,7,12,6,1,11,2,7,4,6,8,8,3,11,8,13,7,8,7,7,14,7,6,6,5,9,7,4,7,14,13,7,7,7,13,6,6,2000414248,Premier League,Aston Villa
Valeri Vladimirov,D C,17,68,-7,Bulgaria,Casciavit Milano,3,5,7,5,7,4,12,6,11,10,8,6,8,8,8,6,8,7,9,9,10,5,6,8,11,9,8,10,10,10,10,14,11,12,12,10,2000384641,Serie A,Milan
"Víctor García(Valencia,Spain)",DM/M C,17,68,-7,Spain,Valencia,7,7,5,8,14,7,7,9,1,14,15,5,13,10,15,9,8,5,9,14,11,5,11,9,12,10,7,14,8,5,8,4,18,6,10,3,2000497880,LaLiga,Valencia
Thomas Corigliano,M/AM/ST C,16,67,-75,Italy,Juventus,8,8,9,8,11,9,6,7,3,3,9,11,3,10,7,10,8,9,7,8,16,14,8,8,4,8,11,7,11,12,13,9,11,10,9,7,2000491920,Serie A,Juventus
Emrick Bombo Zengo,D/WB R,16,67,-7,"Belgium,Portugal,Democratic Republic of Congo",LOSC Lille,6,12,7,7,6,2,8,7,4,5,9,5,11,8,12,4,9,9,9,9,6,8,12,7,6,8,9,10,14,9,8,9,12,9,14,5,2000474676,Ligue 1,LOSC Lille
Francesco Tommasi,GK ,19,67,-7,Italy,Hellas Verona FC,5,2,2,3,4,9,1,3,1,2,12,3,2,1,8,9,10,5,6,12,4,1,7,3,9,5,4,4,11,5,5,16,11,9,4,5,2000205840,Serie A,Hellas Verona FC
Jaheden Rocolat Delmas,ST ,16,67,-7,France,RC Lens,4,2,12,12,7,4,12,5,4,1,5,7,1,9,8,6,6,12,5,12,15,10,2,12,4,4,5,5,10,11,5,8,12,11,7,10,2000484399,Ligue 1,RC Lens
Léo-Paul Bouyer,GK ,16,67,-7,France,Casciavit Milano,6,1,2,1,10,9,7,3,2,2,11,2,3,9,9,9,12,6,7,7,10,6,7,5,11,9,8,9,10,11,12,15,10,10,9,11,2000418676,Serie A,Milan
Luis Paulo,D C,17,67,-7,Spain,R. Madrid,3,1,3,5,5,1,12,4,1,13,5,1,12,5,10,6,8,2,9,12,6,5,1,3,9,4,4,6,12,12,5,11,7,12,9,8,2000406691,LaLiga,R. Madrid
Matteo Pittarella,GK ,17,67,-7,Italy,Casciavit Milano,5,2,1,3,10,7,9,1,1,1,11,1,2,10,10,8,8,7,9,7,11,7,6,4,10,10,12,7,11,11,13,14,12,10,9,9,2000443848,Serie A,Milan
Mattia Cappelletti,D/WB R,18,67,-7,Italy,Casciavit Milano,6,12,7,6,9,4,7,6,10,8,9,5,7,8,9,10,7,6,9,9,10,5,6,11,10,11,9,11,11,10,11,9,10,13,11,8,2000264653,Serie A,Milan
Milo Martin,AM RC,16,67,-7,England,Manchester City,5,10,14,14,14,6,6,13,2,6,11,8,8,14,6,6,7,11,7,7,18,13,7,14,7,7,14,8,12,11,7,8,11,8,5,2,2000511329,Premier League,Manchester City
Pietro Asiatico,D/WB R,19,67,-7,Italy,Bergamo,4,10,2,1,12,2,7,2,5,8,8,1,13,8,5,5,8,4,6,14,11,11,12,6,9,7,7,8,14,9,7,8,8,12,13,8,2000184394,Serie A,Atalanta
Gioele Bosi,GK ,18,66,-7,Italy,Capitolini Celesti,3,2,3,2,4,6,1,3,2,1,12,3,1,3,9,5,12,5,8,12,15,1,5,2,9,5,4,4,10,11,4,10,16,6,1,3,2000291035,Serie A,Lazio
Joe Upton,DM/M C,17,66,-7,England,Liverpool,7,6,5,7,15,7,7,9,3,10,15,7,15,10,15,12,8,7,9,11,12,5,6,8,5,14,9,13,5,6,8,6,13,5,8,2,2000399787,Premier League,Liverpool
Mario Barella,M C,16,66,-7,Spain,Villarreal,4,1,6,6,13,6,6,8,1,8,8,4,12,14,12,14,8,7,8,11,18,6,3,8,4,7,6,12,9,10,7,6,15,10,10,6,2000482974,LaLiga,Villarreal
Max Hudson,GK ,17,66,-7,Wales,Manchester City,1,1,2,3,1,3,1,3,2,3,12,2,2,1,10,6,12,5,9,12,8,1,2,3,9,5,4,3,8,9,5,12,12,9,1,6,2000436959,Premier League,Manchester City
Tyler Tingey,D/DM/M C,16,65,-85,"England,Saint Kitts and Nevis",Tottenham Hotspur,2,1,5,1,10,4,6,6,1,12,8,1,10,5,14,5,6,6,7,12,4,5,10,5,12,5,8,6,12,11,5,12,11,8,7,5,2000485991,Premier League,Tottenham Hotspur
Sayed Al-Wadaei,AM C,17,65,-8,Bahrain,Villarreal,7,11,6,7,13,5,5,7,2,6,13,5,7,9,9,9,7,8,6,13,17,9,1,8,5,12,12,7,12,10,7,8,13,10,5,2,2000432560,LaLiga,Villarreal
Guillermo Anadón,D C,17,65,-75,Spain,Villarreal,5,4,1,2,6,1,11,5,2,8,6,3,13,5,8,9,8,6,9,12,19,5,4,4,12,5,3,7,6,7,6,11,13,8,12,10,2000399086,LaLiga,Villarreal
Jashayde Greenwood,AM/ST RL,15,65,-75,England,Chelsea,6,10,12,12,11,4,6,6,1,3,7,6,3,7,6,5,6,3,5,6,6,9,1,7,2,6,5,11,12,9,12,6,13,12,12,3,2000509118,Premier League,Chelsea
Kacey Wooster,ST ,17,65,-75,England,Newcastle United,4,3,10,12,11,4,12,5,3,4,5,4,2,12,10,12,6,9,5,8,15,13,9,11,5,4,2,6,12,12,5,7,12,12,11,5,2000286586,Premier League,Newcastle United
Luka Petrović,ST C,17,65,-75,"Croatia,Sweden",Real San Sebastián,6,7,11,12,12,8,6,8,4,4,8,3,6,12,5,10,9,9,9,9,14,10,5,9,7,10,7,11,12,10,11,9,13,12,9,8,2000350266,LaLiga,Real Sociedad
Maxime Paredes,AM C,16,65,-75,"France,Mexico",Stade Rennais FC,7,10,13,7,13,5,5,7,1,5,12,4,5,10,9,8,5,11,6,9,7,10,11,13,6,10,13,5,11,9,6,11,10,9,4,4,2000473881,Ligue 1,Stade Rennais FC
Noah Codjo-Evora,ST ,17,65,-75,France,FC Bayern München,4,5,12,12,5,2,12,5,4,4,5,6,2,7,5,9,2,7,1,8,8,10,1,12,5,4,1,5,12,9,5,15,5,10,10,5,2000361948,Bundesliga,FC Bayern München
Noé Le Page,GK ,16,65,-75,France,Stade Rennais FC,3,2,3,1,1,6,1,2,3,3,7,3,1,1,14,12,6,7,5,12,5,3,2,1,8,5,4,4,6,8,5,12,13,4,1,4,2000473935,Ligue 1,Stade Rennais FC
Santi del Río,AM RL,16,65,-75,"Canada,Spain",Valencia,6,10,11,8,10,6,6,7,4,6,14,5,4,12,8,10,6,7,2,10,16,15,8,14,3,13,14,13,11,11,7,6,13,11,8,2,2000500555,LaLiga,Valencia
"Abdoulaye Bamba(Stade Rennais FC,France)",D C,16,65,-7,France,Stade Rennais FC,2,2,4,2,6,1,13,5,5,13,4,5,13,5,15,6,13,6,6,13,5,5,3,2,13,5,2,6,4,7,6,13,12,8,2,7,2000473890,Ligue 1,Stade Rennais FC
Alfie Hutchison,AM R,16,65,-7,Scotland,Newcastle United,6,11,13,7,13,2,7,3,5,3,11,1,2,12,5,10,7,4,6,13,7,12,11,11,5,6,7,7,12,9,6,12,10,10,6,4,2000478937,Premier League,Newcastle United
Arthur Mogo Njimfo,GK ,16,65,-7,France,RC Lens,4,1,3,1,1,8,1,1,2,3,13,2,3,4,8,4,13,6,10,13,5,1,8,2,12,6,5,5,10,8,6,5,5,7,1,6,2000484250,Ligue 1,RC Lens
Axel Senez,DM/M C,16,65,-7,France,RC Lens,5,5,6,6,13,5,5,9,2,8,11,5,12,8,5,9,7,7,5,12,10,6,9,7,11,12,13,11,13,12,2,7,5,13,5,3,2000484386,Ligue 1,RC Lens
Dante Waite,D C,16,65,-7,England,Chelsea,3,4,6,4,6,1,10,2,4,7,6,2,11,6,15,11,15,10,10,9,8,4,15,6,10,15,7,12,13,4,13,12,16,12,9,13,2000476253,Premier League,Chelsea
Emmanuel Tshibemba,D C,17,65,-7,France,LOSC Lille,1,1,6,6,7,1,14,6,5,14,7,1,12,6,13,13,8,4,10,14,1,5,8,4,10,6,5,7,8,5,5,13,7,7,6,6,2000392662,Ligue 1,LOSC Lille
Gabriel Indi Amizade,DM/M C,17,65,-7,Guinea-Bissau,RC Strasbourg Alsace,4,4,5,5,12,4,4,6,4,6,12,3,11,12,14,11,6,6,6,12,15,5,6,5,12,5,12,10,12,12,2,8,12,11,9,5,2000396421,Ligue 1,RC Strasbourg Alsace
Gabriel Schluter,M/AM RL,16,65,-7,England,Nottingham Forest,7,10,15,8,14,6,6,6,5,3,11,6,7,9,5,5,3,5,4,8,5,12,11,10,5,7,4,11,14,10,7,9,13,12,6,8,2000516189,Premier League,Nottingham Forest
Hudson Sands,GK ,17,65,-7,England,Chelsea,3,3,1,1,4,5,3,2,3,2,8,2,3,9,8,12,10,8,10,9,6,1,10,3,10,10,9,9,8,9,10,10,14,13,6,8,2000379561,Premier League,Chelsea
Íñigo Sainz de Leciñana,M C,17,65,-7,"Spain,Pays Basque",A. Bilbao,5,5,3,5,13,5,5,8,5,10,13,2,6,13,8,8,6,12,5,8,4,5,6,13,8,6,13,11,10,8,3,7,12,9,13,4,2000371000,LaLiga,A. Bilbao
Jack Austin,GK ,17,65,-7,England,Chelsea,3,2,2,3,4,5,1,2,3,3,10,3,3,2,12,13,15,7,7,7,10,1,1,1,8,7,6,6,14,13,5,12,11,10,1,9,2000379562,Premier League,Chelsea
Jake Wain,D R,16,65,-7,England,Manchester City,5,11,8,5,7,1,2,5,3,9,11,5,13,12,15,8,8,5,8,13,12,5,11,1,9,12,6,12,13,12,2,10,15,12,9,4,2000511324,Premier League,Manchester City
Jeremiah Berkeley-Agyepong,D/WB L,16,65,-7,"England,Ghana,Grenada",Chelsea,5,6,13,4,7,5,5,5,1,9,9,5,5,7,13,5,7,8,7,6,11,7,11,9,6,12,9,10,15,10,6,6,10,13,11,4,2000476250,Premier League,Chelsea
Jerry Amadife,ST ,16,65,-7,"Spain,Nigeria",Valencia,6,6,5,10,13,6,11,7,4,3,9,2,2,12,11,14,1,13,4,12,6,11,8,12,4,6,5,7,12,14,14,11,8,13,4,5,2000500549,LaLiga,Valencia
Joseph Peter,D C,16,65,-7,France,Stade Rennais FC,3,1,3,5,9,1,7,5,5,13,7,3,8,13,15,9,14,5,8,6,5,5,11,1,13,5,13,6,7,6,6,15,11,9,5,5,2000473921,Ligue 1,Stade Rennais FC
Josh Gracey,GK ,17,65,-7,Northern Ireland,Wolverhampton Wanderers,4,1,3,3,1,9,1,1,1,2,7,1,3,2,11,14,15,7,8,13,7,1,9,3,10,7,6,6,11,13,5,16,12,6,1,9,2000251029,Premier League,Wolverhampton Wanderers
Kenny Assignon,D/WB R,17,65,-7,"France,Togo",Stade Rennais FC,3,9,12,4,11,1,6,5,5,5,9,4,11,10,5,9,8,6,6,9,11,5,5,9,5,12,6,12,13,13,13,11,14,13,8,3,2000473895,Ligue 1,Stade Rennais FC
Kobaro Akaunu,AM/ST RL,16,65,-7,"England,Nigeria",AFC Bournemouth,3,6,12,6,8,4,6,5,4,1,12,4,5,8,9,3,5,6,3,6,13,9,10,5,4,11,6,11,12,12,12,1,13,12,10,1,2000476627,Premier League,AFC Bournemouth
Kylan Midwood,AM/ST L,17,65,-7,England,Manchester City,6,10,12,12,11,4,11,5,1,4,12,5,3,10,5,7,6,6,5,11,15,11,2,11,2,5,6,6,12,11,5,7,6,12,5,4,2000437793,Premier League,Manchester City
Luka Lynch,M C,18,65,-7,England,Aston Villa,5,7,6,7,13,5,3,7,2,7,7,4,8,13,15,11,7,4,5,10,6,5,1,13,10,9,7,12,14,10,6,9,10,11,7,5,2000283789,Premier League,Aston Villa
Noah Loufoundou,M C,16,65,-7,France,Stade Rennais FC,2,5,7,7,13,5,5,6,1,8,13,1,5,13,5,7,7,6,6,13,13,5,11,8,7,12,13,12,7,5,13,5,14,4,12,5,2000473932,Ligue 1,Stade Rennais FC
Ramsès Imbondo,D/DM C,18,65,-7,France,LOSC Lille,4,4,1,2,6,4,11,5,1,12,6,2,9,5,10,3,8,5,10,12,12,5,1,4,12,4,6,7,10,12,5,8,11,11,12,7,2000289631,Ligue 1,LOSC Lille
Rayann Trulès,AM RLC,16,65,-7,"France,Réunion",FC Lorient,6,9,10,10,13,5,5,7,4,5,8,5,5,11,11,10,7,5,6,8,11,14,10,11,6,6,9,7,13,8,2,12,12,10,9,5,2000501564,Ligue 1,FC Lorient
Toby Bell,GK ,16,65,-7,England,Chelsea,5,1,2,1,1,8,1,1,2,1,13,3,3,1,10,8,9,3,9,12,11,2,1,1,9,6,3,5,6,10,6,12,15,3,1,2,2000476247,Premier League,Chelsea
Yan Zhuravskiy,GK ,16,65,-7,Ukraine,Real Hispalis,3,3,1,3,1,6,1,2,3,1,7,2,2,4,10,6,9,6,11,13,16,2,11,2,4,6,5,5,7,5,6,11,5,7,5,7,2000506322,LaLiga,Real Betis
Yazid Tifrani,GK ,16,65,-7,Algeria,RC Strasbourg Alsace,4,2,2,1,2,9,1,3,3,3,9,2,1,3,9,8,10,5,3,12,11,1,3,2,9,5,4,4,10,11,5,10,14,9,1,4,2000484553,Ligue 1,RC Strasbourg Alsace
Cam Williams,D/WB L,16,64,-75,"Scotland,England",Liverpool,6,11,14,6,8,2,4,6,1,8,14,6,14,10,11,14,6,7,7,9,3,5,5,2,9,9,8,11,13,11,7,6,17,12,6,1,2000499492,Premier League,Liverpool
Harvey Owen,D C,16,64,-75,England,Liverpool,4,1,2,2,13,1,13,4,1,13,13,5,12,13,15,10,15,13,8,13,13,5,2,4,13,5,9,6,2,4,6,14,14,4,5,6,2000502101,Premier League,Liverpool
Ilyes Grini,M/AM C,16,64,-75,"Algeria,France",RC Lens,4,4,6,12,12,4,4,9,4,5,12,4,6,10,10,8,4,9,2,12,12,9,9,3,6,5,12,7,8,12,5,8,16,12,10,4,2000484080,Ligue 1,RC Lens
Brooklyn Nfonkeu,AM L,18,64,-7,England,Manchester City,6,10,12,6,9,4,3,8,4,2,11,4,5,12,12,6,6,6,4,6,10,13,8,5,4,11,12,11,12,12,12,8,7,11,6,4,2000296461,Premier League,Manchester City
Haydn Murray-Holme,DM/M/AM C,16,64,-7,England,Liverpool,4,4,13,7,12,5,5,7,5,5,10,4,11,12,7,9,7,6,6,13,12,12,10,5,5,11,11,11,8,10,6,9,8,9,6,11,2000502122,Premier League,Liverpool
Ioan Precup,AM C,16,64,-7,"Spain,Romania",Villarreal,5,5,7,13,12,1,5,7,2,3,12,5,7,8,12,4,7,5,5,12,3,9,9,7,6,5,13,3,13,13,6,3,5,13,7,1,2000483028,LaLiga,Villarreal
Marc Pérez,M C,17,64,-7,Spain,Villarreal,6,6,4,8,13,6,6,8,6,6,14,6,11,14,6,8,7,7,6,13,11,9,7,10,8,13,12,12,8,12,7,4,15,9,7,1,2000507841,LaLiga,Villarreal
Blake Irow,GK ,16,63,-75,England,Tottenham Hotspur,2,3,2,2,2,6,1,2,2,2,12,1,1,2,7,12,13,1,6,12,18,1,5,2,12,5,4,4,11,6,5,12,17,12,1,5,2000485998,Premier League,Tottenham Hotspur
Eduard Ursu,GK ,16,63,-75,Romania,Villarreal,4,3,1,1,3,6,1,2,2,2,8,2,3,4,12,3,14,5,9,11,14,3,6,3,9,5,4,4,9,4,5,14,10,6,1,5,2000395590,LaLiga,Villarreal
Nathanaël Gane Bernardino,M/AM C,16,63,-75,France,RC Lens,3,2,7,7,12,5,5,10,1,4,11,4,6,7,8,5,5,8,5,12,13,8,7,11,7,6,13,11,13,9,3,7,14,9,11,3,2000484240,Ligue 1,RC Lens
Cameron Thomas,M C,16,63,-7,England,Tottenham Hotspur,3,5,3,6,10,1,5,7,2,10,11,1,7,13,15,4,5,4,6,8,4,8,1,9,5,6,13,11,13,13,6,8,10,13,7,6,2000486004,Premier League,Tottenham Hotspur
Charlie Courtman,M RC,17,63,-7,England,Manchester City,7,10,6,6,12,5,6,4,3,9,10,1,13,7,11,13,7,7,7,13,15,8,3,6,10,6,10,7,13,13,6,9,11,10,5,8,2000436720,Premier League,Manchester City
Harry McGlinchey,D L,17,63,-7,"Republic of Ireland,England",Chelsea,4,8,6,6,7,1,6,6,5,6,7,4,7,7,15,6,8,7,6,7,16,10,1,6,6,13,4,12,15,11,10,8,13,14,14,8,2000379560,Premier League,Chelsea
Ismail El Aoud,M/AM RL,16,63,-7,"Spain,Morocco",Valencia,6,11,13,7,9,5,6,5,4,2,13,5,6,12,8,8,7,5,6,13,3,15,10,8,5,12,12,10,7,12,6,10,5,10,7,2,2000497882,LaLiga,Valencia
Lucas Clarke,D C,16,63,-7,England,Liverpool,2,5,5,2,5,1,13,2,1,10,5,3,13,5,15,12,12,7,5,13,5,8,3,4,12,5,4,7,7,5,7,15,13,5,7,4,2000502095,Premier League,Liverpool
Maksim Minkov,ST ,17,63,-7,Bulgaria,Unione Sportiva Lecce,4,2,10,12,12,3,10,5,1,2,5,10,1,8,8,12,4,8,5,10,16,9,10,12,5,4,5,6,12,10,5,11,15,10,10,6,2000457040,Serie A,Unione Sportiva Lecce
Oliver Tevenan,D L,17,63,-7,Republic of Ireland,Manchester City,5,12,6,6,12,1,7,6,6,12,7,6,13,7,5,5,8,7,8,13,14,7,1,2,5,7,7,7,13,12,5,18,15,11,7,6,2000282906,Premier League,Manchester City
Femi Fapetu,DM/M C,18,62,-75,"England,Nigeria",Manchester City,5,5,6,6,7,5,5,7,3,12,13,1,13,7,15,11,7,6,8,13,6,5,4,6,10,6,7,9,5,7,2,13,11,6,13,6,2000283424,Premier League,Manchester City
Manuel Nardozi,AM RL,19,62,-7,Italy,Parthenope,5,9,6,11,11,3,4,4,3,3,8,6,4,11,7,9,4,6,4,8,10,13,6,5,3,4,2,5,11,11,4,3,10,11,9,2,2000241209,Serie A,Napoli
Roy Snip,M/AM LC,17,61,147,Netherlands,FC Bayern München,5,7,6,9,13,5,5,4,1,4,6,5,7,8,14,4,4,4,4,13,15,8,2,4,5,5,10,10,13,13,6,3,13,13,5,1,2000375660,Bundesliga,FC Bayern München
AJ Yeguo,AM LC,15,60,-7,"Poland,England",Liverpool,7,10,8,7,8,5,3,6,2,4,11,5,7,11,5,13,7,11,6,13,6,11,1,13,3,8,10,7,12,7,6,6,5,7,4,2,2000502125,Premier League,Liverpool
Alessandro Bianchi,GK ,16,60,-7,Italy,Casciavit Milano,2,3,2,1,1,3,1,2,1,2,6,3,2,4,9,11,14,5,8,12,6,3,8,2,6,5,4,4,9,10,4,12,11,9,1,4,2000491916,Serie A,Milan
Christian Garofalo,D LC,18,60,-7,Italy,Parthenope,5,8,2,1,6,4,12,4,1,12,5,1,11,4,6,7,7,3,7,11,16,5,7,4,12,4,4,6,7,11,5,9,15,11,11,5,2000269083,Serie A,Napoli
Ethan Sills,M/AM C,17,60,-7,England,AFC Bournemouth,4,4,12,5,10,4,4,6,4,6,12,4,11,10,15,5,6,5,6,12,7,11,3,6,9,11,6,6,12,8,11,9,11,10,7,5,2000408023,Premier League,AFC Bournemouth
Giovanni Baldini,M/AM C,16,60,-7,"Italy,San Marino",Bologna FC 1909,5,5,7,9,12,5,5,11,2,5,6,4,7,12,5,7,7,4,4,13,11,12,10,3,2,6,9,6,13,13,6,1,16,13,9,1,2000483116,Serie A,Bologna FC 1909
Hugo Póveda,D L,16,60,-7,Spain,Valencia,4,11,13,6,7,1,7,5,6,5,13,6,10,9,9,8,8,4,8,12,17,5,11,6,5,12,6,13,13,13,7,9,10,11,9,3,2000500547,LaLiga,Valencia
Ianis Avrămescu,AM/ST RLC,16,60,-7,Romania,Parma Calcio 1913,7,8,10,10,8,8,8,7,4,5,8,7,5,10,11,7,11,9,9,6,12,12,5,9,6,8,10,8,10,10,7,10,14,10,6,6,2000346387,Serie A,Parma Calcio 1913
Joseph Wheeler-Henry,D RC,17,60,-7,England,Chelsea,6,8,6,1,8,6,14,1,6,6,7,3,8,3,11,8,8,7,7,6,1,5,6,2,6,7,7,7,18,8,12,10,9,16,10,11,2000379557,Premier League,Chelsea
Oliver Goodbrand,D/WB L,16,60,-7,Scotland,Newcastle United,5,12,5,5,13,1,6,2,5,5,7,5,11,8,12,7,8,3,6,9,2,7,9,4,4,6,6,6,13,13,6,3,14,13,9,6,2000445294,Premier League,Newcastle United
Riley Ebho,D R,16,60,-7,England,Chelsea,2,6,13,3,8,1,6,1,1,6,10,3,11,13,12,6,8,9,5,13,4,7,9,3,12,12,11,10,12,9,6,6,8,11,13,2,2000509119,Premier League,Chelsea
Sacha Burek,D C,18,60,-7,France,AJ Auxerre,4,3,6,4,7,1,12,6,1,7,7,3,13,4,9,12,8,7,11,11,19,5,1,4,13,6,1,6,13,9,7,11,15,10,7,7,2000367985,Ligue 1,AJ Auxerre
Tyrone Samba,AM/ST C,17,60,-7,"France,England",Manchester City,5,5,13,9,13,5,7,7,1,2,13,1,4,13,9,4,4,7,6,8,9,13,1,11,3,6,11,7,13,10,6,8,13,12,9,6,2000437952,Premier League,Manchester City
Chris Atherton,M/AM RLC,16,59,-75,"Northern Ireland,Scotland,Republic of Ireland",Chelsea,9,8,9,6,12,7,6,6,2,7,10,9,6,12,4,8,8,12,8,9,14,12,6,9,9,8,10,10,9,10,9,9,11,10,9,7,2000254196,Premier League,Chelsea
Isaac Collins Isoa,D C,17,58,-7,"Italy,Nigeria",Bergamo,3,4,5,4,6,1,13,5,3,13,6,2,13,5,10,7,8,6,8,13,5,5,1,5,11,5,4,6,8,6,6,13,15,8,7,5,2000386601,Serie A,Atalanta
Kevin Fustini,ST ,16,57,-7,"Italy,Colombia",Bologna FC 1909,3,1,11,11,9,3,11,4,1,3,4,7,1,11,5,6,6,10,4,10,7,13,9,11,2,3,4,4,11,11,4,10,9,11,9,4,2000491922,Serie A,Bologna FC 1909
Jamal Kaishvili,AM RLC,17,56,153,Georgia,FC Bayern München,4,7,12,12,11,3,4,6,4,3,9,4,6,11,14,6,6,4,4,6,5,12,1,7,4,6,11,10,12,12,6,9,11,12,7,2,2000375653,Bundesliga,FC Bayern München
Brando Dolfi,GK ,18,53,-7,Italy,ACF Fiorentina,4,3,3,2,1,8,1,3,3,2,8,2,1,3,8,9,12,3,10,11,17,1,4,3,6,5,4,4,8,9,5,12,13,5,1,4,2000271662,Serie A,ACF Fiorentina
Tommaso Casagrande,ST ,16,52,-7,Italy,Hellas Verona FC,4,3,7,13,13,5,13,6,1,5,4,5,1,10,9,10,7,7,11,5,16,10,4,13,6,5,6,6,12,7,7,9,12,8,4,4,2000506603,Serie A,Hellas Verona FC
